#VRML V2.0 utf8
# This file is automatically generated.

Group {
    translation 0 0 0.0
    children [
        Shape {
            appearance Appearance {
                material Material {
                    diffuseColor 1.0 1.0 1.0
                    ambientIntensity 0.2
                    specularColor 0.8 0.8 0.8
                    shininess 0.4
                    transparency 0
                }
            }
            geometry IndexedFaceSet {
                ccw TRUE
                solid FALSE
                coord DEF co Coordinate {
                    point [
                        1.6732 0.0392 0.2354,
1.6732 0.0392 0.1974,
1.6732 0.1317 0.1974,
1.6732 0.0392 0.3878,
1.6732 0.0392 0.3597,
1.6732 0.1317 0.3597,
1.6732 0.1566 0.2354,
1.6732 0.1375 0.2354,
1.6732 0.1375 0.1974,
1.6732 0.1684 0.4847,
1.6732 0.1757 0.4855,
1.6732 0.1375 0.4855,
1.6732 0.1932 0.3884,
1.6732 0.187 0.3878,
1.6732 0.2188 0.3878,
1.6732 0.2368 0.4737,
1.6732 0.2368 0.4429,
1.6732 0.2627 0.4429,
1.6732 0.2427 0.2359,
1.6732 0.2387 0.2354,
1.6732 0.2627 0.2354,
1.6732 0.2217 0.2357,
1.6732 0.2188 0.2367,
1.6732 0.2188 0.2354,
1.6732 0.3571 0.2795,
1.6732 0.3571 0.2472,
1.6732 0.3751 0.2472,
1.6732 -0.4357 0.3524,
1.6732 -0.4343 0.3597,
1.6732 -0.7593 0.3597,
1.6732 -0.044 0.4098,
1.6732 -0.0255 0.3941,
1.6732 0.0392 0.4855,
1.6732 -0.1203 0.4855,
1.6732 -0.1046 0.475,
1.6732 -0.1014 0.472,
1.6732 -0.0798 0.4455,
1.6732 -0.0677 0.421,
1.6732 -0.0643 0.4199,
1.6732 -0.1694 0.5076,
1.6732 -0.1351 0.4955,
1.6732 0.0392 0.6503,
1.6732 -0.263 0.4941,
1.6732 -0.2315 0.5063,
1.6732 -0.7593 0.6503,
1.6732 -0.1975 0.5105,
1.6732 -0.4038 0.4224,
1.6732 -0.3981 0.4277,
1.6732 -0.7593 0.4855,
1.6732 -0.2768 0.4855,
1.6732 -0.2795 0.4839,
1.6732 -0.3762 0.4427,
1.6732 -0.3508 0.4522,
1.6732 -0.3253 0.4552,
1.6732 -0.2956 0.4701,
1.6732 -0.3174 0.4548,
1.6732 -0.3096 0.4538,
1.6732 -0.7593 0.3878,
1.6732 -0.4308 0.378,
1.6732 -0.4263 0.3878,
1.6732 -0.4196 0.4024,
1.6732 -0.3874 0.2529,
1.6732 -0.4073 0.27,
1.6732 -0.7593 0.2354,
1.6732 -0.3629 0.2404,
1.6732 -0.4235 0.2936,
1.6732 -0.433 0.3191,
1.6732 -0.4359 0.3445,
1.6732 -0.3526 0.2373,
1.6732 -0.3517 0.2354,
1.6732 -0.3458 0.2226,
1.6732 -0.7593 0.1974,
1.6732 -0.3356 0.2101,
1.6732 -0.3222 0.2,
1.6732 -0.7593 0.0039,
1.6732 -0.3065 0.1934,
1.6732 -0.3159 0.1974,
1.6732 -0.2594 0.1974,
1.6732 -0.2712 0.1928,
1.6732 0.0392 0.0039,
1.6732 -0.2877 0.1908,
1.6732 -0.2904 0.1909,
1.6732 -0.2237 0.2354,
1.6732 -0.2237 0.2352,
1.6732 -0.2318 0.22,
1.6732 -0.2423 0.2081,
1.6732 -0.2559 0.1987,
1.6732 -0.0032 0.3538,
1.6732 -0.0001 0.3315,
1.6732 -0.1365 0.2757,
1.6732 -0.1318 0.2776,
1.6732 -0.1237 0.3165,
1.6732 -0.0254 0.2666,
1.6732 -0.044 0.2509,
1.6732 -0.2365 0.3049,
1.6732 -0.1449 0.3527,
1.6732 -0.2484 0.3157,
1.6732 -0.2629 0.3235,
1.6732 -0.1407 0.2727,
1.6732 -0.0118 0.2855,
1.6732 -0.0428 0.3368,
1.6732 -0.046 0.3499,
1.6732 -0.0512 0.3597,
1.6732 -0.3912 0.3597,
1.6732 -0.0032 0.3071,
1.6732 -0.1265 0.2782,
1.6732 -0.1258 0.2782,
1.6732 -0.1238 0.2777,
1.6732 -0.3872 0.3187,
1.6732 -0.379 0.3048,
1.6732 -0.3444 0.2977,
1.6732 -0.3668 0.2922,
1.6732 -0.3519 0.283,
1.6732 -0.3191 0.3203,
1.6732 -0.3331 0.3106,
1.6732 -0.3929 0.3459,
1.6732 -0.3921 0.3354,
1.6732 -0.304 0.3261,
1.6732 -0.2877 0.3281,
1.6732 -0.2794 0.3276,
1.6732 -0.1477 0.2571,
1.6732 -0.1475 0.2598,
1.6732 -0.2194 0.266,
1.6732 -0.1461 0.265,
1.6732 -0.1435 0.2696,
1.6732 -0.0563 0.2947,
1.6732 -0.0488 0.3054,
1.6732 -0.0441 0.3176,
1.6732 -0.0425 0.3308,
1.6732 -0.1317 0.2365,
1.6732 -0.1362 0.2383,
1.6732 -0.1406 0.2414,
1.6732 -0.1422 0.2431,
1.6732 -0.1452 0.2473,
1.6732 -0.147 0.252,
1.6732 -0.2198 0.2521,
1.6732 -0.2194 0.2591,
1.6732 -0.0648 0.2407,
1.6732 -0.0875 0.2359,
1.6732 -0.1278 0.2359,
1.6732 -0.1224 0.2776,
1.6732 -0.0916 0.2776,
1.6732 -0.0794 0.2799,
1.6732 -0.0674 0.2855,
1.6732 -0.0573 0.2937,
1.6732 -0.1012 0.3841,
1.6732 -0.385 0.3776,
1.6732 -0.3909 0.3624,
1.6732 -0.0957 0.3841,
1.6732 -0.0523 0.3617,
1.6732 -0.0602 0.3706,
1.6732 -0.0708 0.3779,
1.6732 -0.0828 0.3825,
1.6732 -0.1159 0.4251,
1.6732 -0.1313 0.4435,
1.6732 -0.2884 0.4039,
1.6732 -0.1331 0.4452,
1.6732 -0.1523 0.4585,
1.6732 -0.278 0.4255,
1.6732 -0.3779 0.3878,
1.6732 -0.2933 0.4067,
1.6732 -0.102 0.3878,
1.6732 -0.1054 0.4031,
1.6732 -0.3087 0.4122,
1.6732 -0.3246 0.4142,
1.6732 -0.3316 0.4138,
1.6732 -0.2626 0.4438,
1.6732 -0.1737 0.4667,
1.6732 -0.2443 0.4573,
1.6732 -0.1968 0.4695,
1.6732 -0.222 0.4663,
1.6732 -0.3485 0.4098,
1.6732 -0.3637 0.4018,
1.6732 -0.3756 0.3912,
1.6732 -0.021 0.3878,
1.6732 -0.0116 0.3747,
1.6732 -0.0056 0.3597,
1.6732 0.3964 0.2472,
1.6732 0.3964 0.2362,
1.6732 0.4054 0.2354,
1.6732 0.3751 0.2354,
1.6732 0.4054 0.3597,
1.6732 0.3942 0.3323,
1.6732 0.3942 0.3213,
1.6732 0.3915 0.2905,
1.6732 0.3915 0.2795,
1.6732 0.3751 0.2795,
1.6732 0.3751 0.3213,
1.6732 0.3751 0.2905,
1.6732 0.3571 0.3213,
1.6732 0.3571 0.2905,
1.6732 0.3751 0.2362,
1.6732 0.3447 0.2362,
1.6732 0.3382 0.2354,
1.6732 0.3447 0.3323,
1.6732 0.1438 0.2646,
1.6732 0.1463 0.2685,
1.6732 0.1485 0.2883,
1.6732 0.1751 0.2962,
1.6732 0.171 0.2966,
1.6732 0.1646 0.277,
1.6732 0.2132 0.2511,
1.6732 0.1969 0.2804,
1.6732 0.2132 0.2386,
1.6732 0.1969 0.2362,
1.6732 0.1785 0.2395,
1.6732 0.1748 0.2371,
1.6732 0.1849 0.2362,
1.6732 0.1702 0.2354,
1.6732 0.1498 0.2717,
1.6732 0.1546 0.2744,
1.6732 0.1568 0.2936,
1.6732 0.1643 0.296,
1.6732 0.1563 0.2354,
1.6732 0.1517 0.2372,
1.6732 0.1477 0.24,
1.6732 0.1423 0.2602,
1.6732 0.1375 0.3597,
1.6732 0.1418 0.2546,
1.6732 0.1425 0.2486,
1.6732 0.1485 0.3,
1.6732 0.151 0.3015,
1.6732 0.1599 0.3049,
1.6732 0.2186 0.2478,
1.6732 0.2188 0.2478,
1.6732 0.2188 0.2733,
1.6732 0.1849 0.2468,
1.6732 0.1846 0.2468,
1.6732 0.1823 0.2435,
1.6732 0.1466 0.241,
1.6732 0.1441 0.2446,
1.6732 0.2138 0.2816,
1.6732 0.1958 0.2905,
1.6732 0.2133 0.2863,
1.6732 0.1849 0.2798,
1.6732 0.1845 0.2851,
1.6732 0.1832 0.2894,
1.6732 0.1818 0.2919,
1.6732 0.1721 0.3064,
1.6732 0.1804 0.3055,
1.6732 0.1852 0.3039,
1.6732 0.2187 0.2734,
1.6732 0.2167 0.2755,
1.6732 0.2152 0.278,
1.6732 0.18 0.2939,
1.6732 0.1779 0.2952,
1.6732 0.2138 0.2906,
1.6732 0.2152 0.2945,
1.6732 0.1938 0.2957,
1.6732 0.2174 0.2977,
1.6732 0.1912 0.2994,
1.6732 0.1891 0.3014,
1.6732 0.2241 0.2354,
1.6732 0.2188 0.1974,
1.6732 0.2319 0.2346,
1.6732 0.2563 0.3034,
1.6732 0.2563 0.2917,
1.6732 0.2188 0.299,
1.6732 0.2188 0.3597,
1.6732 0.221 0.301,
1.6732 0.224 0.3028,
1.6732 0.259 0.2501,
1.6732 0.2575 0.2462,
1.6732 0.2553 0.2431,
1.6732 0.2304 0.3053,
1.6732 0.24 0.3064,
1.6732 0.2627 0.3597,
1.6732 0.2485 0.3057,
1.6732 0.2556 0.2662,
1.6732 0.2578 0.2629,
1.6732 0.2591 0.2594,
1.6732 0.2596 0.2549,
1.6732 0.2518 0.2401,
1.6732 0.249 0.2383,
1.6732 0.2389 0.2966,
1.6732 0.2353 0.2964,
1.6732 0.2257 0.2874,
1.6732 0.2321 0.2955,
1.6732 0.2294 0.2941,
1.6732 0.2258 0.2858,
1.6732 0.2263 0.2839,
1.6732 0.2272 0.2823,
1.6732 0.2283 0.281,
1.6732 0.2326 0.2784,
1.6732 0.246 0.2959,
1.6732 0.24 0.2751,
1.6732 0.2529 0.2936,
1.6732 0.2447 0.2732,
1.6732 0.2527 0.2688,
1.6732 0.2276 0.2925,
1.6732 0.2265 0.291,
1.6732 0.2259 0.2893,
1.6732 0.2261 0.2452,
1.6732 0.2315 0.2664,
1.6732 0.2244 0.2697,
1.6732 0.233 0.2444,
1.6732 0.2336 0.2444,
1.6732 0.2394 0.2631,
1.6732 0.2397 0.2451,
1.6732 0.2472 0.2537,
1.6732 0.2471 0.2552,
1.6732 0.2428 0.2463,
1.6732 0.2439 0.2469,
1.6732 0.2453 0.2482,
1.6732 0.2464 0.2497,
1.6732 0.247 0.2514,
1.6732 0.2466 0.2571,
1.6732 0.2456 0.2587,
1.6732 0.2441 0.2602,
1.6732 0.4407 0.4149,
1.6732 0.4054 0.4149,
1.6732 0.4505 0.3887,
1.6732 0.4054 0.3878,
1.6732 0.4642 0.3887,
1.6732 1.0827 0.3878,
1.6732 1.0827 0.4855,
1.6732 0.4276 0.4847,
1.6732 0.4054 0.4855,
1.6732 0.4007 0.4149,
1.6732 0.3915 0.3887,
1.6732 0.3751 0.3878,
1.6732 0.3777 0.3887,
1.6732 0.3751 0.4855,
1.6732 0.4054 0.4614,
1.6732 0.4143 0.4847,
1.6732 0.3382 0.3878,
1.6732 0.337 0.3907,
1.6732 0.3206 0.3887,
1.6732 0.2942 0.3887,
1.6732 0.2942 0.4847,
1.6732 0.2851 0.4855,
1.6732 0.3216 0.4847,
1.6732 0.3382 0.4855,
1.6732 0.2851 0.3878,
1.6732 0.3698 0.4206,
1.6732 0.3651 0.4106,
1.6732 0.3613 0.4687,
1.6732 0.3672 0.4604,
1.6732 0.3579 0.4021,
1.6732 0.3479 0.3949,
1.6732 0.3382 0.3911,
1.6732 0.3579 0.472,
1.6732 0.3363 0.4831,
1.6732 0.3382 0.4824,
1.6732 0.3479 0.4789,
1.6732 0.3708 0.4512,
1.6732 0.3724 0.4379,
1.6732 0.3721 0.4318,
1.6732 0.276 0.3996,
1.6732 0.276 0.3887,
1.6732 0.2627 0.3878,
1.6732 0.2627 0.4855,
1.6732 0.2739 0.4847,
1.6732 0.2627 0.4847,
1.6732 0.2739 0.4737,
1.6732 0.2711 0.4319,
1.6732 0.2627 0.4319,
1.6732 0.2627 0.3996,
1.6732 0.2368 0.4319,
1.6732 0.2368 0.3996,
1.6732 0.2711 0.4429,
1.6732 0.2627 0.4737,
1.6732 0.2244 0.4847,
1.6732 0.2188 0.4855,
1.6732 0.2244 0.3887,
1.6732 0.2051 0.4824,
1.6732 0.195 0.4854,
1.6732 0.1926 0.4855,
1.6732 0.2627 0.3887,
1.6732 0.2051 0.4695,
1.6732 0.2035 0.3918,
1.6732 0.1803 0.3981,
1.6732 0.1848 0.3983,
1.6732 0.2041 0.47,
1.6732 0.1957 0.4003,
1.6732 0.2051 0.4045,
1.6732 0.2051 0.3926,
1.6732 0.1464 0.4305,
1.6732 0.1482 0.4213,
1.6732 0.1515 0.4137,
1.6732 0.1556 0.4082,
1.6732 0.1575 0.4063,
1.6732 0.1638 0.4019,
1.6732 0.1707 0.3992,
1.6732 0.1462 0.4356,
1.6732 0.1943 0.4737,
1.6732 0.1825 0.4752,
1.6732 0.1774 0.4749,
1.6732 0.1692 0.473,
1.6732 0.1618 0.4692,
1.6732 0.1563 0.4645,
1.6732 0.151 0.4572,
1.6732 0.1478 0.4489,
1.6732 0.1824 0.4864,
1.6732 0.1375 0.6503,
1.6732 0.2188 0.6503,
1.6732 0.1824 0.4864,
1.6732 0.1401 0.4631,
1.6732 0.1471 0.4722,
1.6732 0.1494 0.4744,
1.6732 0.1584 0.4808,
1.6732 0.1317 0.4855,
1.6732 0.1355 0.4524,
1.6732 0.1375 0.457,
1.6732 0.1375 0.4131,
1.6732 0.1351 0.4192,
1.6732 0.1317 0.3878,
1.6732 0.1332 0.4349,
1.6732 0.1334 0.4399,
1.6732 0.1532 0.3937,
1.6732 0.1455 0.4001,
1.6732 0.1375 0.3878,
1.6732 0.139 0.4092,
1.6732 0.1785 0.387,
1.6732 0.1727 0.3873,
1.6732 0.1701 0.3878,
1.6732 0.1623 0.3894,
1.6732 0.1699 0.2353,
1.6732 0.1635 0.2346,
1.6732 0.3192 0.3048,
1.6732 0.3317 0.3048,
1.6732 0.3382 0.3597,
1.6732 0.3751 0.3323,
1.6732 0.3751 0.3597,
1.6732 0.3043 0.2354,
1.6732 0.2972 0.2533,
1.6732 0.2987 0.2476,
1.6732 0.299 0.2476,
1.6732 0.2851 0.3597,
1.6732 0.2851 0.2881,
1.6732 0.3005 0.2532,
1.6732 0.2996 0.25,
1.6732 0.2851 0.2354,
1.6732 0.2851 0.2558,
1.6732 0.2658 0.3048,
1.6732 0.2793 0.3048,
1.6732 0.2928 0.2364,
1.6732 0.2924 0.2354,
1.6732 0.2875 0.2239,
1.6732 0.2627 0.1974,
1.6732 0.2683 0.2049,
1.6732 0.2683 0.2156,
1.6732 0.2828 0.217,
1.6732 0.2851 0.2195,
1.6732 0.2851 0.2196,
1.6732 0.2708 0.2148,
1.6732 0.2752 0.2142,
1.6732 0.2851 0.206,
1.6732 0.281 0.2045,
1.6732 0.2851 0.1974,
1.6732 0.2761 0.2039,
1.6732 0.2734 0.204,
1.6732 0.2783 0.2146,
1.6732 0.2809 0.2157,
1.6732 0.3006 0.2259,
1.6732 0.2951 0.2152,
1.6732 0.3382 0.1974,
1.6732 0.2907 0.21,
1.6732 0.2899 0.2092,
1.6732 0.2857 0.2063,
1.6732 -1.0827 0.0039,
1.6732 -1.0827 0.1974,
1.6732 -1.0827 0.2354,
1.6732 -1.0827 0.3597,
1.6732 -1.0827 0.3878,
1.6732 -1.0827 0.4855,
1.6732 -1.0827 0.6503,
1.6732 0.091 0.4847,
1.6732 0.091 0.3996,
1.6732 0.1293 0.3996,
1.6732 0.1293 0.3887,
1.6732 0.0786 0.3887,
1.6732 0.0786 0.4847,
1.6732 0.1317 0.2354,
1.6732 0.1303 0.2362,
1.6732 0.0786 0.2362,
1.6732 0.1303 0.2472,
1.6732 0.1281 0.3213,
1.6732 0.091 0.2795,
1.6732 0.091 0.2472,
1.6732 0.1254 0.2795,
1.6732 0.1254 0.2905,
1.6732 0.091 0.2905,
1.6732 0.091 0.3213,
1.6732 0.0786 0.3323,
1.6732 0.1281 0.3323,
1.6732 0.1317 0.6503,
1.6732 0.2627 0.6503,
1.6732 0.2851 0.6503,
1.6732 0.3382 0.6503,
1.6732 0.3751 0.6503,
1.6732 0.4054 0.6503,
1.6732 1.0827 0.6503,
1.6732 0.4145 0.2362,
1.6732 0.4145 0.3323,
1.6732 0.4409 0.2362,
1.6732 0.5708 0.2362,
1.6732 0.5845 0.2362,
1.6732 1.0827 0.2354,
1.6732 0.5479 0.3323,
1.6732 1.0827 0.3597,
1.6732 0.561 0.2625,
1.6732 0.521 0.2625,
1.6732 0.5118 0.2362,
1.6732 0.4981 0.2362,
1.6732 0.5347 0.3323,
1.6732 0.4854 0.2582,
1.6732 0.4783 0.2497,
1.6732 0.4683 0.2425,
1.6732 0.4573 0.2382,
1.6732 0.4783 0.3196,
1.6732 0.4816 0.3163,
1.6732 0.4876 0.3079,
1.6732 0.4911 0.2988,
1.6732 0.4419 0.3323,
1.6732 0.4566 0.3307,
1.6732 0.4682 0.3265,
1.6732 0.4927 0.2855,
1.6732 0.4925 0.2794,
1.6732 0.4901 0.2681,
1.6732 0.3751 0.1974,
1.6732 0.4054 0.1974,
1.6732 1.0827 0.1974,
1.6732 0.1317 0.0039,
1.6732 0.1375 0.0039,
1.6732 0.2188 0.0039,
1.6732 0.2627 0.0039,
1.6732 0.2851 0.0039,
1.6732 0.3382 0.0039,
1.6732 0.3751 0.0039,
1.6732 0.4054 0.0039,
1.6732 1.0827 0.0039,
-1.1842 1.5717 0.0039,
-1.0827 1.6732 0.0039,
-0.9894 1.3769 0.0039,
-0.0636 1.6732 0.0039,
-1.6732 1.0827 0.0039,
-1.5717 1.1842 0.0039,
-1.6732 -0.0197 0.0039,
-1.3769 0.9894 0.0039,
-0.4333 -0.0185 0.0039,
-0.4045 -0.0185 0.0039,
-0.0636 -0.0197 0.0039,
-0.2557 -0.0185 0.0039,
-0.2315 0.0354 0.0039,
-0.2202 0.0178 0.0039,
-0.204 0.0023 0.0039,
-0.1834 -0.0096 0.0039,
-0.1607 -0.0164 0.0039,
-0.1364 -0.0185 0.0039,
-0.0828 -0.0185 0.0039,
-0.0828 0.1783 0.0039,
-0.1384 0.1783 0.0039,
-0.1668 0.1753 0.0039,
-0.2845 -0.0185 0.0039,
-0.3033 0.0367 0.0039,
-0.3846 0.0367 0.0039,
-0.1899 0.1672 0.0039,
-0.2113 0.1529 0.0039,
-0.3301 0.1783 0.0039,
-0.2115 0.1527 0.0039,
-0.2254 0.1372 0.0039,
-0.2346 0.1203 0.0039,
-0.2399 0.1009 0.0039,
-0.2413 0.0824 0.0039,
-0.2385 0.056 0.0039,
-0.0636 -1.6732 0.0039,
-1.0827 -1.6732 0.0039,
-1.1842 -1.5717 0.0039,
-1.5717 -1.1842 0.0039,
-1.6732 -1.0827 0.0039,
-1.3769 -0.9894 0.0039,
-0.9894 -1.3769 0.0039,
-0.3565 0.1783 0.0039,
1.1842 -1.5717 0.0039,
1.0827 -1.6732 0.0039,
0.9894 -1.3769 0.0039,
1.5717 -1.1842 0.0039,
1.6732 -0.0197 0.0039,
1.3769 -0.9894 0.0039,
0.1538 -0.0209 0.0039,
0.1484 -0.0208 0.0039,
0.1405 -0.0197 0.0039,
-0.0444 0.0031 0.0039,
-0.0444 -0.0185 0.0039,
0.0612 -0.0185 0.0039,
1.0827 1.6732 0.0039,
1.1842 1.5717 0.0039,
0.9894 1.3769 0.0039,
-0.0396 0.1567 0.0039,
0.0348 0.1567 0.0039,
0.0348 0.0919 0.0039,
0.0996 -0.0083 0.0039,
0.0996 0.0133 0.0039,
0.0612 0.1783 0.0039,
0.1206 -0.0169 0.0039,
1.5717 1.1842 0.0039,
1.3769 0.9894 0.0039,
0.0348 0.0703 0.0039,
0.0348 0.0031 0.0039,
-0.0348 0.0703 0.0039,
-0.0348 0.0919 0.0039,
0.1651 0.157 0.0039,
0.1798 0.1516 0.0039,
0.1031 0.0113 0.0039,
0.1934 0.1425 0.0039,
0.2053 0.1294 0.0039,
0.2196 0.0778 0.0039,
0.2176 0.0565 0.0039,
0.2123 0.0396 0.0039,
0.1685 0.0028 0.0039,
0.1501 0.0007 0.0039,
0.1828 0.008 0.0039,
0.1949 0.0162 0.0039,
0.2041 0.0259 0.0039,
0.124 0.0036 0.0039,
0.3637 -0.0185 0.0039,
0.1653 -0.0197 0.0039,
0.2628 -0.0185 0.0039,
0.178 -0.0184 0.0039,
0.1971 -0.0118 0.0039,
-0.0396 0.1783 0.0039,
0.2134 0.1142 0.0039,
0.2187 0.0931 0.0039,
0.2356 0.1265 0.0039,
0.2241 0.1449 0.0039,
0.3373 0.1783 0.0039,
0.2063 0.162 0.0039,
0.3637 0.1783 0.0039,
0.2129 -0.0017 0.0039,
0.2277 0.0138 0.0039,
0.2628 0.0031 0.0039,
0.2382 0.0326 0.0039,
0.3373 0.0031 0.0039,
0.2441 0.0534 0.0039,
0.246 0.0762 0.0039,
0.2432 0.1042 0.0039,
0.1876 0.1727 0.0039,
0.1657 0.1791 0.0039,
0.1459 0.1807 0.0039,
0.1224 0.1791 0.0039,
0.0996 0.1729 0.0039,
0.0996 0.1465 0.0039,
0.1218 0.156 0.0039,
0.1457 0.1591 0.0039,
-1.1842 1.5717 0.0787,
-1.5717 1.1842 0.0787,
-1.6732 1.0827 0.6503,
-1.0827 1.6732 0.6503,
1.5717 1.1842 0.0787,
1.1842 1.5717 0.0787,
1.0827 1.6732 0.6503,
-1.5717 -1.1842 0.0787,
-1.1842 -1.5717 0.0787,
-1.0827 -1.6732 0.6503,
-1.6732 -1.0827 0.6503,
1.1842 -1.5717 0.0787,
1.5717 -1.1842 0.0787,
1.0827 -1.6732 0.6503,
-1.6732 -1.0827 1.185,
-1.6732 1.0827 1.185,
-1.0827 1.6732 1.185,
1.0827 1.6732 1.185,
1.6732 1.0827 1.185,
1.6732 -1.0827 1.185,
1.0827 -1.6732 1.185,
-1.0827 -1.6732 1.185,
-0.5823 -0.8703 1.185,
-0.5709 -0.9646 1.185,
-0.1396 -0.3681 1.185,
-0.0418 1.2864 1.185,
-0.0295 1.2958 1.185,
0.2485 0.9166 1.185,
0.2465 0.9013 1.185,
0.0295 1.2958 1.185,
0.0418 1.2864 1.185,
-0.0475 0.3908 1.185,
0.2406 0.887 1.185,
-0.1396 0.3681 1.185,
0.2312 0.8748 1.185,
-0.0511 1.2742 1.185,
0.219 0.8654 1.185,
-1.2593 -0.7035 1.185,
-1.1882 -0.6406 1.185,
-0.2485 0.9166 1.185,
-0.2465 0.9319 1.185,
-0.2947 0.2611 1.185,
-0.2236 0.324 1.185,
0.2047 0.8595 1.185,
0.1894 0.8575 1.185,
-0.1894 0.8575 1.185,
-0.0153 1.3017 1.185,
-0.0 1.3037 1.185,
0.0153 1.3017 1.185,
0.0511 1.2742 1.185,
0.2406 0.9461 1.185,
0.2465 0.9319 1.185,
0.0475 0.3908 1.185,
0.1396 0.3681 1.185,
0.2236 0.324 1.185,
0.2947 0.2611 1.185,
-0.3937 0.0 1.185,
-0.825 -0.5965 1.185,
-0.3823 -0.0942 1.185,
-0.3486 -0.183 1.185,
0.3823 -0.0942 1.185,
0.3486 -0.183 1.185,
0.2947 -0.2611 1.185,
0.2236 -0.324 1.185,
-1.3468 -0.8703 1.185,
-1.3132 -0.7816 1.185,
-0.2406 0.9461 1.185,
0.3486 0.183 1.185,
0.3823 0.0942 1.185,
0.3937 0.0 1.185,
-0.3823 0.0942 1.185,
-0.3486 0.183 1.185,
-0.9171 -0.5737 1.185,
-1.012 -0.5737 1.185,
-1.1042 -0.5965 1.185,
-1.3132 -1.1475 1.185,
-1.3468 -1.0588 1.185,
-1.3583 -0.9646 1.185,
-0.2047 0.8595 1.185,
-0.219 0.8654 1.185,
-0.2312 0.8748 1.185,
-0.2406 0.887 1.185,
-0.2465 0.9013 1.185,
-0.9171 -1.3554 1.185,
-1.012 -1.3554 1.185,
0.1396 -0.3681 1.185,
0.0475 -0.3908 1.185,
-0.0475 -0.3908 1.185,
-0.2947 -0.2611 1.185,
-0.7409 -0.6406 1.185,
-0.2236 -0.324 1.185,
-0.6699 -0.7035 1.185,
-0.616 -0.7816 1.185,
-0.5823 -1.0588 1.185,
-0.616 -1.1475 1.185,
-0.6699 -1.2256 1.185,
-0.7409 -1.2886 1.185,
-0.825 -1.3327 1.185,
-1.1042 -1.3327 1.185,
-1.1882 -1.2886 1.185,
-1.2593 -1.2256 1.185,
-1.3468 -0.8703 1.189,
-1.3132 -0.7816 1.189,
-1.2593 -0.7035 1.189,
-1.1882 -0.6406 1.189,
-1.1042 -0.5965 1.189,
-1.012 -0.5737 1.189,
-0.9171 -0.5737 1.189,
-0.825 -0.5965 1.189,
-0.7409 -0.6406 1.189,
-0.6699 -0.7035 1.189,
-0.616 -0.7816 1.189,
-0.5823 -0.8703 1.189,
-0.5709 -0.9646 1.189,
-0.5823 -1.0588 1.189,
-0.616 -1.1475 1.189,
-0.6699 -1.2256 1.189,
-0.7409 -1.2886 1.189,
-0.825 -1.3327 1.189,
-0.9171 -1.3554 1.189,
-1.012 -1.3554 1.189,
-1.1042 -1.3327 1.189,
-1.1882 -1.2886 1.189,
-1.2593 -1.2256 1.189,
-1.3132 -1.1475 1.189,
-1.3468 -1.0588 1.189,
-1.3583 -0.9646 1.189,
-0.9095 -1.0196 1.189,
-0.6643 -1.0196 1.189,
-1.0196 -1.2648 1.189,
-0.9095 -1.2648 1.189,
-1.0196 -1.0196 1.189,
-1.2648 -0.9095 1.189,
-1.2648 -1.0196 1.189,
-1.0196 -0.9095 1.189,
-1.0196 -0.6643 1.189,
-0.9095 -0.6643 1.189,
-0.9095 -0.9095 1.189,
-0.6643 -0.9095 1.189,
-0.9095 -1.0196 1.185,
-0.9095 -1.2648 1.185,
-1.0196 -1.2648 1.185,
-1.0196 -1.0196 1.185,
-1.2648 -1.0196 1.185,
-1.2648 -0.9095 1.185,
-1.0196 -0.9095 1.185,
-1.0196 -0.6643 1.185,
-0.9095 -0.6643 1.185,
-0.9095 -0.9095 1.185,
-0.6643 -0.9095 1.185,
-0.6643 -1.0196 1.185,
0.1894 0.8575 1.1811,
0.2047 0.8595 1.1811,
0.219 0.8654 1.1811,
0.2312 0.8748 1.1811,
0.2406 0.887 1.1811,
0.2465 0.9013 1.1811,
0.2485 0.9166 1.1811,
0.2465 0.9319 1.1811,
0.2406 0.9461 1.1811,
-0.1894 0.8575 1.1811,
-0.2406 0.9461 1.1811,
-0.2465 0.9319 1.1811,
-0.2485 0.9166 1.1811,
-0.2465 0.9013 1.1811,
-0.2406 0.887 1.1811,
-0.2312 0.8748 1.1811,
-0.219 0.8654 1.1811,
-0.2047 0.8595 1.1811,
-0.0511 1.2742 1.1811,
0.0511 1.2742 1.1811,
0.0418 1.2864 1.1811,
0.0295 1.2958 1.1811,
0.0153 1.3017 1.1811,
-0.0 1.3037 1.1811,
-0.0153 1.3017 1.1811,
-0.0295 1.2958 1.1811,
-0.0418 1.2864 1.1811,
1.7126 -1.7126 0.0787,
1.7126 -1.325 0.0787,
1.325 -1.7126 0.0787,
1.3769 -0.9894 -0.0,
1.7126 -1.325 -0.0,
0.9894 -1.3769 0.0,
1.325 -1.7126 -0.0,
1.7126 -1.7126 0.0,
-0.9894 -1.3769 -0.0,
-1.3769 -0.9894 -0.0,
-1.325 -1.7126 0.0787,
-1.325 -1.7126 0.0,
-1.7126 -1.325 0.0,
-1.7126 -1.325 0.0787,
-1.7126 -1.7126 0.0787,
-1.7126 -1.7126 0.0,
0.9894 1.3769 -0.0,
1.3769 0.9894 -0.0,
1.325 1.7126 0.0787,
1.325 1.7126 0.0,
1.7126 1.325 -0.0,
1.7126 1.325 0.0787,
1.7126 1.7126 0.0787,
1.7126 1.7126 0.0,
-1.3769 0.9894 0.0,
-0.9894 1.3769 0.0,
-1.2856 1.6732 0.0,
-1.2856 1.6732 0.0787,
-1.6732 1.2856 0.0787,
-1.6732 1.2856 0.0,
-0.3565 0.1783 0.0079,
-0.4333 -0.0185 0.0079,
-0.4045 -0.0185 0.0079,
-0.3846 0.0367 0.0079,
-0.3033 0.0367 0.0079,
-0.2845 -0.0185 0.0079,
-0.2557 -0.0185 0.0079,
-0.3301 0.1783 0.0079,
-0.3099 0.0583 0.0079,
-0.3758 0.0583 0.0079,
-0.3393 0.1405 0.0079,
-0.3412 0.1474 0.0079,
-0.3425 0.1543 0.0079,
-0.3431 0.1543 0.0079,
-0.3444 0.1474 0.0079,
-0.3461 0.1405 0.0079,
-0.3099 0.0583 0.0039,
-0.3758 0.0583 0.0039,
-0.3393 0.1405 0.0039,
-0.3412 0.1474 0.0039,
-0.3425 0.1543 0.0039,
-0.3431 0.1543 0.0039,
-0.3444 0.1474 0.0039,
-0.3461 0.1405 0.0039,
-0.1364 -0.0185 0.0079,
-0.0828 -0.0185 0.0079,
-0.0828 0.1783 0.0079,
-0.1384 0.1783 0.0079,
-0.2413 0.0824 0.0079,
-0.2399 0.1009 0.0079,
-0.2346 0.1203 0.0079,
-0.2254 0.1372 0.0079,
-0.2115 0.1527 0.0079,
-0.2113 0.1529 0.0079,
-0.1899 0.1672 0.0079,
-0.1668 0.1753 0.0079,
-0.1607 -0.0164 0.0079,
-0.1834 -0.0096 0.0079,
-0.204 0.0023 0.0079,
-0.2202 0.0178 0.0079,
-0.2315 0.0354 0.0079,
-0.2385 0.056 0.0079,
-0.2018 0.1291 0.0079,
-0.1922 0.1393 0.0079,
-0.1778 0.1486 0.0079,
-0.1616 0.1543 0.0079,
-0.1383 0.1567 0.0079,
-0.1093 0.1567 0.0079,
-0.1093 0.0031 0.0079,
-0.1372 0.0031 0.0079,
-0.158 0.005 0.0079,
-0.1745 0.0102 0.0079,
-0.188 0.0182 0.0079,
-0.199 0.0291 0.0079,
-0.2073 0.0426 0.0079,
-0.2131 0.0611 0.0079,
-0.2149 0.0818 0.0079,
-0.2132 0.1014 0.0079,
-0.2086 0.117 0.0079,
-0.1383 0.1567 0.0039,
-0.1093 0.1567 0.0039,
-0.1616 0.1543 0.0039,
-0.1778 0.1486 0.0039,
-0.1922 0.1393 0.0039,
-0.2018 0.1291 0.0039,
-0.2086 0.117 0.0039,
-0.2132 0.1014 0.0039,
-0.2149 0.0818 0.0039,
-0.2131 0.0611 0.0039,
-0.2073 0.0426 0.0039,
-0.199 0.0291 0.0039,
-0.188 0.0182 0.0039,
-0.1745 0.0102 0.0039,
-0.158 0.005 0.0039,
-0.1372 0.0031 0.0039,
-0.1093 0.0031 0.0039,
-0.0444 0.0031 0.0079,
-0.0444 -0.0185 0.0079,
0.0612 -0.0185 0.0079,
0.0612 0.1783 0.0079,
-0.0396 0.1783 0.0079,
-0.0396 0.1567 0.0079,
0.0348 0.1567 0.0079,
0.0348 0.0919 0.0079,
-0.0348 0.0919 0.0079,
-0.0348 0.0703 0.0079,
0.0348 0.0703 0.0079,
0.0348 0.0031 0.0079,
0.0996 0.0133 0.0079,
0.0996 -0.0083 0.0079,
0.1206 -0.0169 0.0079,
0.1538 -0.0209 0.0079,
0.1484 -0.0208 0.0079,
0.246 0.0762 0.0079,
0.2441 0.0534 0.0079,
0.2382 0.0326 0.0079,
0.2277 0.0138 0.0079,
0.2129 -0.0017 0.0079,
0.1971 -0.0118 0.0079,
0.178 -0.0184 0.0079,
0.1459 0.1807 0.0079,
0.1657 0.1791 0.0079,
0.1876 0.1727 0.0079,
0.2063 0.162 0.0079,
0.2241 0.1449 0.0079,
0.2356 0.1265 0.0079,
0.2432 0.1042 0.0079,
0.0996 0.1729 0.0079,
0.1224 0.1791 0.0079,
0.0996 0.1465 0.0079,
0.1457 0.1591 0.0079,
0.1218 0.156 0.0079,
0.2196 0.0778 0.0079,
0.2187 0.0931 0.0079,
0.2134 0.1142 0.0079,
0.2053 0.1294 0.0079,
0.1934 0.1425 0.0079,
0.1798 0.1516 0.0079,
0.1651 0.157 0.0079,
0.1501 0.0007 0.0079,
0.1685 0.0028 0.0079,
0.1828 0.008 0.0079,
0.1949 0.0162 0.0079,
0.2041 0.0259 0.0079,
0.2123 0.0396 0.0079,
0.2176 0.0565 0.0079,
0.1031 0.0113 0.0079,
0.124 0.0036 0.0079,
0.2628 0.0031 0.0079,
0.2628 -0.0185 0.0079,
0.3637 -0.0185 0.0079,
0.3637 0.1783 0.0079,
0.3373 0.1783 0.0079,
0.3373 0.0031 0.0079,
0.3937 -0.0 0.8701,
0.3823 0.0942 0.8701,
0.3486 0.183 0.8701,
0.2947 0.2611 0.8701,
0.2236 0.324 0.8701,
0.1396 0.3681 0.8701,
0.0475 0.3908 0.8701,
-0.0475 0.3908 0.8701,
-0.1396 0.3681 0.8701,
-0.2236 0.324 0.8701,
-0.2947 0.2611 0.8701,
-0.3486 0.183 0.8701,
-0.3823 0.0942 0.8701,
-0.3937 0.0 0.8701,
-0.3823 -0.0942 0.8701,
-0.3486 -0.183 0.8701,
-0.2947 -0.2611 0.8701,
-0.2236 -0.324 0.8701,
-0.1396 -0.3681 0.8701,
-0.0475 -0.3908 0.8701,
0.0475 -0.3908 0.8701,
0.1396 -0.3681 0.8701,
0.2236 -0.324 0.8701,
0.2947 -0.2611 0.8701,
0.3486 -0.183 0.8701,
0.3823 -0.0942 0.8701,
0.0 0.0 0.8701,
1.6736 0.1293 0.3996,
1.6736 0.1293 0.3887,
1.6736 0.091 0.3996,
1.6736 0.091 0.4847,
1.6736 0.0786 0.4847,
1.6736 0.0786 0.3887,
1.6736 0.1932 0.3884,
1.6736 0.1785 0.387,
1.6736 0.2035 0.3918,
1.6736 0.2051 0.3926,
1.6736 0.2051 0.4045,
1.6736 0.1957 0.4003,
1.6736 0.1848 0.3983,
1.6736 0.1803 0.3981,
1.6736 0.1707 0.3992,
1.6736 0.1638 0.4019,
1.6736 0.1575 0.4063,
1.6736 0.1556 0.4082,
1.6736 0.1515 0.4137,
1.6736 0.1482 0.4213,
1.6736 0.1464 0.4305,
1.6736 0.1462 0.4356,
1.6736 0.1478 0.4489,
1.6736 0.151 0.4572,
1.6736 0.1563 0.4645,
1.6736 0.1618 0.4692,
1.6736 0.1692 0.473,
1.6736 0.1774 0.4749,
1.6736 0.1825 0.4752,
1.6736 0.1943 0.4737,
1.6736 0.2041 0.47,
1.6736 0.2051 0.4695,
1.6736 0.2051 0.4824,
1.6736 0.1824 0.4864,
1.6736 0.1824 0.4864,
1.6736 0.195 0.4854,
1.6736 0.1684 0.4847,
1.6736 0.1584 0.4808,
1.6736 0.1494 0.4744,
1.6736 0.1471 0.4722,
1.6736 0.1401 0.4631,
1.6736 0.1355 0.4524,
1.6736 0.1334 0.4399,
1.6736 0.1332 0.4349,
1.6736 0.1455 0.4001,
1.6736 0.139 0.4092,
1.6736 0.1351 0.4192,
1.6736 0.1727 0.3873,
1.6736 0.1532 0.3937,
1.6736 0.1623 0.3894,
1.6736 0.276 0.3996,
1.6736 0.276 0.3887,
1.6736 0.2368 0.3996,
1.6736 0.2368 0.4319,
1.6736 0.2711 0.4319,
1.6736 0.2711 0.4429,
1.6736 0.2368 0.4429,
1.6736 0.2368 0.4737,
1.6736 0.2739 0.4737,
1.6736 0.2739 0.4847,
1.6736 0.2244 0.4847,
1.6736 0.2244 0.3887,
1.6736 0.3534 0.4148,
1.6736 0.3491 0.4096,
1.6736 0.3579 0.4021,
1.6736 0.348 0.4086,
1.6736 0.3479 0.3949,
1.6736 0.3418 0.4043,
1.6736 0.337 0.3907,
1.6736 0.3339 0.4012,
1.6736 0.3206 0.3887,
1.6736 0.3205 0.3996,
1.6736 0.2942 0.3887,
1.6736 0.3066 0.3996,
1.6736 0.2942 0.4847,
1.6736 0.3066 0.4737,
1.6736 0.3216 0.4847,
1.6736 0.3211 0.4737,
1.6736 0.3363 0.4831,
1.6736 0.3335 0.4723,
1.6736 0.3479 0.4789,
1.6736 0.3418 0.4693,
1.6736 0.3579 0.472,
1.6736 0.3488 0.4646,
1.6736 0.3613 0.4687,
1.6736 0.3515 0.462,
1.6736 0.3672 0.4604,
1.6736 0.3552 0.4567,
1.6736 0.3708 0.4512,
1.6736 0.3579 0.4497,
1.6736 0.3724 0.4379,
1.6736 0.3594 0.4376,
1.6736 0.3721 0.4318,
1.6736 0.3589 0.4303,
1.6736 0.3698 0.4206,
1.6736 0.3569 0.4218,
1.6736 0.3651 0.4106,
1.6732 0.3211 0.4737,
1.6732 0.3066 0.4737,
1.6732 0.3066 0.3996,
1.6732 0.3205 0.3996,
1.6732 0.3491 0.4096,
1.6732 0.348 0.4086,
1.6732 0.3418 0.4043,
1.6732 0.3339 0.4012,
1.6732 0.3594 0.4376,
1.6732 0.3589 0.4303,
1.6732 0.3569 0.4218,
1.6732 0.3534 0.4148,
1.6732 0.3488 0.4646,
1.6732 0.3515 0.462,
1.6732 0.3552 0.4567,
1.6732 0.3579 0.4497,
1.6732 0.3335 0.4723,
1.6732 0.3418 0.4693,
1.6736 0.4046 0.4258,
1.6736 0.4007 0.4149,
1.6736 0.4369 0.4258,
1.6736 0.4407 0.4149,
1.6736 0.419 0.4657,
1.6736 0.4143 0.4847,
1.6736 0.3777 0.3887,
1.6736 0.3915 0.3887,
1.6736 0.4198 0.4686,
1.6736 0.4206 0.4725,
1.6736 0.4276 0.4847,
1.6736 0.4209 0.4725,
1.6736 0.4216 0.4684,
1.6736 0.4223 0.4657,
1.6736 0.4642 0.3887,
1.6736 0.4505 0.3887,
1.6732 0.4046 0.4258,
1.6732 0.4369 0.4258,
1.6732 0.4223 0.4657,
1.6732 0.4209 0.4725,
1.6732 0.4216 0.4684,
1.6732 0.4206 0.4725,
1.6732 0.419 0.4657,
1.6732 0.4198 0.4686,
1.6736 0.1303 0.2472,
1.6736 0.1303 0.2362,
1.6736 0.091 0.2472,
1.6736 0.091 0.2795,
1.6736 0.1254 0.2795,
1.6736 0.1254 0.2905,
1.6736 0.091 0.2905,
1.6736 0.091 0.3213,
1.6736 0.1281 0.3213,
1.6736 0.1281 0.3323,
1.6736 0.0786 0.3323,
1.6736 0.0786 0.2362,
1.6736 0.1846 0.2468,
1.6736 0.1849 0.2468,
1.6736 0.1841 0.2579,
1.6736 0.1585 0.2653,
1.6736 0.1611 0.2666,
1.6736 0.1546 0.2744,
1.6736 0.1849 0.2633,
1.6736 0.1969 0.2804,
1.6736 0.1849 0.2641,
1.6736 0.1849 0.2707,
1.6736 0.1849 0.2362,
1.6736 0.1969 0.2362,
1.6736 0.1804 0.3055,
1.6736 0.1779 0.2952,
1.6736 0.1852 0.3039,
1.6736 0.18 0.2939,
1.6736 0.1823 0.2536,
1.6736 0.1797 0.2501,
1.6736 0.1823 0.2435,
1.6736 0.1782 0.2486,
1.6736 0.1785 0.2395,
1.6736 0.1748 0.2463,
1.6736 0.1748 0.2371,
1.6736 0.1712 0.245,
1.6736 0.1699 0.2353,
1.6736 0.1667 0.2445,
1.6736 0.1635 0.2346,
1.6736 0.1626 0.2449,
1.6736 0.1563 0.2354,
1.6736 0.1599 0.2459,
1.6736 0.1517 0.2372,
1.6736 0.1575 0.2476,
1.6736 0.1477 0.24,
1.6736 0.1565 0.2486,
1.6736 0.1646 0.277,
1.6736 0.1688 0.2685,
1.6736 0.1849 0.2798,
1.6736 0.1485 0.3,
1.6736 0.1485 0.2883,
1.6736 0.151 0.3015,
1.6736 0.1568 0.2936,
1.6736 0.1599 0.3049,
1.6736 0.1643 0.296,
1.6736 0.1721 0.3064,
1.6736 0.171 0.2966,
1.6736 0.1751 0.2962,
1.6736 0.1845 0.2851,
1.6736 0.1958 0.2905,
1.6736 0.1832 0.2894,
1.6736 0.1938 0.2957,
1.6736 0.1818 0.2919,
1.6736 0.1912 0.2994,
1.6736 0.1891 0.3014,
1.6736 0.1572 0.2643,
1.6736 0.1498 0.2717,
1.6736 0.1557 0.2625,
1.6736 0.1463 0.2685,
1.6736 0.1547 0.2602,
1.6736 0.1438 0.2646,
1.6736 0.1541 0.2575,
1.6736 0.1423 0.2602,
1.6736 0.154 0.2556,
1.6736 0.1418 0.2546,
1.6736 0.1543 0.2528,
1.6736 0.1425 0.2486,
1.6736 0.1551 0.2506,
1.6736 0.1441 0.2446,
1.6736 0.1466 0.241,
1.6732 0.1572 0.2643,
1.6732 0.1585 0.2653,
1.6732 0.1611 0.2666,
1.6732 0.1688 0.2685,
1.6732 0.154 0.2556,
1.6732 0.1541 0.2575,
1.6732 0.1547 0.2602,
1.6732 0.1557 0.2625,
1.6732 0.1575 0.2476,
1.6732 0.1565 0.2486,
1.6732 0.1551 0.2506,
1.6732 0.1543 0.2528,
1.6732 0.1667 0.2445,
1.6732 0.1626 0.2449,
1.6732 0.1599 0.2459,
1.6732 0.1797 0.2501,
1.6732 0.1782 0.2486,
1.6732 0.1748 0.2463,
1.6732 0.1712 0.245,
1.6732 0.1849 0.2641,
1.6732 0.1849 0.2633,
1.6732 0.1841 0.2579,
1.6732 0.1823 0.2536,
1.6732 0.1849 0.2707,
1.6736 0.233 0.2444,
1.6736 0.2186 0.2478,
1.6736 0.2261 0.2452,
1.6736 0.2132 0.2511,
1.6736 0.2132 0.2386,
1.6736 0.2217 0.2357,
1.6736 0.2319 0.2346,
1.6736 0.2427 0.2359,
1.6736 0.249 0.2383,
1.6736 0.2518 0.2401,
1.6736 0.2553 0.2431,
1.6736 0.2575 0.2462,
1.6736 0.259 0.2501,
1.6736 0.2596 0.2549,
1.6736 0.2591 0.2594,
1.6736 0.2578 0.2629,
1.6736 0.2556 0.2662,
1.6736 0.2527 0.2688,
1.6736 0.2447 0.2732,
1.6736 0.24 0.2751,
1.6736 0.2326 0.2784,
1.6736 0.2283 0.281,
1.6736 0.2272 0.2823,
1.6736 0.2263 0.2839,
1.6736 0.2258 0.2858,
1.6736 0.2257 0.2874,
1.6736 0.2259 0.2893,
1.6736 0.2265 0.291,
1.6736 0.2276 0.2925,
1.6736 0.2294 0.2941,
1.6736 0.2321 0.2955,
1.6736 0.2353 0.2964,
1.6736 0.2389 0.2966,
1.6736 0.246 0.2959,
1.6736 0.2529 0.2936,
1.6736 0.2563 0.2917,
1.6736 0.2563 0.3034,
1.6736 0.2485 0.3057,
1.6736 0.24 0.3064,
1.6736 0.2304 0.3053,
1.6736 0.224 0.3028,
1.6736 0.221 0.301,
1.6736 0.2174 0.2977,
1.6736 0.2152 0.2945,
1.6736 0.2138 0.2906,
1.6736 0.2133 0.2863,
1.6736 0.2138 0.2816,
1.6736 0.2152 0.278,
1.6736 0.2167 0.2755,
1.6736 0.2315 0.2664,
1.6736 0.2244 0.2697,
1.6736 0.2187 0.2734,
1.6736 0.2394 0.2631,
1.6736 0.2441 0.2602,
1.6736 0.2456 0.2587,
1.6736 0.2466 0.2571,
1.6736 0.2471 0.2552,
1.6736 0.2472 0.2537,
1.6736 0.247 0.2514,
1.6736 0.2464 0.2497,
1.6736 0.2453 0.2482,
1.6736 0.2439 0.2469,
1.6736 0.2428 0.2463,
1.6736 0.2397 0.2451,
1.6736 0.2336 0.2444,
1.6736 0.3192 0.3048,
1.6736 0.3317 0.3048,
1.6736 0.3005 0.2532,
1.6736 0.2996 0.25,
1.6736 0.299 0.2476,
1.6736 0.2987 0.2476,
1.6736 0.2972 0.2533,
1.6736 0.2793 0.3048,
1.6736 0.2658 0.3048,
1.6736 0.2928 0.2364,
1.6736 0.2875 0.2239,
1.6736 0.2851 0.2195,
1.6736 0.2828 0.217,
1.6736 0.2809 0.2157,
1.6736 0.2783 0.2146,
1.6736 0.2752 0.2142,
1.6736 0.2708 0.2148,
1.6736 0.2683 0.2156,
1.6736 0.2683 0.2049,
1.6736 0.2734 0.204,
1.6736 0.2761 0.2039,
1.6736 0.2857 0.2063,
1.6736 0.281 0.2045,
1.6736 0.2899 0.2092,
1.6736 0.2907 0.21,
1.6736 0.2951 0.2152,
1.6736 0.3006 0.2259,
1.6736 0.3964 0.2472,
1.6736 0.3964 0.2362,
1.6736 0.3571 0.2472,
1.6736 0.3571 0.2795,
1.6736 0.3915 0.2795,
1.6736 0.3915 0.2905,
1.6736 0.3571 0.2905,
1.6736 0.3571 0.3213,
1.6736 0.3942 0.3213,
1.6736 0.3942 0.3323,
1.6736 0.3447 0.3323,
1.6736 0.3447 0.2362,
1.6736 0.4737 0.2624,
1.6736 0.4694 0.2572,
1.6736 0.4783 0.2497,
1.6736 0.4684 0.2562,
1.6736 0.4683 0.2425,
1.6736 0.4622 0.2519,
1.6736 0.4573 0.2382,
1.6736 0.4543 0.2488,
1.6736 0.4409 0.2362,
1.6736 0.4409 0.2472,
1.6736 0.4145 0.2362,
1.6736 0.4269 0.2472,
1.6736 0.4145 0.3323,
1.6736 0.4269 0.3213,
1.6736 0.4419 0.3323,
1.6736 0.4414 0.3213,
1.6736 0.4566 0.3307,
1.6736 0.4538 0.3199,
1.6736 0.4682 0.3265,
1.6736 0.4621 0.3169,
1.6736 0.4783 0.3196,
1.6736 0.4692 0.3122,
1.6736 0.4816 0.3163,
1.6736 0.4718 0.3096,
1.6736 0.4876 0.3079,
1.6736 0.4755 0.3042,
1.6736 0.4911 0.2988,
1.6736 0.4783 0.2972,
1.6736 0.4927 0.2855,
1.6736 0.4797 0.2852,
1.6736 0.4925 0.2794,
1.6736 0.4792 0.2779,
1.6736 0.4901 0.2681,
1.6736 0.4772 0.2694,
1.6736 0.4854 0.2582,
1.6732 0.4414 0.3213,
1.6732 0.4269 0.3213,
1.6732 0.4269 0.2472,
1.6732 0.4409 0.2472,
1.6732 0.4694 0.2572,
1.6732 0.4684 0.2562,
1.6732 0.4622 0.2519,
1.6732 0.4543 0.2488,
1.6732 0.4797 0.2852,
1.6732 0.4792 0.2779,
1.6732 0.4772 0.2694,
1.6732 0.4737 0.2624,
1.6732 0.4692 0.3122,
1.6732 0.4718 0.3096,
1.6732 0.4755 0.3042,
1.6732 0.4783 0.2972,
1.6732 0.4538 0.3199,
1.6732 0.4621 0.3169,
1.6736 0.5249 0.2734,
1.6736 0.521 0.2625,
1.6736 0.5572 0.2734,
1.6736 0.561 0.2625,
1.6736 0.5393 0.3133,
1.6736 0.5347 0.3323,
1.6736 0.4981 0.2362,
1.6736 0.5118 0.2362,
1.6736 0.5401 0.3162,
1.6736 0.5409 0.32,
1.6736 0.5479 0.3323,
1.6736 0.5412 0.32,
1.6736 0.542 0.316,
1.6736 0.5427 0.3133,
1.6736 0.5845 0.2362,
1.6736 0.5708 0.2362,
1.6732 0.5249 0.2734,
1.6732 0.5572 0.2734,
1.6732 0.5427 0.3133,
1.6732 0.5412 0.32,
1.6732 0.542 0.316,
1.6732 0.5409 0.32,
1.6732 0.5393 0.3133,
1.6732 0.5401 0.3162,
1.6736 -0.3458 0.2226,
1.6736 -0.3356 0.2101,
1.6736 -0.3519 0.283,
1.6736 -0.1054 0.4031,
1.6736 -0.1012 0.3841,
1.6736 -0.0677 0.421,
1.6736 -0.3637 0.4018,
1.6736 -0.3485 0.4098,
1.6736 -0.3508 0.4522,
1.6736 -0.2318 0.22,
1.6736 -0.2237 0.2352,
1.6736 -0.2198 0.2521,
1.6736 -0.3253 0.4552,
1.6736 -0.1237 0.3165,
1.6736 -0.1449 0.3527,
1.6736 -0.2194 0.266,
1.6736 -0.2365 0.3049,
1.6736 -0.2194 0.2591,
1.6736 -0.2559 0.1987,
1.6736 -0.2423 0.2081,
1.6736 -0.3053 0.2379,
1.6736 -0.2997 0.2343,
1.6736 -0.3222 0.2,
1.6736 -0.2933 0.2322,
1.6736 -0.3668 0.2922,
1.6736 -0.3629 0.2404,
1.6736 -0.3526 0.2373,
1.6736 -0.0957 0.3841,
1.6736 -0.0828 0.3825,
1.6736 -0.0643 0.4199,
1.6736 -0.0708 0.3779,
1.6736 -0.044 0.4098,
1.6736 -0.0255 0.3941,
1.6736 -0.2443 0.4573,
1.6736 -0.2795 0.4839,
1.6736 -0.2626 0.4438,
1.6736 -0.2956 0.4701,
1.6736 -0.278 0.4255,
1.6736 -0.3096 0.4538,
1.6736 -0.2884 0.4039,
1.6736 -0.3316 0.4138,
1.6736 -0.3246 0.4142,
1.6736 -0.3174 0.4548,
1.6736 -0.3087 0.4122,
1.6736 -0.2933 0.4067,
1.6736 -0.3147 0.2544,
1.6736 -0.313 0.2482,
1.6736 -0.3098 0.2426,
1.6736 -0.3065 0.1934,
1.6736 -0.2904 0.1909,
1.6736 -0.2884 0.2318,
1.6736 -0.2877 0.1908,
1.6736 -0.2823 0.2325,
1.6736 -0.2712 0.1928,
1.6736 -0.2763 0.2347,
1.6736 -0.271 0.2382,
1.6736 -0.2666 0.2432,
1.6736 -0.0254 0.2666,
1.6736 -0.0573 0.2937,
1.6736 -0.044 0.2509,
1.6736 -0.0674 0.2855,
1.6736 -0.0648 0.2407,
1.6736 -0.0794 0.2799,
1.6736 -0.0875 0.2359,
1.6736 -0.0916 0.2776,
1.6736 -0.1278 0.2359,
1.6736 -0.1224 0.2776,
1.6736 -0.1317 0.2365,
1.6736 -0.3909 0.3624,
1.6736 -0.4357 0.3524,
1.6736 -0.3929 0.3459,
1.6736 -0.4359 0.3445,
1.6736 -0.3921 0.3354,
1.6736 -0.433 0.3191,
1.6736 -0.3872 0.3187,
1.6736 -0.4235 0.2936,
1.6736 -0.379 0.3048,
1.6736 -0.4073 0.27,
1.6736 -0.3874 0.2529,
1.6736 -0.2634 0.2677,
1.6736 -0.2619 0.2613,
1.6736 -0.2619 0.2557,
1.6736 -0.2635 0.2491,
1.6736 -0.0602 0.3706,
1.6736 -0.0523 0.3617,
1.6736 -0.0116 0.3747,
1.6736 -0.046 0.3499,
1.6736 -0.0032 0.3538,
1.6736 -0.0428 0.3368,
1.6736 -0.0001 0.3315,
1.6736 -0.0425 0.3308,
1.6736 -0.0032 0.3071,
1.6736 -0.0441 0.3176,
1.6736 -0.0118 0.2855,
1.6736 -0.0488 0.3054,
1.6736 -0.0563 0.2947,
1.6736 -0.3762 0.4427,
1.6736 -0.3981 0.4277,
1.6736 -0.3756 0.3912,
1.6736 -0.4038 0.4224,
1.6736 -0.385 0.3776,
1.6736 -0.4196 0.4024,
1.6736 -0.4308 0.378,
1.6736 -0.1159 0.4251,
1.6736 -0.0798 0.4455,
1.6736 -0.1313 0.4435,
1.6736 -0.1014 0.472,
1.6736 -0.1331 0.4452,
1.6736 -0.1046 0.475,
1.6736 -0.1523 0.4585,
1.6736 -0.1351 0.4955,
1.6736 -0.1737 0.4667,
1.6736 -0.1694 0.5076,
1.6736 -0.1968 0.4695,
1.6736 -0.1975 0.5105,
1.6736 -0.222 0.4663,
1.6736 -0.2315 0.5063,
1.6736 -0.263 0.4941,
1.6736 -0.3149 0.261,
1.6736 -0.3134 0.2676,
1.6736 -0.3444 0.2977,
1.6736 -0.3103 0.2736,
1.6736 -0.3331 0.3106,
1.6736 -0.3059 0.2785,
1.6736 -0.3191 0.3203,
1.6736 -0.3004 0.2822,
1.6736 -0.304 0.3261,
1.6736 -0.2944 0.2844,
1.6736 -0.2877 0.3281,
1.6736 -0.2884 0.2851,
1.6736 -0.2794 0.3276,
1.6736 -0.2824 0.2844,
1.6736 -0.2629 0.3235,
1.6736 -0.2761 0.2821,
1.6736 -0.2484 0.3157,
1.6736 -0.2706 0.2783,
1.6736 -0.2663 0.2733,
1.6736 -0.1258 0.2782,
1.6736 -0.1422 0.2431,
1.6736 -0.1406 0.2414,
1.6736 -0.1238 0.2777,
1.6736 -0.1362 0.2383,
1.6736 -0.1477 0.2571,
1.6736 -0.147 0.252,
1.6736 -0.1452 0.2473,
1.6736 -0.1318 0.2776,
1.6736 -0.1365 0.2757,
1.6736 -0.1475 0.2598,
1.6736 -0.1407 0.2727,
1.6736 -0.1435 0.2696,
1.6736 -0.1461 0.265,
1.6736 -0.1265 0.2782,
1.6732 -0.2884 0.2851,
1.6732 -0.2824 0.2844,
1.6732 -0.2761 0.2821,
1.6732 -0.2706 0.2783,
1.6732 -0.2663 0.2733,
1.6732 -0.2634 0.2677,
1.6732 -0.2619 0.2613,
1.6732 -0.2619 0.2557,
1.6732 -0.2635 0.2491,
1.6732 -0.2666 0.2432,
1.6732 -0.271 0.2382,
1.6732 -0.2763 0.2347,
1.6732 -0.2823 0.2325,
1.6732 -0.2884 0.2318,
1.6732 -0.2933 0.2322,
1.6732 -0.2997 0.2343,
1.6732 -0.3053 0.2379,
1.6732 -0.3098 0.2426,
1.6732 -0.313 0.2482,
1.6732 -0.3147 0.2544,
1.6732 -0.3149 0.261,
1.6732 -0.3134 0.2676,
1.6732 -0.3103 0.2736,
1.6732 -0.3059 0.2785,
1.6732 -0.3004 0.2822,
1.6732 -0.2944 0.2844,
                    ]
                }
                coordIndex [
                    0, 1, 2, -1,
3, 4, 5, -1,
6, 7, 8, -1,
9, 10, 11, -1,
12, 13, 14, -1,
15, 16, 17, -1,
18, 19, 20, -1,
21, 22, 23, -1,
24, 25, 26, -1,
27, 28, 29, -1,
30, 31, 32, -1,
32, 31, 3, -1,
33, 34, 32, -1,
32, 34, 35, -1,
32, 35, 36, -1,
36, 37, 32, -1,
32, 37, 38, -1,
32, 38, 30, -1,
39, 40, 41, -1,
42, 43, 44, -1,
44, 43, 41, -1,
41, 43, 45, -1,
41, 45, 39, -1,
46, 47, 48, -1,
42, 44, 49, -1,
49, 44, 48, -1,
49, 48, 50, -1,
47, 51, 48, -1,
48, 51, 52, -1,
48, 52, 50, -1,
50, 52, 53, -1,
50, 53, 54, -1,
54, 53, 55, -1,
54, 55, 56, -1,
29, 28, 57, -1,
28, 58, 57, -1,
57, 58, 59, -1,
57, 59, 48, -1,
48, 59, 60, -1,
48, 60, 46, -1,
61, 62, 63, -1,
61, 63, 64, -1,
62, 65, 63, -1,
63, 65, 66, -1,
63, 66, 29, -1,
29, 66, 67, -1,
29, 67, 27, -1,
68, 64, 69, -1,
69, 64, 63, -1,
69, 63, 70, -1,
70, 63, 71, -1,
70, 71, 72, -1,
72, 71, 73, -1,
74, 75, 71, -1,
71, 75, 76, -1,
71, 76, 73, -1,
77, 78, 79, -1,
79, 78, 80, -1,
79, 80, 74, -1,
74, 80, 81, -1,
74, 81, 75, -1,
0, 82, 1, -1,
1, 82, 83, -1,
1, 83, 84, -1,
84, 85, 1, -1,
1, 85, 86, -1,
1, 86, 77, -1,
87, 88, 4, -1,
89, 90, 91, -1,
92, 93, 0, -1,
94, 95, 96, -1,
96, 95, 97, -1,
89, 91, 98, -1,
92, 0, 99, -1,
100, 101, 95, -1,
95, 101, 102, -1,
95, 102, 103, -1,
4, 88, 0, -1,
0, 88, 104, -1,
0, 104, 99, -1,
90, 105, 91, -1,
91, 105, 106, -1,
91, 106, 107, -1,
108, 109, 110, -1,
110, 109, 111, -1,
110, 111, 112, -1,
113, 103, 114, -1,
114, 103, 115, -1,
114, 115, 110, -1,
110, 115, 116, -1,
110, 116, 108, -1,
113, 117, 103, -1,
103, 117, 118, -1,
103, 118, 95, -1,
95, 118, 119, -1,
95, 119, 97, -1,
120, 121, 122, -1,
122, 121, 123, -1,
122, 123, 91, -1,
91, 123, 124, -1,
91, 124, 98, -1,
125, 126, 91, -1,
91, 126, 127, -1,
91, 127, 95, -1,
95, 127, 128, -1,
95, 128, 100, -1,
129, 130, 82, -1,
82, 130, 131, -1,
82, 131, 132, -1,
132, 133, 82, -1,
82, 133, 134, -1,
82, 134, 135, -1,
135, 134, 120, -1,
135, 120, 136, -1,
136, 120, 122, -1,
93, 137, 0, -1,
0, 137, 138, -1,
0, 138, 82, -1,
82, 138, 139, -1,
82, 139, 129, -1,
107, 140, 91, -1,
91, 140, 141, -1,
91, 141, 142, -1,
142, 143, 91, -1,
91, 143, 144, -1,
91, 144, 125, -1,
145, 146, 147, -1,
147, 103, 145, -1,
145, 103, 102, -1,
145, 102, 148, -1,
148, 102, 149, -1,
149, 150, 148, -1,
148, 150, 151, -1,
148, 151, 152, -1,
153, 154, 155, -1,
154, 156, 155, -1,
155, 156, 157, -1,
155, 157, 158, -1,
159, 155, 160, -1,
146, 145, 159, -1,
159, 145, 161, -1,
159, 161, 155, -1,
155, 161, 162, -1,
155, 162, 153, -1,
160, 163, 159, -1,
159, 163, 164, -1,
159, 164, 165, -1,
158, 157, 166, -1,
166, 157, 167, -1,
166, 167, 168, -1,
168, 167, 169, -1,
168, 169, 170, -1,
171, 172, 165, -1,
165, 172, 173, -1,
165, 173, 159, -1,
31, 174, 3, -1,
3, 174, 175, -1,
3, 175, 4, -1,
4, 175, 176, -1,
4, 176, 87, -1,
177, 178, 179, -1,
179, 178, 180, -1,
181, 182, 183, -1,
184, 185, 177, -1,
177, 185, 26, -1,
26, 185, 186, -1,
26, 186, 24, -1,
183, 187, 188, -1,
188, 187, 189, -1,
188, 189, 190, -1,
178, 191, 180, -1,
180, 191, 192, -1,
180, 192, 193, -1,
193, 192, 194, -1,
195, 196, 197, -1,
198, 199, 200, -1,
201, 202, 203, -1,
203, 202, 204, -1,
203, 204, 22, -1,
205, 206, 207, -1,
207, 206, 208, -1,
207, 208, 204, -1,
196, 209, 197, -1,
197, 209, 210, -1,
197, 210, 211, -1,
211, 210, 200, -1,
211, 200, 212, -1,
212, 200, 199, -1,
6, 213, 7, -1,
7, 213, 214, -1,
7, 214, 215, -1,
216, 217, 218, -1,
218, 217, 7, -1,
218, 7, 219, -1,
195, 197, 216, -1,
216, 197, 220, -1,
216, 220, 217, -1,
217, 220, 221, -1,
217, 221, 222, -1,
223, 224, 225, -1,
226, 227, 207, -1,
207, 227, 228, -1,
207, 228, 205, -1,
215, 229, 7, -1,
7, 229, 230, -1,
7, 230, 219, -1,
202, 231, 232, -1,
232, 231, 233, -1,
234, 235, 200, -1,
200, 235, 236, -1,
200, 236, 237, -1,
222, 238, 217, -1,
217, 238, 239, -1,
217, 239, 240, -1,
223, 225, 201, -1,
225, 241, 201, -1,
201, 241, 242, -1,
201, 242, 202, -1,
202, 242, 243, -1,
202, 243, 231, -1,
237, 244, 200, -1,
200, 244, 245, -1,
200, 245, 198, -1,
233, 246, 232, -1,
232, 246, 247, -1,
232, 247, 248, -1,
248, 247, 249, -1,
248, 249, 250, -1,
250, 249, 251, -1,
21, 23, 252, -1,
252, 23, 253, -1,
252, 253, 254, -1,
255, 256, 20, -1,
249, 257, 258, -1,
258, 257, 259, -1,
258, 259, 260, -1,
261, 262, 20, -1,
20, 262, 263, -1,
260, 264, 258, -1,
258, 264, 265, -1,
258, 265, 266, -1,
266, 265, 267, -1,
266, 267, 255, -1,
268, 269, 256, -1,
256, 269, 270, -1,
256, 270, 20, -1,
20, 270, 271, -1,
20, 271, 261, -1,
263, 272, 20, -1,
20, 272, 273, -1,
20, 273, 18, -1,
274, 275, 276, -1,
276, 275, 277, -1,
276, 277, 278, -1,
276, 279, 274, -1,
274, 279, 280, -1,
274, 280, 281, -1,
281, 282, 274, -1,
274, 282, 283, -1,
274, 283, 284, -1,
284, 283, 285, -1,
284, 285, 286, -1,
286, 285, 287, -1,
286, 287, 256, -1,
256, 287, 288, -1,
256, 288, 268, -1,
289, 290, 278, -1,
278, 290, 291, -1,
278, 291, 276, -1,
292, 293, 224, -1,
224, 293, 294, -1,
224, 294, 225, -1,
292, 295, 293, -1,
293, 295, 296, -1,
293, 296, 297, -1,
297, 296, 298, -1,
297, 299, 300, -1,
298, 301, 297, -1,
297, 301, 302, -1,
297, 302, 303, -1,
303, 304, 297, -1,
297, 304, 305, -1,
297, 305, 299, -1,
300, 306, 297, -1,
297, 306, 307, -1,
297, 307, 308, -1,
309, 310, 311, -1,
311, 310, 312, -1,
311, 312, 313, -1,
314, 315, 316, -1,
316, 315, 317, -1,
310, 318, 312, -1,
312, 318, 319, -1,
312, 319, 320, -1,
320, 319, 321, -1,
320, 321, 322, -1,
322, 321, 323, -1,
322, 323, 317, -1,
317, 323, 324, -1,
317, 324, 316, -1,
325, 326, 327, -1,
328, 329, 330, -1,
330, 329, 331, -1,
330, 331, 332, -1,
325, 327, 333, -1,
334, 335, 320, -1,
336, 337, 322, -1,
335, 338, 320, -1,
320, 338, 339, -1,
320, 339, 325, -1,
325, 339, 340, -1,
325, 340, 326, -1,
336, 322, 341, -1,
331, 342, 332, -1,
332, 342, 343, -1,
332, 343, 322, -1,
322, 343, 344, -1,
322, 344, 341, -1,
337, 345, 322, -1,
322, 345, 346, -1,
322, 346, 320, -1,
320, 346, 347, -1,
320, 347, 334, -1,
348, 349, 333, -1,
333, 349, 350, -1,
330, 351, 352, -1,
352, 351, 353, -1,
327, 328, 333, -1,
333, 328, 330, -1,
333, 330, 354, -1,
354, 330, 352, -1,
355, 356, 357, -1,
357, 356, 358, -1,
357, 358, 359, -1,
357, 348, 355, -1,
355, 348, 333, -1,
355, 333, 360, -1,
360, 333, 354, -1,
360, 354, 17, -1,
17, 354, 361, -1,
17, 361, 15, -1,
353, 351, 362, -1,
362, 351, 363, -1,
362, 363, 364, -1,
365, 363, 366, -1,
366, 363, 367, -1,
349, 368, 350, -1,
350, 368, 364, -1,
350, 364, 14, -1,
14, 364, 363, -1,
14, 363, 369, -1,
369, 363, 365, -1,
12, 14, 370, -1,
371, 372, 373, -1,
373, 372, 374, -1,
373, 374, 369, -1,
369, 374, 375, -1,
369, 375, 14, -1,
14, 375, 376, -1,
14, 376, 370, -1,
373, 377, 378, -1,
378, 379, 373, -1,
373, 379, 380, -1,
373, 380, 381, -1,
381, 382, 373, -1,
373, 382, 383, -1,
373, 383, 371, -1,
377, 373, 384, -1,
384, 373, 385, -1,
384, 385, 386, -1,
386, 387, 384, -1,
384, 387, 388, -1,
384, 388, 389, -1,
389, 390, 384, -1,
384, 390, 391, -1,
384, 391, 392, -1,
10, 393, 394, -1,
394, 393, 395, -1,
395, 393, 396, -1,
395, 396, 367, -1,
11, 397, 398, -1,
398, 399, 11, -1,
11, 399, 400, -1,
11, 400, 9, -1,
401, 402, 11, -1,
11, 402, 403, -1,
11, 403, 397, -1,
404, 405, 406, -1,
406, 405, 407, -1,
406, 407, 401, -1,
401, 407, 408, -1,
401, 408, 402, -1,
409, 410, 411, -1,
411, 410, 412, -1,
413, 414, 217, -1,
217, 414, 415, -1,
217, 415, 411, -1,
411, 415, 416, -1,
411, 416, 409, -1,
13, 413, 258, -1,
258, 413, 217, -1,
258, 217, 249, -1,
249, 217, 240, -1,
249, 240, 251, -1,
22, 204, 23, -1,
23, 204, 208, -1,
23, 208, 253, -1,
253, 208, 417, -1,
253, 417, 8, -1,
8, 417, 418, -1,
8, 418, 6, -1,
419, 420, 421, -1,
182, 181, 422, -1,
422, 181, 423, -1,
422, 423, 194, -1,
194, 423, 421, -1,
194, 421, 193, -1,
193, 421, 420, -1,
193, 420, 424, -1,
425, 426, 427, -1,
421, 428, 419, -1,
419, 428, 429, -1,
419, 429, 430, -1,
430, 429, 425, -1,
430, 425, 431, -1,
431, 425, 427, -1,
432, 433, 20, -1,
20, 433, 434, -1,
255, 20, 266, -1,
266, 20, 434, -1,
266, 434, 428, -1,
428, 434, 435, -1,
428, 435, 429, -1,
436, 433, 437, -1,
437, 433, 432, -1,
437, 432, 438, -1,
439, 440, 441, -1,
442, 443, 432, -1,
432, 443, 444, -1,
432, 444, 438, -1,
254, 253, 19, -1,
19, 253, 439, -1,
19, 439, 20, -1,
20, 439, 441, -1,
20, 441, 432, -1,
432, 441, 445, -1,
432, 445, 446, -1,
447, 448, 449, -1,
449, 448, 450, -1,
449, 450, 439, -1,
439, 450, 451, -1,
439, 451, 440, -1,
446, 452, 432, -1,
432, 452, 453, -1,
432, 453, 442, -1,
454, 455, 456, -1,
454, 456, 424, -1,
455, 457, 456, -1,
456, 457, 458, -1,
456, 458, 449, -1,
449, 458, 459, -1,
449, 459, 447, -1,
460, 74, 461, -1,
461, 74, 71, -1,
461, 71, 462, -1,
462, 71, 63, -1,
462, 63, 463, -1,
463, 63, 29, -1,
463, 29, 464, -1,
464, 29, 57, -1,
464, 57, 465, -1,
465, 57, 48, -1,
465, 48, 466, -1,
466, 48, 44, -1,
467, 401, 32, -1,
467, 468, 401, -1,
401, 468, 469, -1,
401, 469, 406, -1,
406, 469, 470, -1,
406, 470, 471, -1,
5, 406, 3, -1,
3, 406, 471, -1,
3, 471, 32, -1,
32, 471, 472, -1,
32, 472, 467, -1,
473, 474, 475, -1,
474, 473, 476, -1,
476, 473, 5, -1,
476, 5, 477, -1,
478, 479, 480, -1,
480, 479, 476, -1,
480, 476, 481, -1,
481, 476, 477, -1,
481, 477, 482, -1,
482, 477, 483, -1,
2, 473, 0, -1,
0, 473, 475, -1,
0, 475, 4, -1,
4, 475, 484, -1,
4, 484, 5, -1,
5, 484, 485, -1,
5, 485, 477, -1,
10, 394, 11, -1,
11, 394, 486, -1,
11, 486, 401, -1,
401, 486, 41, -1,
401, 41, 32, -1,
32, 41, 40, -1,
32, 40, 33, -1,
2, 8, 473, -1,
473, 8, 7, -1,
473, 7, 5, -1,
5, 7, 217, -1,
5, 217, 406, -1,
406, 217, 411, -1,
406, 411, 404, -1,
404, 411, 412, -1,
13, 258, 14, -1,
14, 258, 266, -1,
14, 266, 350, -1,
350, 266, 428, -1,
350, 428, 333, -1,
333, 428, 421, -1,
333, 421, 325, -1,
325, 421, 423, -1,
325, 423, 320, -1,
320, 423, 181, -1,
320, 181, 312, -1,
367, 363, 395, -1,
395, 363, 351, -1,
395, 351, 487, -1,
487, 351, 330, -1,
487, 330, 488, -1,
488, 330, 332, -1,
488, 332, 489, -1,
489, 332, 322, -1,
489, 322, 490, -1,
490, 322, 317, -1,
490, 317, 491, -1,
491, 317, 315, -1,
491, 315, 492, -1,
493, 494, 181, -1,
188, 184, 183, -1,
183, 184, 177, -1,
183, 177, 181, -1,
181, 177, 179, -1,
181, 179, 493, -1,
493, 179, 495, -1,
496, 179, 497, -1,
497, 179, 498, -1,
497, 498, 499, -1,
499, 498, 500, -1,
501, 502, 496, -1,
496, 502, 503, -1,
496, 503, 179, -1,
179, 503, 504, -1,
179, 504, 495, -1,
316, 313, 314, -1,
314, 313, 312, -1,
314, 312, 500, -1,
500, 312, 181, -1,
500, 181, 499, -1,
499, 181, 505, -1,
504, 506, 507, -1,
507, 508, 504, -1,
504, 508, 509, -1,
504, 509, 495, -1,
510, 511, 505, -1,
505, 511, 512, -1,
505, 512, 513, -1,
494, 514, 181, -1,
181, 514, 515, -1,
181, 515, 505, -1,
505, 515, 516, -1,
505, 516, 510, -1,
513, 517, 505, -1,
505, 517, 518, -1,
505, 518, 504, -1,
504, 518, 519, -1,
504, 519, 506, -1,
424, 456, 193, -1,
193, 456, 520, -1,
193, 520, 180, -1,
180, 520, 521, -1,
180, 521, 179, -1,
179, 521, 522, -1,
179, 522, 498, -1,
77, 79, 1, -1,
1, 79, 523, -1,
1, 523, 2, -1,
2, 523, 524, -1,
2, 524, 8, -1,
8, 524, 525, -1,
8, 525, 253, -1,
253, 525, 526, -1,
253, 526, 439, -1,
439, 526, 527, -1,
439, 527, 449, -1,
449, 527, 528, -1,
449, 528, 456, -1,
456, 528, 529, -1,
456, 529, 520, -1,
520, 529, 530, -1,
520, 530, 521, -1,
521, 530, 531, -1,
521, 531, 522, -1,
532, 533, 534, -1,
534, 533, 535, -1,
536, 537, 538, -1,
538, 537, 539, -1,
540, 541, 542, -1,
543, 544, 545, -1,
545, 546, 543, -1,
543, 546, 547, -1,
543, 547, 548, -1,
549, 550, 542, -1,
542, 550, 551, -1,
542, 551, 535, -1,
535, 551, 552, -1,
535, 552, 553, -1,
548, 549, 543, -1,
543, 549, 542, -1,
543, 542, 554, -1,
554, 542, 541, -1,
554, 541, 555, -1,
555, 541, 556, -1,
557, 558, 559, -1,
558, 560, 559, -1,
559, 560, 561, -1,
559, 561, 562, -1,
562, 563, 559, -1,
559, 563, 564, -1,
559, 564, 543, -1,
543, 564, 565, -1,
543, 565, 544, -1,
566, 567, 568, -1,
569, 570, 571, -1,
571, 570, 538, -1,
571, 538, 572, -1,
553, 557, 535, -1,
535, 557, 559, -1,
535, 559, 534, -1,
534, 559, 573, -1,
534, 573, 539, -1,
539, 573, 540, -1,
539, 540, 538, -1,
538, 540, 542, -1,
538, 542, 572, -1,
574, 575, 576, -1,
576, 575, 566, -1,
460, 577, 578, -1,
578, 577, 579, -1,
578, 579, 580, -1,
580, 579, 576, -1,
580, 576, 581, -1,
581, 576, 566, -1,
581, 566, 582, -1,
535, 583, 542, -1,
542, 583, 584, -1,
542, 584, 585, -1,
586, 587, 535, -1,
535, 587, 588, -1,
589, 590, 591, -1,
592, 585, 593, -1,
593, 585, 594, -1,
568, 572, 566, -1,
566, 572, 542, -1,
566, 542, 582, -1,
582, 542, 585, -1,
582, 585, 595, -1,
595, 585, 592, -1,
596, 531, 597, -1,
597, 531, 578, -1,
598, 599, 600, -1,
600, 599, 583, -1,
600, 583, 601, -1,
602, 603, 604, -1,
604, 603, 605, -1,
604, 605, 606, -1,
607, 608, 604, -1,
604, 608, 609, -1,
610, 611, 612, -1,
612, 611, 613, -1,
609, 614, 604, -1,
604, 614, 613, -1,
604, 613, 615, -1,
615, 613, 611, -1,
616, 617, 618, -1,
618, 617, 619, -1,
618, 619, 620, -1,
591, 601, 589, -1,
589, 601, 583, -1,
589, 583, 621, -1,
621, 583, 535, -1,
621, 535, 594, -1,
606, 622, 604, -1,
604, 622, 623, -1,
604, 623, 607, -1,
624, 625, 626, -1,
626, 625, 627, -1,
580, 617, 578, -1,
578, 617, 616, -1,
578, 616, 597, -1,
597, 616, 628, -1,
597, 628, 588, -1,
588, 628, 626, -1,
588, 626, 535, -1,
535, 626, 627, -1,
620, 629, 618, -1,
618, 629, 630, -1,
618, 630, 631, -1,
631, 630, 632, -1,
631, 632, 633, -1,
632, 634, 633, -1,
633, 634, 635, -1,
633, 635, 626, -1,
626, 635, 636, -1,
626, 636, 624, -1,
627, 637, 535, -1,
535, 637, 638, -1,
535, 638, 639, -1,
639, 640, 535, -1,
535, 640, 641, -1,
535, 641, 594, -1,
594, 641, 642, -1,
594, 642, 593, -1,
593, 642, 643, -1,
593, 643, 604, -1,
604, 643, 644, -1,
604, 644, 602, -1,
533, 532, 645, -1,
537, 536, 646, -1,
646, 536, 647, -1,
646, 647, 645, -1,
645, 647, 648, -1,
645, 648, 533, -1,
531, 596, 649, -1,
587, 586, 650, -1,
650, 586, 651, -1,
650, 651, 649, -1,
649, 651, 492, -1,
649, 492, 531, -1,
570, 569, 652, -1,
568, 567, 653, -1,
653, 567, 654, -1,
653, 654, 652, -1,
652, 654, 655, -1,
652, 655, 570, -1,
575, 574, 656, -1,
577, 460, 657, -1,
657, 460, 466, -1,
657, 466, 656, -1,
656, 466, 658, -1,
656, 658, 575, -1,
659, 660, 655, -1,
655, 660, 647, -1,
660, 661, 647, -1,
647, 661, 648, -1,
661, 662, 648, -1,
648, 662, 651, -1,
662, 663, 651, -1,
651, 663, 492, -1,
663, 664, 492, -1,
492, 664, 466, -1,
664, 665, 466, -1,
466, 665, 658, -1,
666, 659, 654, -1,
654, 659, 655, -1,
665, 666, 658, -1,
658, 666, 654, -1,
651, 586, 648, -1,
648, 586, 535, -1,
648, 535, 533, -1,
647, 536, 655, -1,
655, 536, 538, -1,
655, 538, 570, -1,
575, 658, 566, -1,
566, 658, 654, -1,
566, 654, 567, -1,
667, 668, 669, -1,
670, 671, 661, -1,
663, 672, 673, -1,
674, 675, 662, -1,
676, 677, 678, -1,
678, 677, 679, -1,
670, 661, 680, -1,
681, 682, 683, -1,
684, 685, 660, -1,
681, 686, 679, -1,
679, 686, 687, -1,
679, 687, 678, -1,
681, 688, 682, -1,
682, 688, 689, -1,
682, 689, 690, -1,
671, 691, 661, -1,
661, 691, 692, -1,
661, 692, 662, -1,
662, 692, 693, -1,
662, 693, 674, -1,
675, 694, 662, -1,
662, 694, 695, -1,
662, 695, 663, -1,
663, 695, 696, -1,
663, 696, 672, -1,
676, 697, 677, -1,
677, 697, 698, -1,
677, 698, 673, -1,
673, 698, 663, -1,
663, 698, 699, -1,
663, 699, 700, -1,
701, 702, 703, -1,
703, 702, 704, -1,
705, 706, 664, -1,
664, 706, 707, -1,
664, 707, 708, -1,
659, 709, 710, -1,
660, 685, 661, -1,
661, 685, 711, -1,
661, 711, 680, -1,
700, 712, 663, -1,
663, 712, 713, -1,
663, 713, 664, -1,
664, 713, 714, -1,
664, 714, 705, -1,
701, 715, 702, -1,
702, 715, 716, -1,
702, 716, 717, -1,
717, 716, 686, -1,
717, 686, 718, -1,
718, 686, 681, -1,
718, 681, 719, -1,
719, 681, 683, -1,
720, 721, 659, -1,
659, 721, 722, -1,
659, 722, 709, -1,
690, 723, 682, -1,
682, 723, 724, -1,
682, 724, 710, -1,
710, 724, 725, -1,
710, 725, 659, -1,
659, 725, 726, -1,
659, 726, 660, -1,
660, 726, 727, -1,
660, 727, 684, -1,
666, 728, 729, -1,
730, 731, 668, -1,
668, 731, 732, -1,
668, 732, 669, -1,
704, 702, 733, -1,
733, 702, 734, -1,
733, 734, 735, -1,
735, 734, 736, -1,
735, 736, 669, -1,
669, 736, 737, -1,
669, 737, 667, -1,
708, 730, 664, -1,
664, 730, 668, -1,
664, 668, 665, -1,
665, 668, 738, -1,
665, 738, 739, -1,
739, 740, 665, -1,
665, 740, 741, -1,
665, 741, 666, -1,
666, 741, 742, -1,
666, 742, 728, -1,
729, 743, 666, -1,
666, 743, 744, -1,
666, 744, 659, -1,
659, 744, 745, -1,
659, 745, 720, -1,
722, 746, 709, -1,
709, 746, 747, -1,
709, 747, 710, -1,
710, 747, 748, -1,
710, 748, 682, -1,
682, 748, 749, -1,
682, 749, 683, -1,
683, 749, 750, -1,
683, 750, 719, -1,
719, 750, 751, -1,
719, 751, 718, -1,
718, 751, 752, -1,
718, 752, 717, -1,
717, 752, 753, -1,
717, 753, 702, -1,
702, 753, 754, -1,
702, 754, 734, -1,
734, 754, 755, -1,
734, 755, 736, -1,
736, 755, 756, -1,
736, 756, 737, -1,
737, 756, 757, -1,
737, 757, 667, -1,
667, 757, 758, -1,
667, 758, 668, -1,
668, 758, 759, -1,
668, 759, 738, -1,
738, 759, 760, -1,
738, 760, 739, -1,
739, 760, 761, -1,
739, 761, 740, -1,
740, 761, 762, -1,
740, 762, 741, -1,
741, 762, 763, -1,
741, 763, 742, -1,
742, 763, 764, -1,
742, 764, 728, -1,
728, 764, 765, -1,
728, 765, 729, -1,
729, 765, 766, -1,
729, 766, 743, -1,
743, 766, 767, -1,
743, 767, 744, -1,
744, 767, 768, -1,
744, 768, 745, -1,
745, 768, 769, -1,
745, 769, 720, -1,
720, 769, 770, -1,
720, 770, 721, -1,
721, 770, 771, -1,
721, 771, 722, -1,
722, 771, 746, -1,
761, 760, 772, -1,
772, 760, 773, -1,
766, 765, 774, -1,
774, 765, 764, -1,
774, 764, 775, -1,
775, 764, 763, -1,
775, 763, 772, -1,
772, 763, 762, -1,
772, 762, 761, -1,
766, 774, 767, -1,
767, 774, 776, -1,
767, 776, 768, -1,
777, 771, 778, -1,
778, 771, 770, -1,
778, 770, 776, -1,
776, 770, 769, -1,
776, 769, 768, -1,
749, 779, 750, -1,
750, 779, 780, -1,
750, 780, 751, -1,
751, 780, 781, -1,
751, 781, 752, -1,
752, 781, 753, -1,
753, 781, 754, -1,
754, 781, 782, -1,
754, 782, 755, -1,
760, 759, 773, -1,
773, 759, 758, -1,
773, 758, 783, -1,
783, 758, 757, -1,
783, 757, 782, -1,
782, 757, 756, -1,
782, 756, 755, -1,
749, 748, 779, -1,
779, 748, 747, -1,
779, 747, 777, -1,
777, 747, 746, -1,
777, 746, 771, -1,
784, 785, 772, -1,
772, 785, 775, -1,
785, 786, 775, -1,
775, 786, 774, -1,
786, 787, 774, -1,
774, 787, 776, -1,
787, 788, 776, -1,
776, 788, 778, -1,
788, 789, 778, -1,
778, 789, 777, -1,
789, 790, 777, -1,
777, 790, 779, -1,
790, 791, 779, -1,
779, 791, 780, -1,
791, 792, 780, -1,
780, 792, 781, -1,
792, 793, 781, -1,
781, 793, 782, -1,
793, 794, 782, -1,
782, 794, 783, -1,
794, 795, 783, -1,
783, 795, 773, -1,
795, 784, 773, -1,
773, 784, 772, -1,
789, 788, 790, -1,
790, 788, 787, -1,
795, 794, 784, -1,
784, 794, 793, -1,
792, 791, 793, -1,
793, 791, 790, -1,
793, 790, 784, -1,
784, 790, 787, -1,
784, 787, 785, -1,
785, 787, 786, -1,
796, 689, 797, -1,
797, 689, 688, -1,
797, 688, 798, -1,
798, 688, 681, -1,
798, 681, 799, -1,
799, 681, 679, -1,
799, 679, 800, -1,
800, 679, 677, -1,
800, 677, 801, -1,
801, 677, 673, -1,
801, 673, 802, -1,
802, 673, 672, -1,
802, 672, 803, -1,
803, 672, 696, -1,
803, 696, 804, -1,
804, 696, 695, -1,
796, 805, 689, -1,
689, 805, 690, -1,
806, 711, 807, -1,
807, 711, 685, -1,
807, 685, 808, -1,
808, 685, 684, -1,
808, 684, 809, -1,
809, 684, 727, -1,
809, 727, 810, -1,
810, 727, 726, -1,
810, 726, 811, -1,
811, 726, 725, -1,
811, 725, 812, -1,
812, 725, 724, -1,
812, 724, 813, -1,
813, 724, 723, -1,
813, 723, 805, -1,
805, 723, 690, -1,
806, 814, 711, -1,
711, 814, 680, -1,
815, 694, 816, -1,
816, 694, 675, -1,
816, 675, 817, -1,
817, 675, 674, -1,
817, 674, 818, -1,
818, 674, 693, -1,
818, 693, 819, -1,
819, 693, 692, -1,
819, 692, 820, -1,
820, 692, 691, -1,
820, 691, 821, -1,
821, 691, 671, -1,
821, 671, 822, -1,
822, 671, 670, -1,
822, 670, 814, -1,
814, 670, 680, -1,
815, 804, 694, -1,
694, 804, 695, -1,
809, 810, 811, -1,
804, 815, 814, -1,
814, 815, 816, -1,
816, 817, 814, -1,
814, 817, 818, -1,
814, 818, 819, -1,
819, 820, 814, -1,
814, 820, 821, -1,
814, 821, 822, -1,
812, 813, 806, -1,
806, 813, 805, -1,
806, 805, 814, -1,
809, 811, 808, -1,
805, 796, 814, -1,
814, 796, 797, -1,
814, 797, 798, -1,
812, 806, 811, -1,
811, 806, 807, -1,
811, 807, 808, -1,
798, 799, 814, -1,
814, 799, 800, -1,
814, 800, 801, -1,
801, 802, 814, -1,
814, 802, 803, -1,
814, 803, 804, -1,
823, 824, 825, -1,
825, 824, 657, -1,
825, 657, 656, -1,
826, 579, 577, -1,
657, 824, 577, -1,
577, 824, 827, -1,
577, 827, 826, -1,
579, 826, 576, -1,
576, 826, 828, -1,
576, 828, 574, -1,
574, 828, 829, -1,
574, 829, 656, -1,
656, 829, 825, -1,
823, 825, 830, -1,
830, 825, 829, -1,
824, 823, 827, -1,
827, 823, 830, -1,
827, 830, 826, -1,
826, 830, 829, -1,
826, 829, 828, -1,
572, 831, 571, -1,
571, 831, 832, -1,
831, 572, 568, -1,
653, 833, 568, -1,
568, 833, 834, -1,
568, 834, 831, -1,
571, 832, 569, -1,
569, 832, 835, -1,
569, 835, 652, -1,
652, 835, 836, -1,
837, 833, 836, -1,
836, 833, 653, -1,
836, 653, 652, -1,
837, 836, 838, -1,
838, 836, 835, -1,
833, 837, 834, -1,
834, 837, 838, -1,
834, 838, 831, -1,
831, 838, 835, -1,
831, 835, 832, -1,
588, 839, 597, -1,
597, 839, 840, -1,
839, 588, 587, -1,
650, 841, 587, -1,
587, 841, 842, -1,
587, 842, 839, -1,
597, 840, 596, -1,
596, 840, 843, -1,
596, 843, 649, -1,
649, 843, 844, -1,
845, 841, 844, -1,
844, 841, 650, -1,
844, 650, 649, -1,
841, 845, 842, -1,
842, 845, 846, -1,
845, 844, 846, -1,
846, 844, 843, -1,
842, 846, 839, -1,
839, 846, 843, -1,
839, 843, 840, -1,
539, 847, 534, -1,
534, 847, 848, -1,
534, 848, 532, -1,
532, 848, 849, -1,
532, 849, 645, -1,
645, 849, 850, -1,
847, 539, 537, -1,
646, 851, 537, -1,
537, 851, 852, -1,
537, 852, 847, -1,
850, 851, 645, -1,
645, 851, 646, -1,
851, 850, 852, -1,
852, 850, 849, -1,
847, 852, 848, -1,
848, 852, 849, -1,
853, 854, 573, -1,
573, 854, 540, -1,
854, 855, 540, -1,
540, 855, 541, -1,
855, 856, 541, -1,
541, 856, 556, -1,
856, 857, 556, -1,
556, 857, 555, -1,
857, 858, 555, -1,
555, 858, 554, -1,
858, 859, 554, -1,
554, 859, 543, -1,
859, 860, 543, -1,
543, 860, 559, -1,
860, 853, 559, -1,
559, 853, 573, -1,
861, 857, 862, -1,
862, 857, 856, -1,
863, 860, 861, -1,
861, 860, 859, -1,
861, 859, 857, -1,
857, 859, 858, -1,
863, 864, 860, -1,
860, 864, 865, -1,
860, 865, 853, -1,
853, 865, 866, -1,
853, 866, 867, -1,
867, 868, 853, -1,
853, 868, 862, -1,
853, 862, 854, -1,
854, 862, 856, -1,
854, 856, 855, -1,
861, 862, 869, -1,
869, 862, 870, -1,
863, 861, 871, -1,
871, 861, 869, -1,
863, 871, 872, -1,
863, 872, 864, -1,
864, 872, 873, -1,
864, 873, 865, -1,
866, 865, 874, -1,
874, 865, 873, -1,
866, 874, 875, -1,
866, 875, 867, -1,
867, 875, 876, -1,
867, 876, 868, -1,
862, 868, 870, -1,
870, 868, 876, -1,
877, 878, 549, -1,
549, 878, 550, -1,
878, 879, 550, -1,
550, 879, 551, -1,
879, 880, 551, -1,
551, 880, 552, -1,
881, 564, 563, -1,
881, 563, 882, -1,
882, 563, 562, -1,
882, 562, 883, -1,
883, 562, 561, -1,
883, 561, 884, -1,
884, 561, 560, -1,
884, 560, 885, -1,
885, 560, 558, -1,
885, 558, 886, -1,
886, 558, 557, -1,
886, 557, 887, -1,
887, 557, 553, -1,
887, 553, 888, -1,
888, 553, 552, -1,
888, 552, 880, -1,
877, 549, 548, -1,
877, 548, 889, -1,
889, 548, 547, -1,
889, 547, 890, -1,
890, 547, 546, -1,
890, 546, 891, -1,
891, 546, 545, -1,
891, 545, 892, -1,
892, 545, 544, -1,
892, 544, 893, -1,
893, 544, 565, -1,
893, 565, 894, -1,
894, 565, 564, -1,
894, 564, 881, -1,
883, 884, 895, -1,
895, 884, 885, -1,
895, 885, 896, -1,
896, 885, 886, -1,
896, 886, 897, -1,
897, 886, 887, -1,
897, 887, 898, -1,
898, 887, 888, -1,
898, 888, 899, -1,
899, 888, 880, -1,
899, 880, 900, -1,
900, 880, 879, -1,
900, 879, 901, -1,
901, 879, 878, -1,
901, 878, 902, -1,
902, 878, 877, -1,
902, 877, 903, -1,
903, 877, 889, -1,
903, 889, 904, -1,
904, 889, 890, -1,
904, 890, 905, -1,
905, 890, 891, -1,
905, 891, 906, -1,
906, 891, 892, -1,
906, 892, 907, -1,
907, 892, 893, -1,
907, 893, 908, -1,
908, 893, 894, -1,
908, 894, 909, -1,
909, 894, 881, -1,
909, 881, 910, -1,
910, 881, 882, -1,
910, 882, 911, -1,
911, 882, 883, -1,
911, 883, 895, -1,
899, 900, 912, -1,
912, 900, 913, -1,
899, 912, 914, -1,
899, 914, 898, -1,
898, 914, 915, -1,
898, 915, 897, -1,
897, 915, 916, -1,
897, 916, 896, -1,
896, 916, 917, -1,
896, 917, 895, -1,
895, 917, 918, -1,
895, 918, 911, -1,
911, 918, 919, -1,
911, 919, 910, -1,
910, 919, 920, -1,
910, 920, 909, -1,
909, 920, 921, -1,
909, 921, 908, -1,
908, 921, 922, -1,
908, 922, 907, -1,
907, 922, 923, -1,
907, 923, 906, -1,
906, 923, 924, -1,
906, 924, 905, -1,
905, 924, 925, -1,
905, 925, 904, -1,
904, 925, 926, -1,
904, 926, 903, -1,
903, 926, 927, -1,
903, 927, 902, -1,
901, 902, 928, -1,
928, 902, 927, -1,
900, 901, 913, -1,
913, 901, 928, -1,
929, 930, 583, -1,
583, 930, 584, -1,
930, 931, 584, -1,
584, 931, 585, -1,
931, 932, 585, -1,
585, 932, 594, -1,
932, 933, 594, -1,
594, 933, 621, -1,
933, 934, 621, -1,
621, 934, 589, -1,
934, 935, 589, -1,
589, 935, 590, -1,
935, 936, 590, -1,
590, 936, 591, -1,
936, 937, 591, -1,
591, 937, 601, -1,
937, 938, 601, -1,
601, 938, 600, -1,
938, 939, 600, -1,
600, 939, 598, -1,
939, 940, 598, -1,
598, 940, 599, -1,
940, 929, 599, -1,
599, 929, 583, -1,
931, 930, 929, -1,
929, 940, 931, -1,
931, 940, 939, -1,
931, 939, 932, -1,
934, 933, 935, -1,
935, 933, 932, -1,
935, 932, 936, -1,
936, 932, 939, -1,
936, 939, 937, -1,
937, 939, 938, -1,
941, 942, 593, -1,
593, 942, 592, -1,
592, 942, 943, -1,
944, 580, 581, -1,
944, 581, 945, -1,
945, 581, 582, -1,
945, 582, 943, -1,
943, 582, 595, -1,
943, 595, 592, -1,
946, 635, 634, -1,
946, 634, 947, -1,
947, 634, 632, -1,
947, 632, 948, -1,
948, 632, 630, -1,
948, 630, 949, -1,
949, 630, 629, -1,
949, 629, 950, -1,
950, 629, 620, -1,
950, 620, 951, -1,
951, 620, 619, -1,
951, 619, 952, -1,
952, 619, 944, -1,
944, 619, 617, -1,
944, 617, 580, -1,
953, 639, 638, -1,
953, 638, 954, -1,
954, 638, 637, -1,
954, 637, 955, -1,
955, 637, 627, -1,
955, 627, 956, -1,
956, 627, 625, -1,
956, 625, 957, -1,
957, 625, 624, -1,
957, 624, 958, -1,
958, 624, 636, -1,
958, 636, 959, -1,
959, 636, 635, -1,
959, 635, 946, -1,
960, 641, 640, -1,
960, 640, 961, -1,
961, 640, 639, -1,
961, 639, 953, -1,
960, 962, 641, -1,
641, 962, 642, -1,
963, 644, 643, -1,
963, 643, 964, -1,
964, 643, 642, -1,
964, 642, 962, -1,
965, 607, 623, -1,
965, 623, 966, -1,
966, 623, 622, -1,
966, 622, 967, -1,
967, 622, 606, -1,
967, 606, 968, -1,
968, 606, 605, -1,
968, 605, 969, -1,
969, 605, 603, -1,
969, 603, 970, -1,
970, 603, 602, -1,
970, 602, 971, -1,
971, 602, 644, -1,
971, 644, 963, -1,
972, 611, 610, -1,
972, 610, 973, -1,
973, 610, 612, -1,
973, 612, 974, -1,
974, 612, 613, -1,
974, 613, 975, -1,
975, 613, 614, -1,
975, 614, 976, -1,
976, 614, 609, -1,
976, 609, 977, -1,
977, 609, 608, -1,
977, 608, 978, -1,
978, 608, 607, -1,
978, 607, 965, -1,
941, 593, 604, -1,
941, 604, 979, -1,
979, 604, 615, -1,
979, 615, 980, -1,
980, 615, 611, -1,
980, 611, 972, -1,
973, 944, 972, -1,
972, 944, 945, -1,
972, 945, 980, -1,
980, 945, 943, -1,
980, 943, 979, -1,
979, 943, 942, -1,
979, 942, 941, -1,
962, 960, 964, -1,
964, 960, 961, -1,
964, 961, 963, -1,
963, 961, 953, -1,
963, 953, 971, -1,
971, 953, 954, -1,
971, 954, 970, -1,
970, 954, 955, -1,
970, 955, 969, -1,
969, 955, 956, -1,
969, 956, 968, -1,
968, 956, 957, -1,
968, 957, 967, -1,
967, 957, 958, -1,
967, 958, 966, -1,
966, 958, 959, -1,
966, 959, 965, -1,
965, 959, 946, -1,
965, 946, 978, -1,
978, 946, 947, -1,
978, 947, 977, -1,
977, 947, 948, -1,
977, 948, 976, -1,
976, 948, 949, -1,
976, 949, 975, -1,
975, 949, 950, -1,
975, 950, 974, -1,
974, 950, 951, -1,
974, 951, 973, -1,
973, 951, 952, -1,
973, 952, 944, -1,
981, 982, 631, -1,
631, 982, 618, -1,
982, 983, 618, -1,
618, 983, 616, -1,
983, 984, 616, -1,
616, 984, 628, -1,
984, 985, 628, -1,
628, 985, 626, -1,
985, 986, 626, -1,
626, 986, 633, -1,
986, 981, 633, -1,
633, 981, 631, -1,
985, 984, 986, -1,
986, 984, 983, -1,
986, 983, 981, -1,
981, 983, 982, -1,
869, 870, 871, -1,
871, 870, 876, -1,
871, 876, 872, -1,
872, 876, 875, -1,
872, 875, 873, -1,
873, 875, 874, -1,
913, 928, 912, -1,
912, 928, 927, -1,
912, 927, 926, -1,
920, 919, 912, -1,
912, 919, 918, -1,
912, 918, 914, -1,
926, 925, 912, -1,
912, 925, 924, -1,
912, 924, 923, -1,
923, 922, 912, -1,
912, 922, 921, -1,
912, 921, 920, -1,
917, 916, 918, -1,
918, 916, 915, -1,
918, 915, 914, -1,
987, 714, 988, -1,
988, 714, 713, -1,
988, 713, 989, -1,
989, 713, 712, -1,
989, 712, 990, -1,
990, 712, 700, -1,
990, 700, 991, -1,
991, 700, 699, -1,
991, 699, 992, -1,
992, 699, 698, -1,
992, 698, 993, -1,
993, 698, 697, -1,
993, 697, 994, -1,
994, 697, 676, -1,
994, 676, 995, -1,
995, 676, 678, -1,
995, 678, 996, -1,
996, 678, 687, -1,
996, 687, 997, -1,
997, 687, 686, -1,
997, 686, 998, -1,
998, 686, 716, -1,
998, 716, 999, -1,
999, 716, 715, -1,
999, 715, 1000, -1,
1000, 715, 701, -1,
1000, 701, 1001, -1,
1001, 701, 703, -1,
1001, 703, 1002, -1,
1002, 703, 704, -1,
1002, 704, 1003, -1,
1003, 704, 733, -1,
1003, 733, 1004, -1,
1004, 733, 735, -1,
1004, 735, 1005, -1,
1005, 735, 669, -1,
1005, 669, 1006, -1,
1006, 669, 732, -1,
1006, 732, 1007, -1,
1007, 732, 731, -1,
1007, 731, 1008, -1,
1008, 731, 730, -1,
1008, 730, 1009, -1,
1009, 730, 708, -1,
1009, 708, 1010, -1,
1010, 708, 707, -1,
1010, 707, 1011, -1,
1011, 707, 706, -1,
1011, 706, 1012, -1,
1012, 706, 705, -1,
1012, 705, 987, -1,
987, 705, 714, -1,
987, 988, 1013, -1,
987, 1013, 1012, -1,
1009, 1010, 1013, -1,
1013, 1010, 1011, -1,
1013, 1011, 1012, -1,
1006, 1007, 1013, -1,
1013, 1007, 1008, -1,
1013, 1008, 1009, -1,
1003, 1004, 1013, -1,
1013, 1004, 1005, -1,
1013, 1005, 1006, -1,
1000, 1001, 1013, -1,
1013, 1001, 1002, -1,
1013, 1002, 1003, -1,
997, 998, 1013, -1,
1013, 998, 999, -1,
1013, 999, 1000, -1,
994, 995, 1013, -1,
1013, 995, 996, -1,
1013, 996, 997, -1,
991, 992, 1013, -1,
1013, 992, 993, -1,
1013, 993, 994, -1,
988, 989, 1013, -1,
1013, 989, 990, -1,
1013, 990, 991, -1,
1014, 1015, 469, -1,
469, 1015, 470, -1,
1016, 1014, 468, -1,
468, 1014, 469, -1,
1017, 1016, 467, -1,
467, 1016, 468, -1,
1018, 1017, 472, -1,
472, 1017, 467, -1,
1019, 1018, 471, -1,
471, 1018, 472, -1,
1015, 1019, 470, -1,
470, 1019, 471, -1,
1017, 1018, 1016, -1,
1016, 1018, 1019, -1,
1016, 1019, 1014, -1,
1014, 1019, 1015, -1,
1020, 1021, 13, -1,
13, 1021, 413, -1,
13, 12, 1020, -1,
1020, 12, 370, -1,
1020, 370, 1022, -1,
1022, 370, 376, -1,
1022, 376, 1023, -1,
1024, 1023, 375, -1,
375, 1023, 376, -1,
1024, 375, 374, -1,
1024, 374, 1025, -1,
1025, 374, 372, -1,
1025, 372, 1026, -1,
1026, 372, 371, -1,
1026, 371, 1027, -1,
1027, 371, 383, -1,
1027, 383, 1028, -1,
1028, 383, 382, -1,
1028, 382, 1029, -1,
1029, 382, 381, -1,
1029, 381, 1030, -1,
1030, 381, 380, -1,
1030, 380, 1031, -1,
1031, 380, 379, -1,
1031, 379, 1032, -1,
1032, 379, 378, -1,
1032, 378, 1033, -1,
1033, 378, 377, -1,
1033, 377, 1034, -1,
1034, 377, 384, -1,
1034, 384, 1035, -1,
1035, 384, 392, -1,
1035, 392, 1036, -1,
1036, 392, 391, -1,
1036, 391, 1037, -1,
1037, 391, 390, -1,
1037, 390, 1038, -1,
1038, 390, 389, -1,
1038, 389, 1039, -1,
1039, 389, 388, -1,
1039, 388, 1040, -1,
1040, 388, 387, -1,
1040, 387, 1041, -1,
1041, 387, 386, -1,
1041, 386, 1042, -1,
1042, 386, 385, -1,
1042, 385, 1043, -1,
1043, 385, 373, -1,
1043, 373, 1044, -1,
1044, 373, 369, -1,
1044, 369, 1045, -1,
1046, 1045, 365, -1,
365, 1045, 369, -1,
393, 1047, 1048, -1,
1046, 365, 366, -1,
1046, 366, 1049, -1,
1049, 366, 367, -1,
1049, 367, 1048, -1,
1048, 367, 396, -1,
1048, 396, 393, -1,
1047, 393, 10, -1,
1047, 10, 1050, -1,
10, 9, 1050, -1,
1050, 9, 400, -1,
1050, 400, 1051, -1,
1051, 400, 399, -1,
1051, 399, 1052, -1,
1052, 399, 398, -1,
1052, 398, 1053, -1,
1053, 398, 397, -1,
1053, 397, 1054, -1,
1054, 397, 403, -1,
1054, 403, 1055, -1,
403, 402, 1055, -1,
1055, 402, 408, -1,
1055, 408, 1056, -1,
1056, 408, 407, -1,
1056, 407, 1057, -1,
410, 1058, 1059, -1,
1057, 407, 405, -1,
1057, 405, 1060, -1,
1060, 405, 404, -1,
1060, 404, 1059, -1,
1059, 404, 412, -1,
1059, 412, 410, -1,
413, 1021, 1061, -1,
1058, 410, 409, -1,
1058, 409, 1062, -1,
1062, 409, 416, -1,
1062, 416, 1063, -1,
1063, 416, 415, -1,
1063, 415, 1061, -1,
1061, 415, 414, -1,
1061, 414, 413, -1,
1044, 1045, 1046, -1,
1039, 1052, 1038, -1,
1038, 1052, 1053, -1,
1038, 1053, 1037, -1,
1037, 1053, 1054, -1,
1037, 1054, 1036, -1,
1057, 1035, 1056, -1,
1056, 1035, 1036, -1,
1056, 1036, 1055, -1,
1055, 1036, 1054, -1,
1044, 1046, 1043, -1,
1043, 1046, 1049, -1,
1043, 1049, 1042, -1,
1042, 1049, 1048, -1,
1042, 1048, 1041, -1,
1041, 1048, 1047, -1,
1041, 1047, 1040, -1,
1040, 1047, 1050, -1,
1040, 1050, 1039, -1,
1039, 1050, 1051, -1,
1039, 1051, 1052, -1,
1023, 1024, 1022, -1,
1022, 1024, 1025, -1,
1022, 1025, 1020, -1,
1020, 1025, 1026, -1,
1020, 1026, 1021, -1,
1021, 1026, 1027, -1,
1021, 1027, 1061, -1,
1061, 1027, 1028, -1,
1061, 1028, 1063, -1,
1063, 1028, 1029, -1,
1063, 1029, 1062, -1,
1062, 1029, 1030, -1,
1062, 1030, 1058, -1,
1058, 1030, 1031, -1,
1058, 1031, 1059, -1,
1059, 1031, 1032, -1,
1059, 1032, 1060, -1,
1060, 1032, 1033, -1,
1060, 1033, 1057, -1,
1057, 1033, 1034, -1,
1057, 1034, 1035, -1,
1064, 1065, 348, -1,
348, 1065, 349, -1,
359, 1066, 357, -1,
357, 1066, 1064, -1,
357, 1064, 348, -1,
1067, 1066, 358, -1,
358, 1066, 359, -1,
355, 1068, 356, -1,
356, 1068, 1067, -1,
356, 1067, 358, -1,
1069, 1068, 360, -1,
360, 1068, 355, -1,
16, 1070, 17, -1,
17, 1070, 1069, -1,
17, 1069, 360, -1,
1071, 1070, 15, -1,
15, 1070, 16, -1,
354, 1072, 361, -1,
361, 1072, 1071, -1,
361, 1071, 15, -1,
1073, 1072, 352, -1,
352, 1072, 354, -1,
362, 1074, 353, -1,
353, 1074, 1073, -1,
353, 1073, 352, -1,
1075, 1074, 364, -1,
364, 1074, 362, -1,
349, 1065, 368, -1,
368, 1065, 1075, -1,
368, 1075, 364, -1,
1075, 1065, 1064, -1,
1064, 1066, 1075, -1,
1075, 1066, 1067, -1,
1075, 1067, 1074, -1,
1072, 1073, 1071, -1,
1071, 1073, 1074, -1,
1071, 1074, 1070, -1,
1070, 1074, 1067, -1,
1070, 1067, 1069, -1,
1069, 1067, 1068, -1,
1076, 1077, 1078, -1,
1078, 1077, 1079, -1,
1078, 1079, 1080, -1,
1080, 1079, 1081, -1,
1080, 1081, 1082, -1,
1082, 1081, 1083, -1,
1082, 1083, 1084, -1,
1084, 1083, 1085, -1,
1084, 1085, 1086, -1,
1086, 1085, 1087, -1,
1086, 1087, 1088, -1,
1088, 1087, 1089, -1,
1088, 1089, 1090, -1,
1090, 1089, 1091, -1,
1090, 1091, 1092, -1,
1092, 1091, 1093, -1,
1092, 1093, 1094, -1,
1094, 1093, 1095, -1,
1094, 1095, 1096, -1,
1096, 1095, 1097, -1,
1096, 1097, 1098, -1,
1098, 1097, 1099, -1,
1098, 1099, 1100, -1,
1100, 1099, 1101, -1,
1100, 1101, 1102, -1,
1102, 1101, 1103, -1,
1102, 1103, 1104, -1,
1104, 1103, 1105, -1,
1104, 1105, 1106, -1,
1106, 1105, 1107, -1,
1106, 1107, 1108, -1,
1108, 1107, 1109, -1,
1108, 1109, 1110, -1,
1110, 1109, 1076, -1,
1110, 1076, 1078, -1,
1084, 1086, 327, -1,
327, 1086, 328, -1,
338, 1078, 1080, -1,
1084, 327, 326, -1,
1084, 326, 1082, -1,
1082, 326, 340, -1,
1082, 340, 1080, -1,
1080, 340, 339, -1,
1080, 339, 338, -1,
1078, 338, 335, -1,
1078, 335, 1110, -1,
1110, 335, 334, -1,
1110, 334, 1108, -1,
1108, 334, 347, -1,
1108, 347, 1106, -1,
1106, 347, 346, -1,
1106, 346, 1104, -1,
1104, 346, 345, -1,
1104, 345, 1102, -1,
1102, 345, 337, -1,
1102, 337, 1100, -1,
1100, 337, 336, -1,
1100, 336, 1098, -1,
1098, 336, 341, -1,
1098, 341, 1096, -1,
331, 1090, 1092, -1,
1096, 341, 344, -1,
1096, 344, 1094, -1,
1094, 344, 343, -1,
1094, 343, 1092, -1,
1092, 343, 342, -1,
1092, 342, 331, -1,
1088, 1090, 329, -1,
329, 1090, 331, -1,
1086, 1088, 328, -1,
328, 1088, 329, -1,
1091, 1089, 1111, -1,
1111, 1089, 1112, -1,
1089, 1087, 1112, -1,
1112, 1087, 1113, -1,
1087, 1085, 1113, -1,
1113, 1085, 1114, -1,
1077, 1115, 1116, -1,
1077, 1116, 1079, -1,
1079, 1116, 1117, -1,
1079, 1117, 1081, -1,
1081, 1117, 1118, -1,
1081, 1118, 1083, -1,
1083, 1118, 1114, -1,
1083, 1114, 1085, -1,
1105, 1119, 1120, -1,
1105, 1120, 1107, -1,
1107, 1120, 1121, -1,
1107, 1121, 1109, -1,
1109, 1121, 1122, -1,
1109, 1122, 1076, -1,
1076, 1122, 1115, -1,
1076, 1115, 1077, -1,
1097, 1123, 1124, -1,
1097, 1124, 1099, -1,
1099, 1124, 1125, -1,
1099, 1125, 1101, -1,
1101, 1125, 1126, -1,
1101, 1126, 1103, -1,
1103, 1126, 1119, -1,
1103, 1119, 1105, -1,
1091, 1111, 1127, -1,
1091, 1127, 1093, -1,
1093, 1127, 1128, -1,
1093, 1128, 1095, -1,
1095, 1128, 1123, -1,
1095, 1123, 1097, -1,
1116, 1115, 1111, -1,
1112, 1113, 1111, -1,
1111, 1113, 1114, -1,
1114, 1118, 1111, -1,
1111, 1118, 1117, -1,
1111, 1117, 1116, -1,
1115, 1122, 1111, -1,
1111, 1122, 1121, -1,
1111, 1121, 1120, -1,
1120, 1119, 1111, -1,
1111, 1119, 1126, -1,
1111, 1126, 1125, -1,
1125, 1124, 1111, -1,
1111, 1124, 1123, -1,
1111, 1123, 1127, -1,
1127, 1123, 1128, -1,
1129, 1130, 1131, -1,
1131, 1130, 1132, -1,
1133, 1134, 1129, -1,
1129, 1134, 1135, -1,
1129, 1135, 1130, -1,
1130, 1135, 1136, -1,
1133, 1137, 1134, -1,
1134, 1137, 1138, -1,
1134, 1138, 1139, -1,
1139, 1138, 1140, -1,
1139, 1140, 1141, -1,
1141, 1142, 1139, -1,
1139, 1142, 1131, -1,
1139, 1131, 1143, -1,
1143, 1131, 1132, -1,
1143, 1132, 1144, -1,
1139, 1143, 316, -1,
316, 1143, 313, -1,
1134, 1139, 324, -1,
324, 1139, 316, -1,
321, 1135, 323, -1,
323, 1135, 1134, -1,
323, 1134, 324, -1,
1136, 1135, 319, -1,
319, 1135, 321, -1,
1130, 1136, 318, -1,
318, 1136, 319, -1,
309, 1132, 310, -1,
310, 1132, 1130, -1,
310, 1130, 318, -1,
1144, 1132, 311, -1,
311, 1132, 309, -1,
1143, 1144, 313, -1,
313, 1144, 311, -1,
1129, 1131, 1145, -1,
1145, 1131, 1146, -1,
1131, 1142, 1146, -1,
1146, 1142, 1147, -1,
1140, 1148, 1149, -1,
1140, 1149, 1141, -1,
1141, 1149, 1147, -1,
1141, 1147, 1142, -1,
1140, 1138, 1148, -1,
1148, 1138, 1150, -1,
1133, 1151, 1152, -1,
1133, 1152, 1137, -1,
1137, 1152, 1150, -1,
1137, 1150, 1138, -1,
1133, 1129, 1151, -1,
1151, 1129, 1145, -1,
1148, 1150, 1149, -1,
1149, 1150, 1152, -1,
1149, 1152, 1147, -1,
1147, 1152, 1151, -1,
1147, 1151, 1146, -1,
1146, 1151, 1145, -1,
1153, 1154, 476, -1,
476, 1154, 474, -1,
1155, 1153, 479, -1,
479, 1153, 476, -1,
1156, 1155, 478, -1,
478, 1155, 479, -1,
1157, 1156, 480, -1,
480, 1156, 478, -1,
1158, 1157, 481, -1,
481, 1157, 480, -1,
1159, 1158, 482, -1,
482, 1158, 481, -1,
1160, 1159, 483, -1,
483, 1159, 482, -1,
1161, 1160, 477, -1,
477, 1160, 483, -1,
1162, 1161, 485, -1,
485, 1161, 477, -1,
1163, 1162, 484, -1,
484, 1162, 485, -1,
1164, 1163, 475, -1,
475, 1163, 484, -1,
1154, 1164, 474, -1,
474, 1164, 475, -1,
1154, 1153, 1164, -1,
1164, 1153, 1155, -1,
1157, 1158, 1156, -1,
1156, 1158, 1159, -1,
1161, 1162, 1160, -1,
1160, 1162, 1163, -1,
1160, 1163, 1159, -1,
1159, 1163, 1164, -1,
1159, 1164, 1156, -1,
1156, 1164, 1155, -1,
1165, 1166, 1167, -1,
1168, 1169, 1170, -1,
1171, 1172, 1173, -1,
1173, 1172, 1174, -1,
1175, 1176, 1166, -1,
1166, 1176, 1172, -1,
1166, 1172, 1167, -1,
1167, 1172, 1171, -1,
1177, 1178, 1179, -1,
1179, 1178, 1180, -1,
1167, 1181, 1165, -1,
1165, 1181, 1182, -1,
1165, 1182, 1183, -1,
1183, 1182, 1184, -1,
1183, 1184, 1185, -1,
1185, 1184, 1186, -1,
1185, 1186, 1187, -1,
1187, 1186, 1188, -1,
1187, 1188, 1189, -1,
1189, 1188, 1190, -1,
1189, 1190, 1191, -1,
1191, 1190, 1192, -1,
1191, 1192, 1193, -1,
1193, 1192, 1194, -1,
1193, 1194, 1195, -1,
1195, 1194, 1196, -1,
1195, 1196, 1197, -1,
1197, 1196, 1198, -1,
1170, 1169, 1199, -1,
1199, 1169, 1200, -1,
1199, 1200, 1201, -1,
1202, 1203, 1204, -1,
1204, 1203, 1205, -1,
1204, 1205, 1206, -1,
1206, 1205, 1207, -1,
1206, 1207, 1208, -1,
1208, 1207, 1209, -1,
1208, 1209, 1177, -1,
1177, 1209, 1210, -1,
1177, 1210, 1178, -1,
1200, 1174, 1201, -1,
1201, 1174, 1172, -1,
1201, 1172, 1211, -1,
1211, 1172, 1212, -1,
1211, 1212, 1213, -1,
1213, 1212, 1214, -1,
1213, 1214, 1215, -1,
1215, 1214, 1216, -1,
1215, 1216, 1180, -1,
1180, 1216, 1217, -1,
1180, 1217, 1179, -1,
1168, 1170, 1218, -1,
1218, 1170, 1219, -1,
1218, 1219, 1220, -1,
1220, 1219, 1221, -1,
1220, 1221, 1222, -1,
1222, 1221, 1223, -1,
1222, 1223, 1224, -1,
1224, 1223, 1225, -1,
1224, 1225, 1226, -1,
1226, 1225, 1227, -1,
1226, 1227, 1228, -1,
1228, 1227, 1229, -1,
1228, 1229, 1230, -1,
1230, 1229, 1231, -1,
1230, 1231, 1198, -1,
1198, 1231, 1232, -1,
1198, 1232, 1197, -1,
1208, 238, 222, -1,
1208, 222, 1206, -1,
1206, 222, 221, -1,
1206, 221, 1204, -1,
1204, 221, 220, -1,
1204, 220, 1202, -1,
1203, 1202, 197, -1,
197, 1202, 220, -1,
1203, 197, 211, -1,
1203, 211, 1205, -1,
1205, 211, 212, -1,
1205, 212, 1207, -1,
1207, 212, 199, -1,
1207, 199, 1209, -1,
1209, 199, 198, -1,
1209, 198, 1210, -1,
1210, 198, 245, -1,
1210, 245, 1178, -1,
1178, 245, 244, -1,
1178, 244, 1180, -1,
1180, 244, 237, -1,
1180, 237, 1215, -1,
1215, 237, 236, -1,
1215, 236, 1213, -1,
1213, 236, 235, -1,
1213, 235, 1211, -1,
1211, 235, 234, -1,
1211, 234, 1201, -1,
1199, 1201, 200, -1,
200, 1201, 234, -1,
1199, 200, 210, -1,
1199, 210, 1170, -1,
1170, 210, 209, -1,
1170, 209, 1219, -1,
1219, 209, 196, -1,
1219, 196, 1221, -1,
1221, 196, 195, -1,
1221, 195, 1223, -1,
1223, 195, 216, -1,
1223, 216, 1225, -1,
1225, 216, 218, -1,
1225, 218, 1227, -1,
1227, 218, 219, -1,
1227, 219, 1229, -1,
1229, 219, 230, -1,
1229, 230, 1231, -1,
1231, 230, 229, -1,
1231, 229, 1232, -1,
1232, 229, 215, -1,
1232, 215, 1197, -1,
418, 1191, 6, -1,
6, 1191, 1193, -1,
6, 1193, 213, -1,
213, 1193, 1195, -1,
213, 1195, 214, -1,
214, 1195, 1197, -1,
214, 1197, 215, -1,
1191, 418, 417, -1,
1191, 417, 1189, -1,
1189, 417, 208, -1,
1189, 208, 1187, -1,
208, 206, 1187, -1,
1187, 206, 205, -1,
1187, 205, 1185, -1,
1185, 205, 228, -1,
1185, 228, 1183, -1,
1183, 228, 227, -1,
1183, 227, 1165, -1,
1166, 1165, 226, -1,
226, 1165, 227, -1,
1175, 1166, 207, -1,
207, 1166, 226, -1,
1176, 1175, 204, -1,
204, 1175, 207, -1,
1172, 1176, 202, -1,
202, 1176, 204, -1,
1172, 202, 232, -1,
1172, 232, 1212, -1,
1212, 232, 248, -1,
1212, 248, 1214, -1,
1214, 248, 250, -1,
1214, 250, 1216, -1,
1216, 250, 251, -1,
1216, 251, 1217, -1,
1217, 251, 240, -1,
1217, 240, 1179, -1,
1179, 240, 239, -1,
1179, 239, 1177, -1,
1177, 239, 238, -1,
1177, 238, 1208, -1,
1218, 1233, 1234, -1,
1218, 1234, 1168, -1,
1168, 1234, 1235, -1,
1168, 1235, 1169, -1,
1169, 1235, 1236, -1,
1169, 1236, 1200, -1,
1226, 1237, 1238, -1,
1226, 1238, 1224, -1,
1224, 1238, 1239, -1,
1224, 1239, 1222, -1,
1222, 1239, 1240, -1,
1222, 1240, 1220, -1,
1220, 1240, 1233, -1,
1220, 1233, 1218, -1,
1196, 1241, 1242, -1,
1196, 1242, 1198, -1,
1198, 1242, 1243, -1,
1198, 1243, 1230, -1,
1230, 1243, 1244, -1,
1230, 1244, 1228, -1,
1228, 1244, 1237, -1,
1228, 1237, 1226, -1,
1190, 1245, 1246, -1,
1190, 1246, 1192, -1,
1192, 1246, 1247, -1,
1192, 1247, 1194, -1,
1194, 1247, 1241, -1,
1194, 1241, 1196, -1,
1182, 1248, 1249, -1,
1182, 1249, 1184, -1,
1184, 1249, 1250, -1,
1184, 1250, 1186, -1,
1186, 1250, 1251, -1,
1186, 1251, 1188, -1,
1188, 1251, 1245, -1,
1188, 1245, 1190, -1,
1173, 1252, 1253, -1,
1173, 1253, 1171, -1,
1171, 1253, 1254, -1,
1171, 1254, 1167, -1,
1167, 1254, 1255, -1,
1167, 1255, 1181, -1,
1181, 1255, 1248, -1,
1181, 1248, 1182, -1,
1173, 1174, 1252, -1,
1252, 1174, 1256, -1,
1174, 1200, 1256, -1,
1256, 1200, 1236, -1,
1253, 1252, 1233, -1,
1252, 1256, 1236, -1,
1236, 1235, 1252, -1,
1252, 1235, 1234, -1,
1252, 1234, 1233, -1,
1253, 1233, 1254, -1,
1254, 1233, 1240, -1,
1254, 1240, 1255, -1,
1242, 1241, 1249, -1,
1242, 1249, 1243, -1,
1250, 1249, 1251, -1,
1251, 1249, 1245, -1,
1240, 1239, 1255, -1,
1255, 1239, 1238, -1,
1255, 1238, 1248, -1,
1248, 1238, 1237, -1,
1248, 1237, 1249, -1,
1249, 1237, 1244, -1,
1249, 1244, 1243, -1,
1241, 1247, 1249, -1,
1249, 1247, 1246, -1,
1249, 1246, 1245, -1,
1257, 295, 292, -1,
224, 1258, 292, -1,
292, 1258, 1259, -1,
292, 1259, 1257, -1,
224, 223, 1258, -1,
1258, 223, 201, -1,
1258, 201, 1260, -1,
1261, 1260, 203, -1,
203, 1260, 201, -1,
1262, 1261, 22, -1,
22, 1261, 203, -1,
254, 1263, 252, -1,
252, 1263, 1262, -1,
252, 1262, 21, -1,
21, 1262, 22, -1,
1264, 1263, 19, -1,
19, 1263, 254, -1,
19, 18, 1264, -1,
1264, 18, 273, -1,
1264, 273, 1265, -1,
1265, 273, 272, -1,
1265, 272, 1266, -1,
1266, 272, 263, -1,
1266, 263, 1267, -1,
1267, 263, 262, -1,
1267, 262, 1268, -1,
1268, 262, 261, -1,
1268, 261, 1269, -1,
1269, 261, 271, -1,
1269, 271, 1270, -1,
1270, 271, 270, -1,
1270, 270, 1271, -1,
1271, 270, 269, -1,
1271, 269, 1272, -1,
1272, 269, 268, -1,
1272, 268, 1273, -1,
1273, 268, 288, -1,
1273, 288, 1274, -1,
1274, 288, 287, -1,
1274, 287, 1275, -1,
1275, 287, 285, -1,
1275, 285, 1276, -1,
1276, 285, 283, -1,
1276, 283, 1277, -1,
1277, 283, 282, -1,
1277, 282, 1278, -1,
1278, 282, 281, -1,
1278, 281, 1279, -1,
1279, 281, 280, -1,
1279, 280, 1280, -1,
1280, 280, 279, -1,
1280, 279, 1281, -1,
1281, 279, 276, -1,
1281, 276, 1282, -1,
1282, 276, 291, -1,
1282, 291, 1283, -1,
1283, 291, 290, -1,
1283, 290, 1284, -1,
1284, 290, 289, -1,
1284, 289, 1285, -1,
1285, 289, 278, -1,
1285, 278, 1286, -1,
1286, 278, 277, -1,
1286, 277, 1287, -1,
1287, 277, 275, -1,
1287, 275, 1288, -1,
1288, 275, 274, -1,
1288, 274, 1289, -1,
1289, 274, 284, -1,
1289, 284, 1290, -1,
1290, 284, 286, -1,
1290, 286, 1291, -1,
1291, 286, 256, -1,
1291, 256, 1292, -1,
1293, 1292, 255, -1,
255, 1292, 256, -1,
1293, 255, 267, -1,
1293, 267, 1294, -1,
1294, 267, 265, -1,
1294, 265, 1295, -1,
1295, 265, 264, -1,
1295, 264, 1296, -1,
1296, 264, 260, -1,
1296, 260, 1297, -1,
1297, 260, 259, -1,
1297, 259, 1298, -1,
1299, 1298, 257, -1,
257, 1298, 259, -1,
257, 249, 1299, -1,
1299, 249, 247, -1,
1299, 247, 1300, -1,
1300, 247, 246, -1,
1300, 246, 1301, -1,
1301, 246, 233, -1,
1301, 233, 1302, -1,
1302, 233, 231, -1,
1302, 231, 1303, -1,
1303, 231, 243, -1,
1303, 243, 1304, -1,
1304, 243, 242, -1,
1304, 242, 1305, -1,
293, 1306, 1307, -1,
1305, 242, 241, -1,
1305, 241, 1308, -1,
1308, 241, 225, -1,
1308, 225, 1307, -1,
1307, 225, 294, -1,
1307, 294, 293, -1,
1306, 293, 297, -1,
1306, 297, 1309, -1,
1309, 297, 308, -1,
1309, 308, 1310, -1,
1310, 308, 307, -1,
1310, 307, 1311, -1,
1311, 307, 306, -1,
1311, 306, 1312, -1,
1312, 306, 300, -1,
1312, 300, 1313, -1,
1313, 300, 299, -1,
1313, 299, 1314, -1,
1314, 299, 305, -1,
1314, 305, 1315, -1,
1315, 305, 304, -1,
1315, 304, 1316, -1,
1316, 304, 303, -1,
1316, 303, 1317, -1,
1317, 303, 302, -1,
1317, 302, 1318, -1,
1318, 302, 301, -1,
1318, 301, 1319, -1,
1319, 301, 298, -1,
1319, 298, 1320, -1,
1320, 298, 296, -1,
1320, 296, 1321, -1,
1321, 296, 295, -1,
1321, 295, 1257, -1,
1285, 1286, 1297, -1,
1297, 1286, 1296, -1,
1309, 1276, 1306, -1,
1306, 1276, 1277, -1,
1265, 1266, 1317, -1,
1317, 1266, 1267, -1,
1317, 1267, 1316, -1,
1316, 1267, 1268, -1,
1316, 1268, 1315, -1,
1315, 1268, 1269, -1,
1315, 1269, 1314, -1,
1314, 1269, 1270, -1,
1314, 1270, 1313, -1,
1313, 1270, 1271, -1,
1313, 1271, 1312, -1,
1312, 1271, 1272, -1,
1312, 1272, 1311, -1,
1311, 1272, 1273, -1,
1311, 1273, 1310, -1,
1310, 1273, 1274, -1,
1310, 1274, 1309, -1,
1309, 1274, 1275, -1,
1309, 1275, 1276, -1,
1263, 1257, 1262, -1,
1262, 1257, 1259, -1,
1262, 1259, 1261, -1,
1261, 1259, 1258, -1,
1261, 1258, 1260, -1,
1286, 1287, 1296, -1,
1296, 1287, 1288, -1,
1296, 1288, 1295, -1,
1295, 1288, 1289, -1,
1295, 1289, 1294, -1,
1294, 1289, 1290, -1,
1294, 1290, 1293, -1,
1293, 1290, 1291, -1,
1293, 1291, 1292, -1,
1317, 1318, 1265, -1,
1265, 1318, 1319, -1,
1265, 1319, 1264, -1,
1264, 1319, 1320, -1,
1264, 1320, 1263, -1,
1263, 1320, 1321, -1,
1263, 1321, 1257, -1,
1297, 1298, 1285, -1,
1285, 1298, 1299, -1,
1285, 1299, 1284, -1,
1284, 1299, 1300, -1,
1284, 1300, 1283, -1,
1283, 1300, 1301, -1,
1283, 1301, 1282, -1,
1282, 1301, 1302, -1,
1282, 1302, 1281, -1,
1281, 1302, 1303, -1,
1281, 1303, 1280, -1,
1280, 1303, 1304, -1,
1280, 1304, 1279, -1,
1279, 1304, 1305, -1,
1279, 1305, 1278, -1,
1278, 1305, 1308, -1,
1278, 1308, 1277, -1,
1277, 1308, 1307, -1,
1277, 1307, 1306, -1,
1322, 1323, 419, -1,
419, 1323, 420, -1,
1324, 1322, 430, -1,
430, 1322, 419, -1,
1324, 430, 431, -1,
1324, 431, 1325, -1,
1325, 431, 427, -1,
1325, 427, 1326, -1,
1327, 1326, 426, -1,
426, 1326, 427, -1,
1328, 1327, 425, -1,
425, 1327, 426, -1,
435, 1329, 429, -1,
429, 1329, 1328, -1,
429, 1328, 425, -1,
1330, 1329, 434, -1,
434, 1329, 435, -1,
436, 1331, 433, -1,
433, 1331, 1330, -1,
433, 1330, 434, -1,
438, 1332, 437, -1,
437, 1332, 1331, -1,
437, 1331, 436, -1,
438, 444, 1332, -1,
1332, 444, 1333, -1,
444, 443, 1333, -1,
1333, 443, 442, -1,
1333, 442, 1334, -1,
1334, 442, 453, -1,
1334, 453, 1335, -1,
1335, 453, 452, -1,
1335, 452, 1336, -1,
1336, 452, 446, -1,
1336, 446, 1337, -1,
1337, 446, 445, -1,
1337, 445, 1338, -1,
1338, 445, 441, -1,
1338, 441, 1339, -1,
1340, 1339, 440, -1,
440, 1339, 441, -1,
1340, 440, 451, -1,
1340, 451, 1341, -1,
1341, 451, 450, -1,
1341, 450, 1342, -1,
1342, 450, 448, -1,
447, 1343, 448, -1,
448, 1343, 1344, -1,
448, 1344, 1342, -1,
447, 459, 1343, -1,
1343, 459, 458, -1,
1343, 458, 1345, -1,
1345, 458, 457, -1,
1345, 457, 1346, -1,
1346, 457, 455, -1,
1346, 455, 1347, -1,
1347, 455, 454, -1,
1347, 454, 1348, -1,
420, 1323, 424, -1,
424, 1323, 1348, -1,
424, 1348, 454, -1,
1325, 1326, 1348, -1,
1323, 1322, 1348, -1,
1348, 1322, 1324, -1,
1348, 1324, 1325, -1,
1329, 1330, 1328, -1,
1328, 1330, 1331, -1,
1328, 1331, 1327, -1,
1339, 1340, 1338, -1,
1338, 1340, 1341, -1,
1338, 1341, 1337, -1,
1337, 1341, 1342, -1,
1337, 1342, 1336, -1,
1336, 1342, 1344, -1,
1336, 1344, 1335, -1,
1335, 1344, 1343, -1,
1335, 1343, 1334, -1,
1326, 1327, 1348, -1,
1348, 1327, 1331, -1,
1348, 1331, 1347, -1,
1331, 1332, 1347, -1,
1347, 1332, 1333, -1,
1347, 1333, 1346, -1,
1346, 1333, 1334, -1,
1346, 1334, 1345, -1,
1345, 1334, 1343, -1,
1349, 1350, 177, -1,
177, 1350, 178, -1,
25, 1351, 26, -1,
26, 1351, 1349, -1,
26, 1349, 177, -1,
1352, 1351, 24, -1,
24, 1351, 25, -1,
185, 1353, 186, -1,
186, 1353, 1352, -1,
186, 1352, 24, -1,
1354, 1353, 184, -1,
184, 1353, 185, -1,
190, 1355, 188, -1,
188, 1355, 1354, -1,
188, 1354, 184, -1,
1356, 1355, 189, -1,
189, 1355, 190, -1,
183, 1357, 187, -1,
187, 1357, 1356, -1,
187, 1356, 189, -1,
1358, 1357, 182, -1,
182, 1357, 183, -1,
194, 1359, 422, -1,
422, 1359, 1358, -1,
422, 1358, 182, -1,
1360, 1359, 192, -1,
192, 1359, 194, -1,
178, 1350, 191, -1,
191, 1350, 1360, -1,
191, 1360, 192, -1,
1360, 1350, 1349, -1,
1349, 1351, 1360, -1,
1360, 1351, 1352, -1,
1360, 1352, 1359, -1,
1357, 1358, 1356, -1,
1356, 1358, 1359, -1,
1356, 1359, 1355, -1,
1355, 1359, 1352, -1,
1355, 1352, 1354, -1,
1354, 1352, 1353, -1,
1361, 1362, 1363, -1,
1363, 1362, 1364, -1,
1363, 1364, 1365, -1,
1365, 1364, 1366, -1,
1365, 1366, 1367, -1,
1367, 1366, 1368, -1,
1367, 1368, 1369, -1,
1369, 1368, 1370, -1,
1369, 1370, 1371, -1,
1371, 1370, 1372, -1,
1371, 1372, 1373, -1,
1373, 1372, 1374, -1,
1373, 1374, 1375, -1,
1375, 1374, 1376, -1,
1375, 1376, 1377, -1,
1377, 1376, 1378, -1,
1377, 1378, 1379, -1,
1379, 1378, 1380, -1,
1379, 1380, 1381, -1,
1381, 1380, 1382, -1,
1381, 1382, 1383, -1,
1383, 1382, 1384, -1,
1383, 1384, 1385, -1,
1385, 1384, 1386, -1,
1385, 1386, 1387, -1,
1387, 1386, 1388, -1,
1387, 1388, 1389, -1,
1389, 1388, 1390, -1,
1389, 1390, 1391, -1,
1391, 1390, 1392, -1,
1391, 1392, 1393, -1,
1393, 1392, 1394, -1,
1393, 1394, 1395, -1,
1395, 1394, 1361, -1,
1395, 1361, 1363, -1,
1369, 1371, 495, -1,
495, 1371, 493, -1,
1369, 495, 509, -1,
1369, 509, 1367, -1,
1367, 509, 508, -1,
1367, 508, 1365, -1,
1365, 508, 507, -1,
1365, 507, 1363, -1,
1363, 507, 506, -1,
1363, 506, 1395, -1,
1395, 506, 519, -1,
1395, 519, 1393, -1,
1393, 519, 518, -1,
1393, 518, 1391, -1,
1391, 518, 517, -1,
1391, 517, 1389, -1,
1389, 517, 513, -1,
1389, 513, 1387, -1,
1387, 513, 512, -1,
1387, 512, 1385, -1,
1385, 512, 511, -1,
1385, 511, 1383, -1,
1383, 511, 510, -1,
1383, 510, 1381, -1,
1381, 510, 516, -1,
1381, 516, 1379, -1,
1379, 516, 515, -1,
1379, 515, 1377, -1,
1377, 515, 514, -1,
1377, 514, 1375, -1,
1373, 1375, 494, -1,
494, 1375, 514, -1,
1371, 1373, 493, -1,
493, 1373, 494, -1,
1376, 1374, 1396, -1,
1396, 1374, 1397, -1,
1374, 1372, 1397, -1,
1397, 1372, 1398, -1,
1372, 1370, 1398, -1,
1398, 1370, 1399, -1,
1362, 1400, 1401, -1,
1362, 1401, 1364, -1,
1364, 1401, 1402, -1,
1364, 1402, 1366, -1,
1366, 1402, 1403, -1,
1366, 1403, 1368, -1,
1368, 1403, 1399, -1,
1368, 1399, 1370, -1,
1390, 1404, 1405, -1,
1390, 1405, 1392, -1,
1392, 1405, 1406, -1,
1392, 1406, 1394, -1,
1394, 1406, 1407, -1,
1394, 1407, 1361, -1,
1361, 1407, 1400, -1,
1361, 1400, 1362, -1,
1382, 1408, 1409, -1,
1382, 1409, 1384, -1,
1384, 1409, 1410, -1,
1384, 1410, 1386, -1,
1386, 1410, 1411, -1,
1386, 1411, 1388, -1,
1388, 1411, 1404, -1,
1388, 1404, 1390, -1,
1376, 1396, 1412, -1,
1376, 1412, 1378, -1,
1378, 1412, 1413, -1,
1378, 1413, 1380, -1,
1380, 1413, 1408, -1,
1380, 1408, 1382, -1,
1401, 1400, 1396, -1,
1397, 1398, 1396, -1,
1396, 1398, 1399, -1,
1399, 1403, 1396, -1,
1396, 1403, 1402, -1,
1396, 1402, 1401, -1,
1400, 1407, 1396, -1,
1396, 1407, 1406, -1,
1396, 1406, 1405, -1,
1405, 1404, 1396, -1,
1396, 1404, 1411, -1,
1396, 1411, 1410, -1,
1410, 1409, 1396, -1,
1396, 1409, 1408, -1,
1396, 1408, 1412, -1,
1412, 1408, 1413, -1,
1414, 1415, 1416, -1,
1416, 1415, 1417, -1,
1418, 1419, 1414, -1,
1414, 1419, 1420, -1,
1414, 1420, 1415, -1,
1415, 1420, 1421, -1,
1418, 1422, 1419, -1,
1419, 1422, 1423, -1,
1419, 1423, 1424, -1,
1424, 1423, 1425, -1,
1424, 1425, 1426, -1,
1426, 1427, 1424, -1,
1424, 1427, 1416, -1,
1424, 1416, 1428, -1,
1428, 1416, 1417, -1,
1428, 1417, 1429, -1,
1424, 1428, 499, -1,
499, 1428, 497, -1,
1419, 1424, 505, -1,
505, 1424, 499, -1,
1420, 1419, 504, -1,
504, 1419, 505, -1,
1421, 1420, 503, -1,
503, 1420, 504, -1,
1415, 1421, 502, -1,
502, 1421, 503, -1,
1417, 1415, 501, -1,
501, 1415, 502, -1,
1429, 1417, 496, -1,
496, 1417, 501, -1,
1428, 1429, 497, -1,
497, 1429, 496, -1,
1414, 1416, 1430, -1,
1430, 1416, 1431, -1,
1416, 1427, 1431, -1,
1431, 1427, 1432, -1,
1425, 1433, 1434, -1,
1425, 1434, 1426, -1,
1426, 1434, 1432, -1,
1426, 1432, 1427, -1,
1425, 1423, 1433, -1,
1433, 1423, 1435, -1,
1418, 1436, 1437, -1,
1418, 1437, 1422, -1,
1422, 1437, 1435, -1,
1422, 1435, 1423, -1,
1418, 1414, 1436, -1,
1436, 1414, 1430, -1,
1433, 1435, 1434, -1,
1434, 1435, 1437, -1,
1434, 1437, 1432, -1,
1432, 1437, 1436, -1,
1432, 1436, 1431, -1,
1431, 1436, 1430, -1,
1438, 1439, 1440, -1,
1441, 1442, 1443, -1,
1444, 1445, 1446, -1,
1447, 1448, 1449, -1,
1446, 1445, 1450, -1,
1451, 1452, 1453, -1,
1453, 1452, 1454, -1,
1453, 1454, 1455, -1,
1455, 1454, 1456, -1,
1455, 1456, 1449, -1,
1449, 1456, 1457, -1,
1449, 1457, 1447, -1,
1458, 1439, 1459, -1,
1459, 1439, 1460, -1,
1459, 1460, 1461, -1,
1462, 1463, 1440, -1,
1440, 1463, 1464, -1,
1440, 1464, 1438, -1,
1442, 1465, 1443, -1,
1443, 1465, 1466, -1,
1443, 1466, 1467, -1,
1467, 1466, 1468, -1,
1467, 1468, 1469, -1,
1469, 1468, 1470, -1,
1471, 1472, 1473, -1,
1473, 1472, 1474, -1,
1473, 1474, 1475, -1,
1475, 1474, 1476, -1,
1475, 1476, 1477, -1,
1445, 1478, 1450, -1,
1450, 1478, 1479, -1,
1450, 1479, 1480, -1,
1480, 1479, 1481, -1,
1480, 1481, 1476, -1,
1476, 1481, 1482, -1,
1476, 1482, 1477, -1,
1483, 1440, 1484, -1,
1484, 1440, 1439, -1,
1484, 1439, 1485, -1,
1485, 1439, 1458, -1,
1460, 1486, 1461, -1,
1461, 1486, 1487, -1,
1461, 1487, 1488, -1,
1488, 1487, 1489, -1,
1488, 1489, 1490, -1,
1490, 1489, 1491, -1,
1490, 1491, 1492, -1,
1492, 1491, 1456, -1,
1492, 1456, 1493, -1,
1493, 1456, 1494, -1,
1495, 1496, 1497, -1,
1497, 1496, 1498, -1,
1497, 1498, 1499, -1,
1499, 1498, 1500, -1,
1499, 1500, 1501, -1,
1501, 1500, 1502, -1,
1501, 1502, 1503, -1,
1503, 1502, 1504, -1,
1503, 1504, 1505, -1,
1506, 1507, 1508, -1,
1508, 1507, 1509, -1,
1508, 1509, 1510, -1,
1510, 1509, 1511, -1,
1510, 1511, 1512, -1,
1512, 1511, 1513, -1,
1512, 1513, 1514, -1,
1514, 1513, 1515, -1,
1514, 1515, 1462, -1,
1462, 1515, 1516, -1,
1462, 1516, 1463, -1,
1517, 1518, 1454, -1,
1454, 1518, 1519, -1,
1454, 1519, 1456, -1,
1456, 1519, 1520, -1,
1456, 1520, 1494, -1,
1468, 1521, 1470, -1,
1470, 1521, 1522, -1,
1470, 1522, 1523, -1,
1523, 1522, 1524, -1,
1523, 1524, 1525, -1,
1525, 1524, 1526, -1,
1525, 1526, 1527, -1,
1527, 1526, 1528, -1,
1527, 1528, 1529, -1,
1529, 1528, 1530, -1,
1529, 1530, 1531, -1,
1531, 1530, 1532, -1,
1531, 1532, 1495, -1,
1495, 1532, 1533, -1,
1495, 1533, 1496, -1,
1446, 1534, 1444, -1,
1444, 1534, 1535, -1,
1444, 1535, 1536, -1,
1536, 1535, 1537, -1,
1536, 1537, 1538, -1,
1538, 1537, 1539, -1,
1538, 1539, 1506, -1,
1506, 1539, 1540, -1,
1506, 1540, 1507, -1,
1441, 1443, 1541, -1,
1541, 1443, 1542, -1,
1541, 1542, 1543, -1,
1543, 1542, 1544, -1,
1543, 1544, 1545, -1,
1545, 1544, 1546, -1,
1545, 1546, 1547, -1,
1547, 1546, 1548, -1,
1547, 1548, 1549, -1,
1549, 1548, 1550, -1,
1549, 1550, 1551, -1,
1551, 1550, 1552, -1,
1551, 1552, 1553, -1,
1553, 1552, 1554, -1,
1553, 1554, 1471, -1,
1471, 1554, 1555, -1,
1471, 1555, 1472, -1,
1483, 1556, 1440, -1,
1440, 1556, 1557, -1,
1440, 1557, 1558, -1,
1558, 1557, 1559, -1,
1558, 1559, 1560, -1,
1560, 1559, 1561, -1,
1560, 1561, 1562, -1,
1562, 1561, 1563, -1,
1562, 1563, 1564, -1,
1564, 1563, 1565, -1,
1564, 1565, 1566, -1,
1566, 1565, 1567, -1,
1566, 1567, 1568, -1,
1568, 1567, 1569, -1,
1568, 1569, 1570, -1,
1570, 1569, 1571, -1,
1570, 1571, 1572, -1,
1572, 1571, 1573, -1,
1572, 1573, 1454, -1,
1454, 1573, 1574, -1,
1454, 1574, 1517, -1,
1575, 1576, 1577, -1,
1504, 1578, 1505, -1,
1505, 1578, 1575, -1,
1505, 1575, 1579, -1,
1579, 1575, 1577, -1,
1580, 1581, 1575, -1,
1575, 1581, 1582, -1,
1575, 1582, 1576, -1,
1583, 1584, 1585, -1,
1584, 1586, 1585, -1,
1585, 1586, 1587, -1,
1585, 1587, 1588, -1,
1580, 1575, 1585, -1,
1585, 1575, 1589, -1,
1585, 1589, 1583, -1,
1527, 88, 87, -1,
174, 1470, 1523, -1,
1527, 87, 1525, -1,
1525, 87, 176, -1,
1525, 176, 1523, -1,
1523, 176, 175, -1,
1523, 175, 174, -1,
174, 31, 1470, -1,
1470, 31, 30, -1,
1470, 30, 1469, -1,
1469, 30, 38, -1,
1469, 38, 1467, -1,
1467, 38, 37, -1,
1467, 37, 1443, -1,
1443, 37, 36, -1,
1443, 36, 1542, -1,
1542, 36, 35, -1,
1542, 35, 1544, -1,
1544, 35, 34, -1,
1544, 34, 1546, -1,
1548, 1546, 33, -1,
33, 1546, 34, -1,
33, 40, 1548, -1,
1548, 40, 39, -1,
1548, 39, 1550, -1,
1550, 39, 45, -1,
1550, 45, 1552, -1,
50, 1472, 49, -1,
49, 1472, 1555, -1,
49, 1555, 42, -1,
42, 1555, 1554, -1,
42, 1554, 43, -1,
43, 1554, 1552, -1,
43, 1552, 45, -1,
1472, 50, 54, -1,
1472, 54, 1474, -1,
1474, 54, 56, -1,
1474, 56, 1476, -1,
1476, 56, 55, -1,
1476, 55, 1480, -1,
1480, 55, 53, -1,
1480, 53, 1450, -1,
1450, 53, 52, -1,
1450, 52, 1446, -1,
1446, 52, 51, -1,
1446, 51, 1534, -1,
1534, 51, 47, -1,
1534, 47, 1535, -1,
1535, 47, 46, -1,
1535, 46, 1537, -1,
67, 1509, 1507, -1,
1537, 46, 60, -1,
1537, 60, 1539, -1,
1539, 60, 59, -1,
1539, 59, 1540, -1,
59, 58, 1540, -1,
1540, 58, 28, -1,
1540, 28, 1507, -1,
1507, 28, 27, -1,
1507, 27, 67, -1,
1509, 67, 66, -1,
1509, 66, 1511, -1,
1511, 66, 65, -1,
1511, 65, 1513, -1,
1513, 65, 62, -1,
1513, 62, 1515, -1,
1515, 62, 61, -1,
1515, 61, 1516, -1,
1516, 61, 64, -1,
1516, 64, 1463, -1,
1463, 64, 68, -1,
1463, 68, 1464, -1,
1464, 68, 69, -1,
1464, 69, 1438, -1,
69, 70, 1438, -1,
1438, 70, 72, -1,
1438, 72, 1439, -1,
1439, 72, 73, -1,
1439, 73, 1460, -1,
1460, 73, 76, -1,
1460, 76, 1486, -1,
76, 75, 1486, -1,
1486, 75, 81, -1,
1486, 81, 1487, -1,
1487, 81, 80, -1,
1487, 80, 1489, -1,
136, 1455, 1449, -1,
1489, 80, 78, -1,
1489, 78, 1491, -1,
1491, 78, 77, -1,
1491, 77, 1456, -1,
77, 86, 1456, -1,
1456, 86, 85, -1,
1456, 85, 1457, -1,
1457, 85, 84, -1,
1457, 84, 1447, -1,
1447, 84, 83, -1,
1447, 83, 1448, -1,
1448, 83, 82, -1,
1448, 82, 1449, -1,
1449, 82, 135, -1,
1449, 135, 136, -1,
1453, 1455, 122, -1,
122, 1455, 136, -1,
1451, 1453, 91, -1,
91, 1453, 122, -1,
1452, 1451, 95, -1,
95, 1451, 91, -1,
1454, 1452, 94, -1,
94, 1452, 95, -1,
1454, 94, 96, -1,
1454, 96, 1572, -1,
1572, 96, 97, -1,
1572, 97, 1570, -1,
1570, 97, 119, -1,
1570, 119, 1568, -1,
1568, 119, 118, -1,
1568, 118, 1566, -1,
1566, 118, 117, -1,
1566, 117, 1564, -1,
1564, 117, 113, -1,
1564, 113, 1562, -1,
1562, 113, 114, -1,
1562, 114, 1560, -1,
1560, 114, 110, -1,
1560, 110, 1558, -1,
1558, 110, 112, -1,
1558, 112, 1440, -1,
1440, 112, 111, -1,
1440, 111, 1462, -1,
1462, 111, 109, -1,
1462, 109, 1514, -1,
1514, 109, 108, -1,
1514, 108, 1512, -1,
1512, 108, 116, -1,
1512, 116, 1510, -1,
1510, 116, 115, -1,
1510, 115, 1508, -1,
1506, 1508, 103, -1,
103, 1508, 115, -1,
103, 147, 1506, -1,
1506, 147, 146, -1,
1506, 146, 1538, -1,
1538, 146, 159, -1,
1538, 159, 1536, -1,
159, 173, 1536, -1,
1536, 173, 172, -1,
1536, 172, 1444, -1,
1444, 172, 171, -1,
1444, 171, 1445, -1,
1445, 171, 165, -1,
1445, 165, 1478, -1,
1478, 165, 164, -1,
1478, 164, 1479, -1,
1479, 164, 163, -1,
1479, 163, 1481, -1,
1481, 163, 160, -1,
1481, 160, 1482, -1,
1482, 160, 155, -1,
1482, 155, 1477, -1,
1477, 155, 158, -1,
1477, 158, 1475, -1,
1475, 158, 166, -1,
1475, 166, 1473, -1,
1473, 166, 168, -1,
1473, 168, 1471, -1,
1471, 168, 170, -1,
1471, 170, 1553, -1,
1553, 170, 169, -1,
1553, 169, 1551, -1,
145, 1442, 161, -1,
161, 1442, 1441, -1,
161, 1441, 162, -1,
162, 1441, 1541, -1,
162, 1541, 153, -1,
153, 1541, 1543, -1,
153, 1543, 154, -1,
154, 1543, 1545, -1,
154, 1545, 156, -1,
156, 1545, 1547, -1,
156, 1547, 157, -1,
157, 1547, 1549, -1,
157, 1549, 167, -1,
167, 1549, 1551, -1,
167, 1551, 169, -1,
1465, 1442, 148, -1,
148, 1442, 145, -1,
1465, 148, 152, -1,
1465, 152, 1466, -1,
1466, 152, 151, -1,
1466, 151, 1468, -1,
1468, 151, 150, -1,
1468, 150, 1521, -1,
1521, 150, 149, -1,
1521, 149, 1522, -1,
1522, 149, 102, -1,
1522, 102, 1524, -1,
102, 101, 1524, -1,
1524, 101, 100, -1,
1524, 100, 1526, -1,
1526, 100, 128, -1,
1526, 128, 1528, -1,
1528, 128, 127, -1,
1528, 127, 1530, -1,
1530, 127, 126, -1,
1530, 126, 1532, -1,
1532, 126, 125, -1,
1532, 125, 1533, -1,
1533, 125, 144, -1,
1533, 144, 1496, -1,
1496, 144, 143, -1,
1496, 143, 1498, -1,
1498, 143, 142, -1,
1498, 142, 1500, -1,
1500, 142, 141, -1,
1500, 141, 1502, -1,
1504, 1502, 140, -1,
140, 1502, 141, -1,
1504, 140, 107, -1,
1504, 107, 1578, -1,
1578, 107, 106, -1,
1578, 106, 1575, -1,
1575, 106, 105, -1,
1575, 105, 1589, -1,
1589, 105, 90, -1,
1589, 90, 1583, -1,
1583, 90, 89, -1,
1583, 89, 1584, -1,
1584, 89, 98, -1,
1584, 98, 1586, -1,
1586, 98, 124, -1,
1586, 124, 1587, -1,
1587, 124, 123, -1,
1587, 123, 1588, -1,
1588, 123, 121, -1,
1588, 121, 1585, -1,
1585, 121, 120, -1,
1585, 120, 1580, -1,
1580, 120, 134, -1,
1580, 134, 1581, -1,
1581, 134, 133, -1,
1581, 133, 1582, -1,
1582, 133, 132, -1,
1582, 132, 1576, -1,
1576, 132, 131, -1,
1576, 131, 1577, -1,
1577, 131, 130, -1,
1577, 130, 1579, -1,
1579, 130, 129, -1,
1579, 129, 1505, -1,
1505, 129, 139, -1,
1505, 139, 1503, -1,
1501, 1503, 138, -1,
138, 1503, 139, -1,
1501, 138, 137, -1,
1501, 137, 1499, -1,
1499, 137, 93, -1,
1499, 93, 1497, -1,
1497, 93, 92, -1,
1497, 92, 1495, -1,
1495, 92, 99, -1,
1495, 99, 1531, -1,
1531, 99, 104, -1,
1531, 104, 1529, -1,
1529, 104, 88, -1,
1529, 88, 1527, -1,
1567, 1590, 1591, -1,
1567, 1591, 1569, -1,
1569, 1591, 1592, -1,
1569, 1592, 1571, -1,
1571, 1592, 1593, -1,
1571, 1593, 1573, -1,
1573, 1593, 1594, -1,
1573, 1594, 1574, -1,
1574, 1594, 1595, -1,
1574, 1595, 1517, -1,
1517, 1595, 1596, -1,
1517, 1596, 1518, -1,
1518, 1596, 1597, -1,
1518, 1597, 1519, -1,
1519, 1597, 1598, -1,
1519, 1598, 1520, -1,
1520, 1598, 1599, -1,
1520, 1599, 1494, -1,
1494, 1599, 1600, -1,
1494, 1600, 1493, -1,
1493, 1600, 1601, -1,
1493, 1601, 1492, -1,
1492, 1601, 1602, -1,
1492, 1602, 1490, -1,
1490, 1602, 1603, -1,
1490, 1603, 1488, -1,
1488, 1603, 1604, -1,
1488, 1604, 1461, -1,
1461, 1604, 1605, -1,
1461, 1605, 1459, -1,
1459, 1605, 1606, -1,
1459, 1606, 1458, -1,
1458, 1606, 1607, -1,
1458, 1607, 1485, -1,
1485, 1607, 1608, -1,
1485, 1608, 1484, -1,
1484, 1608, 1609, -1,
1484, 1609, 1483, -1,
1483, 1609, 1610, -1,
1483, 1610, 1556, -1,
1556, 1610, 1611, -1,
1556, 1611, 1557, -1,
1557, 1611, 1612, -1,
1557, 1612, 1559, -1,
1559, 1612, 1613, -1,
1559, 1613, 1561, -1,
1561, 1613, 1614, -1,
1561, 1614, 1563, -1,
1563, 1614, 1615, -1,
1563, 1615, 1565, -1,
1565, 1615, 1590, -1,
1565, 1590, 1567, -1,
1604, 1603, 1590, -1,
1596, 1603, 1597, -1,
1597, 1603, 1602, -1,
1597, 1602, 1601, -1,
1596, 1595, 1603, -1,
1603, 1595, 1594, -1,
1603, 1594, 1593, -1,
1614, 1607, 1606, -1,
1593, 1592, 1603, -1,
1603, 1592, 1591, -1,
1603, 1591, 1590, -1,
1607, 1614, 1608, -1,
1608, 1614, 1613, -1,
1608, 1613, 1609, -1,
1590, 1615, 1604, -1,
1604, 1615, 1614, -1,
1604, 1614, 1605, -1,
1605, 1614, 1606, -1,
1601, 1600, 1597, -1,
1597, 1600, 1599, -1,
1597, 1599, 1598, -1,
1609, 1613, 1610, -1,
1610, 1613, 1612, -1,
1610, 1612, 1611, -1
                ]
                colorPerVertex TRUE
                color Color {
                    color [
0.7764705882352941 0.7764705882352941 0.7764705882352941,
0.7764705882352941 0.7764705882352941 0.7764705882352941,
0.7764705882352941 0.7764705882352941 0.7764705882352941,
0.02352941176470591 0.0 0.1568627450980392,
0.02352941176470591 0.0 0.1568627450980392,
0.02352941176470591 0.0 0.1568627450980392,
0.02352941176470591 0.0 0.1568627450980392,
0.02352941176470591 0.0 0.1568627450980392,
0.02352941176470591 0.0 0.1568627450980392,
0.02352941176470591 0.0 0.1568627450980392,
0.02352941176470591 0.0 0.1568627450980392,
0.02352941176470591 0.0 0.1568627450980392,
0.02352941176470591 0.0 0.1568627450980392,
0.02352941176470591 0.0 0.1568627450980392,
0.02352941176470591 0.0 0.1568627450980392,
0.02352941176470591 0.0 0.1568627450980392,
0.02352941176470591 0.0 0.1568627450980392,
0.02352941176470591 0.0 0.1568627450980392,
0.02352941176470591 0.0 0.1568627450980392,
0.02352941176470591 0.0 0.1568627450980392,
0.02352941176470591 0.0 0.1568627450980392,
0.02352941176470591 0.0 0.1568627450980392,
0.02352941176470591 0.0 0.1568627450980392,
0.02352941176470591 0.0 0.1568627450980392,
0.02352941176470591 0.0 0.1568627450980392,
0.02352941176470591 0.0 0.1568627450980392,
0.02352941176470591 0.0 0.1568627450980392,
0.02352941176470591 0.0 0.1568627450980392,
0.02352941176470591 0.0 0.1568627450980392,
0.02352941176470591 0.0 0.1568627450980392,
0.02352941176470591 0.0 0.1568627450980392,
0.02352941176470591 0.0 0.1568627450980392,
0.02352941176470591 0.0 0.1568627450980392,
0.02352941176470591 0.0 0.1568627450980392,
0.02352941176470591 0.0 0.1568627450980392,
0.02352941176470591 0.0 0.1568627450980392,
0.02352941176470591 0.0 0.1568627450980392,
0.02352941176470591 0.0 0.1568627450980392,
0.02352941176470591 0.0 0.1568627450980392,
0.02352941176470591 0.0 0.1568627450980392,
0.02352941176470591 0.0 0.1568627450980392,
0.02352941176470591 0.0 0.1568627450980392,
0.02352941176470591 0.0 0.1568627450980392,
0.02352941176470591 0.0 0.1568627450980392,
0.02352941176470591 0.0 0.1568627450980392,
0.02352941176470591 0.0 0.1568627450980392,
0.02352941176470591 0.0 0.1568627450980392,
0.02352941176470591 0.0 0.1568627450980392,
0.02352941176470591 0.0 0.1568627450980392,
0.02352941176470591 0.0 0.1568627450980392,
0.02352941176470591 0.0 0.1568627450980392,
0.02352941176470591 0.0 0.1568627450980392,
0.02352941176470591 0.0 0.1568627450980392,
0.02352941176470591 0.0 0.1568627450980392,
0.02352941176470591 0.0 0.1568627450980392,
0.02352941176470591 0.0 0.1568627450980392,
0.02352941176470591 0.0 0.1568627450980392,
0.02352941176470591 0.0 0.1568627450980392,
0.02352941176470591 0.0 0.1568627450980392,
0.02352941176470591 0.0 0.1568627450980392,
0.02352941176470591 0.0 0.1568627450980392,
0.02352941176470591 0.0 0.1568627450980392,
0.02352941176470591 0.0 0.1568627450980392,
0.02352941176470591 0.0 0.1568627450980392,
0.02352941176470591 0.0 0.1568627450980392,
0.02352941176470591 0.0 0.1568627450980392,
0.02352941176470591 0.0 0.1568627450980392,
0.02352941176470591 0.0 0.1568627450980392,
0.02352941176470591 0.0 0.1568627450980392,
0.02352941176470591 0.0 0.1568627450980392,
0.02352941176470591 0.0 0.1568627450980392,
0.02352941176470591 0.0 0.1568627450980392,
0.02352941176470591 0.0 0.1568627450980392,
0.02352941176470591 0.0 0.1568627450980392,
0.02352941176470591 0.0 0.1568627450980392,
0.02352941176470591 0.0 0.1568627450980392,
0.02352941176470591 0.0 0.1568627450980392,
0.02352941176470591 0.0 0.1568627450980392,
0.02352941176470591 0.0 0.1568627450980392,
0.02352941176470591 0.0 0.1568627450980392,
0.02352941176470591 0.0 0.1568627450980392,
0.02352941176470591 0.0 0.1568627450980392,
0.02352941176470591 0.0 0.1568627450980392,
0.02352941176470591 0.0 0.1568627450980392,
0.02352941176470591 0.0 0.1568627450980392,
0.02352941176470591 0.0 0.1568627450980392,
0.02352941176470591 0.0 0.1568627450980392,
0.02352941176470591 0.0 0.1568627450980392,
0.02352941176470591 0.0 0.1568627450980392,
0.02352941176470591 0.0 0.1568627450980392,
0.02352941176470591 0.0 0.1568627450980392,
0.02352941176470591 0.0 0.1568627450980392,
0.02352941176470591 0.0 0.1568627450980392,
0.02352941176470591 0.0 0.1568627450980392,
0.02352941176470591 0.0 0.1568627450980392,
0.02352941176470591 0.0 0.1568627450980392,
0.02352941176470591 0.0 0.1568627450980392,
0.02352941176470591 0.0 0.1568627450980392,
0.02352941176470591 0.0 0.1568627450980392,
0.02352941176470591 0.0 0.1568627450980392,
0.02352941176470591 0.0 0.1568627450980392,
0.02352941176470591 0.0 0.1568627450980392,
0.02352941176470591 0.0 0.1568627450980392,
0.02352941176470591 0.0 0.1568627450980392,
0.02352941176470591 0.0 0.1568627450980392,
0.02352941176470591 0.0 0.1568627450980392,
0.02352941176470591 0.0 0.1568627450980392,
0.02352941176470591 0.0 0.1568627450980392,
0.02352941176470591 0.0 0.1568627450980392,
0.02352941176470591 0.0 0.1568627450980392,
0.02352941176470591 0.0 0.1568627450980392,
0.02352941176470591 0.0 0.1568627450980392,
0.02352941176470591 0.0 0.1568627450980392,
0.02352941176470591 0.0 0.1568627450980392,
0.02352941176470591 0.0 0.1568627450980392,
0.02352941176470591 0.0 0.1568627450980392,
0.02352941176470591 0.0 0.1568627450980392,
0.02352941176470591 0.0 0.1568627450980392,
0.02352941176470591 0.0 0.1568627450980392,
0.02352941176470591 0.0 0.1568627450980392,
0.02352941176470591 0.0 0.1568627450980392,
0.02352941176470591 0.0 0.1568627450980392,
0.02352941176470591 0.0 0.1568627450980392,
0.02352941176470591 0.0 0.1568627450980392,
0.02352941176470591 0.0 0.1568627450980392,
0.02352941176470591 0.0 0.1568627450980392,
0.02352941176470591 0.0 0.1568627450980392,
0.02352941176470591 0.0 0.1568627450980392,
0.02352941176470591 0.0 0.1568627450980392,
0.02352941176470591 0.0 0.1568627450980392,
0.02352941176470591 0.0 0.1568627450980392,
0.02352941176470591 0.0 0.1568627450980392,
0.02352941176470591 0.0 0.1568627450980392,
0.02352941176470591 0.0 0.1568627450980392,
0.02352941176470591 0.0 0.1568627450980392,
0.02352941176470591 0.0 0.1568627450980392,
0.02352941176470591 0.0 0.1568627450980392,
0.02352941176470591 0.0 0.1568627450980392,
0.02352941176470591 0.0 0.1568627450980392,
0.02352941176470591 0.0 0.1568627450980392,
0.02352941176470591 0.0 0.1568627450980392,
0.02352941176470591 0.0 0.1568627450980392,
0.02352941176470591 0.0 0.1568627450980392,
0.02352941176470591 0.0 0.1568627450980392,
0.02352941176470591 0.0 0.1568627450980392,
0.02352941176470591 0.0 0.1568627450980392,
0.02352941176470591 0.0 0.1568627450980392,
0.02352941176470591 0.0 0.1568627450980392,
0.02352941176470591 0.0 0.1568627450980392,
0.02352941176470591 0.0 0.1568627450980392,
0.02352941176470591 0.0 0.1568627450980392,
0.02352941176470591 0.0 0.1568627450980392,
0.02352941176470591 0.0 0.1568627450980392,
0.02352941176470591 0.0 0.1568627450980392,
0.02352941176470591 0.0 0.1568627450980392,
0.02352941176470591 0.0 0.1568627450980392,
0.02352941176470591 0.0 0.1568627450980392,
0.02352941176470591 0.0 0.1568627450980392,
0.02352941176470591 0.0 0.1568627450980392,
0.02352941176470591 0.0 0.1568627450980392,
0.02352941176470591 0.0 0.1568627450980392,
0.02352941176470591 0.0 0.1568627450980392,
0.02352941176470591 0.0 0.1568627450980392,
0.02352941176470591 0.0 0.1568627450980392,
0.02352941176470591 0.0 0.1568627450980392,
0.02352941176470591 0.0 0.1568627450980392,
0.02352941176470591 0.0 0.1568627450980392,
0.02352941176470591 0.0 0.1568627450980392,
0.02352941176470591 0.0 0.1568627450980392,
0.02352941176470591 0.0 0.1568627450980392,
0.02352941176470591 0.0 0.1568627450980392,
0.02352941176470591 0.0 0.1568627450980392,
0.02352941176470591 0.0 0.1568627450980392,
0.02352941176470591 0.0 0.1568627450980392,
0.02352941176470591 0.0 0.1568627450980392,
0.02352941176470591 0.0 0.1568627450980392,
0.02352941176470591 0.0 0.1568627450980392,
0.02352941176470591 0.0 0.1568627450980392,
0.02352941176470591 0.0 0.1568627450980392,
0.02352941176470591 0.0 0.1568627450980392,
0.02352941176470591 0.0 0.1568627450980392,
0.02352941176470591 0.0 0.1568627450980392,
0.02352941176470591 0.0 0.1568627450980392,
0.02352941176470591 0.0 0.1568627450980392,
0.02352941176470591 0.0 0.1568627450980392,
0.02352941176470591 0.0 0.1568627450980392,
0.02352941176470591 0.0 0.1568627450980392,
0.02352941176470591 0.0 0.1568627450980392,
0.02352941176470591 0.0 0.1568627450980392,
0.02352941176470591 0.0 0.1568627450980392,
0.02352941176470591 0.0 0.1568627450980392,
0.02352941176470591 0.0 0.1568627450980392,
0.02352941176470591 0.0 0.1568627450980392,
0.02352941176470591 0.0 0.1568627450980392,
0.02352941176470591 0.0 0.1568627450980392,
0.02352941176470591 0.0 0.1568627450980392,
0.02352941176470591 0.0 0.1568627450980392,
0.02352941176470591 0.0 0.1568627450980392,
0.02352941176470591 0.0 0.1568627450980392,
0.02352941176470591 0.0 0.1568627450980392,
0.02352941176470591 0.0 0.1568627450980392,
0.02352941176470591 0.0 0.1568627450980392,
0.02352941176470591 0.0 0.1568627450980392,
0.02352941176470591 0.0 0.1568627450980392,
0.02352941176470591 0.0 0.1568627450980392,
0.02352941176470591 0.0 0.1568627450980392,
0.02352941176470591 0.0 0.1568627450980392,
0.02352941176470591 0.0 0.1568627450980392,
0.02352941176470591 0.0 0.1568627450980392,
0.02352941176470591 0.0 0.1568627450980392,
0.02352941176470591 0.0 0.1568627450980392,
0.02352941176470591 0.0 0.1568627450980392,
0.02352941176470591 0.0 0.1568627450980392,
0.02352941176470591 0.0 0.1568627450980392,
0.02352941176470591 0.0 0.1568627450980392,
0.02352941176470591 0.0 0.1568627450980392,
0.02352941176470591 0.0 0.1568627450980392,
0.02352941176470591 0.0 0.1568627450980392,
0.02352941176470591 0.0 0.1568627450980392,
0.02352941176470591 0.0 0.1568627450980392,
0.02352941176470591 0.0 0.1568627450980392,
0.02352941176470591 0.0 0.1568627450980392,
0.02352941176470591 0.0 0.1568627450980392,
0.02352941176470591 0.0 0.1568627450980392,
0.02352941176470591 0.0 0.1568627450980392,
0.02352941176470591 0.0 0.1568627450980392,
0.02352941176470591 0.0 0.1568627450980392,
0.02352941176470591 0.0 0.1568627450980392,
0.02352941176470591 0.0 0.1568627450980392,
0.02352941176470591 0.0 0.1568627450980392,
0.02352941176470591 0.0 0.1568627450980392,
0.02352941176470591 0.0 0.1568627450980392,
0.02352941176470591 0.0 0.1568627450980392,
0.02352941176470591 0.0 0.1568627450980392,
0.02352941176470591 0.0 0.1568627450980392,
0.02352941176470591 0.0 0.1568627450980392,
0.02352941176470591 0.0 0.1568627450980392,
0.02352941176470591 0.0 0.1568627450980392,
0.02352941176470591 0.0 0.1568627450980392,
0.02352941176470591 0.0 0.1568627450980392,
0.02352941176470591 0.0 0.1568627450980392,
0.02352941176470591 0.0 0.1568627450980392,
0.02352941176470591 0.0 0.1568627450980392,
0.02352941176470591 0.0 0.1568627450980392,
0.02352941176470591 0.0 0.1568627450980392,
0.02352941176470591 0.0 0.1568627450980392,
0.02352941176470591 0.0 0.1568627450980392,
0.02352941176470591 0.0 0.1568627450980392,
0.02352941176470591 0.0 0.1568627450980392,
0.02352941176470591 0.0 0.1568627450980392,
0.02352941176470591 0.0 0.1568627450980392,
0.02352941176470591 0.0 0.1568627450980392,
0.02352941176470591 0.0 0.1568627450980392,
0.02352941176470591 0.0 0.1568627450980392,
0.02352941176470591 0.0 0.1568627450980392,
0.02352941176470591 0.0 0.1568627450980392,
0.02352941176470591 0.0 0.1568627450980392,
0.02352941176470591 0.0 0.1568627450980392,
0.02352941176470591 0.0 0.1568627450980392,
0.02352941176470591 0.0 0.1568627450980392,
0.02352941176470591 0.0 0.1568627450980392,
0.02352941176470591 0.0 0.1568627450980392,
0.02352941176470591 0.0 0.1568627450980392,
0.02352941176470591 0.0 0.1568627450980392,
0.02352941176470591 0.0 0.1568627450980392,
0.02352941176470591 0.0 0.1568627450980392,
0.02352941176470591 0.0 0.1568627450980392,
0.02352941176470591 0.0 0.1568627450980392,
0.02352941176470591 0.0 0.1568627450980392,
0.02352941176470591 0.0 0.1568627450980392,
0.02352941176470591 0.0 0.1568627450980392,
0.02352941176470591 0.0 0.1568627450980392,
0.02352941176470591 0.0 0.1568627450980392,
0.02352941176470591 0.0 0.1568627450980392,
0.02352941176470591 0.0 0.1568627450980392,
0.02352941176470591 0.0 0.1568627450980392,
0.02352941176470591 0.0 0.1568627450980392,
0.02352941176470591 0.0 0.1568627450980392,
0.02352941176470591 0.0 0.1568627450980392,
0.02352941176470591 0.0 0.1568627450980392,
0.02352941176470591 0.0 0.1568627450980392,
0.02352941176470591 0.0 0.1568627450980392,
0.02352941176470591 0.0 0.1568627450980392,
0.02352941176470591 0.0 0.1568627450980392,
0.02352941176470591 0.0 0.1568627450980392,
0.02352941176470591 0.0 0.1568627450980392,
0.02352941176470591 0.0 0.1568627450980392,
0.02352941176470591 0.0 0.1568627450980392,
0.02352941176470591 0.0 0.1568627450980392,
0.02352941176470591 0.0 0.1568627450980392,
0.02352941176470591 0.0 0.1568627450980392,
0.02352941176470591 0.0 0.1568627450980392,
0.02352941176470591 0.0 0.1568627450980392,
0.02352941176470591 0.0 0.1568627450980392,
0.02352941176470591 0.0 0.1568627450980392,
0.02352941176470591 0.0 0.1568627450980392,
0.02352941176470591 0.0 0.1568627450980392,
0.02352941176470591 0.0 0.1568627450980392,
0.02352941176470591 0.0 0.1568627450980392,
0.02352941176470591 0.0 0.1568627450980392,
0.02352941176470591 0.0 0.1568627450980392,
0.02352941176470591 0.0 0.1568627450980392,
0.02352941176470591 0.0 0.1568627450980392,
0.02352941176470591 0.0 0.1568627450980392,
0.02352941176470591 0.0 0.1568627450980392,
0.02352941176470591 0.0 0.1568627450980392,
0.02352941176470591 0.0 0.1568627450980392,
0.02352941176470591 0.0 0.1568627450980392,
0.02352941176470591 0.0 0.1568627450980392,
0.02352941176470591 0.0 0.1568627450980392,
0.02352941176470591 0.0 0.1568627450980392,
0.02352941176470591 0.0 0.1568627450980392,
0.02352941176470591 0.0 0.1568627450980392,
0.02352941176470591 0.0 0.1568627450980392,
0.02352941176470591 0.0 0.1568627450980392,
0.02352941176470591 0.0 0.1568627450980392,
0.02352941176470591 0.0 0.1568627450980392,
0.02352941176470591 0.0 0.1568627450980392,
0.02352941176470591 0.0 0.1568627450980392,
0.02352941176470591 0.0 0.1568627450980392,
0.02352941176470591 0.0 0.1568627450980392,
0.02352941176470591 0.0 0.1568627450980392,
0.02352941176470591 0.0 0.1568627450980392,
0.02352941176470591 0.0 0.1568627450980392,
0.02352941176470591 0.0 0.1568627450980392,
0.02352941176470591 0.0 0.1568627450980392,
0.02352941176470591 0.0 0.1568627450980392,
0.02352941176470591 0.0 0.1568627450980392,
0.02352941176470591 0.0 0.1568627450980392,
0.02352941176470591 0.0 0.1568627450980392,
0.02352941176470591 0.0 0.1568627450980392,
0.02352941176470591 0.0 0.1568627450980392,
0.02352941176470591 0.0 0.1568627450980392,
0.02352941176470591 0.0 0.1568627450980392,
0.02352941176470591 0.0 0.1568627450980392,
0.02352941176470591 0.0 0.1568627450980392,
0.02352941176470591 0.0 0.1568627450980392,
0.02352941176470591 0.0 0.1568627450980392,
0.02352941176470591 0.0 0.1568627450980392,
0.02352941176470591 0.0 0.1568627450980392,
0.02352941176470591 0.0 0.1568627450980392,
0.02352941176470591 0.0 0.1568627450980392,
0.02352941176470591 0.0 0.1568627450980392,
0.02352941176470591 0.0 0.1568627450980392,
0.02352941176470591 0.0 0.1568627450980392,
0.02352941176470591 0.0 0.1568627450980392,
0.02352941176470591 0.0 0.1568627450980392,
0.02352941176470591 0.0 0.1568627450980392,
0.02352941176470591 0.0 0.1568627450980392,
0.02352941176470591 0.0 0.1568627450980392,
0.02352941176470591 0.0 0.1568627450980392,
0.02352941176470591 0.0 0.1568627450980392,
0.02352941176470591 0.0 0.1568627450980392,
0.02352941176470591 0.0 0.1568627450980392,
0.02352941176470591 0.0 0.1568627450980392,
0.02352941176470591 0.0 0.1568627450980392,
0.02352941176470591 0.0 0.1568627450980392,
0.02352941176470591 0.0 0.1568627450980392,
0.02352941176470591 0.0 0.1568627450980392,
0.02352941176470591 0.0 0.1568627450980392,
0.02352941176470591 0.0 0.1568627450980392,
0.02352941176470591 0.0 0.1568627450980392,
0.02352941176470591 0.0 0.1568627450980392,
0.02352941176470591 0.0 0.1568627450980392,
0.02352941176470591 0.0 0.1568627450980392,
0.02352941176470591 0.0 0.1568627450980392,
0.02352941176470591 0.0 0.1568627450980392,
0.02352941176470591 0.0 0.1568627450980392,
0.02352941176470591 0.0 0.1568627450980392,
0.02352941176470591 0.0 0.1568627450980392,
0.02352941176470591 0.0 0.1568627450980392,
0.02352941176470591 0.0 0.1568627450980392,
0.02352941176470591 0.0 0.1568627450980392,
0.02352941176470591 0.0 0.1568627450980392,
0.02352941176470591 0.0 0.1568627450980392,
0.02352941176470591 0.0 0.1568627450980392,
0.02352941176470591 0.0 0.1568627450980392,
0.02352941176470591 0.0 0.1568627450980392,
0.02352941176470591 0.0 0.1568627450980392,
0.02352941176470591 0.0 0.1568627450980392,
0.02352941176470591 0.0 0.1568627450980392,
0.02352941176470591 0.0 0.1568627450980392,
0.02352941176470591 0.0 0.1568627450980392,
0.02352941176470591 0.0 0.1568627450980392,
0.02352941176470591 0.0 0.1568627450980392,
0.02352941176470591 0.0 0.1568627450980392,
0.02352941176470591 0.0 0.1568627450980392,
0.02352941176470591 0.0 0.1568627450980392,
0.02352941176470591 0.0 0.1568627450980392,
0.02352941176470591 0.0 0.1568627450980392,
0.02352941176470591 0.0 0.1568627450980392,
0.02352941176470591 0.0 0.1568627450980392,
0.02352941176470591 0.0 0.1568627450980392,
0.02352941176470591 0.0 0.1568627450980392,
0.02352941176470591 0.0 0.1568627450980392,
0.02352941176470591 0.0 0.1568627450980392,
0.02352941176470591 0.0 0.1568627450980392,
0.02352941176470591 0.0 0.1568627450980392,
0.02352941176470591 0.0 0.1568627450980392,
0.02352941176470591 0.0 0.1568627450980392,
0.02352941176470591 0.0 0.1568627450980392,
0.02352941176470591 0.0 0.1568627450980392,
0.02352941176470591 0.0 0.1568627450980392,
0.02352941176470591 0.0 0.1568627450980392,
0.02352941176470591 0.0 0.1568627450980392,
0.02352941176470591 0.0 0.1568627450980392,
0.02352941176470591 0.0 0.1568627450980392,
0.02352941176470591 0.0 0.1568627450980392,
0.02352941176470591 0.0 0.1568627450980392,
0.02352941176470591 0.0 0.1568627450980392,
0.02352941176470591 0.0 0.1568627450980392,
0.02352941176470591 0.0 0.1568627450980392,
0.02352941176470591 0.0 0.1568627450980392,
0.02352941176470591 0.0 0.1568627450980392,
0.02352941176470591 0.0 0.1568627450980392,
0.02352941176470591 0.0 0.1568627450980392,
0.02352941176470591 0.0 0.1568627450980392,
0.02352941176470591 0.0 0.1568627450980392,
0.02352941176470591 0.0 0.1568627450980392,
0.02352941176470591 0.0 0.1568627450980392,
0.02352941176470591 0.0 0.1568627450980392,
0.02352941176470591 0.0 0.1568627450980392,
0.02352941176470591 0.0 0.1568627450980392,
0.02352941176470591 0.0 0.1568627450980392,
0.02352941176470591 0.0 0.1568627450980392,
0.02352941176470591 0.0 0.1568627450980392,
0.02352941176470591 0.0 0.1568627450980392,
0.02352941176470591 0.0 0.1568627450980392,
0.02352941176470591 0.0 0.1568627450980392,
0.02352941176470591 0.0 0.1568627450980392,
0.02352941176470591 0.0 0.1568627450980392,
0.02352941176470591 0.0 0.1568627450980392,
0.02352941176470591 0.0 0.1568627450980392,
0.02352941176470591 0.0 0.1568627450980392,
0.02352941176470591 0.0 0.1568627450980392,
0.02352941176470591 0.0 0.1568627450980392,
0.02352941176470591 0.0 0.1568627450980392,
0.02352941176470591 0.0 0.1568627450980392,
0.02352941176470591 0.0 0.1568627450980392,
0.02352941176470591 0.0 0.1568627450980392,
0.02352941176470591 0.0 0.1568627450980392,
0.02352941176470591 0.0 0.1568627450980392,
0.02352941176470591 0.0 0.1568627450980392,
0.02352941176470591 0.0 0.1568627450980392,
0.02352941176470591 0.0 0.1568627450980392,
0.02352941176470591 0.0 0.1568627450980392,
0.02352941176470591 0.0 0.1568627450980392,
0.02352941176470591 0.0 0.1568627450980392,
0.02352941176470591 0.0 0.1568627450980392,
0.02352941176470591 0.0 0.1568627450980392,
0.02352941176470591 0.0 0.1568627450980392,
0.02352941176470591 0.0 0.1568627450980392,
0.02352941176470591 0.0 0.1568627450980392,
0.02352941176470591 0.0 0.1568627450980392,
0.02352941176470591 0.0 0.1568627450980392,
0.02352941176470591 0.0 0.1568627450980392,
0.02352941176470591 0.0 0.1568627450980392,
0.02352941176470591 0.0 0.1568627450980392,
0.02352941176470591 0.0 0.1568627450980392,
0.02352941176470591 0.0 0.1568627450980392,
0.02352941176470591 0.0 0.1568627450980392,
0.02352941176470591 0.0 0.1568627450980392,
0.02352941176470591 0.0 0.1568627450980392,
0.02352941176470591 0.0 0.1568627450980392,
0.02352941176470591 0.0 0.1568627450980392,
0.02352941176470591 0.0 0.1568627450980392,
0.02352941176470591 0.0 0.1568627450980392,
0.02352941176470591 0.0 0.1568627450980392,
0.02352941176470591 0.0 0.1568627450980392,
0.02352941176470591 0.0 0.1568627450980392,
0.02352941176470591 0.0 0.1568627450980392,
0.02352941176470591 0.0 0.1568627450980392,
0.02352941176470591 0.0 0.1568627450980392,
0.02352941176470591 0.0 0.1568627450980392,
0.02352941176470591 0.0 0.1568627450980392,
0.02352941176470591 0.0 0.1568627450980392,
0.02352941176470591 0.0 0.1568627450980392,
0.02352941176470591 0.0 0.1568627450980392,
0.02352941176470591 0.0 0.1568627450980392,
0.02352941176470591 0.0 0.1568627450980392,
0.02352941176470591 0.0 0.1568627450980392,
0.02352941176470591 0.0 0.1568627450980392,
0.02352941176470591 0.0 0.1568627450980392,
0.02352941176470591 0.0 0.1568627450980392,
0.02352941176470591 0.0 0.1568627450980392,
0.02352941176470591 0.0 0.1568627450980392,
0.02352941176470591 0.0 0.1568627450980392,
0.02352941176470591 0.0 0.1568627450980392,
0.02352941176470591 0.0 0.1568627450980392,
0.02352941176470591 0.0 0.1568627450980392,
0.02352941176470591 0.0 0.1568627450980392,
0.02352941176470591 0.0 0.1568627450980392,
0.02352941176470591 0.0 0.1568627450980392,
0.02352941176470591 0.0 0.1568627450980392,
0.02352941176470591 0.0 0.1568627450980392,
0.02352941176470591 0.0 0.1568627450980392,
0.02352941176470591 0.0 0.1568627450980392,
0.02352941176470591 0.0 0.1568627450980392,
0.02352941176470591 0.0 0.1568627450980392,
0.02352941176470591 0.0 0.1568627450980392,
0.02352941176470591 0.0 0.1568627450980392,
0.02352941176470591 0.0 0.1568627450980392,
0.02352941176470591 0.0 0.1568627450980392,
0.02352941176470591 0.0 0.1568627450980392,
0.02352941176470591 0.0 0.1568627450980392,
0.02352941176470591 0.0 0.1568627450980392,
0.02352941176470591 0.0 0.1568627450980392,
0.02352941176470591 0.0 0.1568627450980392,
0.02352941176470591 0.0 0.1568627450980392,
0.02352941176470591 0.0 0.1568627450980392,
0.02352941176470591 0.0 0.1568627450980392,
0.02352941176470591 0.0 0.1568627450980392,
0.02352941176470591 0.0 0.1568627450980392,
0.02352941176470591 0.0 0.1568627450980392,
0.02352941176470591 0.0 0.1568627450980392,
0.02352941176470591 0.0 0.1568627450980392,
0.02352941176470591 0.0 0.1568627450980392,
0.02352941176470591 0.0 0.1568627450980392,
0.02352941176470591 0.0 0.1568627450980392,
0.02352941176470591 0.0 0.1568627450980392,
0.02352941176470591 0.0 0.1568627450980392,
0.02352941176470591 0.0 0.1568627450980392,
0.02352941176470591 0.0 0.1568627450980392,
0.02352941176470591 0.0 0.1568627450980392,
0.02352941176470591 0.0 0.1568627450980392,
0.02352941176470591 0.0 0.1568627450980392,
0.02352941176470591 0.0 0.1568627450980392,
0.02352941176470591 0.0 0.1568627450980392,
0.02352941176470591 0.0 0.1568627450980392,
0.02352941176470591 0.0 0.1568627450980392,
0.02352941176470591 0.0 0.1568627450980392,
0.02352941176470591 0.0 0.1568627450980392,
0.02352941176470591 0.0 0.1568627450980392,
0.02352941176470591 0.0 0.1568627450980392,
0.02352941176470591 0.0 0.1568627450980392,
0.02352941176470591 0.0 0.1568627450980392,
0.02352941176470591 0.0 0.1568627450980392,
0.02352941176470591 0.0 0.1568627450980392,
0.02352941176470591 0.0 0.1568627450980392,
0.02352941176470591 0.0 0.1568627450980392,
0.02352941176470591 0.0 0.1568627450980392,
0.02352941176470591 0.0 0.1568627450980392,
0.02352941176470591 0.0 0.1568627450980392,
0.02352941176470591 0.0 0.1568627450980392,
0.02352941176470591 0.0 0.1568627450980392,
0.02352941176470591 0.0 0.1568627450980392,
0.02352941176470591 0.0 0.1568627450980392,
0.02352941176470591 0.0 0.1568627450980392,
0.02352941176470591 0.0 0.1568627450980392,
0.02352941176470591 0.0 0.1568627450980392,
0.02352941176470591 0.0 0.1568627450980392,
0.02352941176470591 0.0 0.1568627450980392,
0.02352941176470591 0.0 0.1568627450980392,
0.02352941176470591 0.0 0.1568627450980392,
0.02352941176470591 0.0 0.1568627450980392,
0.02352941176470591 0.0 0.1568627450980392,
0.02352941176470591 0.0 0.1568627450980392,
0.02352941176470591 0.0 0.1568627450980392,
0.02352941176470591 0.0 0.1568627450980392,
0.02352941176470591 0.0 0.1568627450980392,
0.02352941176470591 0.0 0.1568627450980392,
0.02352941176470591 0.0 0.1568627450980392,
0.02352941176470591 0.0 0.1568627450980392,
0.02352941176470591 0.0 0.1568627450980392,
0.02352941176470591 0.0 0.1568627450980392,
0.02352941176470591 0.0 0.1568627450980392,
0.02352941176470591 0.0 0.1568627450980392,
0.02352941176470591 0.0 0.1568627450980392,
0.02352941176470591 0.0 0.1568627450980392,
0.02352941176470591 0.0 0.1568627450980392,
0.02352941176470591 0.0 0.1568627450980392,
0.02352941176470591 0.0 0.1568627450980392,
0.02352941176470591 0.0 0.1568627450980392,
0.02352941176470591 0.0 0.1568627450980392,
0.02352941176470591 0.0 0.1568627450980392,
0.02352941176470591 0.0 0.1568627450980392,
0.02352941176470591 0.0 0.1568627450980392,
0.02352941176470591 0.0 0.1568627450980392,
0.02352941176470591 0.0 0.1568627450980392,
0.02352941176470591 0.0 0.1568627450980392,
0.02352941176470591 0.0 0.1568627450980392,
0.02352941176470591 0.0 0.1568627450980392,
0.02352941176470591 0.0 0.1568627450980392,
0.02352941176470591 0.0 0.1568627450980392,
0.02352941176470591 0.0 0.1568627450980392,
0.02352941176470591 0.0 0.1568627450980392,
0.02352941176470591 0.0 0.1568627450980392,
0.02352941176470591 0.0 0.1568627450980392,
0.02352941176470591 0.0 0.1568627450980392,
0.02352941176470591 0.0 0.1568627450980392,
0.02352941176470591 0.0 0.1568627450980392,
0.02352941176470591 0.0 0.1568627450980392,
0.02352941176470591 0.0 0.1568627450980392,
0.02352941176470591 0.0 0.1568627450980392,
0.02352941176470591 0.0 0.1568627450980392,
0.02352941176470591 0.0 0.1568627450980392,
0.02352941176470591 0.0 0.1568627450980392,
0.02352941176470591 0.0 0.1568627450980392,
0.02352941176470591 0.0 0.1568627450980392,
0.02352941176470591 0.0 0.1568627450980392,
0.02352941176470591 0.0 0.1568627450980392,
0.02352941176470591 0.0 0.1568627450980392,
0.02352941176470591 0.0 0.1568627450980392,
0.02352941176470591 0.0 0.1568627450980392,
0.02352941176470591 0.0 0.1568627450980392,
0.02352941176470591 0.0 0.1568627450980392,
0.02352941176470591 0.0 0.1568627450980392,
0.02352941176470591 0.0 0.1568627450980392,
0.02352941176470591 0.0 0.1568627450980392,
0.02352941176470591 0.0 0.1568627450980392,
0.02352941176470591 0.0 0.1568627450980392,
0.02352941176470591 0.0 0.1568627450980392,
0.02352941176470591 0.0 0.1568627450980392,
0.02352941176470591 0.0 0.1568627450980392,
0.02352941176470591 0.0 0.1568627450980392,
0.02352941176470591 0.0 0.1568627450980392,
0.02352941176470591 0.0 0.1568627450980392,
0.02352941176470591 0.0 0.1568627450980392,
0.02352941176470591 0.0 0.1568627450980392,
0.02352941176470591 0.0 0.1568627450980392,
0.02352941176470591 0.0 0.1568627450980392,
0.02352941176470591 0.0 0.1568627450980392,
0.02352941176470591 0.0 0.1568627450980392,
0.02352941176470591 0.0 0.1568627450980392,
0.02352941176470591 0.0 0.1568627450980392,
0.02352941176470591 0.0 0.1568627450980392,
0.02352941176470591 0.0 0.1568627450980392,
0.02352941176470591 0.0 0.1568627450980392,
0.02352941176470591 0.0 0.1568627450980392,
0.02352941176470591 0.0 0.1568627450980392,
0.02352941176470591 0.0 0.1568627450980392,
0.02352941176470591 0.0 0.1568627450980392,
0.02352941176470591 0.0 0.1568627450980392,
0.02352941176470591 0.0 0.1568627450980392,
0.02352941176470591 0.0 0.1568627450980392,
0.02352941176470591 0.0 0.1568627450980392,
0.02352941176470591 0.0 0.1568627450980392,
0.02352941176470591 0.0 0.1568627450980392,
0.02352941176470591 0.0 0.1568627450980392,
0.02352941176470591 0.0 0.1568627450980392,
0.02352941176470591 0.0 0.1568627450980392,
0.02352941176470591 0.0 0.1568627450980392,
0.02352941176470591 0.0 0.1568627450980392,
0.02352941176470591 0.0 0.1568627450980392,
0.02352941176470591 0.0 0.1568627450980392,
0.02352941176470591 0.0 0.1568627450980392,
0.02352941176470591 0.0 0.1568627450980392,
0.02352941176470591 0.0 0.1568627450980392,
0.02352941176470591 0.0 0.1568627450980392,
0.02352941176470591 0.0 0.1568627450980392,
0.02352941176470591 0.0 0.1568627450980392,
0.02352941176470591 0.0 0.1568627450980392,
0.02352941176470591 0.0 0.1568627450980392,
0.02352941176470591 0.0 0.1568627450980392,
0.02352941176470591 0.0 0.1568627450980392,
0.02352941176470591 0.0 0.1568627450980392,
0.02352941176470591 0.0 0.1568627450980392,
0.02352941176470591 0.0 0.1568627450980392,
0.02352941176470591 0.0 0.1568627450980392,
0.02352941176470591 0.0 0.1568627450980392,
0.02352941176470591 0.0 0.1568627450980392,
0.02352941176470591 0.0 0.1568627450980392,
0.02352941176470591 0.0 0.1568627450980392,
0.02352941176470591 0.0 0.1568627450980392,
0.02352941176470591 0.0 0.1568627450980392,
0.02352941176470591 0.0 0.1568627450980392,
0.02352941176470591 0.0 0.1568627450980392,
0.02352941176470591 0.0 0.1568627450980392,
0.02352941176470591 0.0 0.1568627450980392,
0.02352941176470591 0.0 0.1568627450980392,
0.02352941176470591 0.0 0.1568627450980392,
0.02352941176470591 0.0 0.1568627450980392,
0.02352941176470591 0.0 0.1568627450980392,
0.02352941176470591 0.0 0.1568627450980392,
0.02352941176470591 0.0 0.1568627450980392,
0.02352941176470591 0.0 0.1568627450980392,
0.02352941176470591 0.0 0.1568627450980392,
0.02352941176470591 0.0 0.1568627450980392,
0.02352941176470591 0.0 0.1568627450980392,
0.02352941176470591 0.0 0.1568627450980392,
0.02352941176470591 0.0 0.1568627450980392,
0.02352941176470591 0.0 0.1568627450980392,
0.02352941176470591 0.0 0.1568627450980392,
0.02352941176470591 0.0 0.1568627450980392,
0.02352941176470591 0.0 0.1568627450980392,
0.02352941176470591 0.0 0.1568627450980392,
0.02352941176470591 0.0 0.1568627450980392,
0.02352941176470591 0.0 0.1568627450980392,
0.02352941176470591 0.0 0.1568627450980392,
0.02352941176470591 0.0 0.1568627450980392,
0.02352941176470591 0.0 0.1568627450980392,
0.02352941176470591 0.0 0.1568627450980392,
0.02352941176470591 0.0 0.1568627450980392,
0.02352941176470591 0.0 0.1568627450980392,
0.02352941176470591 0.0 0.1568627450980392,
0.02352941176470591 0.0 0.1568627450980392,
0.02352941176470591 0.0 0.1568627450980392,
0.02352941176470591 0.0 0.1568627450980392,
0.02352941176470591 0.0 0.1568627450980392,
0.02352941176470591 0.0 0.1568627450980392,
0.02352941176470591 0.0 0.1568627450980392,
0.02352941176470591 0.0 0.1568627450980392,
0.02352941176470591 0.0 0.1568627450980392,
0.02352941176470591 0.0 0.1568627450980392,
0.02352941176470591 0.0 0.1568627450980392,
0.02352941176470591 0.0 0.1568627450980392,
0.02352941176470591 0.0 0.1568627450980392,
0.02352941176470591 0.0 0.1568627450980392,
0.02352941176470591 0.0 0.1568627450980392,
0.02352941176470591 0.0 0.1568627450980392,
0.02352941176470591 0.0 0.1568627450980392,
0.02352941176470591 0.0 0.1568627450980392,
0.02352941176470591 0.0 0.1568627450980392,
0.02352941176470591 0.0 0.1568627450980392,
0.02352941176470591 0.0 0.1568627450980392,
0.02352941176470591 0.0 0.1568627450980392,
0.02352941176470591 0.0 0.1568627450980392,
0.02352941176470591 0.0 0.1568627450980392,
0.02352941176470591 0.0 0.1568627450980392,
0.02352941176470591 0.0 0.1568627450980392,
0.02352941176470591 0.0 0.1568627450980392,
0.02352941176470591 0.0 0.1568627450980392,
0.02352941176470591 0.0 0.1568627450980392,
0.02352941176470591 0.0 0.1568627450980392,
0.02352941176470591 0.0 0.1568627450980392,
0.02352941176470591 0.0 0.1568627450980392,
0.02352941176470591 0.0 0.1568627450980392,
0.02352941176470591 0.0 0.1568627450980392,
0.02352941176470591 0.0 0.1568627450980392,
0.02352941176470591 0.0 0.1568627450980392,
0.02352941176470591 0.0 0.1568627450980392,
0.02352941176470591 0.0 0.1568627450980392,
0.02352941176470591 0.0 0.1568627450980392,
0.02352941176470591 0.0 0.1568627450980392,
0.02352941176470591 0.0 0.1568627450980392,
0.02352941176470591 0.0 0.1568627450980392,
0.02352941176470591 0.0 0.1568627450980392,
0.02352941176470591 0.0 0.1568627450980392,
0.02352941176470591 0.0 0.1568627450980392,
0.02352941176470591 0.0 0.1568627450980392,
0.02352941176470591 0.0 0.1568627450980392,
0.02352941176470591 0.0 0.1568627450980392,
0.02352941176470591 0.0 0.1568627450980392,
0.02352941176470591 0.0 0.1568627450980392,
0.02352941176470591 0.0 0.1568627450980392,
0.02352941176470591 0.0 0.1568627450980392,
0.02352941176470591 0.0 0.1568627450980392,
0.14901960784313728 0.14901960784313728 0.14901960784313728,
0.14901960784313728 0.14901960784313728 0.14901960784313728,
0.14901960784313728 0.14901960784313728 0.14901960784313728,
0.14901960784313728 0.14901960784313728 0.14901960784313728,
0.14901960784313728 0.14901960784313728 0.14901960784313728,
0.14901960784313728 0.14901960784313728 0.14901960784313728,
0.14901960784313728 0.14901960784313728 0.14901960784313728,
0.14901960784313728 0.14901960784313728 0.14901960784313728,
0.14901960784313728 0.14901960784313728 0.14901960784313728,
0.14901960784313728 0.14901960784313728 0.14901960784313728,
0.14901960784313728 0.14901960784313728 0.14901960784313728,
0.14901960784313728 0.14901960784313728 0.14901960784313728,
0.14901960784313728 0.14901960784313728 0.14901960784313728,
0.14901960784313728 0.14901960784313728 0.14901960784313728,
0.14901960784313728 0.14901960784313728 0.14901960784313728,
0.14901960784313728 0.14901960784313728 0.14901960784313728,
0.14901960784313728 0.14901960784313728 0.14901960784313728,
0.14901960784313728 0.14901960784313728 0.14901960784313728,
0.14901960784313728 0.14901960784313728 0.14901960784313728,
0.14901960784313728 0.14901960784313728 0.14901960784313728,
0.14901960784313728 0.14901960784313728 0.14901960784313728,
0.14901960784313728 0.14901960784313728 0.14901960784313728,
0.14901960784313728 0.14901960784313728 0.14901960784313728,
0.14901960784313728 0.14901960784313728 0.14901960784313728,
0.14901960784313728 0.14901960784313728 0.14901960784313728,
0.14901960784313728 0.14901960784313728 0.14901960784313728,
0.14901960784313728 0.14901960784313728 0.14901960784313728,
0.14901960784313728 0.14901960784313728 0.14901960784313728,
0.14901960784313728 0.14901960784313728 0.14901960784313728,
0.14901960784313728 0.14901960784313728 0.14901960784313728,
0.14901960784313728 0.14901960784313728 0.14901960784313728,
0.14901960784313728 0.14901960784313728 0.14901960784313728,
0.14901960784313728 0.14901960784313728 0.14901960784313728,
0.14901960784313728 0.14901960784313728 0.14901960784313728,
0.14901960784313728 0.14901960784313728 0.14901960784313728,
0.14901960784313728 0.14901960784313728 0.14901960784313728,
0.14901960784313728 0.14901960784313728 0.14901960784313728,
0.14901960784313728 0.14901960784313728 0.14901960784313728,
0.14901960784313728 0.14901960784313728 0.14901960784313728,
0.14901960784313728 0.14901960784313728 0.14901960784313728,
0.14901960784313728 0.14901960784313728 0.14901960784313728,
0.14901960784313728 0.14901960784313728 0.14901960784313728,
0.14901960784313728 0.14901960784313728 0.14901960784313728,
0.14901960784313728 0.14901960784313728 0.14901960784313728,
0.14901960784313728 0.14901960784313728 0.14901960784313728,
0.14901960784313728 0.14901960784313728 0.14901960784313728,
0.14901960784313728 0.14901960784313728 0.14901960784313728,
0.14901960784313728 0.14901960784313728 0.14901960784313728,
0.14901960784313728 0.14901960784313728 0.14901960784313728,
0.14901960784313728 0.14901960784313728 0.14901960784313728,
0.14901960784313728 0.14901960784313728 0.14901960784313728,
0.14901960784313728 0.14901960784313728 0.14901960784313728,
0.14901960784313728 0.14901960784313728 0.14901960784313728,
0.14901960784313728 0.14901960784313728 0.14901960784313728,
0.14901960784313728 0.14901960784313728 0.14901960784313728,
0.14901960784313728 0.14901960784313728 0.14901960784313728,
0.14901960784313728 0.14901960784313728 0.14901960784313728,
0.14901960784313728 0.14901960784313728 0.14901960784313728,
0.14901960784313728 0.14901960784313728 0.14901960784313728,
0.14901960784313728 0.14901960784313728 0.14901960784313728,
0.14901960784313728 0.14901960784313728 0.14901960784313728,
0.14901960784313728 0.14901960784313728 0.14901960784313728,
0.14901960784313728 0.14901960784313728 0.14901960784313728,
0.14901960784313728 0.14901960784313728 0.14901960784313728,
0.14901960784313728 0.14901960784313728 0.14901960784313728,
0.14901960784313728 0.14901960784313728 0.14901960784313728,
0.14901960784313728 0.14901960784313728 0.14901960784313728,
0.14901960784313728 0.14901960784313728 0.14901960784313728,
0.14901960784313728 0.14901960784313728 0.14901960784313728,
0.14901960784313728 0.14901960784313728 0.14901960784313728,
0.14901960784313728 0.14901960784313728 0.14901960784313728,
0.14901960784313728 0.14901960784313728 0.14901960784313728,
0.14901960784313728 0.14901960784313728 0.14901960784313728,
0.14901960784313728 0.14901960784313728 0.14901960784313728,
0.14901960784313728 0.14901960784313728 0.14901960784313728,
0.14901960784313728 0.14901960784313728 0.14901960784313728,
0.14901960784313728 0.14901960784313728 0.14901960784313728,
0.14901960784313728 0.14901960784313728 0.14901960784313728,
0.14901960784313728 0.14901960784313728 0.14901960784313728,
0.3529411764705882 0.3529411764705882 0.3529411764705882,
0.3529411764705882 0.3529411764705882 0.3529411764705882,
0.3529411764705882 0.3529411764705882 0.3529411764705882,
0.3529411764705882 0.3529411764705882 0.3529411764705882,
0.3529411764705882 0.3529411764705882 0.3529411764705882,
0.3529411764705882 0.3529411764705882 0.3529411764705882,
0.3529411764705882 0.3529411764705882 0.3529411764705882,
0.3529411764705882 0.3529411764705882 0.3529411764705882,
0.3529411764705882 0.3529411764705882 0.3529411764705882,
0.3529411764705882 0.3529411764705882 0.3529411764705882,
0.3529411764705882 0.3529411764705882 0.3529411764705882,
0.3529411764705882 0.3529411764705882 0.3529411764705882,
0.3529411764705882 0.3529411764705882 0.3529411764705882,
0.3529411764705882 0.3529411764705882 0.3529411764705882,
0.3529411764705882 0.3529411764705882 0.3529411764705882,
0.3529411764705882 0.3529411764705882 0.3529411764705882,
0.3529411764705882 0.3529411764705882 0.3529411764705882,
0.3529411764705882 0.3529411764705882 0.3529411764705882,
0.3529411764705882 0.3529411764705882 0.3529411764705882,
0.3529411764705882 0.3529411764705882 0.3529411764705882,
0.3529411764705882 0.3529411764705882 0.3529411764705882,
0.3529411764705882 0.3529411764705882 0.3529411764705882,
0.3529411764705882 0.3529411764705882 0.3529411764705882,
0.3529411764705882 0.3529411764705882 0.3529411764705882,
0.3529411764705882 0.3529411764705882 0.3529411764705882,
0.3529411764705882 0.3529411764705882 0.3529411764705882,
0.3529411764705882 0.3529411764705882 0.3529411764705882,
0.3529411764705882 0.3529411764705882 0.3529411764705882,
0.3529411764705882 0.3529411764705882 0.3529411764705882,
0.0 0.0 0.0,
0.0 0.0 0.0,
0.0 0.0 0.0,
0.0 0.0 0.0,
0.0 0.0 0.0,
0.0 0.0 0.0,
0.0 0.0 0.0,
0.0 0.0 0.0,
0.0 0.0 0.0,
0.0 0.0 0.0,
0.0 0.0 0.0,
0.0 0.0 0.0,
0.0 0.0 0.0,
0.0 0.0 0.0,
0.0 0.0 0.0,
0.0 0.0 0.0,
0.0 0.0 0.0,
0.0 0.0 0.0,
0.0 0.0 0.0,
0.0 0.0 0.0,
0.0 0.0 0.0,
0.0 0.0 0.0,
0.0 0.0 0.0,
0.0 0.0 0.0,
0.0 0.0 0.0,
0.0 0.0 0.0,
0.0 0.0 0.0,
0.0 0.0 0.0,
0.0 0.0 0.0,
0.0 0.0 0.0,
0.0 0.0 0.0,
0.0 0.0 0.0,
0.0 0.0 0.0,
0.0 0.0 0.0,
0.0 0.0 0.0,
0.0 0.0 0.0,
0.0 0.0 0.0,
0.0 0.0 0.0,
0.0 0.0 0.0,
0.0 0.0 0.0,
0.0 0.0 0.0,
0.0 0.0 0.0,
0.0 0.0 0.0,
0.0 0.0 0.0,
0.0 0.0 0.0,
0.0 0.0 0.0,
0.0 0.0 0.0,
0.0 0.0 0.0,
0.0 0.0 0.0,
0.0 0.0 0.0,
0.0 0.0 0.0,
0.0 0.0 0.0,
0.0 0.0 0.0,
0.0 0.0 0.0,
0.0 0.0 0.0,
0.0 0.0 0.0,
0.0 0.0 0.0,
0.0 0.0 0.0,
0.0 0.0 0.0,
0.0 0.0 0.0,
0.0 0.0 0.0,
0.0 0.0 0.0,
0.0 0.0 0.0,
0.0 0.0 0.0,
0.0 0.0 0.0,
0.0 0.0 0.0,
0.0 0.0 0.0,
0.0 0.0 0.0,
0.0 0.0 0.0,
0.0 0.0 0.0,
0.0 0.0 0.0,
0.0 0.0 0.0,
0.0 0.0 0.0,
0.0 0.0 0.0,
0.0 0.0 0.0,
0.0 0.0 0.0,
0.0 0.0 0.0,
0.0 0.0 0.0,
0.0 0.0 0.0,
0.0 0.0 0.0,
0.0 0.0 0.0,
0.0 0.0 0.0,
0.0 0.0 0.0,
0.0 0.0 0.0,
0.0 0.0 0.0,
0.0 0.0 0.0,
0.0 0.0 0.0,
0.0 0.0 0.0,
0.0 0.0 0.0,
0.0 0.0 0.0,
0.0 0.0 0.0,
0.0 0.0 0.0,
0.0 0.0 0.0,
0.0 0.0 0.0,
0.0 0.0 0.0,
0.0 0.0 0.0,
0.0 0.0 0.0,
0.0 0.0 0.0,
0.0 0.0 0.0,
0.0 0.0 0.0,
0.0 0.0 0.0,
0.0 0.0 0.0,
0.0 0.0 0.0,
0.0 0.0 0.0,
0.0 0.0 0.0,
0.0 0.0 0.0,
0.0 0.0 0.0,
0.0 0.0 0.0,
0.0 0.0 0.0,
0.0 0.0 0.0,
0.0 0.0 0.0,
0.0 0.0 0.0,
0.0 0.0 0.0,
0.0 0.0 0.0,
0.0 0.0 0.0,
0.0 0.0 0.0,
0.0 0.0 0.0,
0.0 0.0 0.0,
0.0 0.0 0.0,
0.0 0.0 0.0,
0.0 0.0 0.0,
0.0 0.0 0.0,
0.0 0.0 0.0,
0.0 0.0 0.0,
0.0 0.0 0.0,
0.0 0.0 0.0,
0.0 0.0 0.0,
0.0 0.0 0.0,
0.0 0.0 0.0,
0.0 0.0 0.0,
0.0 0.0 0.0,
0.0 0.0 0.0,
0.0 0.0 0.0,
0.0 0.0 0.0,
0.0 0.0 0.0,
0.0 0.0 0.0,
0.0 0.0 0.0,
0.0 0.0 0.0,
0.0 0.0 0.0,
0.0 0.0 0.0,
0.0 0.0 0.0,
0.0 0.0 0.0,
0.0 0.0 0.0,
0.0 0.0 0.0,
0.0 0.0 0.0,
0.0 0.0 0.0,
0.0 0.0 0.0,
0.0 0.0 0.0,
0.0 0.0 0.0,
0.0 0.0 0.0,
0.0 0.0 0.0,
0.0 0.0 0.0,
0.0 0.0 0.0,
0.0 0.0 0.0,
0.0 0.0 0.0,
0.0 0.0 0.0,
0.0 0.0 0.0,
0.0 0.0 0.0,
0.0 0.0 0.0,
0.0 0.0 0.0,
0.0 0.0 0.0,
                ]
                }
            }
        }
    ]
}