#VRML V2.0 utf8
# This file is automatically generated.

Group {
    translation 0 0 -4.5854330708661415
    children [
        Shape {
            appearance Appearance {
                material Material {
                    diffuseColor 1.0 1.0 1.0
                    ambientIntensity 0.2
                    specularColor 0.8 0.8 0.8
                    shininess 0.4
                    transparency 0
                }
            }
            geometry IndexedFaceSet {
                ccw TRUE
                solid FALSE
                coord DEF co Coordinate {
                    point [
                        2.6496 -0.084 1.8829,
2.6496 -0.084 1.7056,
2.6496 -0.0043 1.7056,
2.6496 1.5256 0.1772,
2.6496 2.0961 0.1772,
2.6496 2.0961 1.2842,
2.6496 3.1657 1.8846,
2.6496 2.0961 1.8846,
2.6496 2.0961 1.681,
2.6496 3.0118 2.832,
2.6496 3.0118 6.3976,
2.6496 2.0961 6.3976,
2.6496 0.232 1.3645,
2.6496 0.2238 1.3635,
2.6496 0.2738 1.3635,
2.6496 0.4445 1.5653,
2.6496 0.5079 1.5653,
2.6496 0.5079 1.6223,
2.6496 -0.3653 1.7268,
2.6496 -0.3267 1.6941,
2.6496 -0.1918 1.8846,
2.6496 -0.1918 1.681,
2.6496 -0.5453 1.9002,
2.6496 -0.523 1.8846,
2.6496 -0.4915 1.8626,
2.6496 -0.4413 1.8034,
2.6496 -0.4147 1.7502,
2.6496 -0.4076 1.7478,
2.6496 -0.6851 1.9366,
2.6496 -0.6157 1.928,
2.6496 -0.1918 6.3976,
2.6496 -0.7475 1.9298,
2.6496 -3.248 6.3976,
2.6496 -0.8136 1.9065,
2.6496 -0.8501 1.8846,
2.6496 -3.248 1.8846,
2.6496 -0.8559 1.8811,
2.6496 -3.248 1.681,
2.6496 -1.1616 1.681,
2.6496 -1.149 1.7093,
2.6496 -1.1149 1.753,
2.6496 -1.0068 1.8145,
2.6496 -0.9512 1.8213,
2.6496 -0.8893 1.8525,
2.6496 -0.9348 1.8204,
2.6496 -0.9185 1.8185,
2.6496 -1.1049 1.7625,
2.6496 -1.0595 1.7942,
2.6496 -1.0786 1.3984,
2.6496 -1.122 1.4356,
2.6496 -3.248 1.3635,
2.6496 -1.0273 1.3731,
2.6496 -1.1547 1.4825,
2.6496 -1.175 1.5355,
2.6496 -3.248 1.6223,
2.6496 -1.1818 1.5908,
2.6496 -1.1814 1.6046,
2.6496 -1.1782 1.6223,
2.6496 -1.1718 1.6581,
2.6496 -3.248 1.2842,
2.6496 -0.9318 1.2842,
2.6496 -0.9449 1.2897,
2.6496 -0.9727 1.3107,
2.6496 -1.0081 1.3673,
2.6496 -1.0063 1.3635,
2.6496 -0.9939 1.3368,
2.6496 -0.1918 1.2842,
2.6496 -0.814 1.2842,
2.6496 -0.1918 0.1772,
2.6496 -0.6969 0.1772,
2.6496 -0.8385 1.2748,
2.6496 -0.8729 1.2705,
2.6496 -1.2539 0.1772,
2.6496 -3.248 0.1772,
2.6496 -1.7264 0.1772,
2.6496 -0.912 1.2759,
2.6496 -0.8784 1.2706,
2.6496 -0.1918 1.3635,
2.6496 -0.7396 1.3635,
2.6496 -0.7397 1.363,
2.6496 -0.7565 1.3313,
2.6496 -0.7784 1.3067,
2.6496 -0.8068 1.287,
2.6496 -0.2803 1.6101,
2.6496 -0.2738 1.5637,
2.6496 -0.1918 1.6223,
2.6496 -0.5579 1.4474,
2.6496 -0.5481 1.4513,
2.6496 -0.5314 1.5324,
2.6496 -0.3264 1.4285,
2.6496 -0.3652 1.3957,
2.6496 -0.7662 1.5082,
2.6496 -0.5755 1.6078,
2.6496 -0.7911 1.5309,
2.6496 -0.8213 1.5471,
2.6496 -0.5666 1.4412,
2.6496 -0.2982 1.4678,
2.6496 -0.3627 1.5747,
2.6496 -0.3694 1.6021,
2.6496 -0.3803 1.6223,
2.6496 -1.0886 1.6223,
2.6496 -0.2803 1.5129,
2.6496 -0.5371 1.4527,
2.6496 -0.5357 1.4526,
2.6496 -0.5314 1.4517,
2.6496 -1.0802 1.5369,
2.6496 -1.0632 1.508,
2.6496 -0.991 1.4933,
2.6496 -1.0377 1.4818,
2.6496 -1.0067 1.4627,
2.6496 -0.9383 1.5404,
2.6496 -0.9674 1.5202,
2.6496 -1.0921 1.5936,
2.6496 -1.0904 1.5718,
2.6496 -0.9069 1.5524,
2.6496 -0.8729 1.5566,
2.6496 -0.8556 1.5556,
2.6496 -0.5812 1.4086,
2.6496 -0.5808 1.4142,
2.6496 -0.7306 1.4271,
2.6496 -0.578 1.425,
2.6496 -0.5725 1.4348,
2.6496 -0.3909 1.487,
2.6496 -0.3752 1.5092,
2.6496 -0.3654 1.5346,
2.6496 -0.362 1.5623,
2.6496 -0.5479 1.3658,
2.6496 -0.5573 1.3695,
2.6496 -0.5666 1.376,
2.6496 -0.5699 1.3794,
2.6496 -0.5761 1.3883,
2.6496 -0.5798 1.398,
2.6496 -0.7314 1.3981,
2.6496 -0.7306 1.4129,
2.6496 -0.4086 1.3745,
2.6496 -0.4559 1.3645,
2.6496 -0.5399 1.3645,
2.6496 -0.5285 1.4513,
2.6496 -0.4645 1.4513,
2.6496 -0.439 1.4562,
2.6496 -0.4139 1.4678,
2.6496 -0.3928 1.485,
2.6496 -0.4844 1.6733,
2.6496 -1.0757 1.6598,
2.6496 -1.0879 1.628,
2.6496 -0.473 1.6733,
2.6496 -0.3826 1.6266,
2.6496 -0.399 1.645,
2.6496 -0.4211 1.6604,
2.6496 -0.446 1.67,
2.6496 -0.515 1.7587,
2.6496 -0.5471 1.7971,
2.6496 -0.8744 1.7146,
2.6496 -0.5508 1.8005,
2.6496 -0.5908 1.8282,
2.6496 -0.8526 1.7596,
2.6496 -1.0609 1.681,
2.6496 -0.8846 1.7202,
2.6496 -0.4861 1.681,
2.6496 -0.4931 1.7129,
2.6496 -0.9165 1.7318,
2.6496 -0.9498 1.7359,
2.6496 -0.9645 1.7352,
2.6496 -0.8207 1.7977,
2.6496 -0.6354 1.8453,
2.6496 -0.7825 1.8256,
2.6496 -0.6836 1.8512,
2.6496 -0.736 1.8445,
2.6496 -0.9997 1.7269,
2.6496 -1.0314 1.71,
2.6496 -1.056 1.6881,
2.6496 -0.3173 1.681,
2.6496 -0.2976 1.6536,
2.6496 -0.2851 1.6223,
2.6496 0.5522 1.388,
2.6496 0.5522 1.3652,
2.6496 0.5711 1.3635,
2.6496 0.5711 1.6223,
2.6496 0.5476 1.5653,
2.6496 0.5476 1.5423,
2.6496 0.4704 1.4553,
2.6496 0.4704 1.388,
2.6496 0.5079 1.4553,
2.6496 0.5079 1.388,
2.6496 0.542 1.4553,
2.6496 0.542 1.4783,
2.6496 0.4704 1.5423,
2.6496 0.4704 1.4783,
2.6496 0.5079 1.5423,
2.6496 0.5079 1.4783,
2.6496 0.5079 1.3635,
2.6496 0.5079 1.3652,
2.6496 0.4445 1.3652,
2.6496 0.3457 1.4007,
2.6496 0.3488 1.3889,
2.6496 0.3494 1.3889,
2.6496 0.4175 1.5081,
2.6496 0.3204 1.6223,
2.6496 0.3915 1.5081,
2.6496 0.3204 1.4733,
2.6496 0.3525 1.4005,
2.6496 0.3506 1.3938,
2.6496 0.1708 1.4696,
2.6496 0.1718 1.4785,
2.6496 0.1453 1.6223,
2.6496 0.1747 1.4522,
2.6496 0.1719 1.4598,
2.6496 0.1707 1.3961,
2.6496 0.1812 1.3897,
2.6496 0.1823 1.3893,
2.6496 0.1823 1.4425,
2.6496 0.178 1.4469,
2.6496 0.1821 1.4427,
2.6496 0.1954 1.3635,
2.6496 0.1855 1.3647,
2.6496 0.1823 1.3635,
2.6496 0.1823 1.3659,
2.6496 0.1453 1.3635,
2.6496 0.1707 1.3702,
2.6496 0.2604 1.5051,
2.6496 0.2604 1.4807,
2.6496 0.1869 1.5001,
2.6496 0.1954 1.505,
2.6496 0.1823 1.6223,
2.6496 0.1748 1.4866,
2.6496 0.1795 1.4934,
2.6496 0.1823 1.4959,
2.6496 0.2661 1.394,
2.6496 0.263 1.386,
2.6496 0.2583 1.3794,
2.6496 0.2095 1.5097,
2.6496 0.2265 1.5114,
2.6496 0.2738 1.6223,
2.6496 0.2441 1.5099,
2.6496 0.2589 1.4277,
2.6496 0.2635 1.4208,
2.6496 0.2662 1.4134,
2.6496 0.2672 1.4041,
2.6496 0.2511 1.3732,
2.6496 0.2452 1.3695,
2.6496 0.2241 1.491,
2.6496 0.2166 1.4905,
2.6496 0.1967 1.4718,
2.6496 0.2099 1.4887,
2.6496 0.2043 1.4857,
2.6496 0.1969 1.4685,
2.6496 0.1979 1.4646,
2.6496 0.1997 1.4612,
2.6496 0.2022 1.4585,
2.6496 0.211 1.453,
2.6496 0.2397 1.4894,
2.6496 0.2265 1.4462,
2.6496 0.2539 1.4844,
2.6496 0.2362 1.4423,
2.6496 0.2529 1.433,
2.6496 0.2005 1.4824,
2.6496 0.1984 1.4792,
2.6496 0.1971 1.4758,
2.6496 0.1969 1.3839,
2.6496 0.2088 1.428,
2.6496 0.1939 1.4349,
2.6496 0.2119 1.3823,
2.6496 0.213 1.3823,
2.6496 0.2253 1.4211,
2.6496 0.2259 1.3837,
2.6496 0.2415 1.4016,
2.6496 0.2413 1.4047,
2.6496 0.2324 1.3861,
2.6496 0.2346 1.3875,
2.6496 0.2375 1.39,
2.6496 0.2397 1.3933,
2.6496 0.241 1.3968,
2.6496 0.2401 1.4086,
2.6496 0.2382 1.412,
2.6496 0.2351 1.4152,
2.6496 0.7585 1.681,
2.6496 0.6935 1.6827,
2.6496 0.665 1.6827,
2.6496 0.6446 1.7375,
2.6496 0.5711 1.7375,
2.6496 0.5711 1.681,
2.6496 0.6173 1.8829,
2.6496 0.7585 1.8846,
2.6496 0.5711 1.8846,
2.6496 0.5612 1.7375,
2.6496 0.542 1.6827,
2.6496 0.5079 1.681,
2.6496 0.5134 1.6827,
2.6496 0.5079 1.8846,
2.6496 0.5711 1.8342,
2.6496 0.5897 1.8829,
2.6496 0.3204 1.8846,
2.6496 0.2738 1.8846,
2.6496 0.297 1.8829,
2.6496 0.2738 1.8829,
2.6496 0.2197 1.7729,
2.6496 0.2197 1.7056,
2.6496 0.2738 1.7729,
2.6496 0.2738 1.7056,
2.6496 0.2913 1.7729,
2.6496 0.3015 1.7056,
2.6496 0.2913 1.7958,
2.6496 0.297 1.8599,
2.6496 0.2738 1.7958,
2.6496 0.2738 1.8599,
2.6496 0.2197 1.7958,
2.6496 0.2197 1.8599,
2.6496 0.1939 1.6827,
2.6496 0.1823 1.681,
2.6496 0.2738 1.681,
2.6496 0.3204 1.681,
2.6496 0.3015 1.6827,
2.6496 0.2738 1.6827,
2.6496 0.1939 1.8829,
2.6496 0.1823 1.8846,
2.6496 3.1988 1.681,
2.6496 2.0961 1.6223,
2.6496 3.2083 1.6223,
2.6496 0.1313 1.86,
2.6496 0.1066 1.8629,
2.6496 0.1453 1.7119,
2.6496 0.1538 1.8511,
2.6496 0.1538 1.7158,
2.6496 0.1516 1.8523,
2.6496 0.1453 1.8547,
2.6496 0.0966 1.8624,
2.6496 0.0795 1.8586,
2.6496 0.064 1.8509,
2.6496 0.0521 1.8407,
2.6496 0.0507 1.8393,
2.6496 0.0411 1.8254,
2.6496 0.0344 1.8081,
2.6496 0.031 1.7806,
2.6496 0.0314 1.7709,
2.6496 0.035 1.7514,
2.6496 0.1115 1.7027,
2.6496 0.1341 1.7069,
2.6496 0.0678 1.7103,
2.6496 0.0821 1.7048,
2.6496 0.1021 1.7024,
2.6496 0.0418 1.7355,
2.6496 0.0507 1.7235,
2.6496 0.0547 1.7195,
2.6496 0.1279 1.8846,
2.6496 0.1326 1.8842,
2.6496 0.1453 1.8846,
2.6496 0.1453 1.8806,
2.6496 0.1538 1.8781,
2.6496 0.0129 1.8846,
2.6496 0.0183 1.8378,
2.6496 0.0328 1.8568,
2.6496 0.0378 1.8615,
2.6496 0.0565 1.8746,
2.6496 0.0774 1.8828,
2.6496 0.0009 1.8846,
2.6496 0.0088 1.8156,
2.6496 0.0129 1.8251,
2.6496 0.0129 1.7336,
2.6496 0.0079 1.7464,
2.6496 0.0009 1.681,
2.6496 0.0039 1.779,
2.6496 0.0043 1.7895,
2.6496 0.0646 1.6844,
2.6496 0.0457 1.6933,
2.6496 0.0129 1.681,
2.6496 0.0296 1.7067,
2.6496 0.028 1.7084,
2.6496 0.016 1.7255,
2.6496 0.0809 1.681,
2.6496 0.0129 1.6223,
2.6496 0.0863 1.6799,
2.6496 0.0984 1.6794,
2.6496 0.116 1.681,
2.6496 0.1538 1.691,
2.6496 0.1504 1.6893,
2.6496 0.1453 1.681,
2.6496 0.1453 1.6876,
2.6496 0.1289 1.6823,
2.6496 0.0312 1.4325,
2.6496 0.0358 1.4738,
2.6496 0.026 1.4243,
2.6496 0.023 1.4151,
2.6496 0.1367 1.3652,
2.6496 0.1116 1.3652,
2.6496 0.0912 1.4902,
2.6496 0.0827 1.491,
2.6496 0.0693 1.4501,
2.6496 0.1343 1.4781,
2.6496 0.1367 1.4572,
2.6496 0.0386 1.4392,
2.6496 0.0487 1.4448,
2.6496 0.0531 1.4846,
2.6496 0.0688 1.4897,
2.6496 0.1116 1.3873,
2.6496 0.111 1.3873,
2.6496 0.1052 1.379,
2.6496 0.097 1.3711,
2.6496 0.0426 1.3672,
2.6496 0.0341 1.3731,
2.6496 0.0129 1.3635,
2.6496 0.0314 1.3758,
2.6496 0.0261 1.3835,
2.6496 0.0231 1.392,
2.6496 0.0218 1.4034,
2.6496 0.0358 1.4981,
2.6496 0.102 1.5097,
2.6496 0.1121 1.5062,
2.6496 0.1201 1.5012,
2.6496 0.1116 1.4561,
2.6496 0.1108 1.4671,
2.6496 0.1082 1.4761,
2.6496 0.1052 1.4812,
2.6496 0.1249 1.4967,
2.6496 0.1302 1.4889,
2.6496 0.041 1.5011,
2.6496 0.0596 1.5083,
2.6496 0.085 1.5114,
2.6496 0.1014 1.4853,
2.6496 0.097 1.4881,
2.6496 0.0811 1.3635,
2.6496 0.081 1.3635,
2.6496 0.1453 1.2842,
2.6496 0.0129 1.2842,
2.6496 0.0672 1.3618,
2.6496 0.0526 1.3635,
2.6496 0.0522 1.3635,
2.6496 0.3204 1.3635,
2.6496 0.3204 1.406,
2.6496 0.2803 1.5081,
2.6496 0.3083 1.5081,
2.6496 0.3364 1.3655,
2.6496 0.3355 1.3635,
2.6496 0.3254 1.3395,
2.6496 0.2738 1.2842,
2.6496 0.2855 1.2999,
2.6496 0.2855 1.3222,
2.6496 0.3157 1.3252,
2.6496 0.3204 1.3303,
2.6496 0.3204 1.3305,
2.6496 0.2095 1.3618,
2.6496 0.1823 1.2842,
2.6496 0.2906 1.3205,
2.6496 0.2997 1.3193,
2.6496 0.3204 1.3023,
2.6496 0.3118 1.299,
2.6496 0.3204 1.2842,
2.6496 0.3016 1.2978,
2.6496 0.2961 1.298,
2.6496 0.3061 1.3201,
2.6496 0.3116 1.3223,
2.6496 0.3526 1.3436,
2.6496 0.3413 1.3215,
2.6496 0.5079 1.2842,
2.6496 0.3605 1.3635,
2.6496 0.3321 1.3105,
2.6496 0.3304 1.3089,
2.6496 0.3217 1.3028,
2.6496 0.0129 0.1772,
2.6496 0.1453 0.1772,
2.6496 0.1823 0.1772,
2.6496 0.2738 0.1772,
2.6496 0.3204 0.1772,
2.6496 0.5079 0.1772,
2.6496 0.5711 1.2842,
2.6496 0.5711 0.1772,
2.6496 0.5915 0.1772,
2.6496 0.7585 0.1772,
2.6496 0.7585 1.2842,
2.6496 0.0911 1.3673,
2.6496 2.0961 1.3635,
2.6496 0.7585 1.3635,
2.6496 3.248 1.378,
2.6496 3.248 1.3635,
2.6496 3.248 1.2842,
2.6496 3.248 0.1772,
2.6496 -0.1098 1.5653,
2.6496 -0.1098 1.3652,
2.6496 0.0009 1.3635,
2.6496 0.0009 1.2842,
2.6496 0.0009 0.1772,
2.6496 -0.0067 1.5653,
2.6496 0.0009 1.6223,
2.6496 -0.0067 1.5423,
2.6496 -0.0022 1.388,
2.6496 -0.0022 1.3652,
2.6496 -0.084 1.4553,
2.6496 -0.084 1.388,
2.6496 -0.0124 1.4553,
2.6496 -0.0124 1.4783,
2.6496 -0.084 1.4783,
2.6496 -0.084 1.5423,
2.6496 0.59 1.3652,
2.6496 0.7475 1.4316,
2.6496 0.7377 1.4109,
2.6496 0.7228 1.3932,
2.6496 0.7422 1.5145,
2.6496 0.7497 1.4954,
2.6496 0.7585 1.6223,
2.6496 0.753 1.4678,
2.6496 0.7524 1.4551,
2.6496 0.7019 1.3782,
2.6496 0.6791 1.3693,
2.6496 0.6451 1.3652,
2.6496 0.59 1.5653,
2.6496 0.6471 1.5653,
2.6496 0.6777 1.562,
2.6496 0.7018 1.5531,
2.6496 0.7228 1.5388,
2.6496 0.7298 1.5319,
2.6496 0.7926 1.3652,
2.6496 0.7641 1.3652,
2.6496 0.9157 1.3652,
2.6496 0.8952 1.4199,
2.6496 0.8119 1.4199,
2.6496 0.8403 1.5653,
2.6496 0.868 1.5653,
2.6496 -0.1098 1.6827,
2.6496 -0.1098 1.8829,
2.6496 -0.0043 1.6827,
2.6496 0.4916 1.8321,
2.6496 0.499 1.813,
2.6496 0.5023 1.7854,
2.6496 0.5017 1.7726,
2.6496 0.4969 1.7492,
2.6496 0.487 1.7285,
2.6496 0.4721 1.7108,
2.6496 0.4512 1.6958,
2.6496 0.3964 1.8829,
2.6496 0.427 1.8795,
2.6496 0.4512 1.8707,
2.6496 0.4284 1.6869,
2.6496 0.3944 1.6827,
2.6496 0.3393 1.6827,
2.6496 0.3393 1.8829,
2.6496 0.4721 1.8564,
2.6496 0.4792 1.8495,
2.6496 0.9442 1.3652,
2.6496 0.0925 1.8846,
2.6496 0.0129 6.3976,
2.6496 0.0009 6.3976,
2.6496 0.7585 6.3976,
2.6496 0.5711 6.3976,
2.6496 0.5079 6.3976,
2.6496 0.3204 6.3976,
2.6496 0.2738 6.3976,
2.6496 0.1823 6.3976,
2.6496 0.1453 6.3976,
2.6496 0.1064 1.8863,
1.0285 -0.452 1.5401,
1.0072 -0.4597 1.5446,
0.9843 -0.386 1.501,
0.9843 -0.4623 1.5462,
0.9613 -0.4597 1.5446,
1.0698 -0.4058 1.5127,
1.061 -0.4241 1.5236,
1.0469 -0.4399 1.5329,
1.061 -0.3479 1.4785,
1.0698 -0.3663 1.4893,
1.0728 -0.386 1.501,
1.0072 -0.3124 1.4574,
1.0285 -0.32 1.4619,
1.0469 -0.3321 1.4691,
0.94 -0.32 1.4619,
0.9613 -0.3124 1.4574,
0.9843 -0.3098 1.4559,
0.8987 -0.3663 1.4893,
0.9075 -0.3479 1.4785,
0.9216 -0.3321 1.4691,
0.9075 -0.4241 1.5236,
0.8987 -0.4058 1.5127,
0.8957 -0.386 1.501,
0.94 -0.452 1.5401,
0.9216 -0.4399 1.5329,
1.0726 2.3367 2.9475,
1.0728 2.3425 3.563,
1.0698 2.3196 3.563,
1.061 2.2982 3.563,
1.0681 2.314 2.9475,
1.0693 2.3197 2.9475,
1.0469 2.2799 3.563,
1.0579 2.2933 2.9475,
1.0605 2.2985 2.9475,
1.0285 2.2658 3.563,
1.0426 2.2759 2.9475,
1.0465 2.2803 2.9475,
1.0072 2.257 3.563,
1.0234 2.2631 2.9475,
1.0282 2.2663 2.9475,
0.9843 2.2539 3.563,
1.0015 2.2556 2.9475,
1.007 2.2575 2.9475,
0.9613 2.257 3.563,
0.9784 2.2541 2.9475,
0.9842 2.2545 2.9475,
0.94 2.2658 3.563,
0.9557 2.2586 2.9475,
0.9614 2.2575 2.9475,
0.9216 2.2799 3.563,
0.935 2.2689 2.9475,
0.9402 2.2663 2.9475,
0.9075 2.2982 3.563,
0.9176 2.2841 2.9475,
0.922 2.2803 2.9475,
0.8987 2.3196 3.563,
0.9048 2.3034 2.9475,
0.908 2.2985 2.9475,
0.8957 2.3425 3.563,
0.8974 2.3253 2.9475,
0.8992 2.3198 2.9475,
0.8987 2.3654 3.563,
0.8959 2.3483 2.9475,
0.8962 2.3426 2.9475,
0.9075 2.3868 3.563,
0.9004 2.371 2.9475,
0.8992 2.3653 2.9475,
0.9216 2.4052 3.563,
0.9106 2.3918 2.9475,
0.908 2.3866 2.9475,
0.94 2.4192 3.563,
0.9259 2.4091 2.9475,
0.922 2.4048 2.9475,
0.9613 2.4281 3.563,
0.9451 2.422 2.9475,
0.9403 2.4188 2.9475,
0.9843 2.4311 3.563,
0.967 2.4294 2.9475,
0.9615 2.4275 2.9475,
1.0072 2.4281 3.563,
0.9901 2.4309 2.9475,
0.9843 2.4305 2.9475,
1.0285 2.4192 3.563,
1.0128 2.4264 2.9475,
1.0071 2.4275 2.9475,
1.0469 2.4052 3.563,
1.0335 2.4162 2.9475,
1.0283 2.4187 2.9475,
1.061 2.3868 3.563,
1.0509 2.4009 2.9475,
1.0465 2.4047 2.9475,
1.0698 2.3654 3.563,
1.0637 2.3817 2.9475,
1.0605 2.3865 2.9475,
1.0728 2.3425 2.9475,
1.0711 2.3598 2.9475,
1.0693 2.3653 2.9475,
0.9843 2.1457 3.6713,
0.9843 2.1645 3.6696,
1.0072 2.1457 3.6743,
1.0072 2.165 3.6726,
1.0285 2.1457 3.6831,
1.0285 2.1665 3.6813,
1.0469 2.1457 3.6972,
1.0469 2.169 3.6952,
1.061 2.1457 3.7156,
1.061 2.1722 3.7132,
1.0698 2.1457 3.7369,
1.0698 2.1759 3.7343,
1.0728 2.1457 3.7598,
1.0728 2.1799 3.7569,
1.0698 2.1457 3.7828,
1.0698 2.1838 3.7794,
1.061 2.1457 3.8041,
1.061 2.1875 3.8005,
1.0469 2.1457 3.8225,
1.0469 2.1907 3.8185,
1.0285 2.1457 3.8366,
1.0285 2.1932 3.8324,
1.0072 2.1457 3.8454,
1.0072 2.1947 3.8411,
0.9843 2.1457 3.8484,
0.9843 2.1952 3.8441,
0.9613 2.1457 3.8454,
0.9613 2.1947 3.8411,
0.94 2.1457 3.8366,
0.94 2.1932 3.8324,
0.9216 2.1457 3.8225,
0.9216 2.1907 3.8185,
0.9075 2.1457 3.8041,
0.9075 2.1875 3.8005,
0.8987 2.1457 3.7828,
0.8987 2.1838 3.7794,
0.8957 2.1457 3.7598,
0.8957 2.1799 3.7569,
0.8987 2.1457 3.7369,
0.8987 2.1759 3.7343,
0.9075 2.1457 3.7156,
0.9075 2.1722 3.7132,
0.9216 2.1457 3.6972,
0.9216 2.169 3.6952,
0.94 2.1457 3.6831,
0.94 2.1665 3.6813,
0.9613 2.1457 3.6743,
0.9613 2.165 3.6726,
0.9843 2.1827 3.6647,
1.0072 2.1837 3.6676,
1.0285 2.1868 3.6759,
1.0469 2.1916 3.6891,
1.061 2.1978 3.7064,
1.0698 2.2052 3.7264,
1.0728 2.213 3.748,
1.0698 2.2208 3.7695,
1.061 2.2281 3.7896,
1.0469 2.2344 3.8068,
1.0285 2.2392 3.8201,
1.0072 2.2423 3.8284,
0.9843 2.2433 3.8312,
0.9613 2.2423 3.8284,
0.94 2.2392 3.8201,
0.9216 2.2344 3.8068,
0.9075 2.2281 3.7896,
0.8987 2.2208 3.7695,
0.8957 2.213 3.748,
0.8987 2.2052 3.7264,
0.9075 2.1978 3.7064,
0.9216 2.1916 3.6891,
0.94 2.1868 3.6759,
0.9613 2.1837 3.6676,
0.9843 2.1998 3.6568,
1.0072 2.2013 3.6594,
1.0285 2.2057 3.667,
1.0469 2.2128 3.6792,
1.061 2.2219 3.6951,
1.0698 2.2326 3.7136,
1.0728 2.2441 3.7335,
1.0698 2.2556 3.7533,
1.061 2.2662 3.7718,
1.0469 2.2754 3.7877,
1.0285 2.2825 3.7999,
1.0072 2.2869 3.8076,
0.9843 2.2884 3.8102,
0.9613 2.2869 3.8076,
0.94 2.2825 3.7999,
0.9216 2.2754 3.7877,
0.9075 2.2662 3.7718,
0.8987 2.2556 3.7533,
0.8957 2.2441 3.7335,
0.8987 2.2326 3.7136,
0.9075 2.2219 3.6951,
0.9216 2.2128 3.6792,
0.94 2.2057 3.667,
0.9613 2.2013 3.6594,
0.9843 2.2153 3.6459,
1.0072 2.2172 3.6482,
1.0285 2.2229 3.655,
1.0469 2.2319 3.6658,
1.061 2.2437 3.6799,
1.0698 2.2575 3.6962,
1.0728 2.2722 3.7138,
1.0698 2.2869 3.7314,
1.061 2.3007 3.7477,
1.0469 2.3125 3.7618,
1.0285 2.3215 3.7726,
1.0072 2.3272 3.7793,
0.9843 2.3291 3.7816,
0.9613 2.3272 3.7793,
0.94 2.3215 3.7726,
0.9216 2.3125 3.7618,
0.9075 2.3007 3.7477,
0.8987 2.2869 3.7314,
0.8957 2.2722 3.7138,
0.8987 2.2575 3.6962,
0.9075 2.2437 3.6799,
0.9216 2.2319 3.6658,
0.94 2.2229 3.655,
0.9613 2.2172 3.6482,
0.9843 2.2286 3.6326,
1.0072 2.2309 3.6345,
1.0285 2.2377 3.6402,
1.0469 2.2485 3.6493,
1.061 2.2625 3.6611,
1.0698 2.2789 3.6748,
1.0728 2.2965 3.6895,
1.0698 2.314 3.7043,
1.061 2.3304 3.718,
1.0469 2.3444 3.7298,
1.0285 2.3552 3.7388,
1.0072 2.362 3.7445,
0.9843 2.3643 3.7465,
0.9613 2.362 3.7445,
0.94 2.3552 3.7388,
0.9216 2.3444 3.7298,
0.9075 2.3304 3.718,
0.8987 2.314 3.7043,
0.8957 2.2965 3.6895,
0.8987 2.2789 3.6748,
0.9075 2.2625 3.6611,
0.9216 2.2485 3.6493,
0.94 2.2377 3.6402,
0.9613 2.2309 3.6345,
0.9843 2.2394 3.6171,
1.0072 2.242 3.6186,
1.0285 2.2497 3.6231,
1.0469 2.2619 3.6301,
1.061 2.2778 3.6393,
1.0698 2.2963 3.65,
1.0728 2.3161 3.6614,
1.0698 2.336 3.6729,
1.061 2.3545 3.6836,
1.0469 2.3704 3.6927,
1.0285 2.3826 3.6998,
1.0072 2.3902 3.7042,
0.9843 2.3929 3.7057,
0.9613 2.3902 3.7042,
0.94 2.3826 3.6998,
0.9216 2.3704 3.6927,
0.9075 2.3545 3.6836,
0.8987 2.336 3.6729,
0.8957 2.3161 3.6614,
0.8987 2.2963 3.65,
0.9075 2.2778 3.6393,
0.9216 2.2619 3.6301,
0.94 2.2497 3.6231,
0.9613 2.242 3.6186,
0.9843 2.2474 3.6,
1.0072 2.2502 3.6011,
1.0285 2.2586 3.6041,
1.0469 2.2718 3.6089,
1.061 2.289 3.6152,
1.0698 2.3091 3.6225,
1.0728 2.3306 3.6303,
1.0698 2.3522 3.6382,
1.061 2.3723 3.6455,
1.0469 2.3895 3.6517,
1.0285 2.4027 3.6566,
1.0072 2.4111 3.6596,
0.9843 2.4139 3.6606,
0.9613 2.4111 3.6596,
0.94 2.4027 3.6566,
0.9216 2.3895 3.6517,
0.9075 2.3723 3.6455,
0.8987 2.3522 3.6382,
0.8957 2.3306 3.6303,
0.8987 2.3091 3.6225,
0.9075 2.289 3.6152,
0.9216 2.2718 3.6089,
0.94 2.2586 3.6041,
0.9613 2.2502 3.6011,
0.9843 2.2523 3.5818,
1.0072 2.2553 3.5823,
1.0285 2.264 3.5839,
1.0469 2.2778 3.5863,
1.061 2.2959 3.5895,
1.0698 2.317 3.5932,
1.0728 2.3395 3.5972,
1.0698 2.3621 3.6012,
1.061 2.3831 3.6049,
1.0469 2.4012 3.6081,
1.0285 2.4151 3.6105,
1.0072 2.4238 3.612,
0.9843 2.4268 3.6126,
0.9613 2.4238 3.612,
0.94 2.4151 3.6105,
0.9216 2.4012 3.6081,
0.9075 2.3831 3.6049,
0.8987 2.3621 3.6012,
0.8957 2.3395 3.5972,
0.8987 2.317 3.5932,
0.9075 2.2959 3.5895,
0.9216 2.2778 3.5863,
0.94 2.264 3.5839,
0.9613 2.2553 3.5823,
0.9843 1.8012 3.6713,
1.0072 1.8012 3.6743,
1.0285 1.8012 3.6831,
1.0469 1.8012 3.6972,
1.061 1.8012 3.7156,
1.0698 1.8012 3.7369,
1.0728 1.8012 3.7598,
1.0698 1.8012 3.7828,
1.061 1.8012 3.8041,
1.0469 1.8012 3.8225,
1.0285 1.8012 3.8366,
1.0072 1.8012 3.8454,
0.9843 1.8012 3.8484,
0.9613 1.8012 3.8454,
0.94 1.8012 3.8366,
0.9216 1.8012 3.8225,
0.9075 1.8012 3.8041,
0.8987 1.8012 3.7828,
0.8957 1.8012 3.7598,
0.8987 1.8012 3.7369,
0.9075 1.8012 3.7156,
0.9216 1.8012 3.6972,
0.94 1.8012 3.6831,
0.9613 1.8012 3.6743,
0.9843 1.7323 3.9173,
0.9843 1.7336 3.9039,
0.9613 1.7293 3.9173,
0.9613 1.7306 3.9033,
0.94 1.7204 3.9173,
0.94 1.722 3.9016,
0.9216 1.7063 3.9173,
0.9216 1.7082 3.8988,
0.9075 1.688 3.9173,
0.9075 1.6902 3.8952,
0.8987 1.6666 3.9173,
0.8987 1.6692 3.8911,
0.8957 1.6437 3.9173,
0.8957 1.6467 3.8866,
0.8987 1.6208 3.9173,
0.8987 1.6242 3.8821,
0.9075 1.5994 3.9173,
0.9075 1.6033 3.878,
0.9216 1.5811 3.9173,
0.9216 1.5853 3.8744,
0.94 1.567 3.9173,
0.94 1.5715 3.8716,
0.9613 1.5581 3.9173,
0.9613 1.5628 3.8699,
0.9843 1.5551 3.9173,
0.9843 1.5598 3.8693,
1.0072 1.5581 3.9173,
1.0072 1.5628 3.8699,
1.0285 1.567 3.9173,
1.0285 1.5715 3.8716,
1.0469 1.5811 3.9173,
1.0469 1.5853 3.8744,
1.061 1.5994 3.9173,
1.061 1.6033 3.878,
1.0698 1.6208 3.9173,
1.0698 1.6242 3.8821,
1.0728 1.6437 3.9173,
1.0728 1.6467 3.8866,
1.0698 1.6666 3.9173,
1.0698 1.6692 3.8911,
1.061 1.688 3.9173,
1.061 1.6902 3.8952,
1.0469 1.7063 3.9173,
1.0469 1.7082 3.8988,
1.0285 1.7204 3.9173,
1.0285 1.722 3.9016,
1.0072 1.7293 3.9173,
1.0072 1.7306 3.9033,
0.9843 1.7375 3.891,
0.9613 1.7347 3.8898,
0.94 1.7266 3.8864,
0.9216 1.7136 3.881,
0.9075 1.6966 3.874,
0.8987 1.6769 3.8658,
0.8957 1.6557 3.8571,
0.8987 1.6345 3.8483,
0.9075 1.6148 3.8401,
0.9216 1.5978 3.8331,
0.94 1.5848 3.8277,
0.9613 1.5766 3.8243,
0.9843 1.5738 3.8232,
1.0072 1.5766 3.8243,
1.0285 1.5848 3.8277,
1.0469 1.5978 3.8331,
1.061 1.6148 3.8401,
1.0698 1.6345 3.8483,
1.0728 1.6557 3.8571,
1.0698 1.6769 3.8658,
1.061 1.6966 3.874,
1.0469 1.7136 3.881,
1.0285 1.7266 3.8864,
1.0072 1.7347 3.8898,
0.9843 1.7439 3.879,
0.9613 1.7414 3.8774,
0.94 1.734 3.8725,
0.9216 1.7223 3.8646,
0.9075 1.7071 3.8544,
0.8987 1.6893 3.8426,
0.8957 1.6702 3.8298,
0.8987 1.6512 3.8171,
0.9075 1.6334 3.8052,
0.9216 1.6182 3.795,
0.94 1.6065 3.7872,
0.9613 1.5991 3.7823,
0.9843 1.5966 3.7806,
1.0072 1.5991 3.7823,
1.0285 1.6065 3.7872,
1.0469 1.6182 3.795,
1.061 1.6334 3.8052,
1.0698 1.6512 3.8171,
1.0728 1.6702 3.8298,
1.0698 1.6893 3.8426,
1.061 1.7071 3.8544,
1.0469 1.7223 3.8646,
1.0285 1.734 3.8725,
1.0072 1.7414 3.8774,
0.9843 1.7525 3.8686,
0.9613 1.7503 3.8665,
0.94 1.7441 3.8602,
0.9216 1.7341 3.8503,
0.9075 1.7211 3.8373,
0.8987 1.706 3.8222,
0.8957 1.6898 3.806,
0.8987 1.6736 3.7898,
0.9075 1.6585 3.7746,
0.9216 1.6455 3.7617,
0.94 1.6356 3.7517,
0.9613 1.6293 3.7455,
0.9843 1.6272 3.7433,
1.0072 1.6293 3.7455,
1.0285 1.6356 3.7517,
1.0469 1.6455 3.7617,
1.061 1.6585 3.7746,
1.0698 1.6736 3.7898,
1.0728 1.6898 3.806,
1.0698 1.706 3.8222,
1.061 1.7211 3.8373,
1.0469 1.7341 3.8503,
1.0285 1.7441 3.8602,
1.0072 1.7503 3.8665,
0.9843 1.7629 3.86,
0.9613 1.7612 3.8575,
0.94 1.7563 3.8502,
0.9216 1.7485 3.8385,
0.9075 1.7383 3.8232,
0.8987 1.7264 3.8054,
0.8957 1.7137 3.7864,
0.8987 1.701 3.7673,
0.9075 1.6891 3.7496,
0.9216 1.6789 3.7343,
0.94 1.6711 3.7226,
0.9613 1.6662 3.7152,
0.9843 1.6645 3.7127,
1.0072 1.6662 3.7152,
1.0285 1.6711 3.7226,
1.0469 1.6789 3.7343,
1.061 1.6891 3.7496,
1.0698 1.701 3.7673,
1.0728 1.7137 3.7864,
1.0698 1.7264 3.8054,
1.061 1.7383 3.8232,
1.0469 1.7485 3.8385,
1.0285 1.7563 3.8502,
1.0072 1.7612 3.8575,
0.9843 1.7748 3.8537,
0.9613 1.7737 3.8509,
0.94 1.7703 3.8427,
0.9216 1.7649 3.8297,
0.9075 1.7579 3.8127,
0.8987 1.7497 3.793,
0.8957 1.7409 3.7718,
0.8987 1.7321 3.7506,
0.9075 1.724 3.7309,
0.9216 1.7169 3.714,
0.94 1.7116 3.701,
0.9613 1.7082 3.6928,
0.9843 1.707 3.69,
1.0072 1.7082 3.6928,
1.0285 1.7116 3.701,
1.0469 1.7169 3.714,
1.061 1.724 3.7309,
1.0698 1.7321 3.7506,
1.0728 1.7409 3.7718,
1.0698 1.7497 3.793,
1.061 1.7579 3.8127,
1.0469 1.7649 3.8297,
1.0285 1.7703 3.8427,
1.0072 1.7737 3.8509,
0.9843 1.7877 3.8497,
0.9613 1.7872 3.8468,
0.94 1.7854 3.8381,
0.9216 1.7827 3.8243,
0.9075 1.7791 3.8063,
0.8987 1.7749 3.7854,
0.8957 1.7705 3.7629,
0.8987 1.766 3.7404,
0.9075 1.7618 3.7194,
0.9216 1.7582 3.7014,
0.94 1.7555 3.6876,
0.9613 1.7538 3.6789,
0.9843 1.7532 3.676,
1.0072 1.7538 3.6789,
1.0285 1.7555 3.6876,
1.0469 1.7582 3.7014,
1.061 1.7618 3.7194,
1.0698 1.766 3.7404,
1.0728 1.7705 3.7629,
1.0698 1.7749 3.7854,
1.061 1.7791 3.8063,
1.0469 1.7827 3.8243,
1.0285 1.7854 3.8381,
1.0072 1.7872 3.8468,
1.0728 1.6437 4.2091,
1.0698 1.6666 4.2091,
1.061 1.688 4.2091,
1.0469 1.7063 4.2091,
1.0285 1.7204 4.2091,
1.0072 1.7293 4.2091,
0.9843 1.7323 4.2091,
0.9613 1.7293 4.2091,
0.94 1.7204 4.2091,
0.9216 1.7063 4.2091,
0.9075 1.688 4.2091,
0.8987 1.6666 4.2091,
0.8957 1.6437 4.2091,
0.8987 1.6208 4.2091,
0.9075 1.5994 4.2091,
0.9216 1.5811 4.2091,
0.94 1.567 4.2091,
0.9613 1.5581 4.2091,
0.9843 1.5551 4.2091,
1.0072 1.5581 4.2091,
1.0285 1.567 4.2091,
1.0469 1.5811 4.2091,
1.061 1.5994 4.2091,
1.0698 1.6208 4.2091,
0.9843 1.3537 4.2642,
0.9843 1.3655 4.2805,
1.0072 1.3511 4.2658,
1.0072 1.3633 4.2825,
1.0285 1.3435 4.2703,
1.0285 1.3566 4.2884,
1.0469 1.3314 4.2775,
1.0469 1.346 4.2977,
1.061 1.3156 4.2868,
1.061 1.3323 4.3098,
1.0698 1.2972 4.2977,
1.0698 1.3162 4.3239,
1.0728 1.2775 4.3094,
1.0728 1.299 4.339,
1.0698 1.2578 4.3211,
1.0698 1.2818 4.3541,
1.061 1.2394 4.332,
1.061 1.2657 4.3682,
1.0469 1.2236 4.3413,
1.0469 1.2519 4.3804,
1.0285 1.2115 4.3485,
1.0285 1.2414 4.3896,
1.0072 1.2039 4.353,
1.0072 1.2347 4.3955,
0.9843 1.2013 4.3545,
0.9843 1.2324 4.3975,
0.9613 1.2039 4.353,
0.9613 1.2347 4.3955,
0.94 1.2115 4.3485,
0.94 1.2414 4.3896,
0.9216 1.2236 4.3413,
0.9216 1.2519 4.3804,
0.9075 1.2394 4.332,
0.9075 1.2657 4.3682,
0.8987 1.2578 4.3211,
0.8987 1.2818 4.3541,
0.8957 1.2775 4.3094,
0.8957 1.299 4.339,
0.8987 1.2972 4.2977,
0.8987 1.3162 4.3239,
0.9075 1.3156 4.2868,
0.9075 1.3323 4.3098,
0.9216 1.3314 4.2775,
0.9216 1.346 4.2977,
0.94 1.3435 4.2703,
0.94 1.3566 4.2884,
0.9613 1.3511 4.2658,
0.9613 1.3633 4.2825,
0.9843 1.3802 4.2943,
1.0072 1.3783 4.2967,
1.0285 1.3729 4.3037,
1.0469 1.3642 4.3148,
1.061 1.3529 4.3292,
1.0698 1.3397 4.3461,
1.0728 1.3256 4.3641,
1.0698 1.3115 4.3822,
1.061 1.2983 4.399,
1.0469 1.287 4.4135,
1.0285 1.2783 4.4246,
1.0072 1.2729 4.4315,
0.9843 1.271 4.4339,
0.9613 1.2729 4.4315,
0.94 1.2783 4.4246,
0.9216 1.287 4.4135,
0.9075 1.2983 4.399,
0.8987 1.3115 4.3822,
0.8957 1.3256 4.3641,
0.8987 1.3397 4.3461,
0.9075 1.3529 4.3292,
0.9216 1.3642 4.3148,
0.94 1.3729 4.3037,
0.9613 1.3783 4.2967,
0.9843 1.3971 4.3052,
1.0072 1.3957 4.3079,
1.0285 1.3916 4.3158,
1.0469 1.3852 4.3283,
1.061 1.3768 4.3446,
1.0698 1.3669 4.3635,
1.0728 1.3564 4.3839,
1.0698 1.3459 4.4043,
1.061 1.336 4.4232,
1.0469 1.3276 4.4395,
1.0285 1.3212 4.452,
1.0072 1.3171 4.4599,
0.9843 1.3157 4.4626,
0.9613 1.3171 4.4599,
0.94 1.3212 4.452,
0.9216 1.3276 4.4395,
0.9075 1.336 4.4232,
0.8987 1.3459 4.4043,
0.8957 1.3564 4.3839,
0.8987 1.3669 4.3635,
0.9075 1.3768 4.3446,
0.9216 1.3852 4.3283,
0.94 1.3916 4.3158,
0.9613 1.3957 4.3079,
0.9843 1.4158 4.3128,
1.0072 1.4149 4.3157,
1.0285 1.4124 4.3241,
1.0469 1.4083 4.3376,
1.061 1.403 4.3552,
1.0698 1.3969 4.3757,
1.0728 1.3903 4.3976,
1.0698 1.3837 4.4196,
1.061 1.3776 4.44,
1.0469 1.3723 4.4576,
1.0285 1.3683 4.4711,
1.0072 1.3658 4.4796,
0.9843 1.3649 4.4825,
0.9613 1.3658 4.4796,
0.94 1.3683 4.4711,
0.9216 1.3723 4.4576,
0.9075 1.3776 4.44,
0.8987 1.3837 4.4196,
0.8957 1.3903 4.3976,
0.8987 1.3969 4.3757,
0.9075 1.403 4.3552,
0.9216 1.4083 4.3376,
0.94 1.4124 4.3241,
0.9613 1.4149 4.3157,
0.9843 1.4355 4.3167,
1.0072 1.4352 4.3197,
1.0285 1.4343 4.3285,
1.0469 1.4328 4.3425,
1.061 1.4309 4.3608,
1.0698 1.4286 4.382,
1.0728 1.4262 4.4048,
1.0698 1.4238 4.4276,
1.061 1.4216 4.4489,
1.0469 1.4196 4.4671,
1.0285 1.4182 4.4811,
1.0072 1.4172 4.4899,
0.9843 1.4169 4.4929,
0.9613 1.4172 4.4899,
0.94 1.4182 4.4811,
0.9216 1.4196 4.4671,
0.9075 1.4216 4.4489,
0.8987 1.4238 4.4276,
0.8957 1.4262 4.4048,
0.8987 1.4286 4.382,
0.9075 1.4309 4.3608,
0.9216 1.4328 4.3425,
0.94 1.4343 4.3285,
0.9613 1.4352 4.3197,
0.9843 1.4556 4.317,
1.0072 1.4559 4.32,
1.0285 1.4566 4.3288,
1.0469 1.4577 4.3428,
1.061 1.4592 4.3611,
1.0698 1.461 4.3824,
1.0728 1.4628 4.4053,
1.0698 1.4647 4.4281,
1.061 1.4664 4.4494,
1.0469 1.4679 4.4677,
1.0285 1.469 4.4817,
1.0072 1.4698 4.4905,
0.9843 1.47 4.4936,
0.9613 1.4698 4.4905,
0.94 1.469 4.4817,
0.9216 1.4679 4.4677,
0.9075 1.4664 4.4494,
0.8987 1.4647 4.4281,
0.8957 1.4628 4.4053,
0.8987 1.461 4.3824,
0.9075 1.4592 4.3611,
0.9216 1.4577 4.3428,
0.94 1.4566 4.3288,
0.9613 1.4559 4.32,
0.9843 1.4755 4.3135,
1.0072 1.4763 4.3164,
1.0285 1.4786 4.3249,
1.0469 1.4823 4.3385,
1.061 1.4872 4.3562,
1.0698 1.4928 4.3768,
1.0728 1.4989 4.3989,
1.0698 1.5049 4.421,
1.061 1.5106 4.4416,
1.0469 1.5154 4.4593,
1.0285 1.5191 4.4729,
1.0072 1.5215 4.4814,
0.9843 1.5223 4.4843,
0.9613 1.5215 4.4814,
0.94 1.5191 4.4729,
0.9216 1.5154 4.4593,
0.9075 1.5106 4.4416,
0.8987 1.5049 4.421,
0.8957 1.4989 4.3989,
0.8987 1.4928 4.3768,
0.9075 1.4872 4.3562,
0.9216 1.4823 4.3385,
0.94 1.4786 4.3249,
0.9613 1.4763 4.3164,
0.9843 1.4943 4.3064,
1.0072 1.4956 4.3091,
1.0285 1.4995 4.317,
1.0469 1.5057 4.3297,
1.061 1.5137 4.3462,
1.0698 1.5231 4.3654,
1.0728 1.5331 4.386,
1.0698 1.5432 4.4066,
1.061 1.5525 4.4258,
1.0469 1.5606 4.4423,
1.0285 1.5667 4.455,
1.0072 1.5706 4.4629,
0.9843 1.5719 4.4656,
0.9613 1.5706 4.4629,
0.94 1.5667 4.455,
0.9216 1.5606 4.4423,
0.9075 1.5525 4.4258,
0.8987 1.5432 4.4066,
0.8957 1.5331 4.386,
0.8987 1.5231 4.3654,
0.9075 1.5137 4.3462,
0.9216 1.5057 4.3297,
0.94 1.4995 4.317,
0.9613 1.4956 4.3091,
0.9843 1.5115 4.2959,
1.0072 1.5133 4.2983,
1.0285 1.5186 4.3054,
1.0469 1.527 4.3167,
1.061 1.5379 4.3314,
1.0698 1.5507 4.3486,
1.0728 1.5644 4.367,
1.0698 1.5781 4.3854,
1.061 1.5908 4.4025,
1.0469 1.6018 4.4172,
1.0285 1.6102 4.4285,
1.0072 1.6155 4.4356,
0.9843 1.6173 4.438,
0.9613 1.6155 4.4356,
0.94 1.6102 4.4285,
0.9216 1.6018 4.4172,
0.9075 1.5908 4.4025,
0.8987 1.5781 4.3854,
0.8957 1.5644 4.367,
0.8987 1.5507 4.3486,
0.9075 1.5379 4.3314,
0.9216 1.527 4.3167,
0.94 1.5186 4.3054,
0.9613 1.5133 4.2983,
0.9843 1.5265 4.2824,
1.0072 1.5287 4.2845,
1.0285 1.5352 4.2905,
1.0469 1.5455 4.3,
1.061 1.559 4.3125,
1.0698 1.5747 4.3269,
1.0728 1.5916 4.3425,
1.0698 1.6084 4.358,
1.061 1.6241 4.3725,
1.0469 1.6376 4.3849,
1.0285 1.648 4.3945,
1.0072 1.6545 4.4005,
0.9843 1.6567 4.4025,
0.9613 1.6545 4.4005,
0.94 1.648 4.3945,
0.9216 1.6376 4.3849,
0.9075 1.6241 4.3725,
0.8987 1.6084 4.358,
0.8957 1.5916 4.3425,
0.8987 1.5747 4.3269,
0.9075 1.559 4.3125,
0.9216 1.5455 4.3,
0.94 1.5352 4.2905,
0.9613 1.5287 4.2845,
0.9843 1.5387 4.2664,
1.0072 1.5412 4.268,
1.0285 1.5487 4.2727,
1.0469 1.5607 4.2802,
1.061 1.5762 4.2899,
1.0698 1.5943 4.3012,
1.0728 1.6138 4.3134,
1.0698 1.6332 4.3255,
1.061 1.6513 4.3369,
1.0469 1.6669 4.3466,
1.0285 1.6788 4.354,
1.0072 1.6863 4.3587,
0.9843 1.6889 4.3603,
0.9613 1.6863 4.3587,
0.94 1.6788 4.354,
0.9216 1.6669 4.3466,
0.9075 1.6513 4.3369,
0.8987 1.6332 4.3255,
0.8957 1.6138 4.3134,
0.8987 1.5943 4.3012,
0.9075 1.5762 4.2899,
0.9216 1.5607 4.2802,
0.94 1.5487 4.2727,
0.9613 1.5412 4.268,
0.9843 1.5477 4.2485,
1.0072 1.5505 4.2496,
1.0285 1.5588 4.2528,
1.0469 1.5719 4.2579,
1.061 1.589 4.2646,
1.0698 1.6089 4.2723,
1.0728 1.6302 4.2807,
1.0698 1.6516 4.289,
1.061 1.6715 4.2968,
1.0469 1.6886 4.3035,
1.0285 1.7017 4.3086,
1.0072 1.7099 4.3118,
0.9843 1.7127 4.3129,
0.9613 1.7099 4.3118,
0.94 1.7017 4.3086,
0.9216 1.6886 4.3035,
0.9075 1.6715 4.2968,
0.8987 1.6516 4.289,
0.8957 1.6302 4.2807,
0.8987 1.6089 4.2723,
0.9075 1.589 4.2646,
0.9216 1.5719 4.2579,
0.94 1.5588 4.2528,
0.9613 1.5505 4.2496,
0.9843 1.5532 4.2291,
1.0072 1.5562 4.2297,
1.0285 1.5649 4.2313,
1.0469 1.5787 4.2339,
1.061 1.5968 4.2373,
1.0698 1.6178 4.2413,
1.0728 1.6403 4.2455,
1.0698 1.6628 4.2497,
1.061 1.6838 4.2537,
1.0469 1.7019 4.2571,
1.0285 1.7157 4.2597,
1.0072 1.7244 4.2613,
0.9843 1.7273 4.2619,
0.9613 1.7244 4.2613,
0.94 1.7157 4.2597,
0.9216 1.7019 4.2571,
0.9075 1.6838 4.2537,
0.8987 1.6628 4.2497,
0.8957 1.6403 4.2455,
0.8987 1.6178 4.2413,
0.9075 1.5968 4.2373,
0.9216 1.5787 4.2339,
0.94 1.5649 4.2313,
0.9613 1.5562 4.2297,
1.1644 1.7802 1.122,
1.1631 1.7859 1.147,
1.1614 1.8007 1.122,
1.162 1.8032 1.147,
1.1614 1.8007 0.1772,
1.1614 1.8031 -1.2008,
1.1644 1.7802 -1.2008,
1.1644 1.7802 0.1772,
1.1733 1.7589 -1.2008,
1.1733 1.7589 0.1772,
1.1874 1.7405 -1.2008,
1.1874 1.7405 0.1772,
1.2057 1.7264 -1.2008,
1.2057 1.7264 0.1772,
1.2271 1.7176 -1.2008,
1.3385 1.8007 0.1772,
1.3356 1.7802 0.1772,
1.3356 1.7802 -1.2008,
1.3267 1.7589 0.1772,
1.3267 1.7589 -1.2008,
1.3126 1.7405 0.1772,
1.3126 1.7405 -1.2008,
1.2943 1.7264 0.1772,
1.2943 1.7264 -1.2008,
1.2729 1.7176 0.1772,
1.2729 1.7176 -1.2008,
1.25 1.7146 0.1772,
1.25 1.7146 -1.2008,
1.2362 1.7164 0.1772,
1.2271 1.7176 0.1772,
1.3386 1.8031 -1.2008,
1.3386 1.8031 1.147,
1.3385 1.8007 1.122,
1.3384 1.7973 1.147,
1.3356 1.7802 1.122,
1.335 1.7803 1.147,
1.3339 1.7746 1.147,
1.3267 1.7589 1.122,
1.3262 1.7591 1.147,
1.3236 1.7539 1.147,
1.3126 1.7405 1.122,
1.3122 1.7409 1.147,
1.3084 1.7365 1.147,
1.2943 1.7264 1.122,
1.294 1.7269 1.147,
1.2892 1.7237 1.147,
1.2729 1.7176 1.122,
1.2727 1.7181 1.147,
1.2673 1.7163 1.147,
1.25 1.7146 1.122,
1.25 1.7151 1.147,
1.2442 1.7148 1.147,
1.2271 1.7176 1.122,
1.2272 1.7181 1.147,
1.2215 1.7193 1.147,
1.2057 1.7264 1.122,
1.206 1.7269 1.147,
1.2008 1.7295 1.147,
1.1874 1.7405 1.122,
1.1877 1.7409 1.147,
1.1834 1.7448 1.147,
1.1733 1.7589 1.122,
1.1738 1.7592 1.147,
1.1705 1.764 1.147,
1.165 1.7804 1.147,
1.1644 1.8261 -1.2008,
1.1616 1.809 1.147,
1.165 1.826 1.147,
1.1733 1.8474 -1.2008,
1.1661 1.8317 1.147,
1.1738 1.8472 1.147,
1.1874 1.8658 -1.2008,
1.1764 1.8524 1.147,
1.1878 1.8654 1.147,
1.2057 1.8799 -1.2008,
1.1916 1.8698 1.147,
1.206 1.8794 1.147,
1.2271 1.8887 -1.2008,
1.2108 1.8826 1.147,
1.2273 1.8882 1.147,
1.25 1.8917 -1.2008,
1.2327 1.89 1.147,
1.25 1.8912 1.147,
1.2729 1.8887 -1.2008,
1.2558 1.8915 1.147,
1.2728 1.8882 1.147,
1.2943 1.8799 -1.2008,
1.2785 1.887 1.147,
1.294 1.8794 1.147,
1.3126 1.8658 -1.2008,
1.2992 1.8768 1.147,
1.3123 1.8654 1.147,
1.3267 1.8474 -1.2008,
1.3166 1.8615 1.147,
1.3262 1.8471 1.147,
1.3356 1.8261 -1.2008,
1.3295 1.8423 1.147,
1.335 1.8259 1.147,
1.3369 1.8204 1.147,
1.2083 1.8877 1.2358,
1.1891 1.8749 1.2362,
1.1636 1.9091 1.41,
1.1816 1.8901 1.3239,
1.1662 1.873 1.3262,
1.1738 1.8576 1.2373,
1.1558 1.8526 1.3297,
1.1498 1.8912 1.414,
1.1537 1.8984 1.4121,
1.1635 1.8369 1.2391,
1.151 1.8305 1.3343,
1.1412 1.8708 1.4198,
1.143 1.8786 1.4174,
1.1589 1.8144 1.2415,
1.1522 1.808 1.3397,
1.1382 1.8492 1.4271,
1.1379 1.8571 1.4242,
1.1604 1.7915 1.2442,
1.1593 1.7868 1.3455,
1.1412 1.828 1.4353,
1.1387 1.8354 1.4322,
1.1677 1.7697 1.2471,
1.1718 1.7682 1.3513,
1.1498 1.8085 1.4438,
1.1454 1.815 1.4407,
1.1805 1.7507 1.25,
1.1889 1.7536 1.3567,
1.1636 1.7922 1.4522,
1.1575 1.7972 1.4493,
1.1978 1.7356 1.2527,
1.2094 1.7439 1.3613,
1.1815 1.7801 1.4597,
1.1742 1.7834 1.4572,
1.2185 1.7255 1.255,
1.2318 1.7398 1.3648,
1.2024 1.773 1.466,
1.1944 1.7743 1.4641,
1.2411 1.721 1.2568,
1.2548 1.7415 1.3671,
1.2249 1.7714 1.4705,
1.2166 1.7707 1.4693,
1.2641 1.7226 1.258,
1.2766 1.7491 1.3678,
1.2473 1.7755 1.473,
1.2394 1.7728 1.4726,
1.286 1.7301 1.2583,
1.2959 1.7618 1.3671,
1.2682 1.785 1.4734,
1.2612 1.7804 1.4738,
1.3053 1.7429 1.258,
1.3113 1.7789 1.3648,
1.2862 1.7991 1.4714,
1.2805 1.793 1.4726,
1.3205 1.7602 1.2568,
1.3217 1.7993 1.3613,
1.2999 1.817 1.4674,
1.2961 1.8098 1.4693,
1.3308 1.7808 1.255,
1.3122 1.8567 1.4553,
1.3119 1.8512 1.4572,
1.3265 1.8214 1.3567,
1.3086 1.8374 1.4616,
1.3068 1.8297 1.4641,
1.3354 1.8034 1.2527,
1.334 1.8263 1.25,
1.3182 1.8651 1.3455,
1.3086 1.8802 1.4462,
1.3253 1.8439 1.3513,
1.311 1.8729 1.4493,
1.312 1.859 1.4544,
1.3266 1.848 1.2471,
1.3057 1.8837 1.3397,
1.3 1.8997 1.4376,
1.3043 1.8933 1.4407,
1.3139 1.8671 1.2442,
1.2886 1.8983 1.3343,
1.2862 1.916 1.4293,
1.2922 1.911 1.4322,
1.2966 1.8822 1.2415,
1.2682 1.908 1.3297,
1.2682 1.9282 1.4217,
1.2755 1.9249 1.4242,
1.2759 1.8923 1.2391,
1.2457 1.9121 1.3262,
1.2473 1.9352 1.4155,
1.2554 1.9339 1.4174,
1.2533 1.8967 1.2373,
1.2025 1.9327 1.4084,
1.2104 1.9355 1.4088,
1.2227 1.9104 1.3239,
1.2249 1.9368 1.4109,
1.2332 1.9375 1.4121,
1.2009 1.9029 1.3232,
1.2302 1.8951 1.2362,
1.1692 1.9152 1.4088,
1.1816 1.9233 1.4081,
1.1886 1.9278 1.4077,
1.0239 2.2102 2.6857,
1.0093 2.2089 2.6836,
1.0011 2.2081 2.6824,
0.9869 2.2104 2.679,
0.9789 2.2117 2.6771,
0.966 2.2175 2.6728,
0.9587 2.2208 2.6703,
0.9481 2.2296 2.6652,
0.942 2.2346 2.6623,
0.9343 2.246 2.6569,
0.9299 2.2524 2.6538,
0.9256 2.2654 2.6483,
0.9232 2.2728 2.6452,
0.9227 2.2867 2.6401,
0.9224 2.2945 2.6372,
0.9256 2.3082 2.6329,
0.9275 2.316 2.6304,
0.9343 2.3287 2.6271,
0.9382 2.3358 2.6252,
0.9481 2.3465 2.623,
0.9537 2.3526 2.6219,
0.966 2.3607 2.6211,
0.973 2.3653 2.6207,
0.987 2.3701 2.6214,
0.9948 2.3729 2.6219,
1.0094 2.3742 2.624,
1.0176 2.375 2.6252,
1.0318 2.3727 2.6285,
1.0399 2.3714 2.6304,
1.0527 2.3656 2.6348,
1.06 2.3623 2.6372,
1.0707 2.3535 2.6423,
1.0767 2.3484 2.6452,
1.0844 2.3371 2.6507,
1.0888 2.3307 2.6538,
1.0931 2.3177 2.6592,
1.0955 2.3103 2.6623,
1.0965 2.2965 2.6675,
1.0967 2.2941 2.6684,
1.0963 2.2886 2.6703,
1.0931 2.2749 2.6747,
1.0912 2.2671 2.6771,
1.0844 2.2544 2.6805,
1.0806 2.2473 2.6824,
1.0706 2.2365 2.6845,
1.065 2.2305 2.6857,
1.0527 2.2224 2.6864,
1.0457 2.2178 2.6868,
1.0318 2.213 2.6861,
1.0334 2.2428 2.7713,
1.0527 2.2556 2.7705,
1.0604 2.2881 2.8572,
1.0451 2.2708 2.8583,
1.068 2.2727 2.7683,
1.0707 2.3087 2.8554,
1.0785 2.293 2.7648,
1.0753 2.3313 2.853,
1.0832 2.3152 2.7601,
1.082 2.3376 2.7548,
1.0665 2.3759 2.8474,
1.0739 2.3542 2.8503,
1.075 2.3589 2.749,
1.0538 2.395 2.8445,
1.0624 2.3774 2.7432,
1.0365 2.4101 2.8418,
1.0454 2.3921 2.7378,
1.0158 2.4202 2.8394,
1.0249 2.4018 2.7332,
0.9932 2.4246 2.8377,
1.0024 2.4059 2.7296,
0.9701 2.4231 2.8365,
0.9795 2.4041 2.7274,
0.9482 2.4156 2.8361,
0.9576 2.3966 2.7266,
0.929 2.4028 2.8365,
0.9383 2.3839 2.7274,
0.9137 2.3855 2.8377,
0.9229 2.3667 2.7296,
0.9034 2.3648 2.8394,
0.9125 2.3464 2.7332,
0.8988 2.3423 2.8418,
0.9077 2.3243 2.7378,
0.9003 2.3194 2.8445,
0.9089 2.3018 2.7432,
0.9076 2.2976 2.8474,
0.916 2.2806 2.749,
0.9204 2.2786 2.8503,
0.9285 2.262 2.7548,
0.9377 2.2635 2.853,
0.9456 2.2474 2.7601,
0.9583 2.2534 2.8554,
0.9661 2.2377 2.7648,
0.981 2.249 2.8572,
0.9886 2.2335 2.7683,
1.004 2.2505 2.8583,
1.0259 2.258 2.8587,
1.0115 2.2353 2.7705,
0.6348 -0.452 1.5401,
0.6135 -0.4597 1.5446,
0.5906 -0.386 1.501,
0.5906 -0.4623 1.5462,
0.5676 -0.4597 1.5446,
0.6761 -0.4058 1.5127,
0.6673 -0.4241 1.5236,
0.6532 -0.4399 1.5329,
0.6673 -0.3479 1.4785,
0.6761 -0.3663 1.4893,
0.6791 -0.386 1.501,
0.6135 -0.3124 1.4574,
0.6348 -0.32 1.4619,
0.6532 -0.3321 1.4691,
0.5463 -0.32 1.4619,
0.5676 -0.3124 1.4574,
0.5906 -0.3098 1.4559,
0.505 -0.3663 1.4893,
0.5138 -0.3479 1.4785,
0.5279 -0.3321 1.4691,
0.5138 -0.4241 1.5236,
0.505 -0.4058 1.5127,
0.502 -0.386 1.501,
0.5463 -0.452 1.5401,
0.5279 -0.4399 1.5329,
0.6789 2.3362 2.9475,
0.6791 2.3425 3.563,
0.6761 2.3196 3.563,
0.6673 2.2982 3.563,
0.6743 2.3135 2.9475,
0.6755 2.3197 2.9475,
0.6532 2.2799 3.563,
0.6639 2.2929 2.9475,
0.6667 2.2985 2.9475,
0.6348 2.2658 3.563,
0.6486 2.2756 2.9475,
0.6527 2.2803 2.9475,
0.6135 2.257 3.563,
0.6293 2.2628 2.9475,
0.6345 2.2663 2.9475,
0.5906 2.2539 3.563,
0.6073 2.2555 2.9475,
0.6133 2.2575 2.9475,
0.5676 2.257 3.563,
0.5842 2.2542 2.9475,
0.5905 2.2545 2.9475,
0.5463 2.2658 3.563,
0.5616 2.2588 2.9475,
0.5677 2.2575 2.9475,
0.5279 2.2799 3.563,
0.5409 2.2692 2.9475,
0.5465 2.2663 2.9475,
0.5138 2.2982 3.563,
0.5236 2.2845 2.9475,
0.5283 2.2803 2.9475,
0.505 2.3196 3.563,
0.5109 2.3038 2.9475,
0.5143 2.2986 2.9475,
0.502 2.3425 3.563,
0.5036 2.3258 2.9475,
0.5056 2.3198 2.9475,
0.505 2.3654 3.563,
0.5022 2.3488 2.9475,
0.5026 2.3426 2.9475,
0.5138 2.3868 3.563,
0.5068 2.3715 2.9475,
0.5056 2.3653 2.9475,
0.5279 2.4052 3.563,
0.5172 2.3922 2.9475,
0.5144 2.3865 2.9475,
0.5463 2.4192 3.563,
0.5325 2.4095 2.9475,
0.5284 2.4048 2.9475,
0.5676 2.4281 3.563,
0.5518 2.4222 2.9475,
0.5466 2.4187 2.9475,
0.5906 2.4311 3.563,
0.5738 2.4295 2.9475,
0.5678 2.4275 2.9475,
0.6135 2.4281 3.563,
0.5969 2.4309 2.9475,
0.5906 2.4305 2.9475,
0.6348 2.4192 3.563,
0.6195 2.4262 2.9475,
0.6134 2.4275 2.9475,
0.6532 2.4052 3.563,
0.6402 2.4159 2.9475,
0.6346 2.4187 2.9475,
0.6673 2.3868 3.563,
0.6575 2.4005 2.9475,
0.6528 2.4047 2.9475,
0.6761 2.3654 3.563,
0.6702 2.3812 2.9475,
0.6668 2.3865 2.9475,
0.6791 2.3425 2.9475,
0.6775 2.3593 2.9475,
0.6755 2.3653 2.9475,
0.5906 2.1457 3.6713,
0.5906 2.1737 3.6676,
0.6135 2.1457 3.6743,
0.6135 2.1745 3.6705,
0.6348 2.1457 3.6831,
0.6348 2.1768 3.679,
0.6532 2.1457 3.6972,
0.6532 2.1804 3.6926,
0.6673 2.1457 3.7156,
0.6673 2.1852 3.7104,
0.6761 2.1457 3.7369,
0.6761 2.1907 3.731,
0.6791 2.1457 3.7598,
0.6791 2.1966 3.7531,
0.6761 2.1457 3.7828,
0.6761 2.2026 3.7753,
0.6673 2.1457 3.8041,
0.6673 2.2081 3.7959,
0.6532 2.1457 3.8225,
0.6532 2.2128 3.8136,
0.6348 2.1457 3.8366,
0.6348 2.2165 3.8272,
0.6135 2.1457 3.8454,
0.6135 2.2188 3.8358,
0.5906 2.1457 3.8484,
0.5906 2.2195 3.8387,
0.5676 2.1457 3.8454,
0.5676 2.2188 3.8358,
0.5463 2.1457 3.8366,
0.5463 2.2165 3.8272,
0.5279 2.1457 3.8225,
0.5279 2.2128 3.8136,
0.5138 2.1457 3.8041,
0.5138 2.2081 3.7959,
0.505 2.1457 3.7828,
0.505 2.2026 3.7753,
0.502 2.1457 3.7598,
0.502 2.1966 3.7531,
0.505 2.1457 3.7369,
0.505 2.1907 3.731,
0.5138 2.1457 3.7156,
0.5138 2.1852 3.7104,
0.5279 2.1457 3.6972,
0.5279 2.1804 3.6926,
0.5463 2.1457 3.6831,
0.5463 2.1768 3.679,
0.5676 2.1457 3.6743,
0.5676 2.1745 3.6705,
0.5906 2.1998 3.6568,
0.6135 2.2013 3.6594,
0.6348 2.2057 3.667,
0.6532 2.2128 3.6792,
0.6673 2.2219 3.6951,
0.6761 2.2326 3.7136,
0.6791 2.2441 3.7335,
0.6761 2.2556 3.7533,
0.6673 2.2662 3.7718,
0.6532 2.2754 3.7877,
0.6348 2.2825 3.7999,
0.6135 2.2869 3.8076,
0.5906 2.2884 3.8102,
0.5676 2.2869 3.8076,
0.5463 2.2825 3.7999,
0.5279 2.2754 3.7877,
0.5138 2.2662 3.7718,
0.505 2.2556 3.7533,
0.502 2.2441 3.7335,
0.505 2.2326 3.7136,
0.5138 2.2219 3.6951,
0.5279 2.2128 3.6792,
0.5463 2.2057 3.667,
0.5676 2.2013 3.6594,
0.5906 2.2222 3.6395,
0.6135 2.2244 3.6417,
0.6348 2.2306 3.6479,
0.6532 2.2406 3.6579,
0.6673 2.2535 3.6709,
0.6761 2.2687 3.686,
0.6791 2.2849 3.7022,
0.6761 2.3011 3.7184,
0.6673 2.3162 3.7335,
0.6532 2.3292 3.7465,
0.6348 2.3391 3.7564,
0.6135 2.3454 3.7627,
0.5906 2.3475 3.7648,
0.5676 2.3454 3.7627,
0.5463 2.3391 3.7564,
0.5279 2.3292 3.7465,
0.5138 2.3162 3.7335,
0.505 2.3011 3.7184,
0.502 2.2849 3.7022,
0.505 2.2687 3.686,
0.5138 2.2535 3.6709,
0.5279 2.2406 3.6579,
0.5463 2.2306 3.6479,
0.5676 2.2244 3.6417,
0.5906 2.2394 3.6171,
0.6135 2.242 3.6186,
0.6348 2.2497 3.6231,
0.6532 2.2619 3.6301,
0.6673 2.2778 3.6393,
0.6761 2.2963 3.65,
0.6791 2.3161 3.6614,
0.6761 2.336 3.6729,
0.6673 2.3545 3.6836,
0.6532 2.3704 3.6927,
0.6348 2.3826 3.6998,
0.6135 2.3902 3.7042,
0.5906 2.3929 3.7057,
0.5676 2.3902 3.7042,
0.5463 2.3826 3.6998,
0.5279 2.3704 3.6927,
0.5138 2.3545 3.6836,
0.505 2.336 3.6729,
0.502 2.3161 3.6614,
0.505 2.2963 3.65,
0.5138 2.2778 3.6393,
0.5279 2.2619 3.6301,
0.5463 2.2497 3.6231,
0.5676 2.242 3.6186,
0.5906 2.2502 3.591,
0.6135 2.2532 3.5918,
0.6348 2.2617 3.5941,
0.6532 2.2753 3.5977,
0.6673 2.293 3.6025,
0.6761 2.3137 3.608,
0.6791 2.3358 3.6139,
0.6761 2.358 3.6199,
0.6673 2.3786 3.6254,
0.6532 2.3963 3.6302,
0.6348 2.4099 3.6338,
0.6135 2.4185 3.6361,
0.5906 2.4214 3.6369,
0.5676 2.4185 3.6361,
0.5463 2.4099 3.6338,
0.5279 2.3963 3.6302,
0.5138 2.3786 3.6254,
0.505 2.358 3.6199,
0.502 2.3358 3.6139,
0.505 2.3137 3.608,
0.5138 2.293 3.6025,
0.5279 2.2753 3.5977,
0.5463 2.2617 3.5941,
0.5676 2.2532 3.5918,
0.5906 1.8012 3.6713,
0.6135 1.8012 3.6743,
0.6348 1.8012 3.6831,
0.6532 1.8012 3.6972,
0.6673 1.8012 3.7156,
0.6761 1.8012 3.7369,
0.6791 1.8012 3.7598,
0.6761 1.8012 3.7828,
0.6673 1.8012 3.8041,
0.6532 1.8012 3.8225,
0.6348 1.8012 3.8366,
0.6135 1.8012 3.8454,
0.5906 1.8012 3.8484,
0.5676 1.8012 3.8454,
0.5463 1.8012 3.8366,
0.5279 1.8012 3.8225,
0.5138 1.8012 3.8041,
0.505 1.8012 3.7828,
0.502 1.8012 3.7598,
0.505 1.8012 3.7369,
0.5138 1.8012 3.7156,
0.5279 1.8012 3.6972,
0.5463 1.8012 3.6831,
0.5676 1.8012 3.6743,
0.5906 1.7323 3.9173,
0.5906 1.7346 3.8995,
0.5676 1.7293 3.9173,
0.5676 1.7317 3.8987,
0.5463 1.7204 3.9173,
0.5463 1.7232 3.8964,
0.5279 1.7063 3.9173,
0.5279 1.7096 3.8928,
0.5138 1.688 3.9173,
0.5138 1.6918 3.888,
0.505 1.6666 3.9173,
0.505 1.6712 3.8825,
0.502 1.6437 3.9173,
0.502 1.6491 3.8766,
0.505 1.6208 3.9173,
0.505 1.6269 3.8706,
0.5138 1.5994 3.9173,
0.5138 1.6063 3.8651,
0.5279 1.5811 3.9173,
0.5279 1.5886 3.8604,
0.5463 1.567 3.9173,
0.5463 1.575 3.8567,
0.5676 1.5581 3.9173,
0.5676 1.5664 3.8544,
0.5906 1.5551 3.9173,
0.5906 1.5635 3.8536,
0.6135 1.5581 3.9173,
0.6135 1.5664 3.8544,
0.6348 1.567 3.9173,
0.6348 1.575 3.8567,
0.6532 1.5811 3.9173,
0.6532 1.5886 3.8604,
0.6673 1.5994 3.9173,
0.6673 1.6063 3.8651,
0.6761 1.6208 3.9173,
0.6761 1.6269 3.8706,
0.6791 1.6437 3.9173,
0.6791 1.6491 3.8766,
0.6761 1.6666 3.9173,
0.6761 1.6712 3.8825,
0.6673 1.688 3.9173,
0.6673 1.6918 3.888,
0.6532 1.7063 3.9173,
0.6532 1.7096 3.8928,
0.6348 1.7204 3.9173,
0.6348 1.7232 3.8964,
0.6135 1.7293 3.9173,
0.6135 1.7317 3.8987,
0.5906 1.7415 3.8829,
0.5676 1.7389 3.8814,
0.5463 1.7312 3.8769,
0.5279 1.719 3.8699,
0.5138 1.7032 3.8607,
0.505 1.6847 3.85,
0.502 1.6648 3.8386,
0.505 1.6449 3.8271,
0.5138 1.6264 3.8164,
0.5279 1.6106 3.8073,
0.5463 1.5984 3.8002,
0.5676 1.5907 3.7958,
0.5906 1.5881 3.7943,
0.6135 1.5907 3.7958,
0.6348 1.5984 3.8002,
0.6532 1.6106 3.8073,
0.6673 1.6264 3.8164,
0.6761 1.6449 3.8271,
0.6791 1.6648 3.8386,
0.6761 1.6847 3.85,
0.6673 1.7032 3.8607,
0.6532 1.719 3.8699,
0.6348 1.7312 3.8769,
0.6135 1.7389 3.8814,
0.5906 1.7525 3.8686,
0.5676 1.7503 3.8665,
0.5463 1.7441 3.8602,
0.5279 1.7341 3.8503,
0.5138 1.7211 3.8373,
0.505 1.706 3.8222,
0.502 1.6898 3.806,
0.505 1.6736 3.7898,
0.5138 1.6585 3.7746,
0.5279 1.6455 3.7617,
0.5463 1.6356 3.7517,
0.5676 1.6293 3.7455,
0.5906 1.6272 3.7433,
0.6135 1.6293 3.7455,
0.6348 1.6356 3.7517,
0.6532 1.6455 3.7617,
0.6673 1.6585 3.7746,
0.6761 1.6736 3.7898,
0.6791 1.6898 3.806,
0.6761 1.706 3.8222,
0.6673 1.7211 3.8373,
0.6532 1.7341 3.8503,
0.6348 1.7441 3.8602,
0.6135 1.7503 3.8665,
0.5906 1.7667 3.8577,
0.5676 1.7652 3.855,
0.5463 1.7608 3.8474,
0.5279 1.7538 3.8352,
0.5138 1.7446 3.8193,
0.505 1.7339 3.8008,
0.502 1.7224 3.7809,
0.505 1.711 3.7611,
0.5138 1.7003 3.7426,
0.5279 1.6911 3.7267,
0.5463 1.6841 3.7145,
0.5676 1.6797 3.7068,
0.5906 1.6781 3.7042,
0.6135 1.6797 3.7068,
0.6348 1.6841 3.7145,
0.6532 1.6911 3.7267,
0.6673 1.7003 3.7426,
0.6761 1.711 3.7611,
0.6791 1.7224 3.7809,
0.6761 1.7339 3.8008,
0.6673 1.7446 3.8193,
0.6532 1.7538 3.8352,
0.6348 1.7608 3.8474,
0.6135 1.7652 3.855,
0.5906 1.7833 3.8508,
0.5676 1.7826 3.8479,
0.5463 1.7803 3.8393,
0.5279 1.7766 3.8257,
0.5138 1.7719 3.808,
0.505 1.7664 3.7874,
0.502 1.7604 3.7652,
0.505 1.7545 3.7431,
0.5138 1.749 3.7224,
0.5279 1.7442 3.7047,
0.5463 1.7406 3.6911,
0.5676 1.7383 3.6826,
0.5906 1.7375 3.6796,
0.6135 1.7383 3.6826,
0.6348 1.7406 3.6911,
0.6532 1.7442 3.7047,
0.6673 1.749 3.7224,
0.6761 1.7545 3.7431,
0.6791 1.7604 3.7652,
0.6761 1.7664 3.7874,
0.6673 1.7719 3.808,
0.6532 1.7766 3.8257,
0.6348 1.7803 3.8393,
0.6135 1.7826 3.8479,
0.6791 1.6437 4.2091,
0.6761 1.6666 4.2091,
0.6673 1.688 4.2091,
0.6532 1.7063 4.2091,
0.6348 1.7204 4.2091,
0.6135 1.7293 4.2091,
0.5906 1.7323 4.2091,
0.5676 1.7293 4.2091,
0.5463 1.7204 4.2091,
0.5279 1.7063 4.2091,
0.5138 1.688 4.2091,
0.505 1.6666 4.2091,
0.502 1.6437 4.2091,
0.505 1.6208 4.2091,
0.5138 1.5994 4.2091,
0.5279 1.5811 4.2091,
0.5463 1.567 4.2091,
0.5676 1.5581 4.2091,
0.5906 1.5551 4.2091,
0.6135 1.5581 4.2091,
0.6348 1.567 4.2091,
0.6532 1.5811 4.2091,
0.6673 1.5994 4.2091,
0.6761 1.6208 4.2091,
0.5906 1.3537 4.2642,
0.5906 1.3711 4.2864,
0.6135 1.3511 4.2658,
0.6135 1.369 4.2885,
0.6348 1.3435 4.2703,
0.6348 1.3628 4.2949,
0.6532 1.3314 4.2775,
0.6532 1.3529 4.3049,
0.6673 1.3156 4.2868,
0.6673 1.3401 4.318,
0.6761 1.2972 4.2977,
0.6761 1.3251 4.3333,
0.6791 1.2775 4.3094,
0.6791 1.3091 4.3496,
0.6761 1.2578 4.3211,
0.6761 1.293 4.366,
0.6673 1.2394 4.332,
0.6673 1.2781 4.3813,
0.6532 1.2236 4.3413,
0.6532 1.2652 4.3944,
0.6348 1.2115 4.3485,
0.6348 1.2554 4.4044,
0.6135 1.2039 4.353,
0.6135 1.2492 4.4108,
0.5906 1.2013 4.3545,
0.5906 1.2471 4.4129,
0.5676 1.2039 4.353,
0.5676 1.2492 4.4108,
0.5463 1.2115 4.3485,
0.5463 1.2554 4.4044,
0.5279 1.2236 4.3413,
0.5279 1.2652 4.3944,
0.5138 1.2394 4.332,
0.5138 1.2781 4.3813,
0.505 1.2578 4.3211,
0.505 1.293 4.366,
0.502 1.2775 4.3094,
0.502 1.3091 4.3496,
0.505 1.2972 4.2977,
0.505 1.3251 4.3333,
0.5138 1.3156 4.2868,
0.5138 1.3401 4.318,
0.5279 1.3314 4.2775,
0.5279 1.3529 4.3049,
0.5463 1.3435 4.2703,
0.5463 1.3628 4.2949,
0.5676 1.3511 4.2658,
0.5676 1.369 4.2885,
0.5906 1.3936 4.3033,
0.6135 1.3921 4.3059,
0.6348 1.3877 4.3136,
0.6532 1.3808 4.3259,
0.6673 1.3718 4.3419,
0.6761 1.3612 4.3605,
0.6791 1.35 4.3804,
0.6761 1.3387 4.4004,
0.6673 1.3282 4.419,
0.6532 1.3191 4.4349,
0.6348 1.3122 4.4472,
0.6135 1.3078 4.4549,
0.5906 1.3063 4.4575,
0.5676 1.3078 4.4549,
0.5463 1.3122 4.4472,
0.5279 1.3191 4.4349,
0.5138 1.3282 4.419,
0.505 1.3387 4.4004,
0.502 1.35 4.3804,
0.505 1.3612 4.3605,
0.5138 1.3718 4.3419,
0.5279 1.3808 4.3259,
0.5463 1.3877 4.3136,
0.5676 1.3921 4.3059,
0.5906 1.4196 4.3139,
0.6135 1.4189 4.3168,
0.6348 1.4167 4.3253,
0.6532 1.4131 4.339,
0.6673 1.4085 4.3567,
0.6761 1.4032 4.3774,
0.6791 1.3974 4.3996,
0.6761 1.3916 4.4218,
0.6673 1.3863 4.4425,
0.6532 1.3817 4.4602,
0.6348 1.3781 4.4738,
0.6135 1.3759 4.4824,
0.5906 1.3751 4.4853,
0.5676 1.3759 4.4824,
0.5463 1.3781 4.4738,
0.5279 1.3817 4.4602,
0.5138 1.3863 4.4425,
0.505 1.3916 4.4218,
0.502 1.3974 4.3996,
0.505 1.4032 4.3774,
0.5138 1.4085 4.3567,
0.5279 1.4131 4.339,
0.5463 1.4167 4.3253,
0.5676 1.4189 4.3168,
0.5906 1.4476 4.3173,
0.6135 1.4476 4.3203,
0.6348 1.4477 4.3292,
0.6532 1.4477 4.3433,
0.6673 1.4479 4.3616,
0.6761 1.448 4.383,
0.6791 1.4482 4.4059,
0.6761 1.4483 4.4288,
0.6673 1.4485 4.4502,
0.6532 1.4486 4.4685,
0.6348 1.4487 4.4826,
0.6135 1.4487 4.4915,
0.5906 1.4488 4.4945,
0.5676 1.4487 4.4915,
0.5463 1.4487 4.4826,
0.5279 1.4486 4.4685,
0.5138 1.4485 4.4502,
0.505 1.4483 4.4288,
0.502 1.4482 4.4059,
0.505 1.448 4.383,
0.5138 1.4479 4.3616,
0.5279 1.4477 4.3433,
0.5463 1.4477 4.3292,
0.5676 1.4476 4.3203,
0.5906 1.4755 4.3135,
0.6135 1.4763 4.3164,
0.6348 1.4786 4.3249,
0.6532 1.4823 4.3385,
0.6673 1.4872 4.3562,
0.6761 1.4928 4.3768,
0.6791 1.4989 4.3989,
0.6761 1.5049 4.421,
0.6673 1.5106 4.4416,
0.6532 1.5154 4.4593,
0.6348 1.5191 4.4729,
0.6135 1.5215 4.4814,
0.5906 1.5223 4.4843,
0.5676 1.5215 4.4814,
0.5463 1.5191 4.4729,
0.5279 1.5154 4.4593,
0.5138 1.5106 4.4416,
0.505 1.5049 4.421,
0.502 1.4989 4.3989,
0.505 1.4928 4.3768,
0.5138 1.4872 4.3562,
0.5279 1.4823 4.3385,
0.5463 1.4786 4.3249,
0.5676 1.4763 4.3164,
0.5906 1.5014 4.3026,
0.6135 1.5029 4.3052,
0.6348 1.5074 4.3128,
0.6532 1.5145 4.325,
0.6673 1.5237 4.3408,
0.6761 1.5345 4.3593,
0.6791 1.546 4.3791,
0.6761 1.5576 4.3989,
0.6673 1.5684 4.4174,
0.6532 1.5776 4.4332,
0.6348 1.5847 4.4454,
0.6135 1.5891 4.453,
0.5906 1.5907 4.4556,
0.5676 1.5891 4.453,
0.5463 1.5847 4.4454,
0.5279 1.5776 4.4332,
0.5138 1.5684 4.4174,
0.505 1.5576 4.3989,
0.502 1.546 4.3791,
0.505 1.5345 4.3593,
0.5138 1.5237 4.3408,
0.5279 1.5145 4.325,
0.5463 1.5074 4.3128,
0.5676 1.5029 4.3052,
0.5906 1.5237 4.2854,
0.6135 1.5258 4.2875,
0.6348 1.5321 4.2937,
0.6532 1.5421 4.3036,
0.6673 1.5551 4.3166,
0.6761 1.5702 4.3316,
0.6791 1.5865 4.3478,
0.6761 1.6028 4.3639,
0.6673 1.6179 4.379,
0.6532 1.6309 4.3919,
0.6348 1.6409 4.4018,
0.6135 1.6472 4.4081,
0.5906 1.6494 4.4102,
0.5676 1.6472 4.4081,
0.5463 1.6409 4.4018,
0.5279 1.6309 4.3919,
0.5138 1.6179 4.379,
0.505 1.6028 4.3639,
0.502 1.5865 4.3478,
0.505 1.5702 4.3316,
0.5138 1.5551 4.3166,
0.5279 1.5421 4.3036,
0.5463 1.5321 4.2937,
0.5676 1.5258 4.2875,
0.5906 1.5407 4.263,
0.6135 1.5434 4.2645,
0.6348 1.551 4.2689,
0.6532 1.5632 4.2759,
0.6673 1.5791 4.285,
0.6761 1.5977 4.2957,
0.6791 1.6175 4.3071,
0.6761 1.6374 4.3185,
0.6673 1.656 4.3292,
0.6532 1.6719 4.3383,
0.6348 1.6841 4.3453,
0.6135 1.6917 4.3497,
0.5906 1.6944 4.3512,
0.5676 1.6917 4.3497,
0.5463 1.6841 4.3453,
0.5279 1.6719 4.3383,
0.5138 1.656 4.3292,
0.505 1.6374 4.3185,
0.502 1.6175 4.3071,
0.505 1.5977 4.2957,
0.5138 1.5791 4.285,
0.5279 1.5632 4.2759,
0.5463 1.551 4.2689,
0.5676 1.5434 4.2645,
0.5906 1.5515 4.237,
0.6135 1.5544 4.2377,
0.6348 1.5629 4.24,
0.6532 1.5765 4.2437,
0.6673 1.5943 4.2484,
0.6761 1.6149 4.2539,
0.6791 1.6371 4.2598,
0.6761 1.6592 4.2657,
0.6673 1.6798 4.2712,
0.6532 1.6976 4.2759,
0.6348 1.7112 4.2796,
0.6135 1.7197 4.2818,
0.5906 1.7226 4.2826,
0.5676 1.7197 4.2818,
0.5463 1.7112 4.2796,
0.5279 1.6976 4.2759,
0.5138 1.6798 4.2712,
0.505 1.6592 4.2657,
0.502 1.6371 4.2598,
0.505 1.6149 4.2539,
0.5138 1.5943 4.2484,
0.5279 1.5765 4.2437,
0.5463 1.5629 4.24,
0.5676 1.5544 4.2377,
0.6644 2.7802 1.122,
0.663 2.7864 1.147,
0.6618 2.7954 1.122,
0.662 2.8032 1.147,
0.6618 2.7954 0.1772,
0.6614 2.8031 -1.2008,
0.6644 2.7802 -1.2008,
0.6644 2.7802 0.1772,
0.6733 2.7589 -1.2008,
0.6733 2.7589 0.1772,
0.6874 2.7405 -1.2008,
0.6874 2.7405 0.1772,
0.7057 2.7264 -1.2008,
0.7057 2.7264 0.1772,
0.7271 2.7176 -1.2008,
0.7271 2.7176 0.1772,
0.75 2.7146 -1.2008,
0.75 2.7146 0.1772,
0.7729 2.7176 -1.2008,
0.8382 2.7954 0.1772,
0.8356 2.7802 0.1772,
0.8356 2.7802 -1.2008,
0.8267 2.7589 0.1772,
0.8267 2.7589 -1.2008,
0.8126 2.7405 0.1772,
0.8126 2.7405 -1.2008,
0.7943 2.7264 0.1772,
0.7943 2.7264 -1.2008,
0.7874 2.7236 0.1772,
0.7729 2.7176 0.1772,
0.8386 2.8031 -1.2008,
0.8386 2.8031 1.147,
0.8382 2.7954 1.122,
0.8384 2.7968 1.147,
0.8356 2.7802 1.122,
0.835 2.7803 1.147,
0.8337 2.7742 1.147,
0.8267 2.7589 1.122,
0.8262 2.7591 1.147,
0.8234 2.7535 1.147,
0.8126 2.7405 1.122,
0.8122 2.7409 1.147,
0.808 2.7362 1.147,
0.7943 2.7264 1.122,
0.794 2.7269 1.147,
0.7887 2.7235 1.147,
0.7729 2.7176 1.122,
0.7727 2.7182 1.147,
0.7668 2.7162 1.147,
0.75 2.7146 1.122,
0.75 2.7152 1.147,
0.7437 2.7148 1.147,
0.7271 2.7176 1.122,
0.7272 2.7182 1.147,
0.721 2.7194 1.147,
0.7057 2.7264 1.122,
0.706 2.727 1.147,
0.7003 2.7298 1.147,
0.6874 2.7405 1.122,
0.6878 2.741 1.147,
0.6831 2.7451 1.147,
0.6733 2.7589 1.122,
0.6738 2.7592 1.147,
0.6703 2.7644 1.147,
0.665 2.7804 1.147,
0.6644 2.8261 -1.2008,
0.6616 2.8095 1.147,
0.665 2.826 1.147,
0.6733 2.8474 -1.2008,
0.6663 2.8321 1.147,
0.6738 2.8472 1.147,
0.6874 2.8658 -1.2008,
0.6766 2.8528 1.147,
0.6878 2.8654 1.147,
0.7057 2.8799 -1.2008,
0.692 2.8701 1.147,
0.706 2.8794 1.147,
0.7271 2.8887 -1.2008,
0.7113 2.8828 1.147,
0.7273 2.8881 1.147,
0.75 2.8917 -1.2008,
0.7332 2.8901 1.147,
0.75 2.8911 1.147,
0.7729 2.8887 -1.2008,
0.7563 2.8915 1.147,
0.7728 2.8881 1.147,
0.7943 2.8799 -1.2008,
0.779 2.8869 1.147,
0.794 2.8793 1.147,
0.8126 2.8658 -1.2008,
0.7997 2.8765 1.147,
0.8122 2.8653 1.147,
0.8267 2.8474 -1.2008,
0.8169 2.8612 1.147,
0.8262 2.8471 1.147,
0.8356 2.8261 -1.2008,
0.8297 2.8419 1.147,
0.835 2.8259 1.147,
0.837 2.8199 1.147,
0.8142 2.8094 1.4014,
0.817 2.8053 1.4005,
0.8265 2.8327 1.2752,
0.8339 2.8109 1.2725,
0.8264 2.7668 1.3901,
0.8263 2.762 1.3887,
0.8353 2.7881 1.2693,
0.8229 2.745 1.3833,
0.822 2.7403 1.3819,
0.8308 2.7657 1.2658,
0.8142 2.7249 1.3765,
0.812 2.7206 1.375,
0.8205 2.7452 1.2623,
0.8002 2.7078 1.37,
0.7969 2.7042 1.3686,
0.8052 2.7282 1.2591,
0.7156 2.6883 1.3556,
0.7184 2.7119 1.2524,
0.741 2.7072 1.2529,
0.7641 2.7085 1.2542,
0.7382 2.6848 1.3569,
0.7332 2.6846 1.3563,
0.7821 2.6949 1.3644,
0.7779 2.6923 1.3632,
0.786 2.7156 1.2564,
0.7609 2.6871 1.3599,
0.7562 2.6856 1.359,
0.8229 2.7888 1.3963,
0.8246 2.7841 1.3951,
0.8264 2.768 1.3905,
0.8137 2.8518 1.2774,
0.7964 2.8671 1.2787,
0.8003 2.8273 1.4053,
0.8041 2.824 1.4047,
0.7757 2.8774 1.2792,
0.7821 2.8412 1.4076,
0.7867 2.839 1.4074,
0.7531 2.8821 1.2787,
0.761 2.8502 1.4081,
0.7659 2.8492 1.4083,
0.73 2.8808 1.2774,
0.7383 2.8538 1.4068,
0.7433 2.854 1.4074,
0.7081 2.8736 1.2752,
0.7156 2.8515 1.4038,
0.7204 2.853 1.4047,
0.6889 2.8611 1.2725,
0.6945 2.8437 1.3993,
0.6986 2.8463 1.4005,
0.6736 2.844 1.2693,
0.6763 2.8308 1.3937,
0.6796 2.8343 1.3951,
0.6633 2.8236 1.2658,
0.6624 2.8137 1.3872,
0.6646 2.818 1.3887,
0.6588 2.8012 1.2623,
0.6536 2.7935 1.3804,
0.6546 2.7983 1.3819,
0.6602 2.7784 1.2591,
0.6506 2.7718 1.3736,
0.6503 2.7766 1.375,
0.6676 2.7566 1.2564,
0.6536 2.7498 1.3674,
0.652 2.7544 1.3686,
0.6804 2.7375 1.2542,
0.6624 2.7292 1.3623,
0.6595 2.7333 1.3632,
0.6977 2.7222 1.2529,
0.6763 2.7113 1.3584,
0.6725 2.7146 1.359,
0.7106 2.6894 1.3554,
0.6944 2.6974 1.3561,
0.6899 2.6996 1.3563,
0.6202 2.2927 2.6898,
0.6022 2.2919 2.6877,
0.5972 2.2917 2.6871,
0.5796 2.2954 2.6864,
0.5746 2.2965 2.6862,
0.5584 2.3045 2.6869,
0.5539 2.3067 2.6871,
0.5403 2.3184 2.6892,
0.5365 2.3217 2.6898,
0.5263 2.3363 2.693,
0.5235 2.3404 2.694,
0.5176 2.3569 2.6982,
0.5159 2.3615 2.6994,
0.5146 2.3788 2.7044,
0.5143 2.3837 2.7058,
0.5176 2.4006 2.7111,
0.5186 2.4054 2.7126,
0.5264 2.4207 2.718,
0.5286 2.425 2.7195,
0.5403 2.4378 2.7245,
0.5436 2.4414 2.7258,
0.5585 2.4508 2.7301,
0.5626 2.4534 2.7313,
0.5796 2.4586 2.7346,
0.5844 2.4601 2.7355,
0.6023 2.4608 2.7376,
0.6073 2.4611 2.7382,
0.625 2.4573 2.7389,
0.6299 2.4563 2.7391,
0.6461 2.4483 2.7384,
0.6507 2.4461 2.7382,
0.6643 2.4344 2.7361,
0.6681 2.4311 2.7355,
0.6782 2.4165 2.7322,
0.681 2.4124 2.7313,
0.6869 2.3959 2.727,
0.6886 2.3912 2.7258,
0.6904 2.3751 2.7213,
0.6904 2.3739 2.7209,
0.6903 2.3691 2.7195,
0.6869 2.3521 2.7141,
0.686 2.3474 2.7126,
0.6782 2.332 2.7073,
0.676 2.3277 2.7058,
0.6642 2.3149 2.7008,
0.6609 2.3113 2.6994,
0.6461 2.302 2.6952,
0.6419 2.2994 2.694,
0.6249 2.2942 2.6907,
0.5067 2.3348 2.822,
0.5052 2.3576 2.8252,
0.5098 2.38 2.8287,
0.5201 2.4004 2.8321,
0.5353 2.4175 2.8354,
0.6221 2.4338 2.842,
0.5995 2.4385 2.8416,
0.5765 2.4372 2.8403,
0.5546 2.43 2.8381,
0.5141 2.313 2.8192,
0.5268 2.2939 2.8171,
0.5442 2.2786 2.8158,
0.5649 2.2683 2.8153,
0.5875 2.2636 2.8158,
0.6105 2.2649 2.8171,
0.6324 2.272 2.8192,
0.6517 2.2846 2.822,
0.6669 2.3016 2.8252,
0.6772 2.3221 2.8287,
0.6818 2.3445 2.8321,
0.6803 2.3673 2.8354,
0.6729 2.3891 2.8381,
0.6602 2.4082 2.8403,
0.6428 2.4235 2.8416,
0.3379 1.8032 1.147,
0.3374 1.7887 1.147,
0.3386 1.8007 1.122,
0.3356 1.7802 1.122,
0.3386 1.8007 0.1772,
0.3356 1.7802 -1.2008,
0.3386 1.8031 -1.2008,
0.3349 1.7804 1.147,
0.3307 1.7666 1.147,
0.3267 1.7589 1.122,
0.3261 1.7592 1.147,
0.3185 1.747 1.147,
0.3126 1.7405 1.122,
0.3122 1.741 1.147,
0.3016 1.7311 1.147,
0.2943 1.7264 1.122,
0.294 1.7271 1.147,
0.2812 1.7202 1.147,
0.2729 1.7176 1.122,
0.2728 1.7183 1.147,
0.2587 1.715 1.147,
0.25 1.7146 1.122,
0.25 1.7153 1.147,
0.2356 1.7157 1.147,
0.2271 1.7176 1.122,
0.2273 1.7183 1.147,
0.2134 1.7225 1.147,
0.2057 1.7264 1.122,
0.2061 1.727 1.147,
0.1938 1.7347 1.147,
0.1874 1.7405 1.122,
0.1879 1.741 1.147,
0.178 1.7515 1.147,
0.1733 1.7589 1.122,
0.1739 1.7592 1.147,
0.1671 1.7719 1.147,
0.1644 1.7802 1.122,
0.1644 1.7802 0.1772,
0.1614 1.8007 0.1772,
0.1614 1.8031 -1.2008,
0.1614 1.8031 1.147,
0.1614 1.8007 1.122,
0.1618 1.7945 1.147,
0.1651 1.7804 1.147,
0.3356 1.7802 0.1772,
0.3267 1.7589 0.1772,
0.3267 1.7589 -1.2008,
0.3126 1.7405 0.1772,
0.3126 1.7405 -1.2008,
0.2943 1.7264 0.1772,
0.2943 1.7264 -1.2008,
0.2729 1.7176 0.1772,
0.2729 1.7176 -1.2008,
0.25 1.7146 0.1772,
0.25 1.7146 -1.2008,
0.2271 1.7176 0.1772,
0.2271 1.7176 -1.2008,
0.2057 1.7264 0.1772,
0.2057 1.7264 -1.2008,
0.1874 1.7405 0.1772,
0.1874 1.7405 -1.2008,
0.1733 1.7589 0.1772,
0.1733 1.7589 -1.2008,
0.1644 1.7802 -1.2008,
0.3382 1.8118 1.147,
0.3356 1.8261 -1.2008,
0.3349 1.8259 1.147,
0.3329 1.8344 1.147,
0.3267 1.8474 -1.2008,
0.3261 1.8471 1.147,
0.322 1.8548 1.147,
0.3126 1.8658 -1.2008,
0.3121 1.8653 1.147,
0.3062 1.8716 1.147,
0.2943 1.8799 -1.2008,
0.2939 1.8793 1.147,
0.2866 1.8838 1.147,
0.2729 1.8887 -1.2008,
0.2727 1.888 1.147,
0.2644 1.8905 1.147,
0.25 1.8917 -1.2008,
0.25 1.891 1.147,
0.2413 1.8913 1.147,
0.2271 1.8887 -1.2008,
0.2272 1.888 1.147,
0.2188 1.8861 1.147,
0.2057 1.8799 -1.2008,
0.206 1.8792 1.147,
0.1984 1.8752 1.147,
0.1874 1.8658 -1.2008,
0.1878 1.8653 1.147,
0.1815 1.8593 1.147,
0.1733 1.8474 -1.2008,
0.1739 1.8471 1.147,
0.1693 1.8397 1.147,
0.1644 1.8261 -1.2008,
0.1651 1.8259 1.147,
0.1626 1.8176 1.147,
0.2411 -0.452 1.5401,
0.2198 -0.4597 1.5446,
0.1969 -0.386 1.501,
0.1969 -0.4623 1.5462,
0.1739 -0.4597 1.5446,
0.2824 -0.4058 1.5127,
0.2736 -0.4241 1.5236,
0.2595 -0.4399 1.5329,
0.2736 -0.3479 1.4785,
0.2824 -0.3663 1.4893,
0.2854 -0.386 1.501,
0.2198 -0.3124 1.4574,
0.2411 -0.32 1.4619,
0.2595 -0.3321 1.4691,
0.1526 -0.32 1.4619,
0.1739 -0.3124 1.4574,
0.1969 -0.3098 1.4559,
0.1113 -0.3663 1.4893,
0.1201 -0.3479 1.4785,
0.1342 -0.3321 1.4691,
0.1201 -0.4241 1.5236,
0.1113 -0.4058 1.5127,
0.1083 -0.386 1.501,
0.1526 -0.452 1.5401,
0.1342 -0.4399 1.5329,
0.2854 2.3425 3.563,
0.2824 2.3196 3.563,
0.2843 2.3281 2.9475,
0.2736 2.2982 3.563,
0.2775 2.306 2.9475,
0.2817 2.3198 2.9475,
0.2595 2.2799 3.563,
0.2653 2.2863 2.9475,
0.273 2.2986 2.9475,
0.2411 2.2658 3.563,
0.2485 2.2705 2.9475,
0.259 2.2804 2.9475,
0.2198 2.257 3.563,
0.2281 2.2596 2.9475,
0.2408 2.2664 2.9475,
0.1969 2.2539 3.563,
0.2055 2.2544 2.9475,
0.2196 2.2576 2.9475,
0.1739 2.257 3.563,
0.1824 2.2551 2.9475,
0.1969 2.2546 2.9475,
0.1526 2.2658 3.563,
0.1603 2.2618 2.9475,
0.1741 2.2576 2.9475,
0.1342 2.2799 3.563,
0.1407 2.274 2.9475,
0.1529 2.2664 2.9475,
0.1201 2.2982 3.563,
0.1248 2.2909 2.9475,
0.1347 2.2804 2.9475,
0.1113 2.3196 3.563,
0.1139 2.3113 2.9475,
0.1208 2.2986 2.9475,
0.1083 2.3425 3.563,
0.1087 2.3338 2.9475,
0.112 2.3198 2.9475,
0.1113 2.3654 3.563,
0.1094 2.3569 2.9475,
0.1083 2.3425 2.9475,
0.1201 2.3868 3.563,
0.1162 2.3791 2.9475,
0.112 2.3652 2.9475,
0.1342 2.4052 3.563,
0.1284 2.3987 2.9475,
0.1207 2.3864 2.9475,
0.1526 2.4192 3.563,
0.1452 2.4145 2.9475,
0.1347 2.4046 2.9475,
0.1739 2.4281 3.563,
0.1656 2.4254 2.9475,
0.1529 2.4186 2.9475,
0.1969 2.4311 3.563,
0.1882 2.4307 2.9475,
0.1741 2.4274 2.9475,
0.2198 2.4281 3.563,
0.2113 2.4299 2.9475,
0.1968 2.4304 2.9475,
0.2411 2.4192 3.563,
0.2334 2.4232 2.9475,
0.2196 2.4274 2.9475,
0.2595 2.4052 3.563,
0.253 2.411 2.9475,
0.2408 2.4186 2.9475,
0.2736 2.3868 3.563,
0.2689 2.3941 2.9475,
0.259 2.4047 2.9475,
0.2824 2.3654 3.563,
0.2798 2.3737 2.9475,
0.2729 2.3865 2.9475,
0.2847 2.3425 2.9475,
0.285 2.3512 2.9475,
0.2817 2.3653 2.9475,
0.1969 2.1457 3.6713,
0.1969 2.1737 3.6676,
0.2198 2.1457 3.6743,
0.2198 2.1745 3.6705,
0.2411 2.1457 3.6831,
0.2411 2.1768 3.679,
0.2595 2.1457 3.6972,
0.2595 2.1804 3.6926,
0.2736 2.1457 3.7156,
0.2736 2.1852 3.7104,
0.2824 2.1457 3.7369,
0.2824 2.1907 3.731,
0.2854 2.1457 3.7598,
0.2854 2.1966 3.7531,
0.2824 2.1457 3.7828,
0.2824 2.2026 3.7753,
0.2736 2.1457 3.8041,
0.2736 2.2081 3.7959,
0.2595 2.1457 3.8225,
0.2595 2.2128 3.8136,
0.2411 2.1457 3.8366,
0.2411 2.2165 3.8272,
0.2198 2.1457 3.8454,
0.2198 2.2188 3.8358,
0.1969 2.1457 3.8484,
0.1969 2.2195 3.8387,
0.1739 2.1457 3.8454,
0.1739 2.2188 3.8358,
0.1526 2.1457 3.8366,
0.1526 2.2165 3.8272,
0.1342 2.1457 3.8225,
0.1342 2.2128 3.8136,
0.1201 2.1457 3.8041,
0.1201 2.2081 3.7959,
0.1113 2.1457 3.7828,
0.1113 2.2026 3.7753,
0.1083 2.1457 3.7598,
0.1083 2.1966 3.7531,
0.1113 2.1457 3.7369,
0.1113 2.1907 3.731,
0.1201 2.1457 3.7156,
0.1201 2.1852 3.7104,
0.1342 2.1457 3.6972,
0.1342 2.1804 3.6926,
0.1526 2.1457 3.6831,
0.1526 2.1768 3.679,
0.1739 2.1457 3.6743,
0.1739 2.1745 3.6705,
0.1969 2.1998 3.6568,
0.2198 2.2013 3.6594,
0.2411 2.2057 3.667,
0.2595 2.2128 3.6792,
0.2736 2.2219 3.6951,
0.2824 2.2326 3.7136,
0.2854 2.2441 3.7335,
0.2824 2.2556 3.7533,
0.2736 2.2662 3.7718,
0.2595 2.2754 3.7877,
0.2411 2.2825 3.7999,
0.2198 2.2869 3.8076,
0.1969 2.2884 3.8102,
0.1739 2.2869 3.8076,
0.1526 2.2825 3.7999,
0.1342 2.2754 3.7877,
0.1201 2.2662 3.7718,
0.1113 2.2556 3.7533,
0.1083 2.2441 3.7335,
0.1113 2.2326 3.7136,
0.1201 2.2219 3.6951,
0.1342 2.2128 3.6792,
0.1526 2.2057 3.667,
0.1739 2.2013 3.6594,
0.1969 2.2222 3.6395,
0.2198 2.2244 3.6417,
0.2411 2.2306 3.6479,
0.2595 2.2406 3.6579,
0.2736 2.2535 3.6709,
0.2824 2.2687 3.686,
0.2854 2.2849 3.7022,
0.2824 2.3011 3.7184,
0.2736 2.3162 3.7335,
0.2595 2.3292 3.7465,
0.2411 2.3391 3.7564,
0.2198 2.3454 3.7627,
0.1969 2.3475 3.7648,
0.1739 2.3454 3.7627,
0.1526 2.3391 3.7564,
0.1342 2.3292 3.7465,
0.1201 2.3162 3.7335,
0.1113 2.3011 3.7184,
0.1083 2.2849 3.7022,
0.1113 2.2687 3.686,
0.1201 2.2535 3.6709,
0.1342 2.2406 3.6579,
0.1526 2.2306 3.6479,
0.1739 2.2244 3.6417,
0.1969 2.2394 3.6171,
0.2198 2.242 3.6186,
0.2411 2.2497 3.6231,
0.2595 2.2619 3.6301,
0.2736 2.2778 3.6393,
0.2824 2.2963 3.65,
0.2854 2.3161 3.6614,
0.2824 2.336 3.6729,
0.2736 2.3545 3.6836,
0.2595 2.3704 3.6927,
0.2411 2.3826 3.6998,
0.2198 2.3902 3.7042,
0.1969 2.3929 3.7057,
0.1739 2.3902 3.7042,
0.1526 2.3826 3.6998,
0.1342 2.3704 3.6927,
0.1201 2.3545 3.6836,
0.1113 2.336 3.6729,
0.1083 2.3161 3.6614,
0.1113 2.2963 3.65,
0.1201 2.2778 3.6393,
0.1342 2.2619 3.6301,
0.1526 2.2497 3.6231,
0.1739 2.242 3.6186,
0.1969 2.2502 3.591,
0.2198 2.2532 3.5918,
0.2411 2.2617 3.5941,
0.2595 2.2753 3.5977,
0.2736 2.293 3.6025,
0.2824 2.3137 3.608,
0.2854 2.3358 3.6139,
0.2824 2.358 3.6199,
0.2736 2.3786 3.6254,
0.2595 2.3963 3.6302,
0.2411 2.4099 3.6338,
0.2198 2.4185 3.6361,
0.1969 2.4214 3.6369,
0.1739 2.4185 3.6361,
0.1526 2.4099 3.6338,
0.1342 2.3963 3.6302,
0.1201 2.3786 3.6254,
0.1113 2.358 3.6199,
0.1083 2.3358 3.6139,
0.1113 2.3137 3.608,
0.1201 2.293 3.6025,
0.1342 2.2753 3.5977,
0.1526 2.2617 3.5941,
0.1739 2.2532 3.5918,
0.1969 1.8012 3.6713,
0.2198 1.8012 3.6743,
0.2411 1.8012 3.6831,
0.2595 1.8012 3.6972,
0.2736 1.8012 3.7156,
0.2824 1.8012 3.7369,
0.2854 1.8012 3.7598,
0.2824 1.8012 3.7828,
0.2736 1.8012 3.8041,
0.2595 1.8012 3.8225,
0.2411 1.8012 3.8366,
0.2198 1.8012 3.8454,
0.1969 1.8012 3.8484,
0.1739 1.8012 3.8454,
0.1526 1.8012 3.8366,
0.1342 1.8012 3.8225,
0.1201 1.8012 3.8041,
0.1113 1.8012 3.7828,
0.1083 1.8012 3.7598,
0.1113 1.8012 3.7369,
0.1201 1.8012 3.7156,
0.1342 1.8012 3.6972,
0.1526 1.8012 3.6831,
0.1739 1.8012 3.6743,
0.1969 1.7323 3.9173,
0.1969 1.7346 3.8995,
0.1739 1.7293 3.9173,
0.1739 1.7317 3.8987,
0.1526 1.7204 3.9173,
0.1526 1.7232 3.8964,
0.1342 1.7063 3.9173,
0.1342 1.7096 3.8928,
0.1201 1.688 3.9173,
0.1201 1.6918 3.888,
0.1113 1.6666 3.9173,
0.1113 1.6712 3.8825,
0.1083 1.6437 3.9173,
0.1083 1.6491 3.8766,
0.1113 1.6208 3.9173,
0.1113 1.6269 3.8706,
0.1201 1.5994 3.9173,
0.1201 1.6063 3.8651,
0.1342 1.5811 3.9173,
0.1342 1.5886 3.8604,
0.1526 1.567 3.9173,
0.1526 1.575 3.8567,
0.1739 1.5581 3.9173,
0.1739 1.5664 3.8544,
0.1969 1.5551 3.9173,
0.1969 1.5635 3.8536,
0.2198 1.5581 3.9173,
0.2198 1.5664 3.8544,
0.2411 1.567 3.9173,
0.2411 1.575 3.8567,
0.2595 1.5811 3.9173,
0.2595 1.5886 3.8604,
0.2736 1.5994 3.9173,
0.2736 1.6063 3.8651,
0.2824 1.6208 3.9173,
0.2824 1.6269 3.8706,
0.2854 1.6437 3.9173,
0.2854 1.6491 3.8766,
0.2824 1.6666 3.9173,
0.2824 1.6712 3.8825,
0.2736 1.688 3.9173,
0.2736 1.6918 3.888,
0.2595 1.7063 3.9173,
0.2595 1.7096 3.8928,
0.2411 1.7204 3.9173,
0.2411 1.7232 3.8964,
0.2198 1.7293 3.9173,
0.2198 1.7317 3.8987,
0.1969 1.7415 3.8829,
0.1739 1.7389 3.8814,
0.1526 1.7312 3.8769,
0.1342 1.719 3.8699,
0.1201 1.7032 3.8607,
0.1113 1.6847 3.85,
0.1083 1.6648 3.8386,
0.1113 1.6449 3.8271,
0.1201 1.6264 3.8164,
0.1342 1.6106 3.8073,
0.1526 1.5984 3.8002,
0.1739 1.5907 3.7958,
0.1969 1.5881 3.7943,
0.2198 1.5907 3.7958,
0.2411 1.5984 3.8002,
0.2595 1.6106 3.8073,
0.2736 1.6264 3.8164,
0.2824 1.6449 3.8271,
0.2854 1.6648 3.8386,
0.2824 1.6847 3.85,
0.2736 1.7032 3.8607,
0.2595 1.719 3.8699,
0.2411 1.7312 3.8769,
0.2198 1.7389 3.8814,
0.1969 1.7525 3.8686,
0.1739 1.7503 3.8665,
0.1526 1.7441 3.8602,
0.1342 1.7341 3.8503,
0.1201 1.7211 3.8373,
0.1113 1.706 3.8222,
0.1083 1.6898 3.806,
0.1113 1.6736 3.7898,
0.1201 1.6585 3.7746,
0.1342 1.6455 3.7617,
0.1526 1.6356 3.7517,
0.1739 1.6293 3.7455,
0.1969 1.6272 3.7433,
0.2198 1.6293 3.7455,
0.2411 1.6356 3.7517,
0.2595 1.6455 3.7617,
0.2736 1.6585 3.7746,
0.2824 1.6736 3.7898,
0.2854 1.6898 3.806,
0.2824 1.706 3.8222,
0.2736 1.7211 3.8373,
0.2595 1.7341 3.8503,
0.2411 1.7441 3.8602,
0.2198 1.7503 3.8665,
0.1969 1.7667 3.8577,
0.1739 1.7652 3.855,
0.1526 1.7608 3.8474,
0.1342 1.7538 3.8352,
0.1201 1.7446 3.8193,
0.1113 1.7339 3.8008,
0.1083 1.7224 3.7809,
0.1113 1.711 3.7611,
0.1201 1.7003 3.7426,
0.1342 1.6911 3.7267,
0.1526 1.6841 3.7145,
0.1739 1.6797 3.7068,
0.1969 1.6781 3.7042,
0.2198 1.6797 3.7068,
0.2411 1.6841 3.7145,
0.2595 1.6911 3.7267,
0.2736 1.7003 3.7426,
0.2824 1.711 3.7611,
0.2854 1.7224 3.7809,
0.2824 1.7339 3.8008,
0.2736 1.7446 3.8193,
0.2595 1.7538 3.8352,
0.2411 1.7608 3.8474,
0.2198 1.7652 3.855,
0.1969 1.7833 3.8508,
0.1739 1.7826 3.8479,
0.1526 1.7803 3.8393,
0.1342 1.7766 3.8257,
0.1201 1.7719 3.808,
0.1113 1.7664 3.7874,
0.1083 1.7604 3.7652,
0.1113 1.7545 3.7431,
0.1201 1.749 3.7224,
0.1342 1.7442 3.7047,
0.1526 1.7406 3.6911,
0.1739 1.7383 3.6826,
0.1969 1.7375 3.6796,
0.2198 1.7383 3.6826,
0.2411 1.7406 3.6911,
0.2595 1.7442 3.7047,
0.2736 1.749 3.7224,
0.2824 1.7545 3.7431,
0.2854 1.7604 3.7652,
0.2824 1.7664 3.7874,
0.2736 1.7719 3.808,
0.2595 1.7766 3.8257,
0.2411 1.7803 3.8393,
0.2198 1.7826 3.8479,
0.2854 1.6437 4.2091,
0.2824 1.6666 4.2091,
0.2736 1.688 4.2091,
0.2595 1.7063 4.2091,
0.2411 1.7204 4.2091,
0.2198 1.7293 4.2091,
0.1969 1.7323 4.2091,
0.1739 1.7293 4.2091,
0.1526 1.7204 4.2091,
0.1342 1.7063 4.2091,
0.1201 1.688 4.2091,
0.1113 1.6666 4.2091,
0.1083 1.6437 4.2091,
0.1113 1.6208 4.2091,
0.1201 1.5994 4.2091,
0.1342 1.5811 4.2091,
0.1526 1.567 4.2091,
0.1739 1.5581 4.2091,
0.1969 1.5551 4.2091,
0.2198 1.5581 4.2091,
0.2411 1.567 4.2091,
0.2595 1.5811 4.2091,
0.2736 1.5994 4.2091,
0.2824 1.6208 4.2091,
0.1969 1.3537 4.2642,
0.1969 1.3711 4.2864,
0.2198 1.3511 4.2658,
0.2198 1.369 4.2885,
0.2411 1.3435 4.2703,
0.2411 1.3628 4.2949,
0.2595 1.3314 4.2775,
0.2595 1.3529 4.3049,
0.2736 1.3156 4.2868,
0.2736 1.3401 4.318,
0.2824 1.2972 4.2977,
0.2824 1.3251 4.3333,
0.2854 1.2775 4.3094,
0.2854 1.3091 4.3496,
0.2824 1.2578 4.3211,
0.2824 1.293 4.366,
0.2736 1.2394 4.332,
0.2736 1.2781 4.3813,
0.2595 1.2236 4.3413,
0.2595 1.2652 4.3944,
0.2411 1.2115 4.3485,
0.2411 1.2554 4.4044,
0.2198 1.2039 4.353,
0.2198 1.2492 4.4108,
0.1969 1.2013 4.3545,
0.1969 1.2471 4.4129,
0.1739 1.2039 4.353,
0.1739 1.2492 4.4108,
0.1526 1.2115 4.3485,
0.1526 1.2554 4.4044,
0.1342 1.2236 4.3413,
0.1342 1.2652 4.3944,
0.1201 1.2394 4.332,
0.1201 1.2781 4.3813,
0.1113 1.2578 4.3211,
0.1113 1.293 4.366,
0.1083 1.2775 4.3094,
0.1083 1.3091 4.3496,
0.1113 1.2972 4.2977,
0.1113 1.3251 4.3333,
0.1201 1.3156 4.2868,
0.1201 1.3401 4.318,
0.1342 1.3314 4.2775,
0.1342 1.3529 4.3049,
0.1526 1.3435 4.2703,
0.1526 1.3628 4.2949,
0.1739 1.3511 4.2658,
0.1739 1.369 4.2885,
0.1969 1.3936 4.3033,
0.2198 1.3921 4.3059,
0.2411 1.3877 4.3136,
0.2595 1.3808 4.3259,
0.2736 1.3718 4.3419,
0.2824 1.3612 4.3605,
0.2854 1.35 4.3804,
0.2824 1.3387 4.4004,
0.2736 1.3282 4.419,
0.2595 1.3191 4.4349,
0.2411 1.3122 4.4472,
0.2198 1.3078 4.4549,
0.1969 1.3063 4.4575,
0.1739 1.3078 4.4549,
0.1526 1.3122 4.4472,
0.1342 1.3191 4.4349,
0.1201 1.3282 4.419,
0.1113 1.3387 4.4004,
0.1083 1.35 4.3804,
0.1113 1.3612 4.3605,
0.1201 1.3718 4.3419,
0.1342 1.3808 4.3259,
0.1526 1.3877 4.3136,
0.1739 1.3921 4.3059,
0.1969 1.4196 4.3139,
0.2198 1.4189 4.3168,
0.2411 1.4167 4.3253,
0.2595 1.4131 4.339,
0.2736 1.4085 4.3567,
0.2824 1.4032 4.3774,
0.2854 1.3974 4.3996,
0.2824 1.3916 4.4218,
0.2736 1.3863 4.4425,
0.2595 1.3817 4.4602,
0.2411 1.3781 4.4738,
0.2198 1.3759 4.4824,
0.1969 1.3751 4.4853,
0.1739 1.3759 4.4824,
0.1526 1.3781 4.4738,
0.1342 1.3817 4.4602,
0.1201 1.3863 4.4425,
0.1113 1.3916 4.4218,
0.1083 1.3974 4.3996,
0.1113 1.4032 4.3774,
0.1201 1.4085 4.3567,
0.1342 1.4131 4.339,
0.1526 1.4167 4.3253,
0.1739 1.4189 4.3168,
0.1969 1.4476 4.3173,
0.2198 1.4476 4.3203,
0.2411 1.4477 4.3292,
0.2595 1.4477 4.3433,
0.2736 1.4479 4.3616,
0.2824 1.448 4.383,
0.2854 1.4482 4.4059,
0.2824 1.4483 4.4288,
0.2736 1.4485 4.4502,
0.2595 1.4486 4.4685,
0.2411 1.4487 4.4826,
0.2198 1.4487 4.4915,
0.1969 1.4488 4.4945,
0.1739 1.4487 4.4915,
0.1526 1.4487 4.4826,
0.1342 1.4486 4.4685,
0.1201 1.4485 4.4502,
0.1113 1.4483 4.4288,
0.1083 1.4482 4.4059,
0.1113 1.448 4.383,
0.1201 1.4479 4.3616,
0.1342 1.4477 4.3433,
0.1526 1.4477 4.3292,
0.1739 1.4476 4.3203,
0.1969 1.4755 4.3135,
0.2198 1.4763 4.3164,
0.2411 1.4786 4.3249,
0.2595 1.4823 4.3385,
0.2736 1.4872 4.3562,
0.2824 1.4928 4.3768,
0.2854 1.4989 4.3989,
0.2824 1.5049 4.421,
0.2736 1.5106 4.4416,
0.2595 1.5154 4.4593,
0.2411 1.5191 4.4729,
0.2198 1.5215 4.4814,
0.1969 1.5223 4.4843,
0.1739 1.5215 4.4814,
0.1526 1.5191 4.4729,
0.1342 1.5154 4.4593,
0.1201 1.5106 4.4416,
0.1113 1.5049 4.421,
0.1083 1.4989 4.3989,
0.1113 1.4928 4.3768,
0.1201 1.4872 4.3562,
0.1342 1.4823 4.3385,
0.1526 1.4786 4.3249,
0.1739 1.4763 4.3164,
0.1969 1.5014 4.3026,
0.2198 1.5029 4.3052,
0.2411 1.5074 4.3128,
0.2595 1.5145 4.325,
0.2736 1.5237 4.3408,
0.2824 1.5345 4.3593,
0.2854 1.546 4.3791,
0.2824 1.5576 4.3989,
0.2736 1.5684 4.4174,
0.2595 1.5776 4.4332,
0.2411 1.5847 4.4454,
0.2198 1.5891 4.453,
0.1969 1.5907 4.4556,
0.1739 1.5891 4.453,
0.1526 1.5847 4.4454,
0.1342 1.5776 4.4332,
0.1201 1.5684 4.4174,
0.1113 1.5576 4.3989,
0.1083 1.546 4.3791,
0.1113 1.5345 4.3593,
0.1201 1.5237 4.3408,
0.1342 1.5145 4.325,
0.1526 1.5074 4.3128,
0.1739 1.5029 4.3052,
0.1969 1.5237 4.2854,
0.2198 1.5258 4.2875,
0.2411 1.5321 4.2937,
0.2595 1.5421 4.3036,
0.2736 1.5551 4.3166,
0.2824 1.5702 4.3316,
0.2854 1.5865 4.3478,
0.2824 1.6028 4.3639,
0.2736 1.6179 4.379,
0.2595 1.6309 4.3919,
0.2411 1.6409 4.4018,
0.2198 1.6472 4.4081,
0.1969 1.6494 4.4102,
0.1739 1.6472 4.4081,
0.1526 1.6409 4.4018,
0.1342 1.6309 4.3919,
0.1201 1.6179 4.379,
0.1113 1.6028 4.3639,
0.1083 1.5865 4.3478,
0.1113 1.5702 4.3316,
0.1201 1.5551 4.3166,
0.1342 1.5421 4.3036,
0.1526 1.5321 4.2937,
0.1739 1.5258 4.2875,
0.1969 1.5407 4.263,
0.2198 1.5434 4.2645,
0.2411 1.551 4.2689,
0.2595 1.5632 4.2759,
0.2736 1.5791 4.285,
0.2824 1.5977 4.2957,
0.2854 1.6175 4.3071,
0.2824 1.6374 4.3185,
0.2736 1.656 4.3292,
0.2595 1.6719 4.3383,
0.2411 1.6841 4.3453,
0.2198 1.6917 4.3497,
0.1969 1.6944 4.3512,
0.1739 1.6917 4.3497,
0.1526 1.6841 4.3453,
0.1342 1.6719 4.3383,
0.1201 1.656 4.3292,
0.1113 1.6374 4.3185,
0.1083 1.6175 4.3071,
0.1113 1.5977 4.2957,
0.1201 1.5791 4.285,
0.1342 1.5632 4.2759,
0.1526 1.551 4.2689,
0.1739 1.5434 4.2645,
0.1969 1.5515 4.237,
0.2198 1.5544 4.2377,
0.2411 1.5629 4.24,
0.2595 1.5765 4.2437,
0.2736 1.5943 4.2484,
0.2824 1.6149 4.2539,
0.2854 1.6371 4.2598,
0.2824 1.6592 4.2657,
0.2736 1.6798 4.2712,
0.2595 1.6976 4.2759,
0.2411 1.7112 4.2796,
0.2198 1.7197 4.2818,
0.1969 1.7226 4.2826,
0.1739 1.7197 4.2818,
0.1526 1.7112 4.2796,
0.1342 1.6976 4.2759,
0.1201 1.6798 4.2712,
0.1113 1.6592 4.2657,
0.1083 1.6371 4.2598,
0.1113 1.6149 4.2539,
0.1201 1.5943 4.2484,
0.1342 1.5765 4.2437,
0.1526 1.5629 4.24,
0.1739 1.5544 4.2377,
0.1573 2.3688 2.6578,
0.1501 2.3651 2.6589,
0.1465 2.4021 2.801,
0.1392 2.3554 2.6619,
0.1332 2.3501 2.6636,
0.1296 2.3865 2.8034,
0.1252 2.3381 2.6675,
0.1208 2.3316 2.6697,
0.1173 2.3671 2.8065,
0.1106 2.3453 2.8102,
0.1128 2.2966 2.6818,
0.1131 2.2888 2.6845,
0.1098 2.3225 2.814,
0.1164 2.2751 2.6894,
0.1183 2.2676 2.6921,
0.115 2.3003 2.8179,
0.1252 2.2552 2.6968,
0.129 2.2485 2.6993,
0.1259 2.2802 2.8215,
0.1392 2.2382 2.7032,
0.1447 2.2326 2.7054,
0.1417 2.2636 2.8247,
0.1574 2.2253 2.7084,
0.1643 2.2212 2.7101,
0.1613 2.2516 2.827,
0.1786 2.2172 2.712,
0.1864 2.215 2.7131,
0.1834 2.245 2.8285,
0.2013 2.2146 2.7137,
0.2065 2.2443 2.8291,
0.1164 2.318 2.6743,
0.114 2.3106 2.6768,
0.1128 2.297 2.6816,
0.1669 2.4129 2.7995,
0.1894 2.4181 2.799,
0.1785 2.3773 2.6556,
0.1706 2.3755 2.6559,
0.2125 2.4174 2.7995,
0.2013 2.3804 2.6553,
0.1931 2.3806 2.6549,
0.2346 2.4108 2.801,
0.224 2.3778 2.657,
0.2162 2.38 2.6559,
0.2542 2.3988 2.8034,
0.2452 2.3698 2.6605,
0.2383 2.3738 2.6589,
0.27 2.3822 2.8065,
0.2634 2.3568 2.6657,
0.2578 2.3624 2.6636,
0.2809 2.3621 2.8102,
0.2773 2.3398 2.6722,
0.2735 2.3466 2.6697,
0.2861 2.3399 2.814,
0.2861 2.3199 2.6795,
0.2843 2.3274 2.6768,
0.2853 2.3171 2.8179,
0.2891 2.2985 2.6872,
0.2894 2.3062 2.6845,
0.2786 2.2953 2.8215,
0.2861 2.277 2.6947,
0.2886 2.2844 2.6921,
0.2664 2.2759 2.8247,
0.2774 2.2569 2.7014,
0.2817 2.2635 2.6993,
0.2495 2.2603 2.827,
0.2634 2.2396 2.7071,
0.2694 2.2449 2.7054,
0.2291 2.2495 2.8285,
0.2452 2.2262 2.7112,
0.2525 2.2299 2.7101,
0.2095 2.2144 2.7141,
0.224 2.2177 2.7134,
0.232 2.2195 2.7131,
0.2605 1.9307 1.3814,
0.2683 1.9285 1.3825,
0.2826 1.9244 1.3844,
0.2895 1.9204 1.386,
0.3021 1.913 1.3891,
0.3077 1.9074 1.3912,
0.3178 1.8972 1.3952,
0.3216 1.8904 1.3977,
0.3286 1.878 1.4023,
0.3304 1.8705 1.405,
0.3337 1.8568 1.41,
0.3334 1.8491 1.4127,
0.3328 1.835 1.4177,
0.3304 1.8276 1.4202,
0.326 1.8141 1.4248,
0.3217 1.8075 1.427,
0.3137 1.7955 1.4309,
0.3077 1.7902 1.4326,
0.2967 1.7805 1.4356,
0.2895 1.7768 1.4367,
0.2763 1.7701 1.4386,
0.2683 1.7683 1.4389,
0.2538 1.765 1.4396,
0.2456 1.7653 1.4392,
0.2307 1.7656 1.4386,
0.2229 1.7678 1.4375,
0.2086 1.7718 1.4356,
0.2017 1.7759 1.434,
0.189 1.7832 1.4309,
0.1835 1.7888 1.4288,
0.1733 1.7991 1.4248,
0.1695 1.8058 1.4223,
0.1625 1.8182 1.4177,
0.1607 1.8257 1.4149,
0.1574 1.8395 1.41,
0.1571 1.8472 1.4073,
0.157 1.8476 1.4071,
0.1583 1.8613 1.4023,
0.1607 1.8686 1.3998,
0.1651 1.8822 1.3952,
0.1695 1.8887 1.393,
0.1774 1.9008 1.3891,
0.1834 1.9061 1.3874,
0.1944 1.9158 1.3844,
0.2016 1.9194 1.3833,
0.2148 1.9262 1.3814,
0.2228 1.928 1.3811,
0.2374 1.9312 1.3804,
0.2455 1.931 1.3808,
0.3004 1.7436 1.2934,
0.3173 1.7592 1.2911,
0.3295 1.7786 1.2879,
0.3363 1.8004 1.2843,
0.337 1.8232 1.2804,
0.3318 1.8454 1.2766,
0.3209 1.8654 1.2729,
0.3052 1.8821 1.2698,
0.2855 1.8941 1.2674,
0.2634 1.9006 1.2659,
0.2403 1.9014 1.2654,
0.28 1.7328 1.2949,
0.2574 1.7276 1.2955,
0.2343 1.7283 1.2949,
0.2122 1.7349 1.2934,
0.1926 1.7469 1.2911,
0.1768 1.7635 1.2879,
0.1659 1.7836 1.2843,
0.1607 1.8058 1.2804,
0.1615 1.8286 1.2766,
0.1683 1.8504 1.2729,
0.1805 1.8698 1.2698,
0.1974 1.8854 1.2674,
0.2178 1.8962 1.2659,
-0.3356 2.7802 0.1772,
-0.3382 2.7954 0.1772,
-0.3386 2.8031 -1.2008,
-0.3378 2.8031 1.147,
-0.3382 2.7954 1.122,
-0.338 2.793 1.147,
-0.3356 2.7802 1.122,
-0.1644 2.7802 -1.2008,
-0.1733 2.7589 0.1772,
-0.1733 2.7589 -1.2008,
-0.1874 2.7405 0.1772,
-0.1874 2.7405 -1.2008,
-0.2057 2.7264 0.1772,
-0.2057 2.7264 -1.2008,
-0.2271 2.7176 0.1772,
-0.2271 2.7176 -1.2008,
-0.25 2.7146 0.1772,
-0.25 2.7146 -1.2008,
-0.2729 2.7176 0.1772,
-0.2729 2.7176 -1.2008,
-0.2943 2.7264 0.1772,
-0.2943 2.7264 -1.2008,
-0.3126 2.7405 0.1772,
-0.3126 2.7405 -1.2008,
-0.3267 2.7589 0.1772,
-0.3267 2.7589 -1.2008,
-0.3356 2.7802 -1.2008,
-0.1618 2.7954 1.122,
-0.1614 2.8031 1.147,
-0.1624 2.7902 1.147,
-0.1644 2.7802 1.122,
-0.1614 2.8031 -1.2008,
-0.1618 2.7954 0.1772,
-0.1644 2.7802 0.1772,
-0.1652 2.7804 1.147,
-0.1687 2.7679 1.147,
-0.1733 2.7589 1.122,
-0.1739 2.7592 1.147,
-0.1806 2.7481 1.147,
-0.1874 2.7405 1.122,
-0.1879 2.741 1.147,
-0.1972 2.732 1.147,
-0.2057 2.7264 1.122,
-0.2061 2.7271 1.147,
-0.2174 2.7208 1.147,
-0.2271 2.7176 1.122,
-0.2273 2.7183 1.147,
-0.2398 2.7152 1.147,
-0.25 2.7146 1.122,
-0.25 2.7153 1.147,
-0.263 2.7155 1.147,
-0.2729 2.7176 1.122,
-0.2727 2.7183 1.147,
-0.2852 2.7219 1.147,
-0.2943 2.7264 1.122,
-0.2939 2.7271 1.147,
-0.305 2.7337 1.147,
-0.3126 2.7405 1.122,
-0.3121 2.741 1.147,
-0.3211 2.7504 1.147,
-0.3267 2.7589 1.122,
-0.3261 2.7592 1.147,
-0.3324 2.7706 1.147,
-0.3348 2.7804 1.147,
-0.162 2.8133 1.147,
-0.1644 2.8261 -1.2008,
-0.1652 2.8259 1.147,
-0.1676 2.8357 1.147,
-0.1733 2.8474 -1.2008,
-0.1739 2.8471 1.147,
-0.1789 2.8559 1.147,
-0.1874 2.8658 -1.2008,
-0.1879 2.8653 1.147,
-0.195 2.8726 1.147,
-0.2057 2.8799 -1.2008,
-0.2061 2.8792 1.147,
-0.2148 2.8844 1.147,
-0.2271 2.8887 -1.2008,
-0.2273 2.888 1.147,
-0.237 2.8908 1.147,
-0.25 2.8917 -1.2008,
-0.25 2.891 1.147,
-0.2602 2.8911 1.147,
-0.2729 2.8887 -1.2008,
-0.2727 2.888 1.147,
-0.2826 2.8855 1.147,
-0.2943 2.8799 -1.2008,
-0.2939 2.8792 1.147,
-0.3028 2.8743 1.147,
-0.3126 2.8658 -1.2008,
-0.3121 2.8653 1.147,
-0.3194 2.8582 1.147,
-0.3267 2.8474 -1.2008,
-0.3261 2.8471 1.147,
-0.3313 2.8384 1.147,
-0.3356 2.8261 -1.2008,
-0.3348 2.8259 1.147,
-0.3376 2.8161 1.147,
-0.1526 -0.452 1.5401,
-0.1739 -0.4597 1.5446,
-0.1969 -0.386 1.501,
-0.1969 -0.4623 1.5462,
-0.2198 -0.4597 1.5446,
-0.1113 -0.4058 1.5127,
-0.1201 -0.4241 1.5236,
-0.1342 -0.4399 1.5329,
-0.1201 -0.3479 1.4785,
-0.1113 -0.3663 1.4893,
-0.1083 -0.386 1.501,
-0.1739 -0.3124 1.4574,
-0.1526 -0.32 1.4619,
-0.1342 -0.3321 1.4691,
-0.2411 -0.32 1.4619,
-0.2198 -0.3124 1.4574,
-0.1969 -0.3098 1.4559,
-0.2824 -0.3663 1.4893,
-0.2736 -0.3479 1.4785,
-0.2595 -0.3321 1.4691,
-0.2736 -0.4241 1.5236,
-0.2824 -0.4058 1.5127,
-0.2854 -0.386 1.501,
-0.2411 -0.452 1.5401,
-0.2595 -0.4399 1.5329,
-0.1083 2.3425 3.563,
-0.1113 2.3196 3.563,
-0.1092 2.3296 2.9475,
-0.1201 2.2982 3.563,
-0.1156 2.3073 2.9475,
-0.112 2.3198 2.9475,
-0.1342 2.2799 3.563,
-0.1274 2.2875 2.9475,
-0.1208 2.2986 2.9475,
-0.1526 2.2658 3.563,
-0.1441 2.2714 2.9475,
-0.1347 2.2804 2.9475,
-0.1739 2.257 3.563,
-0.1643 2.2601 2.9475,
-0.1529 2.2665 2.9475,
-0.1969 2.2539 3.563,
-0.1867 2.2545 2.9475,
-0.1741 2.2577 2.9475,
-0.2198 2.257 3.563,
-0.2098 2.2549 2.9475,
-0.1968 2.2547 2.9475,
-0.2411 2.2658 3.563,
-0.2321 2.2612 2.9475,
-0.2196 2.2577 2.9475,
-0.2595 2.2799 3.563,
-0.2519 2.2731 2.9475,
-0.2408 2.2664 2.9475,
-0.2736 2.2982 3.563,
-0.268 2.2897 2.9475,
-0.259 2.2804 2.9475,
-0.2824 2.3196 3.563,
-0.2792 2.3099 2.9475,
-0.2729 2.2986 2.9475,
-0.2854 2.3425 3.563,
-0.2848 2.3324 2.9475,
-0.2817 2.3198 2.9475,
-0.2824 2.3654 3.563,
-0.2845 2.3555 2.9475,
-0.2847 2.3425 2.9475,
-0.2736 2.3868 3.563,
-0.2781 2.3777 2.9475,
-0.2817 2.3652 2.9475,
-0.2595 2.4052 3.563,
-0.2663 2.3976 2.9475,
-0.2729 2.3864 2.9475,
-0.2411 2.4192 3.563,
-0.2496 2.4137 2.9475,
-0.259 2.4046 2.9475,
-0.2198 2.4281 3.563,
-0.2294 2.4249 2.9475,
-0.2408 2.4186 2.9475,
-0.1969 2.4311 3.563,
-0.207 2.4305 2.9475,
-0.2196 2.4274 2.9475,
-0.1739 2.4281 3.563,
-0.1839 2.4301 2.9475,
-0.1969 2.4304 2.9475,
-0.1526 2.4192 3.563,
-0.1616 2.4238 2.9475,
-0.1741 2.4274 2.9475,
-0.1342 2.4052 3.563,
-0.1418 2.4119 2.9475,
-0.1529 2.4186 2.9475,
-0.1201 2.3868 3.563,
-0.1257 2.3953 2.9475,
-0.1347 2.4046 2.9475,
-0.1113 2.3654 3.563,
-0.1145 2.3751 2.9475,
-0.1208 2.3864 2.9475,
-0.1083 2.3425 2.9475,
-0.1089 2.3527 2.9475,
-0.112 2.3653 2.9475,
-0.1969 2.1457 3.6713,
-0.1969 2.1737 3.6676,
-0.1739 2.1457 3.6743,
-0.1739 2.1745 3.6705,
-0.1526 2.1457 3.6831,
-0.1526 2.1768 3.679,
-0.1342 2.1457 3.6972,
-0.1342 2.1804 3.6926,
-0.1201 2.1457 3.7156,
-0.1201 2.1852 3.7104,
-0.1113 2.1457 3.7369,
-0.1113 2.1907 3.731,
-0.1083 2.1457 3.7598,
-0.1083 2.1966 3.7531,
-0.1113 2.1457 3.7828,
-0.1113 2.2026 3.7753,
-0.1201 2.1457 3.8041,
-0.1201 2.2081 3.7959,
-0.1342 2.1457 3.8225,
-0.1342 2.2128 3.8136,
-0.1526 2.1457 3.8366,
-0.1526 2.2165 3.8272,
-0.1739 2.1457 3.8454,
-0.1739 2.2188 3.8358,
-0.1969 2.1457 3.8484,
-0.1969 2.2195 3.8387,
-0.2198 2.1457 3.8454,
-0.2198 2.2188 3.8358,
-0.2411 2.1457 3.8366,
-0.2411 2.2165 3.8272,
-0.2595 2.1457 3.8225,
-0.2595 2.2128 3.8136,
-0.2736 2.1457 3.8041,
-0.2736 2.2081 3.7959,
-0.2824 2.1457 3.7828,
-0.2824 2.2026 3.7753,
-0.2854 2.1457 3.7598,
-0.2854 2.1966 3.7531,
-0.2824 2.1457 3.7369,
-0.2824 2.1907 3.731,
-0.2736 2.1457 3.7156,
-0.2736 2.1852 3.7104,
-0.2595 2.1457 3.6972,
-0.2595 2.1804 3.6926,
-0.2411 2.1457 3.6831,
-0.2411 2.1768 3.679,
-0.2198 2.1457 3.6743,
-0.2198 2.1745 3.6705,
-0.1969 2.1998 3.6568,
-0.1739 2.2013 3.6594,
-0.1526 2.2057 3.667,
-0.1342 2.2128 3.6792,
-0.1201 2.2219 3.6951,
-0.1113 2.2326 3.7136,
-0.1083 2.2441 3.7335,
-0.1113 2.2556 3.7533,
-0.1201 2.2662 3.7718,
-0.1342 2.2754 3.7877,
-0.1526 2.2825 3.7999,
-0.1739 2.2869 3.8076,
-0.1969 2.2884 3.8102,
-0.2198 2.2869 3.8076,
-0.2411 2.2825 3.7999,
-0.2595 2.2754 3.7877,
-0.2736 2.2662 3.7718,
-0.2824 2.2556 3.7533,
-0.2854 2.2441 3.7335,
-0.2824 2.2326 3.7136,
-0.2736 2.2219 3.6951,
-0.2595 2.2128 3.6792,
-0.2411 2.2057 3.667,
-0.2198 2.2013 3.6594,
-0.1969 2.2222 3.6395,
-0.1739 2.2244 3.6417,
-0.1526 2.2306 3.6479,
-0.1342 2.2406 3.6579,
-0.1201 2.2535 3.6709,
-0.1113 2.2687 3.686,
-0.1083 2.2849 3.7022,
-0.1113 2.3011 3.7184,
-0.1201 2.3162 3.7335,
-0.1342 2.3292 3.7465,
-0.1526 2.3391 3.7564,
-0.1739 2.3454 3.7627,
-0.1969 2.3475 3.7648,
-0.2198 2.3454 3.7627,
-0.2411 2.3391 3.7564,
-0.2595 2.3292 3.7465,
-0.2736 2.3162 3.7335,
-0.2824 2.3011 3.7184,
-0.2854 2.2849 3.7022,
-0.2824 2.2687 3.686,
-0.2736 2.2535 3.6709,
-0.2595 2.2406 3.6579,
-0.2411 2.2306 3.6479,
-0.2198 2.2244 3.6417,
-0.1969 2.2394 3.6171,
-0.1739 2.242 3.6186,
-0.1526 2.2497 3.6231,
-0.1342 2.2619 3.6301,
-0.1201 2.2778 3.6393,
-0.1113 2.2963 3.65,
-0.1083 2.3161 3.6614,
-0.1113 2.336 3.6729,
-0.1201 2.3545 3.6836,
-0.1342 2.3704 3.6927,
-0.1526 2.3826 3.6998,
-0.1739 2.3902 3.7042,
-0.1969 2.3929 3.7057,
-0.2198 2.3902 3.7042,
-0.2411 2.3826 3.6998,
-0.2595 2.3704 3.6927,
-0.2736 2.3545 3.6836,
-0.2824 2.336 3.6729,
-0.2854 2.3161 3.6614,
-0.2824 2.2963 3.65,
-0.2736 2.2778 3.6393,
-0.2595 2.2619 3.6301,
-0.2411 2.2497 3.6231,
-0.2198 2.242 3.6186,
-0.1969 2.2502 3.591,
-0.1739 2.2532 3.5918,
-0.1526 2.2617 3.5941,
-0.1342 2.2753 3.5977,
-0.1201 2.293 3.6025,
-0.1113 2.3137 3.608,
-0.1083 2.3358 3.6139,
-0.1113 2.358 3.6199,
-0.1201 2.3786 3.6254,
-0.1342 2.3963 3.6302,
-0.1526 2.4099 3.6338,
-0.1739 2.4185 3.6361,
-0.1969 2.4214 3.6369,
-0.2198 2.4185 3.6361,
-0.2411 2.4099 3.6338,
-0.2595 2.3963 3.6302,
-0.2736 2.3786 3.6254,
-0.2824 2.358 3.6199,
-0.2854 2.3358 3.6139,
-0.2824 2.3137 3.608,
-0.2736 2.293 3.6025,
-0.2595 2.2753 3.5977,
-0.2411 2.2617 3.5941,
-0.2198 2.2532 3.5918,
-0.1969 1.8012 3.6713,
-0.1739 1.8012 3.6743,
-0.1526 1.8012 3.6831,
-0.1342 1.8012 3.6972,
-0.1201 1.8012 3.7156,
-0.1113 1.8012 3.7369,
-0.1083 1.8012 3.7598,
-0.1113 1.8012 3.7828,
-0.1201 1.8012 3.8041,
-0.1342 1.8012 3.8225,
-0.1526 1.8012 3.8366,
-0.1739 1.8012 3.8454,
-0.1969 1.8012 3.8484,
-0.2198 1.8012 3.8454,
-0.2411 1.8012 3.8366,
-0.2595 1.8012 3.8225,
-0.2736 1.8012 3.8041,
-0.2824 1.8012 3.7828,
-0.2854 1.8012 3.7598,
-0.2824 1.8012 3.7369,
-0.2736 1.8012 3.7156,
-0.2595 1.8012 3.6972,
-0.2411 1.8012 3.6831,
-0.2198 1.8012 3.6743,
-0.1969 1.7323 3.9173,
-0.1969 1.7346 3.8995,
-0.2198 1.7293 3.9173,
-0.2198 1.7317 3.8987,
-0.2411 1.7204 3.9173,
-0.2411 1.7232 3.8964,
-0.2595 1.7063 3.9173,
-0.2595 1.7096 3.8928,
-0.2736 1.688 3.9173,
-0.2736 1.6918 3.888,
-0.2824 1.6666 3.9173,
-0.2824 1.6712 3.8825,
-0.2854 1.6437 3.9173,
-0.2854 1.6491 3.8766,
-0.2824 1.6208 3.9173,
-0.2824 1.6269 3.8706,
-0.2736 1.5994 3.9173,
-0.2736 1.6063 3.8651,
-0.2595 1.5811 3.9173,
-0.2595 1.5886 3.8604,
-0.2411 1.567 3.9173,
-0.2411 1.575 3.8567,
-0.2198 1.5581 3.9173,
-0.2198 1.5664 3.8544,
-0.1969 1.5551 3.9173,
-0.1969 1.5635 3.8536,
-0.1739 1.5581 3.9173,
-0.1739 1.5664 3.8544,
-0.1526 1.567 3.9173,
-0.1526 1.575 3.8567,
-0.1342 1.5811 3.9173,
-0.1342 1.5886 3.8604,
-0.1201 1.5994 3.9173,
-0.1201 1.6063 3.8651,
-0.1113 1.6208 3.9173,
-0.1113 1.6269 3.8706,
-0.1083 1.6437 3.9173,
-0.1083 1.6491 3.8766,
-0.1113 1.6666 3.9173,
-0.1113 1.6712 3.8825,
-0.1201 1.688 3.9173,
-0.1201 1.6918 3.888,
-0.1342 1.7063 3.9173,
-0.1342 1.7096 3.8928,
-0.1526 1.7204 3.9173,
-0.1526 1.7232 3.8964,
-0.1739 1.7293 3.9173,
-0.1739 1.7317 3.8987,
-0.1969 1.7415 3.8829,
-0.2198 1.7389 3.8814,
-0.2411 1.7312 3.8769,
-0.2595 1.719 3.8699,
-0.2736 1.7032 3.8607,
-0.2824 1.6847 3.85,
-0.2854 1.6648 3.8386,
-0.2824 1.6449 3.8271,
-0.2736 1.6264 3.8164,
-0.2595 1.6106 3.8073,
-0.2411 1.5984 3.8002,
-0.2198 1.5907 3.7958,
-0.1969 1.5881 3.7943,
-0.1739 1.5907 3.7958,
-0.1526 1.5984 3.8002,
-0.1342 1.6106 3.8073,
-0.1201 1.6264 3.8164,
-0.1113 1.6449 3.8271,
-0.1083 1.6648 3.8386,
-0.1113 1.6847 3.85,
-0.1201 1.7032 3.8607,
-0.1342 1.719 3.8699,
-0.1526 1.7312 3.8769,
-0.1739 1.7389 3.8814,
-0.1969 1.7525 3.8686,
-0.2198 1.7503 3.8665,
-0.2411 1.7441 3.8602,
-0.2595 1.7341 3.8503,
-0.2736 1.7211 3.8373,
-0.2824 1.706 3.8222,
-0.2854 1.6898 3.806,
-0.2824 1.6736 3.7898,
-0.2736 1.6585 3.7746,
-0.2595 1.6455 3.7617,
-0.2411 1.6356 3.7517,
-0.2198 1.6293 3.7455,
-0.1969 1.6272 3.7433,
-0.1739 1.6293 3.7455,
-0.1526 1.6356 3.7517,
-0.1342 1.6455 3.7617,
-0.1201 1.6585 3.7746,
-0.1113 1.6736 3.7898,
-0.1083 1.6898 3.806,
-0.1113 1.706 3.8222,
-0.1201 1.7211 3.8373,
-0.1342 1.7341 3.8503,
-0.1526 1.7441 3.8602,
-0.1739 1.7503 3.8665,
-0.1969 1.7667 3.8577,
-0.2198 1.7652 3.855,
-0.2411 1.7608 3.8474,
-0.2595 1.7538 3.8352,
-0.2736 1.7446 3.8193,
-0.2824 1.7339 3.8008,
-0.2854 1.7224 3.7809,
-0.2824 1.711 3.7611,
-0.2736 1.7003 3.7426,
-0.2595 1.6911 3.7267,
-0.2411 1.6841 3.7145,
-0.2198 1.6797 3.7068,
-0.1969 1.6781 3.7042,
-0.1739 1.6797 3.7068,
-0.1526 1.6841 3.7145,
-0.1342 1.6911 3.7267,
-0.1201 1.7003 3.7426,
-0.1113 1.711 3.7611,
-0.1083 1.7224 3.7809,
-0.1113 1.7339 3.8008,
-0.1201 1.7446 3.8193,
-0.1342 1.7538 3.8352,
-0.1526 1.7608 3.8474,
-0.1739 1.7652 3.855,
-0.1969 1.7833 3.8508,
-0.2198 1.7826 3.8479,
-0.2411 1.7803 3.8393,
-0.2595 1.7766 3.8257,
-0.2736 1.7719 3.808,
-0.2824 1.7664 3.7874,
-0.2854 1.7604 3.7652,
-0.2824 1.7545 3.7431,
-0.2736 1.749 3.7224,
-0.2595 1.7442 3.7047,
-0.2411 1.7406 3.6911,
-0.2198 1.7383 3.6826,
-0.1969 1.7375 3.6796,
-0.1739 1.7383 3.6826,
-0.1526 1.7406 3.6911,
-0.1342 1.7442 3.7047,
-0.1201 1.749 3.7224,
-0.1113 1.7545 3.7431,
-0.1083 1.7604 3.7652,
-0.1113 1.7664 3.7874,
-0.1201 1.7719 3.808,
-0.1342 1.7766 3.8257,
-0.1526 1.7803 3.8393,
-0.1739 1.7826 3.8479,
-0.1083 1.6437 4.2091,
-0.1113 1.6666 4.2091,
-0.1201 1.688 4.2091,
-0.1342 1.7063 4.2091,
-0.1526 1.7204 4.2091,
-0.1739 1.7293 4.2091,
-0.1969 1.7323 4.2091,
-0.2198 1.7293 4.2091,
-0.2411 1.7204 4.2091,
-0.2595 1.7063 4.2091,
-0.2736 1.688 4.2091,
-0.2824 1.6666 4.2091,
-0.2854 1.6437 4.2091,
-0.2824 1.6208 4.2091,
-0.2736 1.5994 4.2091,
-0.2595 1.5811 4.2091,
-0.2411 1.567 4.2091,
-0.2198 1.5581 4.2091,
-0.1969 1.5551 4.2091,
-0.1739 1.5581 4.2091,
-0.1526 1.567 4.2091,
-0.1342 1.5811 4.2091,
-0.1201 1.5994 4.2091,
-0.1113 1.6208 4.2091,
-0.1969 1.3537 4.2642,
-0.1969 1.3711 4.2864,
-0.1739 1.3511 4.2658,
-0.1739 1.369 4.2885,
-0.1526 1.3435 4.2703,
-0.1526 1.3628 4.2949,
-0.1342 1.3314 4.2775,
-0.1342 1.3529 4.3049,
-0.1201 1.3156 4.2868,
-0.1201 1.3401 4.318,
-0.1113 1.2972 4.2977,
-0.1113 1.3251 4.3333,
-0.1083 1.2775 4.3094,
-0.1083 1.3091 4.3496,
-0.1113 1.2578 4.3211,
-0.1113 1.293 4.366,
-0.1201 1.2394 4.332,
-0.1201 1.2781 4.3813,
-0.1342 1.2236 4.3413,
-0.1342 1.2652 4.3944,
-0.1526 1.2115 4.3485,
-0.1526 1.2554 4.4044,
-0.1739 1.2039 4.353,
-0.1739 1.2492 4.4108,
-0.1969 1.2013 4.3545,
-0.1969 1.2471 4.4129,
-0.2198 1.2039 4.353,
-0.2198 1.2492 4.4108,
-0.2411 1.2115 4.3485,
-0.2411 1.2554 4.4044,
-0.2595 1.2236 4.3413,
-0.2595 1.2652 4.3944,
-0.2736 1.2394 4.332,
-0.2736 1.2781 4.3813,
-0.2824 1.2578 4.3211,
-0.2824 1.293 4.366,
-0.2854 1.2775 4.3094,
-0.2854 1.3091 4.3496,
-0.2824 1.2972 4.2977,
-0.2824 1.3251 4.3333,
-0.2736 1.3156 4.2868,
-0.2736 1.3401 4.318,
-0.2595 1.3314 4.2775,
-0.2595 1.3529 4.3049,
-0.2411 1.3435 4.2703,
-0.2411 1.3628 4.2949,
-0.2198 1.3511 4.2658,
-0.2198 1.369 4.2885,
-0.1969 1.3936 4.3033,
-0.1739 1.3921 4.3059,
-0.1526 1.3877 4.3136,
-0.1342 1.3808 4.3259,
-0.1201 1.3718 4.3419,
-0.1113 1.3612 4.3605,
-0.1083 1.35 4.3804,
-0.1113 1.3387 4.4004,
-0.1201 1.3282 4.419,
-0.1342 1.3191 4.4349,
-0.1526 1.3122 4.4472,
-0.1739 1.3078 4.4549,
-0.1969 1.3063 4.4575,
-0.2198 1.3078 4.4549,
-0.2411 1.3122 4.4472,
-0.2595 1.3191 4.4349,
-0.2736 1.3282 4.419,
-0.2824 1.3387 4.4004,
-0.2854 1.35 4.3804,
-0.2824 1.3612 4.3605,
-0.2736 1.3718 4.3419,
-0.2595 1.3808 4.3259,
-0.2411 1.3877 4.3136,
-0.2198 1.3921 4.3059,
-0.1969 1.4196 4.3139,
-0.1739 1.4189 4.3168,
-0.1526 1.4167 4.3253,
-0.1342 1.4131 4.339,
-0.1201 1.4085 4.3567,
-0.1113 1.4032 4.3774,
-0.1083 1.3974 4.3996,
-0.1113 1.3916 4.4218,
-0.1201 1.3863 4.4425,
-0.1342 1.3817 4.4602,
-0.1526 1.3781 4.4738,
-0.1739 1.3759 4.4824,
-0.1969 1.3751 4.4853,
-0.2198 1.3759 4.4824,
-0.2411 1.3781 4.4738,
-0.2595 1.3817 4.4602,
-0.2736 1.3863 4.4425,
-0.2824 1.3916 4.4218,
-0.2854 1.3974 4.3996,
-0.2824 1.4032 4.3774,
-0.2736 1.4085 4.3567,
-0.2595 1.4131 4.339,
-0.2411 1.4167 4.3253,
-0.2198 1.4189 4.3168,
-0.1969 1.4476 4.3173,
-0.1739 1.4476 4.3203,
-0.1526 1.4477 4.3292,
-0.1342 1.4477 4.3433,
-0.1201 1.4479 4.3616,
-0.1113 1.448 4.383,
-0.1083 1.4482 4.4059,
-0.1113 1.4483 4.4288,
-0.1201 1.4485 4.4502,
-0.1342 1.4486 4.4685,
-0.1526 1.4487 4.4826,
-0.1739 1.4487 4.4915,
-0.1969 1.4488 4.4945,
-0.2198 1.4487 4.4915,
-0.2411 1.4487 4.4826,
-0.2595 1.4486 4.4685,
-0.2736 1.4485 4.4502,
-0.2824 1.4483 4.4288,
-0.2854 1.4482 4.4059,
-0.2824 1.448 4.383,
-0.2736 1.4479 4.3616,
-0.2595 1.4477 4.3433,
-0.2411 1.4477 4.3292,
-0.2198 1.4476 4.3203,
-0.1969 1.4755 4.3135,
-0.1739 1.4763 4.3164,
-0.1526 1.4786 4.3249,
-0.1342 1.4823 4.3385,
-0.1201 1.4872 4.3562,
-0.1113 1.4928 4.3768,
-0.1083 1.4989 4.3989,
-0.1113 1.5049 4.421,
-0.1201 1.5106 4.4416,
-0.1342 1.5154 4.4593,
-0.1526 1.5191 4.4729,
-0.1739 1.5215 4.4814,
-0.1969 1.5223 4.4843,
-0.2198 1.5215 4.4814,
-0.2411 1.5191 4.4729,
-0.2595 1.5154 4.4593,
-0.2736 1.5106 4.4416,
-0.2824 1.5049 4.421,
-0.2854 1.4989 4.3989,
-0.2824 1.4928 4.3768,
-0.2736 1.4872 4.3562,
-0.2595 1.4823 4.3385,
-0.2411 1.4786 4.3249,
-0.2198 1.4763 4.3164,
-0.1969 1.5014 4.3026,
-0.1739 1.5029 4.3052,
-0.1526 1.5074 4.3128,
-0.1342 1.5145 4.325,
-0.1201 1.5237 4.3408,
-0.1113 1.5345 4.3593,
-0.1083 1.546 4.3791,
-0.1113 1.5576 4.3989,
-0.1201 1.5684 4.4174,
-0.1342 1.5776 4.4332,
-0.1526 1.5847 4.4454,
-0.1739 1.5891 4.453,
-0.1969 1.5907 4.4556,
-0.2198 1.5891 4.453,
-0.2411 1.5847 4.4454,
-0.2595 1.5776 4.4332,
-0.2736 1.5684 4.4174,
-0.2824 1.5576 4.3989,
-0.2854 1.546 4.3791,
-0.2824 1.5345 4.3593,
-0.2736 1.5237 4.3408,
-0.2595 1.5145 4.325,
-0.2411 1.5074 4.3128,
-0.2198 1.5029 4.3052,
-0.1969 1.5237 4.2854,
-0.1739 1.5258 4.2875,
-0.1526 1.5321 4.2937,
-0.1342 1.5421 4.3036,
-0.1201 1.5551 4.3166,
-0.1113 1.5702 4.3316,
-0.1083 1.5865 4.3478,
-0.1113 1.6028 4.3639,
-0.1201 1.6179 4.379,
-0.1342 1.6309 4.3919,
-0.1526 1.6409 4.4018,
-0.1739 1.6472 4.4081,
-0.1969 1.6494 4.4102,
-0.2198 1.6472 4.4081,
-0.2411 1.6409 4.4018,
-0.2595 1.6309 4.3919,
-0.2736 1.6179 4.379,
-0.2824 1.6028 4.3639,
-0.2854 1.5865 4.3478,
-0.2824 1.5702 4.3316,
-0.2736 1.5551 4.3166,
-0.2595 1.5421 4.3036,
-0.2411 1.5321 4.2937,
-0.2198 1.5258 4.2875,
-0.1969 1.5407 4.263,
-0.1739 1.5434 4.2645,
-0.1526 1.551 4.2689,
-0.1342 1.5632 4.2759,
-0.1201 1.5791 4.285,
-0.1113 1.5977 4.2957,
-0.1083 1.6175 4.3071,
-0.1113 1.6374 4.3185,
-0.1201 1.656 4.3292,
-0.1342 1.6719 4.3383,
-0.1526 1.6841 4.3453,
-0.1739 1.6917 4.3497,
-0.1969 1.6944 4.3512,
-0.2198 1.6917 4.3497,
-0.2411 1.6841 4.3453,
-0.2595 1.6719 4.3383,
-0.2736 1.656 4.3292,
-0.2824 1.6374 4.3185,
-0.2854 1.6175 4.3071,
-0.2824 1.5977 4.2957,
-0.2736 1.5791 4.285,
-0.2595 1.5632 4.2759,
-0.2411 1.551 4.2689,
-0.2198 1.5434 4.2645,
-0.1969 1.5515 4.237,
-0.1739 1.5544 4.2377,
-0.1526 1.5629 4.24,
-0.1342 1.5765 4.2437,
-0.1201 1.5943 4.2484,
-0.1113 1.6149 4.2539,
-0.1083 1.6371 4.2598,
-0.1113 1.6592 4.2657,
-0.1201 1.6798 4.2712,
-0.1342 1.6976 4.2759,
-0.1526 1.7112 4.2796,
-0.1739 1.7197 4.2818,
-0.1969 1.7226 4.2826,
-0.2198 1.7197 4.2818,
-0.2411 1.7112 4.2796,
-0.2595 1.6976 4.2759,
-0.2736 1.6798 4.2712,
-0.2824 1.6592 4.2657,
-0.2854 1.6371 4.2598,
-0.2824 1.6149 4.2539,
-0.2736 1.5943 4.2484,
-0.2595 1.5765 4.2437,
-0.2411 1.5629 4.24,
-0.2198 1.5544 4.2377,
-0.1566 2.3018 2.7021,
-0.1481 2.3064 2.7032,
-0.1451 2.2802 2.824,
-0.1384 2.3154 2.7055,
-0.1314 2.3219 2.7071,
-0.1284 2.2961 2.826,
-0.1245 2.333 2.7101,
-0.1195 2.341 2.7123,
-0.1165 2.3158 2.8287,
-0.1102 2.3378 2.8317,
-0.112 2.3752 2.7221,
-0.1125 2.3846 2.7248,
-0.1098 2.3607 2.835,
-0.1157 2.397 2.7286,
-0.1181 2.4061 2.7313,
-0.1154 2.3829 2.8383,
-0.1245 2.4173 2.7348,
-0.1292 2.4254 2.7374,
-0.1266 2.4029 2.8413,
-0.1385 2.4346 2.7404,
-0.1452 2.4413 2.7426,
-0.1427 2.4193 2.8439,
-0.1566 2.4478 2.7449,
-0.165 2.4526 2.7465,
-0.1625 2.431 2.846,
-0.1778 2.4561 2.748,
-0.1872 2.4586 2.749,
-0.1847 2.4373 2.8472,
-0.2005 2.4587 2.7495,
-0.2078 2.4376 2.8476,
-0.1157 2.3534 2.7158,
-0.113 2.3624 2.7184,
-0.112 2.3748 2.722,
-0.1653 2.269 2.8228,
-0.1877 2.2634 2.8223,
-0.1778 2.2932 2.7003,
-0.1683 2.2955 2.7007,
-0.2108 2.2638 2.8228,
-0.2005 2.2901 2.7002,
-0.1908 2.29 2.6998,
-0.2331 2.27 2.824,
-0.2232 2.2928 2.7017,
-0.2139 2.2903 2.7007,
-0.2529 2.2818 2.826,
-0.2444 2.301 2.7048,
-0.2361 2.2963 2.7032,
-0.269 2.2982 2.8287,
-0.2626 2.3142 2.7093,
-0.2559 2.3076 2.7071,
-0.2802 2.3182 2.8317,
-0.2766 2.3316 2.7149,
-0.2719 2.3234 2.7123,
-0.2858 2.3404 2.835,
-0.2853 2.3518 2.7211,
-0.283 2.3428 2.7184,
-0.2854 2.3633 2.8383,
-0.2883 2.3736 2.7276,
-0.2885 2.3643 2.7248,
-0.279 2.3853 2.8413,
-0.2853 2.3955 2.7339,
-0.2881 2.3865 2.7313,
-0.2671 2.4049 2.8439,
-0.2766 2.4159 2.7395,
-0.2816 2.4078 2.7374,
-0.2505 2.4209 2.846,
-0.2626 2.4335 2.7442,
-0.2696 2.4269 2.7426,
-0.2303 2.432 2.8472,
-0.2444 2.447 2.7476,
-0.253 2.4425 2.7465,
-0.2103 2.4588 2.7499,
-0.2233 2.4557 2.7494,
-0.2327 2.4533 2.749,
-0.2329 2.8554 1.3938,
-0.2463 2.8555 1.3943,
-0.2561 2.8556 1.3947,
-0.2691 2.8525 1.3942,
-0.2785 2.8501 1.3938,
-0.2902 2.8438 1.3924,
-0.2988 2.8393 1.3913,
-0.3084 2.8303 1.389,
-0.3154 2.8237 1.3874,
-0.3224 2.8127 1.3844,
-0.3274 2.8046 1.3822,
-0.3311 2.7923 1.3787,
-0.3338 2.7833 1.3761,
-0.3341 2.7704 1.3724,
-0.3343 2.7611 1.3696,
-0.3311 2.7486 1.3659,
-0.3288 2.7396 1.3632,
-0.3223 2.7284 1.3597,
-0.3177 2.7202 1.3571,
-0.3084 2.711 1.3541,
-0.3017 2.7044 1.3519,
-0.2902 2.6978 1.3496,
-0.2819 2.6931 1.348,
-0.269 2.6896 1.3465,
-0.2597 2.6871 1.3455,
-0.2463 2.6869 1.345,
-0.2366 2.6868 1.3446,
-0.2236 2.69 1.3451,
-0.2141 2.6923 1.3455,
-0.2024 2.6986 1.3469,
-0.1939 2.7032 1.348,
-0.1842 2.7122 1.3503,
-0.1772 2.7187 1.3519,
-0.1703 2.7298 1.3549,
-0.1652 2.7378 1.3571,
-0.1615 2.7502 1.3606,
-0.1588 2.7592 1.3632,
-0.1578 2.7716 1.3668,
-0.1578 2.772 1.3669,
-0.1583 2.7814 1.3696,
-0.1615 2.7938 1.3734,
-0.1638 2.8029 1.3761,
-0.1703 2.8141 1.3796,
-0.175 2.8222 1.3822,
-0.1842 2.8314 1.3852,
-0.191 2.8381 1.3874,
-0.2024 2.8447 1.3897,
-0.2108 2.8494 1.3913,
-0.2236 2.8529 1.3928,
-0.3018 2.8655 1.2704,
-0.3184 2.8495 1.2684,
-0.3303 2.8299 1.2658,
-0.3367 2.8079 1.2628,
-0.3371 2.785 1.2595,
-0.3315 2.7628 1.2562,
-0.3203 2.7428 1.2532,
-0.3042 2.7264 1.2505,
-0.2844 2.7146 1.2485,
-0.2621 2.7084 1.2473,
-0.239 2.708 1.2468,
-0.2816 2.8766 1.2717,
-0.2591 2.8822 1.2721,
-0.236 2.8819 1.2717,
-0.2138 2.8756 1.2704,
-0.194 2.8639 1.2684,
-0.1779 2.8475 1.2658,
-0.1667 2.8275 1.2628,
-0.1611 2.8053 1.2595,
-0.1615 2.7824 1.2562,
-0.1678 2.7604 1.2532,
-0.1797 2.7407 1.2505,
-0.1964 2.7248 1.2485,
-0.2166 2.7136 1.2473,
-0.8356 1.7802 1.122,
-0.8361 1.7824 1.147,
-0.8385 1.8007 1.122,
-0.8383 1.8032 1.147,
-0.8385 1.8007 0.1772,
-0.7943 1.7264 -1.2008,
-0.8126 1.7405 0.1772,
-0.8126 1.7405 -1.2008,
-0.8267 1.7589 0.1772,
-0.8267 1.7589 -1.2008,
-0.8356 1.7802 0.1772,
-0.8356 1.7802 -1.2008,
-0.8386 1.8031 -1.2008,
-0.6644 1.7802 -1.2008,
-0.6733 1.7589 0.1772,
-0.6733 1.7589 -1.2008,
-0.6874 1.7405 0.1772,
-0.6874 1.7405 -1.2008,
-0.7057 1.7264 0.1772,
-0.7057 1.7264 -1.2008,
-0.7271 1.7176 0.1772,
-0.7271 1.7176 -1.2008,
-0.75 1.7146 0.1772,
-0.75 1.7146 -1.2008,
-0.7729 1.7176 0.1772,
-0.7729 1.7176 -1.2008,
-0.7874 1.7236 0.1772,
-0.7943 1.7264 0.1772,
-0.6614 1.8007 1.122,
-0.6614 1.8031 1.147,
-0.6614 1.8009 1.147,
-0.6644 1.7802 1.122,
-0.6614 1.8031 -1.2008,
-0.6614 1.8007 0.1772,
-0.6644 1.7802 0.1772,
-0.6647 1.7803 1.147,
-0.6651 1.778 1.147,
-0.6733 1.7589 1.122,
-0.6735 1.759 1.147,
-0.6744 1.7569 1.147,
-0.6874 1.7405 1.122,
-0.6876 1.7407 1.147,
-0.689 1.7389 1.147,
-0.7057 1.7264 1.122,
-0.7059 1.7267 1.147,
-0.7077 1.7253 1.147,
-0.7271 1.7176 1.122,
-0.7272 1.7178 1.147,
-0.7293 1.717 1.147,
-0.75 1.7146 1.122,
-0.75 1.7148 1.147,
-0.7523 1.7146 1.147,
-0.7729 1.7176 1.122,
-0.7729 1.7178 1.147,
-0.7751 1.7182 1.147,
-0.7943 1.7264 1.122,
-0.7942 1.7267 1.147,
-0.7962 1.7276 1.147,
-0.8126 1.7405 1.122,
-0.8125 1.7407 1.147,
-0.8142 1.7421 1.147,
-0.8267 1.7589 1.122,
-0.8265 1.759 1.147,
-0.8278 1.7608 1.147,
-0.8353 1.7803 1.147,
-0.6644 1.8261 -1.2008,
-0.6647 1.826 1.147,
-0.6639 1.8239 1.147,
-0.6733 1.8474 -1.2008,
-0.6874 1.8658 -1.2008,
-0.6875 1.8656 1.147,
-0.6858 1.8642 1.147,
-0.6735 1.8473 1.147,
-0.6722 1.8455 1.147,
-0.7057 1.8799 -1.2008,
-0.7271 1.8887 -1.2008,
-0.7271 1.8884 1.147,
-0.7249 1.8881 1.147,
-0.7058 1.8796 1.147,
-0.7038 1.8787 1.147,
-0.75 1.8917 -1.2008,
-0.7729 1.8887 -1.2008,
-0.7728 1.8885 1.147,
-0.7707 1.8893 1.147,
-0.75 1.8915 1.147,
-0.7477 1.8917 1.147,
-0.7943 1.8799 -1.2008,
-0.8126 1.8658 -1.2008,
-0.8124 1.8656 1.147,
-0.811 1.8674 1.147,
-0.7941 1.8796 1.147,
-0.7923 1.881 1.147,
-0.8267 1.8474 -1.2008,
-0.8356 1.8261 -1.2008,
-0.8353 1.826 1.147,
-0.8349 1.8283 1.147,
-0.8265 1.8473 1.147,
-0.8256 1.8494 1.147,
-0.8386 1.8054 1.147,
-0.5463 -0.452 1.5401,
-0.5676 -0.4597 1.5446,
-0.5906 -0.386 1.501,
-0.5906 -0.4623 1.5462,
-0.6135 -0.4597 1.5446,
-0.505 -0.4058 1.5127,
-0.5138 -0.4241 1.5236,
-0.5279 -0.4399 1.5329,
-0.5138 -0.3479 1.4785,
-0.505 -0.3663 1.4893,
-0.502 -0.386 1.501,
-0.5676 -0.3124 1.4574,
-0.5463 -0.32 1.4619,
-0.5279 -0.3321 1.4691,
-0.6348 -0.32 1.4619,
-0.6135 -0.3124 1.4574,
-0.5906 -0.3098 1.4559,
-0.6761 -0.3663 1.4893,
-0.6673 -0.3479 1.4785,
-0.6532 -0.3321 1.4691,
-0.6673 -0.4241 1.5236,
-0.6761 -0.4058 1.5127,
-0.6791 -0.386 1.501,
-0.6348 -0.452 1.5401,
-0.6532 -0.4399 1.5329,
-0.502 2.3402 2.9475,
-0.502 2.3425 3.563,
-0.505 2.3196 3.563,
-0.5138 2.2982 3.563,
-0.5056 2.3174 2.9475,
-0.5053 2.3196 2.9475,
-0.5279 2.2799 3.563,
-0.515 2.2963 2.9475,
-0.5141 2.2983 2.9475,
-0.5463 2.2658 3.563,
-0.5295 2.2783 2.9475,
-0.5281 2.2801 2.9475,
-0.5676 2.257 3.563,
-0.5482 2.2647 2.9475,
-0.5464 2.266 2.9475,
-0.5906 2.2539 3.563,
-0.5698 2.2564 2.9475,
-0.5677 2.2572 2.9475,
-0.6135 2.257 3.563,
-0.5928 2.254 2.9475,
-0.5906 2.2542 2.9475,
-0.6348 2.2658 3.563,
-0.6157 2.2576 2.9475,
-0.6134 2.2572 2.9475,
-0.6532 2.2799 3.563,
-0.6368 2.267 2.9475,
-0.6347 2.266 2.9475,
-0.6673 2.2982 3.563,
-0.6548 2.2815 2.9475,
-0.653 2.2801 2.9475,
-0.6761 2.3196 3.563,
-0.6684 2.3002 2.9475,
-0.667 2.2984 2.9475,
-0.6791 2.3425 3.563,
-0.6767 2.3218 2.9475,
-0.6759 2.3197 2.9475,
-0.6761 2.3654 3.563,
-0.6791 2.3448 2.9475,
-0.6789 2.3425 2.9475,
-0.6673 2.3868 3.563,
-0.6755 2.3676 2.9475,
-0.6759 2.3654 2.9475,
-0.6532 2.4052 3.563,
-0.6661 2.3888 2.9475,
-0.667 2.3867 2.9475,
-0.6348 2.4192 3.563,
-0.6516 2.4067 2.9475,
-0.653 2.405 2.9475,
-0.6135 2.4281 3.563,
-0.6329 2.4203 2.9475,
-0.6347 2.419 2.9475,
-0.5906 2.4311 3.563,
-0.6113 2.4286 2.9475,
-0.6134 2.4278 2.9475,
-0.5676 2.4281 3.563,
-0.5883 2.4311 2.9475,
-0.5905 2.4308 2.9475,
-0.5463 2.4192 3.563,
-0.5654 2.4275 2.9475,
-0.5677 2.4278 2.9475,
-0.5279 2.4052 3.563,
-0.5443 2.4181 2.9475,
-0.5464 2.419 2.9475,
-0.5138 2.3868 3.563,
-0.5263 2.4035 2.9475,
-0.5281 2.4049 2.9475,
-0.505 2.3654 3.563,
-0.5127 2.3848 2.9475,
-0.5141 2.3867 2.9475,
-0.502 2.3425 2.9475,
-0.5044 2.3632 2.9475,
-0.5052 2.3654 2.9475,
-0.5906 2.1457 3.6713,
-0.5906 2.1737 3.6676,
-0.5676 2.1457 3.6743,
-0.5676 2.1745 3.6705,
-0.5463 2.1457 3.6831,
-0.5463 2.1768 3.679,
-0.5279 2.1457 3.6972,
-0.5279 2.1804 3.6926,
-0.5138 2.1457 3.7156,
-0.5138 2.1852 3.7104,
-0.505 2.1457 3.7369,
-0.505 2.1907 3.731,
-0.502 2.1457 3.7598,
-0.502 2.1966 3.7531,
-0.505 2.1457 3.7828,
-0.505 2.2026 3.7753,
-0.5138 2.1457 3.8041,
-0.5138 2.2081 3.7959,
-0.5279 2.1457 3.8225,
-0.5279 2.2128 3.8136,
-0.5463 2.1457 3.8366,
-0.5463 2.2165 3.8272,
-0.5676 2.1457 3.8454,
-0.5676 2.2188 3.8358,
-0.5906 2.1457 3.8484,
-0.5906 2.2195 3.8387,
-0.6135 2.1457 3.8454,
-0.6135 2.2188 3.8358,
-0.6348 2.1457 3.8366,
-0.6348 2.2165 3.8272,
-0.6532 2.1457 3.8225,
-0.6532 2.2128 3.8136,
-0.6673 2.1457 3.8041,
-0.6673 2.2081 3.7959,
-0.6761 2.1457 3.7828,
-0.6761 2.2026 3.7753,
-0.6791 2.1457 3.7598,
-0.6791 2.1966 3.7531,
-0.6761 2.1457 3.7369,
-0.6761 2.1907 3.731,
-0.6673 2.1457 3.7156,
-0.6673 2.1852 3.7104,
-0.6532 2.1457 3.6972,
-0.6532 2.1804 3.6926,
-0.6348 2.1457 3.6831,
-0.6348 2.1768 3.679,
-0.6135 2.1457 3.6743,
-0.6135 2.1745 3.6705,
-0.5906 2.1998 3.6568,
-0.5676 2.2013 3.6594,
-0.5463 2.2057 3.667,
-0.5279 2.2128 3.6792,
-0.5138 2.2219 3.6951,
-0.505 2.2326 3.7136,
-0.502 2.2441 3.7335,
-0.505 2.2556 3.7533,
-0.5138 2.2662 3.7718,
-0.5279 2.2754 3.7877,
-0.5463 2.2825 3.7999,
-0.5676 2.2869 3.8076,
-0.5906 2.2884 3.8102,
-0.6135 2.2869 3.8076,
-0.6348 2.2825 3.7999,
-0.6532 2.2754 3.7877,
-0.6673 2.2662 3.7718,
-0.6761 2.2556 3.7533,
-0.6791 2.2441 3.7335,
-0.6761 2.2326 3.7136,
-0.6673 2.2219 3.6951,
-0.6532 2.2128 3.6792,
-0.6348 2.2057 3.667,
-0.6135 2.2013 3.6594,
-0.5906 2.2222 3.6395,
-0.5676 2.2244 3.6417,
-0.5463 2.2306 3.6479,
-0.5279 2.2406 3.6579,
-0.5138 2.2535 3.6709,
-0.505 2.2687 3.686,
-0.502 2.2849 3.7022,
-0.505 2.3011 3.7184,
-0.5138 2.3162 3.7335,
-0.5279 2.3292 3.7465,
-0.5463 2.3391 3.7564,
-0.5676 2.3454 3.7627,
-0.5906 2.3475 3.7648,
-0.6135 2.3454 3.7627,
-0.6348 2.3391 3.7564,
-0.6532 2.3292 3.7465,
-0.6673 2.3162 3.7335,
-0.6761 2.3011 3.7184,
-0.6791 2.2849 3.7022,
-0.6761 2.2687 3.686,
-0.6673 2.2535 3.6709,
-0.6532 2.2406 3.6579,
-0.6348 2.2306 3.6479,
-0.6135 2.2244 3.6417,
-0.5906 2.2394 3.6171,
-0.5676 2.242 3.6186,
-0.5463 2.2497 3.6231,
-0.5279 2.2619 3.6301,
-0.5138 2.2778 3.6393,
-0.505 2.2963 3.65,
-0.502 2.3161 3.6614,
-0.505 2.336 3.6729,
-0.5138 2.3545 3.6836,
-0.5279 2.3704 3.6927,
-0.5463 2.3826 3.6998,
-0.5676 2.3902 3.7042,
-0.5906 2.3929 3.7057,
-0.6135 2.3902 3.7042,
-0.6348 2.3826 3.6998,
-0.6532 2.3704 3.6927,
-0.6673 2.3545 3.6836,
-0.6761 2.336 3.6729,
-0.6791 2.3161 3.6614,
-0.6761 2.2963 3.65,
-0.6673 2.2778 3.6393,
-0.6532 2.2619 3.6301,
-0.6348 2.2497 3.6231,
-0.6135 2.242 3.6186,
-0.5906 2.2502 3.591,
-0.5676 2.2532 3.5918,
-0.5463 2.2617 3.5941,
-0.5279 2.2753 3.5977,
-0.5138 2.293 3.6025,
-0.505 2.3137 3.608,
-0.502 2.3358 3.6139,
-0.505 2.358 3.6199,
-0.5138 2.3786 3.6254,
-0.5279 2.3963 3.6302,
-0.5463 2.4099 3.6338,
-0.5676 2.4185 3.6361,
-0.5906 2.4214 3.6369,
-0.6135 2.4185 3.6361,
-0.6348 2.4099 3.6338,
-0.6532 2.3963 3.6302,
-0.6673 2.3786 3.6254,
-0.6761 2.358 3.6199,
-0.6791 2.3358 3.6139,
-0.6761 2.3137 3.608,
-0.6673 2.293 3.6025,
-0.6532 2.2753 3.5977,
-0.6348 2.2617 3.5941,
-0.6135 2.2532 3.5918,
-0.5906 1.8012 3.6713,
-0.5676 1.8012 3.6743,
-0.5463 1.8012 3.6831,
-0.5279 1.8012 3.6972,
-0.5138 1.8012 3.7156,
-0.505 1.8012 3.7369,
-0.502 1.8012 3.7598,
-0.505 1.8012 3.7828,
-0.5138 1.8012 3.8041,
-0.5279 1.8012 3.8225,
-0.5463 1.8012 3.8366,
-0.5676 1.8012 3.8454,
-0.5906 1.8012 3.8484,
-0.6135 1.8012 3.8454,
-0.6348 1.8012 3.8366,
-0.6532 1.8012 3.8225,
-0.6673 1.8012 3.8041,
-0.6761 1.8012 3.7828,
-0.6791 1.8012 3.7598,
-0.6761 1.8012 3.7369,
-0.6673 1.8012 3.7156,
-0.6532 1.8012 3.6972,
-0.6348 1.8012 3.6831,
-0.6135 1.8012 3.6743,
-0.5906 1.7323 3.9173,
-0.5906 1.7346 3.8995,
-0.6135 1.7293 3.9173,
-0.6135 1.7317 3.8987,
-0.6348 1.7204 3.9173,
-0.6348 1.7232 3.8964,
-0.6532 1.7063 3.9173,
-0.6532 1.7096 3.8928,
-0.6673 1.688 3.9173,
-0.6673 1.6918 3.888,
-0.6761 1.6666 3.9173,
-0.6761 1.6712 3.8825,
-0.6791 1.6437 3.9173,
-0.6791 1.6491 3.8766,
-0.6761 1.6208 3.9173,
-0.6761 1.6269 3.8706,
-0.6673 1.5994 3.9173,
-0.6673 1.6063 3.8651,
-0.6532 1.5811 3.9173,
-0.6532 1.5886 3.8604,
-0.6348 1.567 3.9173,
-0.6348 1.575 3.8567,
-0.6135 1.5581 3.9173,
-0.6135 1.5664 3.8544,
-0.5906 1.5551 3.9173,
-0.5906 1.5635 3.8536,
-0.5676 1.5581 3.9173,
-0.5676 1.5664 3.8544,
-0.5463 1.567 3.9173,
-0.5463 1.575 3.8567,
-0.5279 1.5811 3.9173,
-0.5279 1.5886 3.8604,
-0.5138 1.5994 3.9173,
-0.5138 1.6063 3.8651,
-0.505 1.6208 3.9173,
-0.505 1.6269 3.8706,
-0.502 1.6437 3.9173,
-0.502 1.6491 3.8766,
-0.505 1.6666 3.9173,
-0.505 1.6712 3.8825,
-0.5138 1.688 3.9173,
-0.5138 1.6918 3.888,
-0.5279 1.7063 3.9173,
-0.5279 1.7096 3.8928,
-0.5463 1.7204 3.9173,
-0.5463 1.7232 3.8964,
-0.5676 1.7293 3.9173,
-0.5676 1.7317 3.8987,
-0.5906 1.7415 3.8829,
-0.6135 1.7389 3.8814,
-0.6348 1.7312 3.8769,
-0.6532 1.719 3.8699,
-0.6673 1.7032 3.8607,
-0.6761 1.6847 3.85,
-0.6791 1.6648 3.8386,
-0.6761 1.6449 3.8271,
-0.6673 1.6264 3.8164,
-0.6532 1.6106 3.8073,
-0.6348 1.5984 3.8002,
-0.6135 1.5907 3.7958,
-0.5906 1.5881 3.7943,
-0.5676 1.5907 3.7958,
-0.5463 1.5984 3.8002,
-0.5279 1.6106 3.8073,
-0.5138 1.6264 3.8164,
-0.505 1.6449 3.8271,
-0.502 1.6648 3.8386,
-0.505 1.6847 3.85,
-0.5138 1.7032 3.8607,
-0.5279 1.719 3.8699,
-0.5463 1.7312 3.8769,
-0.5676 1.7389 3.8814,
-0.5906 1.7525 3.8686,
-0.6135 1.7503 3.8665,
-0.6348 1.7441 3.8602,
-0.6532 1.7341 3.8503,
-0.6673 1.7211 3.8373,
-0.6761 1.706 3.8222,
-0.6791 1.6898 3.806,
-0.6761 1.6736 3.7898,
-0.6673 1.6585 3.7746,
-0.6532 1.6455 3.7617,
-0.6348 1.6356 3.7517,
-0.6135 1.6293 3.7455,
-0.5906 1.6272 3.7433,
-0.5676 1.6293 3.7455,
-0.5463 1.6356 3.7517,
-0.5279 1.6455 3.7617,
-0.5138 1.6585 3.7746,
-0.505 1.6736 3.7898,
-0.502 1.6898 3.806,
-0.505 1.706 3.8222,
-0.5138 1.7211 3.8373,
-0.5279 1.7341 3.8503,
-0.5463 1.7441 3.8602,
-0.5676 1.7503 3.8665,
-0.5906 1.7667 3.8577,
-0.6135 1.7652 3.855,
-0.6348 1.7608 3.8474,
-0.6532 1.7538 3.8352,
-0.6673 1.7446 3.8193,
-0.6761 1.7339 3.8008,
-0.6791 1.7224 3.7809,
-0.6761 1.711 3.7611,
-0.6673 1.7003 3.7426,
-0.6532 1.6911 3.7267,
-0.6348 1.6841 3.7145,
-0.6135 1.6797 3.7068,
-0.5906 1.6781 3.7042,
-0.5676 1.6797 3.7068,
-0.5463 1.6841 3.7145,
-0.5279 1.6911 3.7267,
-0.5138 1.7003 3.7426,
-0.505 1.711 3.7611,
-0.502 1.7224 3.7809,
-0.505 1.7339 3.8008,
-0.5138 1.7446 3.8193,
-0.5279 1.7538 3.8352,
-0.5463 1.7608 3.8474,
-0.5676 1.7652 3.855,
-0.5906 1.7833 3.8508,
-0.6135 1.7826 3.8479,
-0.6348 1.7803 3.8393,
-0.6532 1.7766 3.8257,
-0.6673 1.7719 3.808,
-0.6761 1.7664 3.7874,
-0.6791 1.7604 3.7652,
-0.6761 1.7545 3.7431,
-0.6673 1.749 3.7224,
-0.6532 1.7442 3.7047,
-0.6348 1.7406 3.6911,
-0.6135 1.7383 3.6826,
-0.5906 1.7375 3.6796,
-0.5676 1.7383 3.6826,
-0.5463 1.7406 3.6911,
-0.5279 1.7442 3.7047,
-0.5138 1.749 3.7224,
-0.505 1.7545 3.7431,
-0.502 1.7604 3.7652,
-0.505 1.7664 3.7874,
-0.5138 1.7719 3.808,
-0.5279 1.7766 3.8257,
-0.5463 1.7803 3.8393,
-0.5676 1.7826 3.8479,
-0.502 1.6437 4.2091,
-0.505 1.6666 4.2091,
-0.5138 1.688 4.2091,
-0.5279 1.7063 4.2091,
-0.5463 1.7204 4.2091,
-0.5676 1.7293 4.2091,
-0.5906 1.7323 4.2091,
-0.6135 1.7293 4.2091,
-0.6348 1.7204 4.2091,
-0.6532 1.7063 4.2091,
-0.6673 1.688 4.2091,
-0.6761 1.6666 4.2091,
-0.6791 1.6437 4.2091,
-0.6761 1.6208 4.2091,
-0.6673 1.5994 4.2091,
-0.6532 1.5811 4.2091,
-0.6348 1.567 4.2091,
-0.6135 1.5581 4.2091,
-0.5906 1.5551 4.2091,
-0.5676 1.5581 4.2091,
-0.5463 1.567 4.2091,
-0.5279 1.5811 4.2091,
-0.5138 1.5994 4.2091,
-0.505 1.6208 4.2091,
-0.5906 1.3537 4.2642,
-0.5906 1.3711 4.2864,
-0.5676 1.3511 4.2658,
-0.5676 1.369 4.2885,
-0.5463 1.3435 4.2703,
-0.5463 1.3628 4.2949,
-0.5279 1.3314 4.2775,
-0.5279 1.3529 4.3049,
-0.5138 1.3156 4.2868,
-0.5138 1.3401 4.318,
-0.505 1.2972 4.2977,
-0.505 1.3251 4.3333,
-0.502 1.2775 4.3094,
-0.502 1.3091 4.3496,
-0.505 1.2578 4.3211,
-0.505 1.293 4.366,
-0.5138 1.2394 4.332,
-0.5138 1.2781 4.3813,
-0.5279 1.2236 4.3413,
-0.5279 1.2652 4.3944,
-0.5463 1.2115 4.3485,
-0.5463 1.2554 4.4044,
-0.5676 1.2039 4.353,
-0.5676 1.2492 4.4108,
-0.5906 1.2013 4.3545,
-0.5906 1.2471 4.4129,
-0.6135 1.2039 4.353,
-0.6135 1.2492 4.4108,
-0.6348 1.2115 4.3485,
-0.6348 1.2554 4.4044,
-0.6532 1.2236 4.3413,
-0.6532 1.2652 4.3944,
-0.6673 1.2394 4.332,
-0.6673 1.2781 4.3813,
-0.6761 1.2578 4.3211,
-0.6761 1.293 4.366,
-0.6791 1.2775 4.3094,
-0.6791 1.3091 4.3496,
-0.6761 1.2972 4.2977,
-0.6761 1.3251 4.3333,
-0.6673 1.3156 4.2868,
-0.6673 1.3401 4.318,
-0.6532 1.3314 4.2775,
-0.6532 1.3529 4.3049,
-0.6348 1.3435 4.2703,
-0.6348 1.3628 4.2949,
-0.6135 1.3511 4.2658,
-0.6135 1.369 4.2885,
-0.5906 1.3936 4.3033,
-0.5676 1.3921 4.3059,
-0.5463 1.3877 4.3136,
-0.5279 1.3808 4.3259,
-0.5138 1.3718 4.3419,
-0.505 1.3612 4.3605,
-0.502 1.35 4.3804,
-0.505 1.3387 4.4004,
-0.5138 1.3282 4.419,
-0.5279 1.3191 4.4349,
-0.5463 1.3122 4.4472,
-0.5676 1.3078 4.4549,
-0.5906 1.3063 4.4575,
-0.6135 1.3078 4.4549,
-0.6348 1.3122 4.4472,
-0.6532 1.3191 4.4349,
-0.6673 1.3282 4.419,
-0.6761 1.3387 4.4004,
-0.6791 1.35 4.3804,
-0.6761 1.3612 4.3605,
-0.6673 1.3718 4.3419,
-0.6532 1.3808 4.3259,
-0.6348 1.3877 4.3136,
-0.6135 1.3921 4.3059,
-0.5906 1.4196 4.3139,
-0.5676 1.4189 4.3168,
-0.5463 1.4167 4.3253,
-0.5279 1.4131 4.339,
-0.5138 1.4085 4.3567,
-0.505 1.4032 4.3774,
-0.502 1.3974 4.3996,
-0.505 1.3916 4.4218,
-0.5138 1.3863 4.4425,
-0.5279 1.3817 4.4602,
-0.5463 1.3781 4.4738,
-0.5676 1.3759 4.4824,
-0.5906 1.3751 4.4853,
-0.6135 1.3759 4.4824,
-0.6348 1.3781 4.4738,
-0.6532 1.3817 4.4602,
-0.6673 1.3863 4.4425,
-0.6761 1.3916 4.4218,
-0.6791 1.3974 4.3996,
-0.6761 1.4032 4.3774,
-0.6673 1.4085 4.3567,
-0.6532 1.4131 4.339,
-0.6348 1.4167 4.3253,
-0.6135 1.4189 4.3168,
-0.5906 1.4476 4.3173,
-0.5676 1.4476 4.3203,
-0.5463 1.4477 4.3292,
-0.5279 1.4477 4.3433,
-0.5138 1.4479 4.3616,
-0.505 1.448 4.383,
-0.502 1.4482 4.4059,
-0.505 1.4483 4.4288,
-0.5138 1.4485 4.4502,
-0.5279 1.4486 4.4685,
-0.5463 1.4487 4.4826,
-0.5676 1.4487 4.4915,
-0.5906 1.4488 4.4945,
-0.6135 1.4487 4.4915,
-0.6348 1.4487 4.4826,
-0.6532 1.4486 4.4685,
-0.6673 1.4485 4.4502,
-0.6761 1.4483 4.4288,
-0.6791 1.4482 4.4059,
-0.6761 1.448 4.383,
-0.6673 1.4479 4.3616,
-0.6532 1.4477 4.3433,
-0.6348 1.4477 4.3292,
-0.6135 1.4476 4.3203,
-0.5906 1.4755 4.3135,
-0.5676 1.4763 4.3164,
-0.5463 1.4786 4.3249,
-0.5279 1.4823 4.3385,
-0.5138 1.4872 4.3562,
-0.505 1.4928 4.3768,
-0.502 1.4989 4.3989,
-0.505 1.5049 4.421,
-0.5138 1.5106 4.4416,
-0.5279 1.5154 4.4593,
-0.5463 1.5191 4.4729,
-0.5676 1.5215 4.4814,
-0.5906 1.5223 4.4843,
-0.6135 1.5215 4.4814,
-0.6348 1.5191 4.4729,
-0.6532 1.5154 4.4593,
-0.6673 1.5106 4.4416,
-0.6761 1.5049 4.421,
-0.6791 1.4989 4.3989,
-0.6761 1.4928 4.3768,
-0.6673 1.4872 4.3562,
-0.6532 1.4823 4.3385,
-0.6348 1.4786 4.3249,
-0.6135 1.4763 4.3164,
-0.5906 1.5014 4.3026,
-0.5676 1.5029 4.3052,
-0.5463 1.5074 4.3128,
-0.5279 1.5145 4.325,
-0.5138 1.5237 4.3408,
-0.505 1.5345 4.3593,
-0.502 1.546 4.3791,
-0.505 1.5576 4.3989,
-0.5138 1.5684 4.4174,
-0.5279 1.5776 4.4332,
-0.5463 1.5847 4.4454,
-0.5676 1.5891 4.453,
-0.5906 1.5907 4.4556,
-0.6135 1.5891 4.453,
-0.6348 1.5847 4.4454,
-0.6532 1.5776 4.4332,
-0.6673 1.5684 4.4174,
-0.6761 1.5576 4.3989,
-0.6791 1.546 4.3791,
-0.6761 1.5345 4.3593,
-0.6673 1.5237 4.3408,
-0.6532 1.5145 4.325,
-0.6348 1.5074 4.3128,
-0.6135 1.5029 4.3052,
-0.5906 1.5237 4.2854,
-0.5676 1.5258 4.2875,
-0.5463 1.5321 4.2937,
-0.5279 1.5421 4.3036,
-0.5138 1.5551 4.3166,
-0.505 1.5702 4.3316,
-0.502 1.5865 4.3478,
-0.505 1.6028 4.3639,
-0.5138 1.6179 4.379,
-0.5279 1.6309 4.3919,
-0.5463 1.6409 4.4018,
-0.5676 1.6472 4.4081,
-0.5906 1.6494 4.4102,
-0.6135 1.6472 4.4081,
-0.6348 1.6409 4.4018,
-0.6532 1.6309 4.3919,
-0.6673 1.6179 4.379,
-0.6761 1.6028 4.3639,
-0.6791 1.5865 4.3478,
-0.6761 1.5702 4.3316,
-0.6673 1.5551 4.3166,
-0.6532 1.5421 4.3036,
-0.6348 1.5321 4.2937,
-0.6135 1.5258 4.2875,
-0.5906 1.5407 4.263,
-0.5676 1.5434 4.2645,
-0.5463 1.551 4.2689,
-0.5279 1.5632 4.2759,
-0.5138 1.5791 4.285,
-0.505 1.5977 4.2957,
-0.502 1.6175 4.3071,
-0.505 1.6374 4.3185,
-0.5138 1.656 4.3292,
-0.5279 1.6719 4.3383,
-0.5463 1.6841 4.3453,
-0.5676 1.6917 4.3497,
-0.5906 1.6944 4.3512,
-0.6135 1.6917 4.3497,
-0.6348 1.6841 4.3453,
-0.6532 1.6719 4.3383,
-0.6673 1.656 4.3292,
-0.6761 1.6374 4.3185,
-0.6791 1.6175 4.3071,
-0.6761 1.5977 4.2957,
-0.6673 1.5791 4.285,
-0.6532 1.5632 4.2759,
-0.6348 1.551 4.2689,
-0.6135 1.5434 4.2645,
-0.5906 1.5515 4.237,
-0.5676 1.5544 4.2377,
-0.5463 1.5629 4.24,
-0.5279 1.5765 4.2437,
-0.5138 1.5943 4.2484,
-0.505 1.6149 4.2539,
-0.502 1.6371 4.2598,
-0.505 1.6592 4.2657,
-0.5138 1.6798 4.2712,
-0.5279 1.6976 4.2759,
-0.5463 1.7112 4.2796,
-0.5676 1.7197 4.2818,
-0.5906 1.7226 4.2826,
-0.6135 1.7197 4.2818,
-0.6348 1.7112 4.2796,
-0.6532 1.6976 4.2759,
-0.6673 1.6798 4.2712,
-0.6761 1.6592 4.2657,
-0.6791 1.6371 4.2598,
-0.6761 1.6149 4.2539,
-0.6673 1.5943 4.2484,
-0.6532 1.5765 4.2437,
-0.6348 1.5629 4.24,
-0.6135 1.5544 4.2377,
-0.6045 2.2121 2.7035,
-0.5824 2.2139 2.7005,
-0.573 2.2457 2.822,
-0.5817 2.2142 2.7004,
-0.561 2.2214 2.6957,
-0.5515 2.2538 2.8195,
-0.5163 2.294 2.6652,
-0.5191 2.3136 2.6585,
-0.5081 2.3507 2.8007,
-0.5194 2.3142 2.6583,
-0.5277 2.3341 2.6521,
-0.5165 2.372 2.7974,
-0.5302 2.3905 2.795,
-0.6667 2.3565 2.6588,
-0.6804 2.3404 2.6659,
-0.6697 2.3766 2.8044,
-0.6807 2.3397 2.6662,
-0.6894 2.3206 2.6739,
-0.679 2.3558 2.8085,
-0.6895 2.3199 2.6742,
-0.6926 2.2991 2.6819,
-0.6825 2.3333 2.8125,
-0.6925 2.2984 2.6821,
-0.6898 2.2774 2.6893,
-0.68 2.3106 2.8163,
-0.6895 2.2767 2.6895,
-0.6812 2.2569 2.6957,
-0.6716 2.2893 2.8195,
-0.6807 2.2563 2.6958,
-0.6673 2.2391 2.7005,
-0.6579 2.2708 2.822,
-0.6667 2.2386 2.7006,
-0.6492 2.225 2.7036,
-0.6399 2.2564 2.8236,
-0.6485 2.2247 2.7037,
-0.6188 2.2471 2.8241,
-0.6553 2.3942 2.8007,
-0.6366 2.4076 2.7974,
-0.6485 2.3692 2.6523,
-0.6662 2.3571 2.6585,
-0.6265 2.377 2.6472,
-0.6272 2.3768 2.6474,
-0.6479 2.3696 2.6521,
-0.6151 2.4156 2.795,
-0.5922 2.4179 2.7934,
-0.5809 2.3751 2.6431,
-0.5817 2.3753 2.6432,
-0.6037 2.3789 2.6442,
-0.6044 2.3789 2.6443,
-0.5693 2.4143 2.7929,
-0.5482 2.4049 2.7934,
-0.5416 2.3519 2.6472,
-0.5422 2.3524 2.6471,
-0.5597 2.3659 2.6442,
-0.5604 2.3662 2.6441,
-0.5282 2.3346 2.652,
-0.5056 2.3281 2.8044,
-0.5091 2.3056 2.8085,
-0.5194 2.2711 2.6736,
-0.5163 2.2918 2.6659,
-0.5163 2.2926 2.6657,
-0.5184 2.2848 2.8125,
-0.5282 2.2513 2.6816,
-0.5195 2.2704 2.6739,
-0.5604 2.2218 2.6954,
-0.5427 2.2339 2.6893,
-0.5328 2.2671 2.8163,
-0.5422 2.2345 2.689,
-0.5285 2.2506 2.6819,
-0.5959 2.2434 2.8236,
-0.628 2.2158 2.7047,
-0.6273 2.2157 2.7046,
-0.6052 2.212 2.7036,
-0.7353 1.9336 1.3909,
-0.7361 1.9336 1.391,
-0.7582 1.9317 1.3939,
-0.7589 1.9315 1.3941,
-0.7795 1.9243 1.3988,
-0.7801 1.9239 1.399,
-0.7979 1.9118 1.4052,
-0.7984 1.9112 1.4054,
-0.8121 1.8951 1.4126,
-0.8123 1.8944 1.4129,
-0.821 1.8753 1.4206,
-0.8211 1.8746 1.4209,
-0.8242 1.8538 1.4286,
-0.8242 1.8531 1.4288,
-0.8214 1.8321 1.436,
-0.8212 1.8314 1.4362,
-0.8128 1.8116 1.4424,
-0.8124 1.811 1.4425,
-0.799 1.7938 1.4472,
-0.7984 1.7933 1.4473,
-0.7808 1.7797 1.4503,
-0.7801 1.7794 1.4504,
-0.7596 1.7705 1.4514,
-0.7589 1.7704 1.4513,
-0.7369 1.7667 1.4503,
-0.7361 1.7668 1.4502,
-0.714 1.7686 1.4472,
-0.7133 1.7689 1.4471,
-0.6927 1.7761 1.4424,
-0.6921 1.7765 1.4421,
-0.6743 1.7886 1.436,
-0.6738 1.7892 1.4357,
-0.6601 1.8053 1.4286,
-0.6598 1.806 1.4283,
-0.6511 1.8251 1.4206,
-0.651 1.8258 1.4203,
-0.6479 1.8465 1.4126,
-0.6479 1.8473 1.4124,
-0.648 1.8487 1.4119,
-0.6508 1.8683 1.4052,
-0.651 1.8689 1.405,
-0.6594 1.8888 1.3988,
-0.6598 1.8893 1.3987,
-0.6732 1.9066 1.3939,
-0.6738 1.9071 1.3938,
-0.6914 1.9206 1.3909,
-0.6921 1.9209 1.3908,
-0.7125 1.9298 1.3898,
-0.7133 1.93 1.3899,
-0.7676 1.9 1.2725,
-0.7891 1.8919 1.2749,
-0.824 1.7736 1.297,
-0.8104 1.7551 1.2995,
-0.7924 1.7407 1.3011,
-0.7712 1.7314 1.3016,
-0.7484 1.7277 1.3011,
-0.7254 1.73 1.2995,
-0.7039 1.7381 1.297,
-0.6853 1.7514 1.2938,
-0.6708 1.7691 1.29,
-0.6615 1.7899 1.286,
-0.658 1.8124 1.2819,
-0.6826 1.8749 1.2725,
-0.7006 1.8893 1.2709,
-0.7218 1.8986 1.2704,
-0.669 1.8564 1.2749,
-0.6606 1.8351 1.2782,
-0.8324 1.7949 1.2938,
-0.8349 1.8176 1.29,
-0.8314 1.8401 1.286,
-0.8222 1.8609 1.2819,
-0.8077 1.8786 1.2782,
-0.7446 1.9023 1.2709,
-0.94 -0.452 1.5401,
-0.9613 -0.4597 1.5446,
-0.9843 -0.386 1.501,
-0.9843 -0.4623 1.5462,
-1.0072 -0.4597 1.5446,
-0.8987 -0.4058 1.5127,
-0.9075 -0.4241 1.5236,
-0.9216 -0.4399 1.5329,
-0.9075 -0.3479 1.4785,
-0.8987 -0.3663 1.4893,
-0.8957 -0.386 1.501,
-0.9613 -0.3124 1.4574,
-0.94 -0.32 1.4619,
-0.9216 -0.3321 1.4691,
-1.0285 -0.32 1.4619,
-1.0072 -0.3124 1.4574,
-0.9843 -0.3098 1.4559,
-1.0698 -0.3663 1.4893,
-1.061 -0.3479 1.4785,
-1.0469 -0.3321 1.4691,
-1.061 -0.4241 1.5236,
-1.0698 -0.4058 1.5127,
-1.0728 -0.386 1.501,
-1.0285 -0.452 1.5401,
-1.0469 -0.4399 1.5329,
-0.8957 2.3425 2.9475,
-0.8957 2.3425 3.563,
-0.8987 2.3196 3.563,
-0.9075 2.2982 3.563,
-0.8987 2.3196 2.9475,
-0.8987 2.3196 2.9475,
-0.9216 2.2799 3.563,
-0.9076 2.2982 2.9475,
-0.9075 2.2982 2.9475,
-0.94 2.2658 3.563,
-0.9216 2.2799 2.9475,
-0.9216 2.2799 2.9475,
-0.9613 2.257 3.563,
-0.94 2.2658 2.9475,
-0.94 2.2658 2.9475,
-0.9843 2.2539 3.563,
-0.9614 2.2569 2.9475,
-0.9613 2.257 2.9475,
-1.0072 2.257 3.563,
-0.9843 2.2539 2.9475,
-0.9843 2.2539 2.9475,
-1.0285 2.2658 3.563,
-1.0072 2.257 2.9475,
-1.0072 2.257 2.9475,
-1.0469 2.2799 3.563,
-1.0286 2.2658 2.9475,
-1.0285 2.2658 2.9475,
-1.061 2.2982 3.563,
-1.0469 2.2799 2.9475,
-1.0469 2.2799 2.9475,
-1.0698 2.3196 3.563,
-1.061 2.2983 2.9475,
-1.061 2.2982 2.9475,
-1.0728 2.3425 3.563,
-1.0698 2.3196 2.9475,
-1.0698 2.3196 2.9475,
-1.0698 2.3654 3.563,
-1.0728 2.3425 2.9475,
-1.0728 2.3425 2.9475,
-1.061 2.3868 3.563,
-1.0698 2.3655 2.9475,
-1.0698 2.3654 2.9475,
-1.0469 2.4052 3.563,
-1.061 2.3868 2.9475,
-1.061 2.3868 2.9475,
-1.0285 2.4192 3.563,
-1.0469 2.4052 2.9475,
-1.0469 2.4052 2.9475,
-1.0072 2.4281 3.563,
-1.0285 2.4192 2.9475,
-1.0285 2.4192 2.9475,
-0.9843 2.4311 3.563,
-1.0072 2.4281 2.9475,
-1.0072 2.4281 2.9475,
-0.9613 2.4281 3.563,
-0.9842 2.4311 2.9475,
-0.9843 2.4311 2.9475,
-0.94 2.4192 3.563,
-0.9613 2.4281 2.9475,
-0.9613 2.4281 2.9475,
-0.9216 2.4052 3.563,
-0.9399 2.4192 2.9475,
-0.94 2.4192 2.9475,
-0.9075 2.3868 3.563,
-0.9216 2.4051 2.9475,
-0.9216 2.4052 2.9475,
-0.8987 2.3654 3.563,
-0.9075 2.3868 2.9475,
-0.9075 2.3868 2.9475,
-0.8957 2.3425 2.9475,
-0.8987 2.3654 2.9475,
-0.8987 2.3654 2.9475,
-0.9843 2.1457 3.6713,
-0.9843 2.1737 3.6676,
-0.9613 2.1457 3.6743,
-0.9613 2.1745 3.6705,
-0.94 2.1457 3.6831,
-0.94 2.1768 3.679,
-0.9216 2.1457 3.6972,
-0.9216 2.1804 3.6926,
-0.9075 2.1457 3.7156,
-0.9075 2.1852 3.7104,
-0.8987 2.1457 3.7369,
-0.8987 2.1907 3.731,
-0.8957 2.1457 3.7598,
-0.8957 2.1966 3.7531,
-0.8987 2.1457 3.7828,
-0.8987 2.2026 3.7753,
-0.9075 2.1457 3.8041,
-0.9075 2.2081 3.7959,
-0.9216 2.1457 3.8225,
-0.9216 2.2128 3.8136,
-0.94 2.1457 3.8366,
-0.94 2.2165 3.8272,
-0.9613 2.1457 3.8454,
-0.9613 2.2188 3.8358,
-0.9843 2.1457 3.8484,
-0.9843 2.2195 3.8387,
-1.0072 2.1457 3.8454,
-1.0072 2.2188 3.8358,
-1.0285 2.1457 3.8366,
-1.0285 2.2165 3.8272,
-1.0469 2.1457 3.8225,
-1.0469 2.2128 3.8136,
-1.061 2.1457 3.8041,
-1.061 2.2081 3.7959,
-1.0698 2.1457 3.7828,
-1.0698 2.2026 3.7753,
-1.0728 2.1457 3.7598,
-1.0728 2.1966 3.7531,
-1.0698 2.1457 3.7369,
-1.0698 2.1907 3.731,
-1.061 2.1457 3.7156,
-1.061 2.1852 3.7104,
-1.0469 2.1457 3.6972,
-1.0469 2.1804 3.6926,
-1.0285 2.1457 3.6831,
-1.0285 2.1768 3.679,
-1.0072 2.1457 3.6743,
-1.0072 2.1745 3.6705,
-0.9843 2.1998 3.6568,
-0.9613 2.2013 3.6594,
-0.94 2.2057 3.667,
-0.9216 2.2128 3.6792,
-0.9075 2.2219 3.6951,
-0.8987 2.2326 3.7136,
-0.8957 2.2441 3.7335,
-0.8987 2.2556 3.7533,
-0.9075 2.2662 3.7718,
-0.9216 2.2754 3.7877,
-0.94 2.2825 3.7999,
-0.9613 2.2869 3.8076,
-0.9843 2.2884 3.8102,
-1.0072 2.2869 3.8076,
-1.0285 2.2825 3.7999,
-1.0469 2.2754 3.7877,
-1.061 2.2662 3.7718,
-1.0698 2.2556 3.7533,
-1.0728 2.2441 3.7335,
-1.0698 2.2326 3.7136,
-1.061 2.2219 3.6951,
-1.0469 2.2128 3.6792,
-1.0285 2.2057 3.667,
-1.0072 2.2013 3.6594,
-0.9843 2.2222 3.6395,
-0.9613 2.2244 3.6417,
-0.94 2.2306 3.6479,
-0.9216 2.2406 3.6579,
-0.9075 2.2535 3.6709,
-0.8987 2.2687 3.686,
-0.8957 2.2849 3.7022,
-0.8987 2.3011 3.7184,
-0.9075 2.3162 3.7335,
-0.9216 2.3292 3.7465,
-0.94 2.3391 3.7564,
-0.9613 2.3454 3.7627,
-0.9843 2.3475 3.7648,
-1.0072 2.3454 3.7627,
-1.0285 2.3391 3.7564,
-1.0469 2.3292 3.7465,
-1.061 2.3162 3.7335,
-1.0698 2.3011 3.7184,
-1.0728 2.2849 3.7022,
-1.0698 2.2687 3.686,
-1.061 2.2535 3.6709,
-1.0469 2.2406 3.6579,
-1.0285 2.2306 3.6479,
-1.0072 2.2244 3.6417,
-0.9843 2.2394 3.6171,
-0.9613 2.242 3.6186,
-0.94 2.2497 3.6231,
-0.9216 2.2619 3.6301,
-0.9075 2.2778 3.6393,
-0.8987 2.2963 3.65,
-0.8957 2.3161 3.6614,
-0.8987 2.336 3.6729,
-0.9075 2.3545 3.6836,
-0.9216 2.3704 3.6927,
-0.94 2.3826 3.6998,
-0.9613 2.3902 3.7042,
-0.9843 2.3929 3.7057,
-1.0072 2.3902 3.7042,
-1.0285 2.3826 3.6998,
-1.0469 2.3704 3.6927,
-1.061 2.3545 3.6836,
-1.0698 2.336 3.6729,
-1.0728 2.3161 3.6614,
-1.0698 2.2963 3.65,
-1.061 2.2778 3.6393,
-1.0469 2.2619 3.6301,
-1.0285 2.2497 3.6231,
-1.0072 2.242 3.6186,
-0.9843 2.2502 3.591,
-0.9613 2.2532 3.5918,
-0.94 2.2617 3.5941,
-0.9216 2.2753 3.5977,
-0.9075 2.293 3.6025,
-0.8987 2.3137 3.608,
-0.8957 2.3358 3.6139,
-0.8987 2.358 3.6199,
-0.9075 2.3786 3.6254,
-0.9216 2.3963 3.6302,
-0.94 2.4099 3.6338,
-0.9613 2.4185 3.6361,
-0.9843 2.4214 3.6369,
-1.0072 2.4185 3.6361,
-1.0285 2.4099 3.6338,
-1.0469 2.3963 3.6302,
-1.061 2.3786 3.6254,
-1.0698 2.358 3.6199,
-1.0728 2.3358 3.6139,
-1.0698 2.3137 3.608,
-1.061 2.293 3.6025,
-1.0469 2.2753 3.5977,
-1.0285 2.2617 3.5941,
-1.0072 2.2532 3.5918,
-0.9843 1.8012 3.6713,
-0.9613 1.8012 3.6743,
-0.94 1.8012 3.6831,
-0.9216 1.8012 3.6972,
-0.9075 1.8012 3.7156,
-0.8987 1.8012 3.7369,
-0.8957 1.8012 3.7598,
-0.8987 1.8012 3.7828,
-0.9075 1.8012 3.8041,
-0.9216 1.8012 3.8225,
-0.94 1.8012 3.8366,
-0.9613 1.8012 3.8454,
-0.9843 1.8012 3.8484,
-1.0072 1.8012 3.8454,
-1.0285 1.8012 3.8366,
-1.0469 1.8012 3.8225,
-1.061 1.8012 3.8041,
-1.0698 1.8012 3.7828,
-1.0728 1.8012 3.7598,
-1.0698 1.8012 3.7369,
-1.061 1.8012 3.7156,
-1.0469 1.8012 3.6972,
-1.0285 1.8012 3.6831,
-1.0072 1.8012 3.6743,
-0.9843 1.7323 3.9173,
-0.9843 1.7346 3.8995,
-1.0072 1.7293 3.9173,
-1.0072 1.7317 3.8987,
-1.0285 1.7204 3.9173,
-1.0285 1.7232 3.8964,
-1.0469 1.7063 3.9173,
-1.0469 1.7096 3.8928,
-1.061 1.688 3.9173,
-1.061 1.6918 3.888,
-1.0698 1.6666 3.9173,
-1.0698 1.6712 3.8825,
-1.0728 1.6437 3.9173,
-1.0728 1.6491 3.8766,
-1.0698 1.6208 3.9173,
-1.0698 1.6269 3.8706,
-1.061 1.5994 3.9173,
-1.061 1.6063 3.8651,
-1.0469 1.5811 3.9173,
-1.0469 1.5886 3.8604,
-1.0285 1.567 3.9173,
-1.0285 1.575 3.8567,
-1.0072 1.5581 3.9173,
-1.0072 1.5664 3.8544,
-0.9843 1.5551 3.9173,
-0.9843 1.5635 3.8536,
-0.9613 1.5581 3.9173,
-0.9613 1.5664 3.8544,
-0.94 1.567 3.9173,
-0.94 1.575 3.8567,
-0.9216 1.5811 3.9173,
-0.9216 1.5886 3.8604,
-0.9075 1.5994 3.9173,
-0.9075 1.6063 3.8651,
-0.8987 1.6208 3.9173,
-0.8987 1.6269 3.8706,
-0.8957 1.6437 3.9173,
-0.8957 1.6491 3.8766,
-0.8987 1.6666 3.9173,
-0.8987 1.6712 3.8825,
-0.9075 1.688 3.9173,
-0.9075 1.6918 3.888,
-0.9216 1.7063 3.9173,
-0.9216 1.7096 3.8928,
-0.94 1.7204 3.9173,
-0.94 1.7232 3.8964,
-0.9613 1.7293 3.9173,
-0.9613 1.7317 3.8987,
-0.9843 1.7415 3.8829,
-1.0072 1.7389 3.8814,
-1.0285 1.7312 3.8769,
-1.0469 1.719 3.8699,
-1.061 1.7032 3.8607,
-1.0698 1.6847 3.85,
-1.0728 1.6648 3.8386,
-1.0698 1.6449 3.8271,
-1.061 1.6264 3.8164,
-1.0469 1.6106 3.8073,
-1.0285 1.5984 3.8002,
-1.0072 1.5907 3.7958,
-0.9843 1.5881 3.7943,
-0.9613 1.5907 3.7958,
-0.94 1.5984 3.8002,
-0.9216 1.6106 3.8073,
-0.9075 1.6264 3.8164,
-0.8987 1.6449 3.8271,
-0.8957 1.6648 3.8386,
-0.8987 1.6847 3.85,
-0.9075 1.7032 3.8607,
-0.9216 1.719 3.8699,
-0.94 1.7312 3.8769,
-0.9613 1.7389 3.8814,
-0.9843 1.7525 3.8686,
-1.0072 1.7503 3.8665,
-1.0285 1.7441 3.8602,
-1.0469 1.7341 3.8503,
-1.061 1.7211 3.8373,
-1.0698 1.706 3.8222,
-1.0728 1.6898 3.806,
-1.0698 1.6736 3.7898,
-1.061 1.6585 3.7746,
-1.0469 1.6455 3.7617,
-1.0285 1.6356 3.7517,
-1.0072 1.6293 3.7455,
-0.9843 1.6272 3.7433,
-0.9613 1.6293 3.7455,
-0.94 1.6356 3.7517,
-0.9216 1.6455 3.7617,
-0.9075 1.6585 3.7746,
-0.8987 1.6736 3.7898,
-0.8957 1.6898 3.806,
-0.8987 1.706 3.8222,
-0.9075 1.7211 3.8373,
-0.9216 1.7341 3.8503,
-0.94 1.7441 3.8602,
-0.9613 1.7503 3.8665,
-0.9843 1.7667 3.8577,
-1.0072 1.7652 3.855,
-1.0285 1.7608 3.8474,
-1.0469 1.7538 3.8352,
-1.061 1.7446 3.8193,
-1.0698 1.7339 3.8008,
-1.0728 1.7224 3.7809,
-1.0698 1.711 3.7611,
-1.061 1.7003 3.7426,
-1.0469 1.6911 3.7267,
-1.0285 1.6841 3.7145,
-1.0072 1.6797 3.7068,
-0.9843 1.6781 3.7042,
-0.9613 1.6797 3.7068,
-0.94 1.6841 3.7145,
-0.9216 1.6911 3.7267,
-0.9075 1.7003 3.7426,
-0.8987 1.711 3.7611,
-0.8957 1.7224 3.7809,
-0.8987 1.7339 3.8008,
-0.9075 1.7446 3.8193,
-0.9216 1.7538 3.8352,
-0.94 1.7608 3.8474,
-0.9613 1.7652 3.855,
-0.9843 1.7833 3.8508,
-1.0072 1.7826 3.8479,
-1.0285 1.7803 3.8393,
-1.0469 1.7766 3.8257,
-1.061 1.7719 3.808,
-1.0698 1.7664 3.7874,
-1.0728 1.7604 3.7652,
-1.0698 1.7545 3.7431,
-1.061 1.749 3.7224,
-1.0469 1.7442 3.7047,
-1.0285 1.7406 3.6911,
-1.0072 1.7383 3.6826,
-0.9843 1.7375 3.6796,
-0.9613 1.7383 3.6826,
-0.94 1.7406 3.6911,
-0.9216 1.7442 3.7047,
-0.9075 1.749 3.7224,
-0.8987 1.7545 3.7431,
-0.8957 1.7604 3.7652,
-0.8987 1.7664 3.7874,
-0.9075 1.7719 3.808,
-0.9216 1.7766 3.8257,
-0.94 1.7803 3.8393,
-0.9613 1.7826 3.8479,
-0.8957 1.6437 4.2091,
-0.8987 1.6666 4.2091,
-0.9075 1.688 4.2091,
-0.9216 1.7063 4.2091,
-0.94 1.7204 4.2091,
-0.9613 1.7293 4.2091,
-0.9843 1.7323 4.2091,
-1.0072 1.7293 4.2091,
-1.0285 1.7204 4.2091,
-1.0469 1.7063 4.2091,
-1.061 1.688 4.2091,
-1.0698 1.6666 4.2091,
-1.0728 1.6437 4.2091,
-1.0698 1.6208 4.2091,
-1.061 1.5994 4.2091,
-1.0469 1.5811 4.2091,
-1.0285 1.567 4.2091,
-1.0072 1.5581 4.2091,
-0.9843 1.5551 4.2091,
-0.9613 1.5581 4.2091,
-0.94 1.567 4.2091,
-0.9216 1.5811 4.2091,
-0.9075 1.5994 4.2091,
-0.8987 1.6208 4.2091,
-0.9843 1.3537 4.2642,
-0.9843 1.3711 4.2864,
-0.9613 1.3511 4.2658,
-0.9613 1.369 4.2885,
-0.94 1.3435 4.2703,
-0.94 1.3628 4.2949,
-0.9216 1.3314 4.2775,
-0.9216 1.3529 4.3049,
-0.9075 1.3156 4.2868,
-0.9075 1.3401 4.318,
-0.8987 1.2972 4.2977,
-0.8987 1.3251 4.3333,
-0.8957 1.2775 4.3094,
-0.8957 1.3091 4.3496,
-0.8987 1.2578 4.3211,
-0.8987 1.293 4.366,
-0.9075 1.2394 4.332,
-0.9075 1.2781 4.3813,
-0.9216 1.2236 4.3413,
-0.9216 1.2652 4.3944,
-0.94 1.2115 4.3485,
-0.94 1.2554 4.4044,
-0.9613 1.2039 4.353,
-0.9613 1.2492 4.4108,
-0.9843 1.2013 4.3545,
-0.9843 1.2471 4.4129,
-1.0072 1.2039 4.353,
-1.0072 1.2492 4.4108,
-1.0285 1.2115 4.3485,
-1.0285 1.2554 4.4044,
-1.0469 1.2236 4.3413,
-1.0469 1.2652 4.3944,
-1.061 1.2394 4.332,
-1.061 1.2781 4.3813,
-1.0698 1.2578 4.3211,
-1.0698 1.293 4.366,
-1.0728 1.2775 4.3094,
-1.0728 1.3091 4.3496,
-1.0698 1.2972 4.2977,
-1.0698 1.3251 4.3333,
-1.061 1.3156 4.2868,
-1.061 1.3401 4.318,
-1.0469 1.3314 4.2775,
-1.0469 1.3529 4.3049,
-1.0285 1.3435 4.2703,
-1.0285 1.3628 4.2949,
-1.0072 1.3511 4.2658,
-1.0072 1.369 4.2885,
-0.9843 1.3936 4.3033,
-0.9613 1.3921 4.3059,
-0.94 1.3877 4.3136,
-0.9216 1.3808 4.3259,
-0.9075 1.3718 4.3419,
-0.8987 1.3612 4.3605,
-0.8957 1.35 4.3804,
-0.8987 1.3387 4.4004,
-0.9075 1.3282 4.419,
-0.9216 1.3191 4.4349,
-0.94 1.3122 4.4472,
-0.9613 1.3078 4.4549,
-0.9843 1.3063 4.4575,
-1.0072 1.3078 4.4549,
-1.0285 1.3122 4.4472,
-1.0469 1.3191 4.4349,
-1.061 1.3282 4.419,
-1.0698 1.3387 4.4004,
-1.0728 1.35 4.3804,
-1.0698 1.3612 4.3605,
-1.061 1.3718 4.3419,
-1.0469 1.3808 4.3259,
-1.0285 1.3877 4.3136,
-1.0072 1.3921 4.3059,
-0.9843 1.4196 4.3139,
-0.9613 1.4189 4.3168,
-0.94 1.4167 4.3253,
-0.9216 1.4131 4.339,
-0.9075 1.4085 4.3567,
-0.8987 1.4032 4.3774,
-0.8957 1.3974 4.3996,
-0.8987 1.3916 4.4218,
-0.9075 1.3863 4.4425,
-0.9216 1.3817 4.4602,
-0.94 1.3781 4.4738,
-0.9613 1.3759 4.4824,
-0.9843 1.3751 4.4853,
-1.0072 1.3759 4.4824,
-1.0285 1.3781 4.4738,
-1.0469 1.3817 4.4602,
-1.061 1.3863 4.4425,
-1.0698 1.3916 4.4218,
-1.0728 1.3974 4.3996,
-1.0698 1.4032 4.3774,
-1.061 1.4085 4.3567,
-1.0469 1.4131 4.339,
-1.0285 1.4167 4.3253,
-1.0072 1.4189 4.3168,
-0.9843 1.4476 4.3173,
-0.9613 1.4476 4.3203,
-0.94 1.4477 4.3292,
-0.9216 1.4477 4.3433,
-0.9075 1.4479 4.3616,
-0.8987 1.448 4.383,
-0.8957 1.4482 4.4059,
-0.8987 1.4483 4.4288,
-0.9075 1.4485 4.4502,
-0.9216 1.4486 4.4685,
-0.94 1.4487 4.4826,
-0.9613 1.4487 4.4915,
-0.9843 1.4488 4.4945,
-1.0072 1.4487 4.4915,
-1.0285 1.4487 4.4826,
-1.0469 1.4486 4.4685,
-1.061 1.4485 4.4502,
-1.0698 1.4483 4.4288,
-1.0728 1.4482 4.4059,
-1.0698 1.448 4.383,
-1.061 1.4479 4.3616,
-1.0469 1.4477 4.3433,
-1.0285 1.4477 4.3292,
-1.0072 1.4476 4.3203,
-0.9843 1.4755 4.3135,
-0.9613 1.4763 4.3164,
-0.94 1.4786 4.3249,
-0.9216 1.4823 4.3385,
-0.9075 1.4872 4.3562,
-0.8987 1.4928 4.3768,
-0.8957 1.4989 4.3989,
-0.8987 1.5049 4.421,
-0.9075 1.5106 4.4416,
-0.9216 1.5154 4.4593,
-0.94 1.5191 4.4729,
-0.9613 1.5215 4.4814,
-0.9843 1.5223 4.4843,
-1.0072 1.5215 4.4814,
-1.0285 1.5191 4.4729,
-1.0469 1.5154 4.4593,
-1.061 1.5106 4.4416,
-1.0698 1.5049 4.421,
-1.0728 1.4989 4.3989,
-1.0698 1.4928 4.3768,
-1.061 1.4872 4.3562,
-1.0469 1.4823 4.3385,
-1.0285 1.4786 4.3249,
-1.0072 1.4763 4.3164,
-0.9843 1.5014 4.3026,
-0.9613 1.5029 4.3052,
-0.94 1.5074 4.3128,
-0.9216 1.5145 4.325,
-0.9075 1.5237 4.3408,
-0.8987 1.5345 4.3593,
-0.8957 1.546 4.3791,
-0.8987 1.5576 4.3989,
-0.9075 1.5684 4.4174,
-0.9216 1.5776 4.4332,
-0.94 1.5847 4.4454,
-0.9613 1.5891 4.453,
-0.9843 1.5907 4.4556,
-1.0072 1.5891 4.453,
-1.0285 1.5847 4.4454,
-1.0469 1.5776 4.4332,
-1.061 1.5684 4.4174,
-1.0698 1.5576 4.3989,
-1.0728 1.546 4.3791,
-1.0698 1.5345 4.3593,
-1.061 1.5237 4.3408,
-1.0469 1.5145 4.325,
-1.0285 1.5074 4.3128,
-1.0072 1.5029 4.3052,
-0.9843 1.5237 4.2854,
-0.9613 1.5258 4.2875,
-0.94 1.5321 4.2937,
-0.9216 1.5421 4.3036,
-0.9075 1.5551 4.3166,
-0.8987 1.5702 4.3316,
-0.8957 1.5865 4.3478,
-0.8987 1.6028 4.3639,
-0.9075 1.6179 4.379,
-0.9216 1.6309 4.3919,
-0.94 1.6409 4.4018,
-0.9613 1.6472 4.4081,
-0.9843 1.6494 4.4102,
-1.0072 1.6472 4.4081,
-1.0285 1.6409 4.4018,
-1.0469 1.6309 4.3919,
-1.061 1.6179 4.379,
-1.0698 1.6028 4.3639,
-1.0728 1.5865 4.3478,
-1.0698 1.5702 4.3316,
-1.061 1.5551 4.3166,
-1.0469 1.5421 4.3036,
-1.0285 1.5321 4.2937,
-1.0072 1.5258 4.2875,
-0.9843 1.5407 4.263,
-0.9613 1.5434 4.2645,
-0.94 1.551 4.2689,
-0.9216 1.5632 4.2759,
-0.9075 1.5791 4.285,
-0.8987 1.5977 4.2957,
-0.8957 1.6175 4.3071,
-0.8987 1.6374 4.3185,
-0.9075 1.656 4.3292,
-0.9216 1.6719 4.3383,
-0.94 1.6841 4.3453,
-0.9613 1.6917 4.3497,
-0.9843 1.6944 4.3512,
-1.0072 1.6917 4.3497,
-1.0285 1.6841 4.3453,
-1.0469 1.6719 4.3383,
-1.061 1.656 4.3292,
-1.0698 1.6374 4.3185,
-1.0728 1.6175 4.3071,
-1.0698 1.5977 4.2957,
-1.061 1.5791 4.285,
-1.0469 1.5632 4.2759,
-1.0285 1.551 4.2689,
-1.0072 1.5434 4.2645,
-0.9843 1.5515 4.237,
-0.9613 1.5544 4.2377,
-0.94 1.5629 4.24,
-0.9216 1.5765 4.2437,
-0.9075 1.5943 4.2484,
-0.8987 1.6149 4.2539,
-0.8957 1.6371 4.2598,
-0.8987 1.6592 4.2657,
-0.9075 1.6798 4.2712,
-0.9216 1.6976 4.2759,
-0.94 1.7112 4.2796,
-0.9613 1.7197 4.2818,
-0.9843 1.7226 4.2826,
-1.0072 1.7197 4.2818,
-1.0285 1.7112 4.2796,
-1.0469 1.6976 4.2759,
-1.061 1.6798 4.2712,
-1.0698 1.6592 4.2657,
-1.0728 1.6371 4.2598,
-1.0698 1.6149 4.2539,
-1.061 1.5943 4.2484,
-1.0469 1.5765 4.2437,
-1.0285 1.5629 4.24,
-1.0072 1.5544 4.2377,
-1.3382 2.7954 0.1772,
-1.3382 2.7954 1.122,
-1.3386 2.8032 1.147,
-1.3356 2.7802 1.122,
-1.3356 2.7802 1.147,
-1.3356 2.7803 1.147,
-1.3386 2.8031 -1.2008,
-1.3356 2.7802 -1.2008,
-1.3356 2.7802 0.1772,
-1.3267 2.7589 -1.2008,
-1.3267 2.7589 0.1772,
-1.3126 2.7405 -1.2008,
-1.3126 2.7405 0.1772,
-1.2943 2.7264 -1.2008,
-1.2943 2.7264 0.1772,
-1.2729 2.7176 -1.2008,
-1.2729 2.7176 0.1772,
-1.25 2.7146 -1.2008,
-1.25 2.7146 0.1772,
-1.2362 2.7164 0.1772,
-1.2271 2.7176 -1.2008,
-1.2271 2.7176 0.1772,
-1.2057 2.7264 -1.2008,
-1.2057 2.7264 0.1772,
-1.1874 2.7405 -1.2008,
-1.1874 2.7405 0.1772,
-1.1733 2.7589 -1.2008,
-1.1733 2.7589 0.1772,
-1.1644 2.7802 -1.2008,
-1.1644 2.7802 0.1772,
-1.1644 2.7802 1.122,
-1.1618 2.7954 1.122,
-1.1614 2.8031 1.147,
-1.1618 2.7954 0.1772,
-1.1614 2.8031 -1.2008,
-1.1614 2.8031 1.147,
-1.1644 2.7802 1.147,
-1.1733 2.7589 1.122,
-1.1644 2.7802 1.147,
-1.1733 2.7589 1.147,
-1.1874 2.7405 1.122,
-1.1733 2.7588 1.147,
-1.1874 2.7405 1.147,
-1.2057 2.7264 1.122,
-1.1874 2.7405 1.147,
-1.2057 2.7264 1.147,
-1.2271 2.7176 1.122,
-1.2057 2.7264 1.147,
-1.2271 2.7176 1.147,
-1.25 2.7146 1.122,
-1.2271 2.7176 1.147,
-1.25 2.7146 1.147,
-1.2729 2.7176 1.122,
-1.25 2.7146 1.147,
-1.2729 2.7176 1.147,
-1.2943 2.7264 1.122,
-1.273 2.7176 1.147,
-1.2943 2.7264 1.147,
-1.3126 2.7405 1.122,
-1.2943 2.7264 1.147,
-1.3126 2.7405 1.147,
-1.3267 2.7589 1.122,
-1.3127 2.7405 1.147,
-1.3267 2.7589 1.147,
-1.3267 2.7589 1.147,
-1.3356 2.8261 -1.2008,
-1.3386 2.8032 1.147,
-1.3356 2.8261 1.147,
-1.3267 2.8474 -1.2008,
-1.3356 2.8261 1.147,
-1.3267 2.8474 1.147,
-1.3126 2.8658 -1.2008,
-1.3267 2.8475 1.147,
-1.3126 2.8658 1.147,
-1.2943 2.8799 -1.2008,
-1.3126 2.8658 1.147,
-1.2943 2.8799 1.147,
-1.2729 2.8887 -1.2008,
-1.2943 2.8799 1.147,
-1.2729 2.8887 1.147,
-1.25 2.8917 -1.2008,
-1.2729 2.8887 1.147,
-1.25 2.8917 1.147,
-1.2271 2.8887 -1.2008,
-1.25 2.8917 1.147,
-1.2271 2.8887 1.147,
-1.2057 2.8799 -1.2008,
-1.227 2.8887 1.147,
-1.2057 2.8799 1.147,
-1.1874 2.8658 -1.2008,
-1.2057 2.8799 1.147,
-1.1874 2.8658 1.147,
-1.1733 2.8474 -1.2008,
-1.1873 2.8658 1.147,
-1.1733 2.8474 1.147,
-1.1644 2.8261 -1.2008,
-1.1733 2.8474 1.147,
-1.1644 2.8261 1.147,
-1.1644 2.826 1.147,
-1.1848 2.6944 1.3758,
-1.2009 2.718 1.263,
-1.1825 2.7321 1.2635,
-1.1684 2.7503 1.265,
-1.1667 2.7087 1.377,
-1.1681 2.707 1.3767,
-1.1442 2.7477 1.3848,
-1.1445 2.7456 1.3842,
-1.1594 2.7715 1.2673,
-1.1529 2.7269 1.38,
-1.1537 2.7249 1.3796,
-1.1563 2.7942 1.2703,
-1.141 2.7677 1.3902,
-1.1591 2.8169 1.2739,
-1.1412 2.7697 1.3909,
-1.141 2.7677 1.3902,
-1.1678 2.838 1.2777,
-1.1442 2.7915 1.3979,
-1.1434 2.7896 1.3972,
-1.1817 2.856 1.2815,
-1.1529 2.8115 1.4054,
-1.1516 2.8099 1.4047,
-1.1999 2.8699 1.285,
-1.1667 2.8283 1.4129,
-1.165 2.8271 1.4122,
-1.2212 2.8785 1.2881,
-1.1847 2.8409 1.4198,
-1.1828 2.8402 1.4192,
-1.244 2.8814 1.2904,
-1.2058 2.8484 1.4257,
-1.2037 2.8482 1.4252,
-1.2669 2.8782 1.2919,
-1.2283 2.8502 1.4301,
-1.2262 2.8505 1.4298,
-1.2882 2.8694 1.2924,
-1.2509 2.8462 1.4328,
-1.2489 2.8471 1.4327,
-1.3066 2.8553 1.2919,
-1.2719 2.8368 1.4336,
-1.2702 2.8381 1.4337,
-1.3207 2.8371 1.2904,
-1.2899 2.8225 1.4325,
-1.2886 2.8242 1.4327,
-1.3297 2.8159 1.2881,
-1.3038 2.8043 1.4294,
-1.3029 2.8062 1.4298,
-1.3328 2.7932 1.285,
-1.3125 2.7835 1.4247,
-1.3122 2.7856 1.4252,
-1.33 2.7705 1.2815,
-1.3155 2.7615 1.4186,
-1.3157 2.7635 1.4192,
-1.3213 2.7494 1.2777,
-1.3125 2.7397 1.4115,
-1.3133 2.7416 1.4122,
-1.3074 2.7314 1.2739,
-1.3038 2.7197 1.404,
-1.3051 2.7213 1.4047,
-1.2892 2.7175 1.2703,
-1.29 2.7028 1.3966,
-1.2916 2.7041 1.3972,
-1.2679 2.7089 1.2673,
-1.2719 2.6903 1.3897,
-1.2739 2.691 1.3902,
-1.2451 2.706 1.265,
-1.2509 2.6828 1.3838,
-1.253 2.683 1.3842,
-1.2222 2.7092 1.2635,
-1.2284 2.681 1.3794,
-1.2305 2.6807 1.3796,
-1.1865 2.6931 1.3757,
-1.2058 2.6849 1.3766,
-1.2078 2.6841 1.3767,
-0.9854 2.2986 2.6618,
-0.9834 2.2994 2.6617,
-0.9641 2.3076 2.6608,
-0.9624 2.3089 2.6609,
-0.9457 2.3215 2.6618,
-0.9443 2.3232 2.662,
-0.9313 2.3394 2.6647,
-0.9305 2.3413 2.6651,
-0.9221 2.3601 2.6693,
-0.9218 2.3622 2.6698,
-0.9186 2.3822 2.6753,
-0.9186 2.3822 2.6753,
-0.9188 2.3842 2.6759,
-0.921 2.4041 2.6823,
-0.9217 2.406 2.683,
-0.9292 2.4243 2.6898,
-0.9304 2.426 2.6905,
-0.9426 2.4416 2.6973,
-0.9443 2.4428 2.6979,
-0.9604 2.4547 2.7043,
-0.9623 2.4554 2.7048,
-0.9812 2.4626 2.7103,
-0.9833 2.4629 2.7107,
-1.0038 2.465 2.7149,
-1.0059 2.4647 2.7151,
-1.0265 2.4616 2.7178,
-1.0284 2.4607 2.7179,
-1.0477 2.4526 2.7188,
-1.0495 2.4513 2.7187,
-1.0662 2.4387 2.7178,
-1.0675 2.437 2.7175,
-1.0805 2.4207 2.7149,
-1.0814 2.4188 2.7144,
-1.0898 2.4 2.7103,
-1.0901 2.398 2.7097,
-1.0933 2.378 2.7043,
-1.0931 2.376 2.7036,
-1.0909 2.3561 2.6973,
-1.0901 2.3542 2.6966,
-1.0827 2.3358 2.6898,
-1.0814 2.3342 2.6891,
-1.0692 2.3186 2.6823,
-1.0676 2.3173 2.6816,
-1.0515 2.3055 2.6753,
-1.0495 2.3047 2.6747,
-1.0306 2.2975 2.6693,
-1.0285 2.2973 2.6688,
-1.0081 2.2952 2.6647,
-1.0059 2.2955 2.6644,
-1.0525 2.2896 2.813,
-1.0664 2.3077 2.8168,
-1.0751 2.3288 2.8206,
-1.0334 2.4276 2.8315,
-1.0517 2.4136 2.831,
-1.0659 2.3954 2.8295,
-1.0748 2.3742 2.8272,
-1.078 2.3515 2.8241,
-1.0343 2.2758 2.8094,
-1.0131 2.2672 2.8064,
-0.9903 2.2643 2.8041,
-0.9674 2.2674 2.8026,
-0.9461 2.2763 2.8021,
-0.9277 2.2903 2.8026,
-0.9135 2.3086 2.8041,
-0.9046 2.3298 2.8064,
-0.9014 2.3525 2.8094,
-0.9043 2.3751 2.813,
-0.913 2.3962 2.8168,
-0.9269 2.4143 2.8206,
-0.9451 2.4281 2.8241,
-0.9663 2.4368 2.8272,
-0.9891 2.4396 2.8295,
-1.012 2.4365 2.831,
-1.5472 -0.5394 -1.1578,
-1.6392 -0.5394 -1.3189,
-1.5472 -0.4698 -1.1067,
-1.6686 -0.4844 -1.3189,
-1.8111 -0.3514 -1.3189,
-1.5472 -0.2114 -0.8108,
-1.7315 -0.4089 -1.3189,
-1.5472 -0.3043 -0.9324,
-1.5472 -0.4066 -1.0479,
-2.1889 -0.3514 -1.3189,
-2.2685 -0.4089 -1.3189,
-2.4528 -0.2107 -0.8095,
-2.3314 -0.4844 -1.3189,
-2.3608 -0.5394 -1.3189,
-2.4528 -0.5394 -1.1578,
-2.4528 -0.4696 -1.1066,
-2.4528 -0.4066 -1.0479,
-2.4528 -0.3046 -0.9327,
-2.164 -0.0482 -0.8006,
-2.0 -0.3031 -1.3189,
-2.1657 -0.0484 -0.8006,
-2.0975 -0.3154 -1.3189,
-2.318 -0.1084 -0.8006,
-2.3211 -0.1096 -0.8006,
-2.4528 -0.2039 -0.8006,
-2.0 -0.0276 -0.8006,
-1.836 -0.0482 -0.8006,
-1.9025 -0.3154 -1.3189,
-1.5472 -0.2039 -0.8006,
-1.6789 -0.1096 -0.8006,
-1.682 -0.1084 -0.8006,
-1.8343 -0.0484 -0.8006,
2.4528 -0.5394 -1.1578,
2.3608 -0.5394 -1.3189,
2.4528 -0.4698 -1.1067,
2.3314 -0.4844 -1.3189,
2.1889 -0.3514 -1.3189,
2.4528 -0.2114 -0.8108,
2.2685 -0.4089 -1.3189,
2.4528 -0.3043 -0.9324,
2.4528 -0.4066 -1.0479,
1.8111 -0.3514 -1.3189,
1.7315 -0.4089 -1.3189,
1.5472 -0.2107 -0.8095,
1.6686 -0.4844 -1.3189,
1.6392 -0.5394 -1.3189,
1.5472 -0.5394 -1.1578,
1.5472 -0.4696 -1.1066,
1.5472 -0.4066 -1.0479,
1.5472 -0.3046 -0.9327,
1.836 -0.0482 -0.8006,
2.0 -0.3031 -1.3189,
1.8343 -0.0484 -0.8006,
1.9025 -0.3154 -1.3189,
1.682 -0.1084 -0.8006,
1.6789 -0.1096 -0.8006,
1.5472 -0.2039 -0.8006,
2.0 -0.0276 -0.8006,
2.164 -0.0482 -0.8006,
2.0975 -0.3154 -1.3189,
2.4528 -0.2039 -0.8006,
2.3211 -0.1096 -0.8006,
2.318 -0.1084 -0.8006,
2.1657 -0.0484 -0.8006,
2.4528 -0.2877 0.1772,
2.4528 -0.5394 0.1772,
2.4528 -0.2877 -0.689,
2.4528 -0.2039 -0.689,
1.5472 -0.2877 -0.689,
1.5472 -0.2039 -0.689,
1.5472 -0.5394 0.1772,
1.5472 -0.2877 0.1772,
-1.5472 -0.2877 0.1772,
-1.5472 -0.5394 0.1772,
-1.5472 -0.2877 -0.689,
-1.5472 -0.2039 -0.689,
-2.4528 -0.2877 -0.689,
-2.4528 -0.2039 -0.689,
-2.4528 -0.5394 0.1772,
-2.4528 -0.2877 0.1772,
2.4528 -1.106 -0.689,
2.4528 -1.106 0.1772,
2.3431 -1.2015 0.1772,
2.3431 -1.2015 -0.689,
2.2418 -1.2539 0.1772,
2.214 -1.2683 -0.689,
2.214 -1.2683 0.1772,
2.0727 -1.3027 0.1772,
2.0727 -1.3027 -0.689,
1.9273 -1.3027 0.1772,
1.9273 -1.3027 -0.689,
1.8622 -1.2869 0.1772,
1.786 -1.2683 -0.689,
1.786 -1.2683 0.1772,
1.7582 -1.2539 0.1772,
1.6569 -1.2015 -0.689,
1.6569 -1.2015 0.1772,
1.5472 -1.106 0.1772,
1.5472 -1.106 -0.689,
1.6569 -0.1922 0.1772,
1.6569 -0.1922 -0.689,
1.786 -0.1254 0.1772,
1.786 -0.1254 -0.689,
1.8622 -0.1068 0.1772,
1.9273 -0.091 -0.689,
1.9273 -0.091 0.1772,
2.0727 -0.091 0.1772,
2.0727 -0.091 -0.689,
2.214 -0.1254 0.1772,
2.214 -0.1254 -0.689,
2.3431 -0.1922 0.1772,
2.3431 -0.1922 -0.689,
-1.5472 -1.106 -0.689,
-1.5472 -1.106 0.1772,
-1.6569 -1.2015 0.1772,
-1.6569 -1.2015 -0.689,
-1.7582 -1.2539 0.1772,
-1.786 -1.2683 -0.689,
-1.786 -1.2683 0.1772,
-1.9273 -1.3027 0.1772,
-1.9273 -1.3027 -0.689,
-2.0727 -1.3027 0.1772,
-2.0727 -1.3027 -0.689,
-2.214 -1.2683 0.1772,
-2.214 -1.2683 -0.689,
-2.2418 -1.2539 0.1772,
-2.3431 -1.2015 -0.689,
-2.4528 -1.106 0.1772,
-2.4528 -1.106 -0.689,
-2.4331 -1.1231 0.1772,
-2.3431 -1.2015 0.1772,
-2.4331 -0.2706 0.1772,
-2.3431 -0.1922 -0.689,
-2.3431 -0.1922 0.1772,
-2.214 -0.1254 0.1772,
-2.214 -0.1254 -0.689,
-2.0727 -0.091 0.1772,
-2.0727 -0.091 -0.689,
-1.9273 -0.091 0.1772,
-1.9273 -0.091 -0.689,
-1.786 -0.1254 0.1772,
-1.786 -0.1254 -0.689,
-1.6569 -0.1922 0.1772,
-1.6569 -0.1922 -0.689,
2.3181 -0.108 -0.689,
2.1641 -0.048 -0.689,
2.0 -0.0276 -0.689,
1.8359 -0.048 -0.689,
1.6819 -0.108 -0.689,
1.5472 -1.1898 -0.8006,
1.6789 -1.2841 -0.8006,
1.5472 -1.1898 -0.689,
1.6819 -1.2857 -0.689,
1.682 -1.2853 -0.8006,
1.8343 -1.3453 -0.8006,
1.8359 -1.3457 -0.689,
1.836 -1.3455 -0.8006,
2.0 -1.3661 -0.8006,
2.0 -1.3661 -0.689,
2.164 -1.3455 -0.8006,
2.1641 -1.3457 -0.689,
2.1657 -1.3453 -0.8006,
2.3181 -1.2857 -0.689,
2.4528 -1.1898 -0.8006,
2.4528 -1.1898 -0.689,
2.3211 -1.2841 -0.8006,
2.318 -1.2853 -0.8006,
-1.6819 -0.108 -0.689,
-1.8359 -0.048 -0.689,
-2.0 -0.0276 -0.689,
-2.1641 -0.048 -0.689,
-2.3181 -0.108 -0.689,
-2.4528 -1.1898 -0.8006,
-2.3211 -1.2841 -0.8006,
-2.4528 -1.1898 -0.689,
-2.3181 -1.2857 -0.689,
-2.318 -1.2853 -0.8006,
-2.1657 -1.3453 -0.8006,
-2.1641 -1.3457 -0.689,
-2.164 -1.3455 -0.8006,
-2.0 -1.3661 -0.8006,
-2.0 -1.3661 -0.689,
-1.836 -1.3455 -0.8006,
-1.8359 -1.3457 -0.689,
-1.8343 -1.3453 -0.8006,
-1.6819 -1.2857 -0.689,
-1.5472 -1.1898 -0.8006,
-1.5472 -1.1898 -0.689,
-1.6789 -1.2841 -0.8006,
-1.682 -1.2853 -0.8006,
-2.4528 -0.8543 -1.1578,
-2.3608 -0.8543 -1.3189,
-2.4528 -0.9239 -1.1067,
-2.3314 -0.9093 -1.3189,
-2.1889 -1.0423 -1.3189,
-2.4528 -1.1823 -0.8108,
-2.2685 -0.9848 -1.3189,
-2.4528 -1.0894 -0.9324,
-2.4528 -0.9871 -1.0479,
-1.8111 -1.0423 -1.3189,
-1.7315 -0.9848 -1.3189,
-1.5472 -1.183 -0.8095,
-1.6686 -0.9093 -1.3189,
-1.6392 -0.8543 -1.3189,
-1.5472 -0.8543 -1.1578,
-1.5472 -0.9241 -1.1066,
-1.5472 -0.9871 -1.0479,
-1.5472 -1.0891 -0.9327,
-2.0 -1.0906 -1.3189,
-1.9025 -1.0783 -1.3189,
-2.0975 -1.0783 -1.3189,
1.5472 -0.8543 -1.1578,
1.6392 -0.8543 -1.3189,
1.5472 -0.9239 -1.1067,
1.6686 -0.9093 -1.3189,
1.8111 -1.0423 -1.3189,
1.5472 -1.1823 -0.8108,
1.7315 -0.9848 -1.3189,
1.5472 -1.0894 -0.9324,
1.5472 -0.9871 -1.0479,
2.1889 -1.0423 -1.3189,
2.2685 -0.9848 -1.3189,
2.4528 -1.183 -0.8095,
2.3314 -0.9093 -1.3189,
2.3608 -0.8543 -1.3189,
2.4528 -0.8543 -1.1578,
2.4528 -0.9241 -1.1066,
2.4528 -0.9871 -1.0479,
2.4528 -1.0891 -0.9327,
2.0 -1.0906 -1.3189,
2.0975 -1.0783 -1.3189,
1.9025 -1.0783 -1.3189,
-0.122 3.248 0.1772,
-0.122 3.248 1.122,
0.0 3.248 0.1772,
0.122 3.248 1.122,
0.122 3.248 0.1772,
-2.6496 3.248 1.378,
-1.6654 3.248 1.378,
-2.6496 3.248 0.1772,
-1.6654 3.248 1.122,
-1.378 3.248 1.122,
-1.378 3.248 0.1772,
-1.4587 3.248 0.1772,
-2.4331 3.248 0.1772,
-1.122 3.248 1.122,
-0.878 3.248 1.122,
-1.122 3.248 0.1772,
-0.878 3.248 0.1772,
-0.622 3.248 0.1772,
-0.622 3.248 1.122,
-0.3937 3.248 0.1772,
-0.378 3.248 1.122,
-0.378 3.248 0.1772,
0.378 3.248 0.1772,
0.378 3.248 1.122,
0.3937 3.248 0.1772,
0.622 3.248 1.122,
0.622 3.248 0.1772,
0.878 3.248 1.122,
1.122 3.248 1.122,
0.878 3.248 0.1772,
1.122 3.248 0.1772,
1.9409 1.2697 1.1614,
1.9409 1.2697 6.3976,
1.2815 1.2697 4.4291,
1.2815 1.2697 6.3976,
-1.1024 1.2697 3.6417,
-1.9409 1.2697 1.1614,
-0.8661 1.2697 3.6417,
-1.1024 1.2697 1.1614,
-1.2815 1.2697 6.3976,
-1.9409 1.2697 6.3976,
-1.2815 1.2697 4.4291,
-1.1024 1.2697 4.4291,
-0.315 1.2697 3.6417,
-0.315 1.2697 4.4291,
-0.4724 1.2697 4.4291,
1.1024 1.2697 4.4291,
1.1024 1.2697 3.6417,
0.8661 1.2697 3.6417,
-0.7087 1.2697 4.4291,
-0.8661 1.2697 4.4291,
-0.7087 1.2697 3.6417,
0.8661 1.2697 4.4291,
0.7087 1.2697 4.4291,
0.7087 1.2697 3.6417,
0.4724 1.2697 3.6417,
-1.1024 1.2697 0.1772,
-0.8661 1.2697 0.1772,
-0.8661 1.2697 1.1614,
-0.7087 1.2697 1.1614,
0.4724 1.2697 4.4291,
0.315 1.2697 4.4291,
0.315 1.2697 3.6417,
0.0787 1.2697 3.6417,
-0.7087 1.2697 0.1772,
-0.4724 1.2697 0.1772,
-0.4724 1.2697 1.1614,
-0.315 1.2697 1.1614,
-0.315 1.2697 0.1772,
-0.0787 1.2697 0.1772,
-0.0787 1.2697 1.1614,
0.0787 1.2697 1.1614,
-0.4724 1.2697 3.6417,
-0.0787 1.2697 3.6417,
-0.0787 1.2697 4.4291,
0.0787 1.2697 4.4291,
0.0787 1.2697 0.1772,
0.315 1.2697 0.1772,
0.315 1.2697 1.1614,
0.4724 1.2697 1.1614,
0.4724 1.2697 0.1772,
0.7087 1.2697 0.1772,
0.7087 1.2697 1.1614,
0.8661 1.2697 1.1614,
1.1024 1.2697 1.1614,
1.1024 1.2697 0.1772,
0.8661 1.2697 0.1772,
-0.7087 1.7618 4.4291,
-0.8661 1.7618 4.4291,
-0.4724 1.7618 4.4291,
-0.315 1.7618 4.4291,
-0.0787 1.7618 4.4291,
0.0787 1.7618 4.4291,
0.315 1.7618 4.4291,
0.4724 1.7618 4.4291,
0.7087 1.7618 4.4291,
0.8661 1.7618 4.4291,
1.1024 1.7618 4.4291,
1.2815 1.7618 4.4291,
-0.7087 2.1457 3.878,
-0.4724 2.1457 3.878,
-0.7087 1.7618 3.878,
-0.4724 1.7618 3.878,
-0.315 2.1457 3.878,
-0.0787 2.1457 3.878,
-0.315 1.7618 3.878,
-0.0787 1.7618 3.878,
0.0787 2.1457 3.878,
0.315 2.1457 3.878,
0.0787 1.7618 3.878,
0.315 1.7618 3.878,
0.4724 2.1457 3.878,
0.7087 2.1457 3.878,
0.4724 1.7618 3.878,
0.7087 1.7618 3.878,
0.8661 2.1457 3.878,
1.1024 2.1457 3.878,
0.8661 1.7618 3.878,
1.1024 1.7618 3.878,
-0.7087 2.1457 3.1299,
-0.8661 2.1457 3.1299,
-0.7087 2.5 3.1299,
-0.8661 2.5 3.1299,
-0.4724 2.5 3.1299,
-0.315 2.5 3.1299,
-0.4724 2.1457 3.1299,
-0.315 2.1457 3.1299,
-0.0787 2.5 3.1299,
0.0787 2.5 3.1299,
-0.0787 2.1457 3.1299,
0.0787 2.1457 3.1299,
0.315 2.5 3.1299,
0.4724 2.5 3.1299,
0.315 2.1457 3.1299,
0.4724 2.1457 3.1299,
0.7087 2.5 3.1299,
0.8661 2.5 3.1299,
0.7087 2.1457 3.1299,
0.8661 2.1457 3.1299,
-0.7087 2.5 4.0748,
-0.8661 2.5 4.0748,
-0.4724 2.5 4.0748,
-0.315 2.5 4.0748,
-0.0787 2.5 4.0748,
0.0787 2.5 4.0748,
0.315 2.5 4.0748,
0.4724 2.5 4.0748,
0.7087 2.5 4.0748,
0.8661 2.5 4.0748,
-0.8661 -0.502 1.1614,
-0.7087 -0.502 1.1614,
-0.315 -0.502 1.1614,
-0.4724 -0.502 1.1614,
0.0787 -0.502 1.1614,
-0.0787 -0.502 1.1614,
0.4724 -0.502 1.1614,
0.315 -0.502 1.1614,
0.8661 -0.502 1.1614,
0.7087 -0.502 1.1614,
-0.8661 -0.502 0.9646,
-0.7087 -0.502 0.9646,
-0.315 -0.502 0.9646,
-0.4724 -0.502 0.9646,
0.0787 -0.502 0.9646,
-0.0787 -0.502 0.9646,
0.4724 -0.502 0.9646,
0.315 -0.502 0.9646,
0.8661 -0.502 0.9646,
0.7087 -0.502 0.9646,
-1.1024 1.7618 4.4291,
-1.2815 1.7618 4.4291,
-1.1024 2.1457 3.878,
-0.8661 2.1457 3.878,
-1.1024 1.7618 3.878,
-0.8661 1.7618 3.878,
-1.1024 2.1457 3.1299,
-1.6654 2.1457 3.1299,
-1.1024 2.5 3.1299,
-1.6654 2.5 3.1299,
-1.1024 2.5 4.0748,
-1.6654 2.5 4.0748,
-1.9409 -1.0335 1.1614,
-1.3701 -1.0335 1.1614,
-1.3701 -0.502 1.1614,
-1.1024 -0.502 1.1614,
-1.3701 -0.502 0.9646,
-1.1024 -0.502 0.9646,
1.378 3.248 0.1772,
1.378 3.248 1.122,
1.4587 3.248 0.1772,
1.6654 3.248 1.122,
1.8622 3.248 0.1772,
1.6654 3.248 1.378,
-2.6496 3.0118 2.832,
-1.6654 3.0118 2.832,
-1.6654 3.0118 4.0748,
-2.6496 3.0118 6.3976,
-1.9213 3.0118 4.6962,
1.6654 3.0118 4.0748,
1.9213 3.0118 4.6962,
1.6654 3.0118 2.832,
1.9213 3.0118 5.7458,
-1.9213 3.0118 5.7458,
1.9409 0.1161 6.3976,
2.0984 0.1161 6.3976,
-1.2815 1.7618 6.3976,
1.2815 1.7618 6.3976,
1.3701 -2.1457 6.3976,
0.8268 -2.1457 6.3976,
0.8268 -2.9243 6.3976,
2.0984 -1.1266 6.3976,
1.9409 -1.1266 6.3976,
1.9409 -1.5059 6.3976,
1.3701 -1.5059 6.3976,
-0.8268 -2.9243 6.3976,
-2.6496 -3.248 6.3976,
-1.9409 0.1161 6.3976,
-2.0984 0.1161 6.3976,
-2.0984 -1.1266 6.3976,
-1.9409 -1.5059 6.3976,
-1.9409 -1.1266 6.3976,
-1.3701 -1.5059 6.3976,
-1.3701 -2.1457 6.3976,
-0.8268 -2.1457 6.3976,
1.9409 0.1161 3.248,
1.9409 -1.1266 3.248,
1.9409 -1.0335 1.1614,
1.9409 -1.0335 1.752,
1.9409 -1.5059 1.752,
-0.315 -1.2008 0.9646,
0.8661 -1.2008 0.9646,
1.3701 -2.1457 0.9646,
1.1024 -1.2008 0.9646,
1.3701 -0.502 0.9646,
1.1024 -0.502 0.9646,
-0.7087 -1.2008 0.9646,
-0.8661 -1.2008 0.9646,
0.7087 -1.2008 0.9646,
0.4724 -1.2008 0.9646,
0.315 -1.2008 0.9646,
0.0787 -1.2008 0.9646,
-0.4724 -1.2008 0.9646,
-0.0787 -1.2008 0.9646,
-1.1024 -1.2008 0.9646,
-1.3701 -2.1457 0.9646,
-1.3701 -1.0335 1.752,
-1.9409 -1.0335 1.752,
1.3701 -1.0335 1.1614,
1.3701 -1.0335 1.752,
-0.5906 -3.0118 0.0,
-0.5906 -2.7756 0.0,
0.5906 -3.0118 0.0,
0.5906 -2.7756 0.0,
-2.6496 1.5256 0.1772,
-2.6496 0.5915 0.1772,
-2.6496 -0.6969 0.1772,
-2.6496 -1.2539 0.1772,
-2.6496 -3.248 0.1772,
-2.6496 -1.7264 0.1772,
-2.1772 2.9232 0.0,
-2.1772 1.7815 0.0,
-2.4134 2.9232 0.0,
-2.4134 1.7815 0.0,
2.1772 1.7815 0.0,
2.1772 2.9232 0.0,
2.4134 1.7815 0.0,
2.4134 2.9232 0.0,
-2.1772 2.9232 0.1772,
-2.4134 2.9232 0.1772,
2.1772 2.9232 0.1772,
2.4134 2.9232 0.1772,
-0.5906 -2.7756 0.1772,
-0.3937 -2.7756 0.1772,
-0.0 -2.7756 0.1772,
0.3937 -2.7756 0.1772,
0.5906 -2.7756 0.1772,
-2.1772 1.7815 0.1772,
-2.4134 1.7815 0.1772,
2.1772 1.7815 0.1772,
2.4134 1.7815 0.1772,
0.5906 -3.0118 0.1772,
0.3937 -3.0118 0.1772,
-0.0 -3.0118 0.1772,
-0.3937 -3.0118 0.1772,
-0.5906 -3.0118 0.1772,
-2.4331 -3.248 0.1772,
-1.4587 -3.248 0.1772,
-1.2362 -3.248 0.1772,
-0.7874 -3.248 0.1772,
-0.3937 -3.248 0.1772,
0.0 -3.248 0.1772,
0.3937 -3.248 0.1772,
0.7874 -3.248 0.1772,
1.2362 -3.248 0.1772,
1.8622 -3.248 0.1772,
1.4587 -3.248 0.1772,
-1.4587 0.5915 0.1772,
-2.4331 0.5915 0.1772,
-2.4331 1.5256 0.1772,
1.8622 0.5915 0.1772,
-2.4331 -1.7264 0.1772,
-2.4331 -1.2539 0.1772,
-0.3937 -0.6969 0.1772,
-0.4724 -0.6969 0.1772,
-0.4724 0.5915 0.1772,
-0.0 -0.6969 0.1772,
-0.0787 -0.6969 0.1772,
-0.0787 0.5915 0.1772,
1.2362 -0.6969 0.1772,
1.1024 -0.6969 0.1772,
1.1024 0.5915 0.1772,
-0.7874 -2.6476 0.1772,
-0.3937 -2.6476 0.1772,
0.0 -2.6476 0.1772,
0.3937 -2.6476 0.1772,
0.7874 -2.6476 0.1772,
1.3701 -2.6476 0.1772,
1.3701 -2.1457 0.1772,
1.4587 -1.7264 0.1772,
1.2362 -2.6476 0.1772,
-1.4587 -1.7264 0.1772,
-1.3701 -2.1457 0.1772,
-1.3701 -2.6476 0.1772,
-1.2362 -2.1457 0.1772,
-1.2362 -1.7264 0.1772,
-0.7874 -2.1457 0.1772,
-0.7874 -1.7264 0.1772,
-0.3937 -2.1457 0.1772,
-0.3937 -1.7264 0.1772,
0.0 -2.1457 0.1772,
-0.0 -1.7264 0.1772,
0.3937 -2.1457 0.1772,
0.3937 -1.7264 0.1772,
0.7874 -2.1457 0.1772,
0.7874 -1.7264 0.1772,
1.2362 -2.1457 0.1772,
1.2362 -1.7264 0.1772,
0.7874 0.5915 0.1772,
0.7874 1.5256 0.1772,
1.2362 1.5256 0.1772,
1.2362 0.5915 0.1772,
1.1024 -1.2008 0.1772,
1.2362 -1.2539 0.1772,
0.8661 -1.2008 0.1772,
0.7874 -1.2539 0.1772,
0.8661 -0.6969 0.1772,
0.3937 1.5256 0.1772,
0.3937 0.5915 0.1772,
0.8661 0.5915 0.1772,
0.7874 -0.6969 0.1772,
0.7087 -1.2008 0.1772,
0.4724 -1.2008 0.1772,
0.3937 -1.2539 0.1772,
0.4724 -0.6969 0.1772,
-0.0 1.5256 0.1772,
0.4724 0.5915 0.1772,
0.3937 -0.6969 0.1772,
0.315 -1.2008 0.1772,
-0.0 0.5915 0.1772,
0.0787 0.5915 0.1772,
0.0787 -0.6969 0.1772,
-0.3937 1.5256 0.1772,
0.0787 -1.2008 0.1772,
-0.0 -1.2539 0.1772,
-0.3937 0.5915 0.1772,
-0.315 0.5915 0.1772,
-0.315 -0.6969 0.1772,
-0.7874 1.5256 0.1772,
-0.0787 -1.2008 0.1772,
-0.315 -1.2008 0.1772,
-0.3937 -1.2539 0.1772,
-0.7874 0.5915 0.1772,
-0.7087 0.5915 0.1772,
-0.7087 -0.6969 0.1772,
-1.2362 0.5915 0.1772,
-1.1024 0.5915 0.1772,
-1.1024 -0.6969 0.1772,
-1.2362 1.5256 0.1772,
-0.4724 -1.2008 0.1772,
-0.7087 -1.2008 0.1772,
-0.7874 -1.2539 0.1772,
-0.7874 -0.6969 0.1772,
-0.8661 0.5915 0.1772,
1.4587 1.5256 0.1772,
0.7087 0.5915 0.1772,
0.7087 -0.6969 0.1772,
0.315 0.5915 0.1772,
0.315 -0.6969 0.1772,
-1.4587 1.5256 0.1772,
-1.4587 -1.2539 0.1772,
-1.4587 -0.6969 0.1772,
-1.5472 -0.8543 0.1772,
-2.4331 -0.6969 0.1772,
-2.4331 -0.8543 0.1772,
-2.4528 -0.8543 0.1772,
-2.4331 -0.5394 0.1772,
1.8622 -1.7264 0.1772,
1.4587 -1.2539 0.1772,
2.4528 -0.8543 0.1772,
1.8622 -0.6969 0.1772,
1.8622 -0.8543 0.1772,
1.4587 -0.6969 0.1772,
1.5472 -0.8543 0.1772,
1.4587 0.5915 0.1772,
1.8622 -0.5394 0.1772,
-1.2362 -2.6476 0.1772,
-1.2362 -1.2539 0.1772,
-1.2362 -0.6969 0.1772,
1.8622 1.5256 0.1772,
-1.1024 -1.2008 0.1772,
-0.8661 -1.2008 0.1772,
-0.8661 -0.6969 0.1772,
-1.9409 0.1161 3.248,
-1.9409 -1.5059 1.752,
-1.9409 -1.1266 3.248,
1.3701 -0.502 1.1614,
1.1024 -0.502 1.1614,
1.3701 -1.5059 1.752,
-1.3701 -1.5059 1.752,
-1.3701 -2.1457 4.4291,
-0.8268 -2.1457 4.4291,
-1.3701 -2.6476 4.4291,
1.3701 -2.6476 4.4291,
1.3701 -2.1457 4.4291,
0.8268 -2.1457 4.4291,
0.8268 -2.6476 4.4291,
-0.8268 -2.6476 4.4291,
2.0984 0.1161 3.248,
2.0984 -1.1266 3.248,
-2.0984 0.1161 3.248,
-2.0984 -1.1266 3.248,
-1.6654 1.6732 1.122,
1.6654 1.6732 1.122,
-1.6654 1.6732 1.7126,
1.6654 1.6732 1.7126,
1.1024 2.1457 3.1299,
1.6654 2.1457 3.1299,
1.1024 2.5 3.1299,
1.6654 2.5 3.1299,
1.1024 2.5 4.0748,
1.6654 2.5 4.0748,
1.9213 2.2244 4.6962,
1.9213 2.2244 5.7458,
-1.9213 2.2244 5.7458,
-1.9213 2.2244 4.6962,
-1.1024 2.1457 3.6417,
-0.8661 2.1457 3.6417,
0.8661 2.1457 3.6417,
1.1024 2.1457 3.6417,
0.4724 2.1457 3.6417,
0.7087 2.1457 3.6417,
0.0787 2.1457 3.6417,
0.315 2.1457 3.6417,
-0.315 2.1457 3.6417,
-0.0787 2.1457 3.6417,
-0.7087 2.1457 3.6417,
-0.4724 2.1457 3.6417,
0.75 2.8031 -1.2008,
1.25 1.8031 -1.2008,
-0.25 2.8031 -1.2008,
0.25 1.8031 -1.2008,
-1.25 2.8031 -1.2008,
-0.75 1.8031 -1.2008,
2.6496 -0.0043 1.7056,
2.6496 -0.0043 1.6827,
2.6496 -0.084 1.7056,
2.6496 -0.084 1.8829,
2.6496 -0.1098 1.8829,
2.6496 -0.1098 1.6827,
2.6496 0.1538 1.691,
2.6496 0.1504 1.6893,
2.6496 0.0984 1.6794,
2.6496 0.1289 1.6823,
2.6496 0.1538 1.7158,
2.6496 0.1341 1.7069,
2.6496 0.1115 1.7027,
2.6496 0.1021 1.7024,
2.6496 0.0821 1.7048,
2.6496 0.0678 1.7103,
2.6496 0.0547 1.7195,
2.6496 0.0507 1.7235,
2.6496 0.0418 1.7355,
2.6496 0.035 1.7514,
2.6496 0.0314 1.7709,
2.6496 0.031 1.7806,
2.6496 0.0344 1.8081,
2.6496 0.0411 1.8254,
2.6496 0.0507 1.8393,
2.6496 0.0521 1.8407,
2.6496 0.064 1.8509,
2.6496 0.0795 1.8586,
2.6496 0.0966 1.8624,
2.6496 0.1066 1.8629,
2.6496 0.1538 1.8511,
2.6496 0.1516 1.8523,
2.6496 0.1313 1.86,
2.6496 0.1538 1.8781,
2.6496 0.1326 1.8842,
2.6496 0.1064 1.8863,
2.6496 0.0774 1.8828,
2.6496 0.0565 1.8746,
2.6496 0.0378 1.8615,
2.6496 0.0328 1.8568,
2.6496 0.0183 1.8378,
2.6496 0.0088 1.8156,
2.6496 0.0043 1.7895,
2.6496 0.0039 1.779,
2.6496 0.0079 1.7464,
2.6496 0.016 1.7255,
2.6496 0.028 1.7084,
2.6496 0.0296 1.7067,
2.6496 0.0863 1.6799,
2.6496 0.0457 1.6933,
2.6496 0.0646 1.6844,
2.6496 0.3015 1.7056,
2.6496 0.3015 1.6827,
2.6496 0.2197 1.7056,
2.6496 0.2197 1.7729,
2.6496 0.2913 1.7729,
2.6496 0.2913 1.7958,
2.6496 0.2197 1.7958,
2.6496 0.2197 1.8599,
2.6496 0.297 1.8599,
2.6496 0.297 1.8829,
2.6496 0.1939 1.8829,
2.6496 0.1939 1.6827,
2.6496 0.4721 1.7108,
2.6496 0.4514 1.7243,
2.6496 0.4512 1.6958,
2.6496 0.4385 1.7153,
2.6496 0.4284 1.6869,
2.6496 0.422 1.7089,
2.6496 0.3944 1.6827,
2.6496 0.3942 1.7056,
2.6496 0.3393 1.6827,
2.6496 0.3652 1.7056,
2.6496 0.3393 1.8829,
2.6496 0.3652 1.8599,
2.6496 0.3964 1.8829,
2.6496 0.3954 1.8599,
2.6496 0.3982 1.8598,
2.6496 0.427 1.8795,
2.6496 0.4235 1.8564,
2.6496 0.4512 1.8707,
2.6496 0.4405 1.8498,
2.6496 0.4721 1.8564,
2.6496 0.4532 1.841,
2.6496 0.4792 1.8495,
2.6496 0.4588 1.8356,
2.6496 0.4916 1.8321,
2.6496 0.4665 1.8244,
2.6496 0.499 1.813,
2.6496 0.4722 1.8097,
2.6496 0.5023 1.7854,
2.6496 0.4751 1.7847,
2.6496 0.5017 1.7726,
2.6496 0.4743 1.7704,
2.6496 0.4969 1.7492,
2.6496 0.4702 1.7524,
2.6496 0.487 1.7285,
2.6496 0.4631 1.7377,
2.6496 0.4538 1.7264,
2.6496 0.3954 1.8599,
2.6496 0.3652 1.8599,
2.6496 0.3652 1.7056,
2.6496 0.3942 1.7056,
2.6496 0.4538 1.7264,
2.6496 0.4514 1.7243,
2.6496 0.4385 1.7153,
2.6496 0.422 1.7089,
2.6496 0.4751 1.7847,
2.6496 0.4743 1.7704,
2.6496 0.4702 1.7524,
2.6496 0.4631 1.7377,
2.6496 0.4532 1.841,
2.6496 0.4588 1.8356,
2.6496 0.4665 1.8244,
2.6496 0.4722 1.8097,
2.6496 0.3982 1.8598,
2.6496 0.4235 1.8564,
2.6496 0.4405 1.8498,
2.6496 0.5694 1.7601,
2.6496 0.5612 1.7375,
2.6496 0.6366 1.7601,
2.6496 0.6446 1.7375,
2.6496 0.5993 1.8433,
2.6496 0.5897 1.8829,
2.6496 0.5134 1.6827,
2.6496 0.542 1.6827,
2.6496 0.6011 1.8493,
2.6496 0.6026 1.8573,
2.6496 0.6173 1.8829,
2.6496 0.6032 1.8573,
2.6496 0.6048 1.8489,
2.6496 0.6063 1.8433,
2.6496 0.6935 1.6827,
2.6496 0.665 1.6827,
2.6496 0.5694 1.7601,
2.6496 0.6366 1.7601,
2.6496 0.6063 1.8433,
2.6496 0.6032 1.8573,
2.6496 0.6048 1.8489,
2.6496 0.6026 1.8573,
2.6496 0.5993 1.8433,
2.6496 0.6011 1.8493,
2.6496 -0.0022 1.388,
2.6496 -0.0022 1.3652,
2.6496 -0.084 1.388,
2.6496 -0.084 1.4553,
2.6496 -0.0124 1.4553,
2.6496 -0.0124 1.4783,
2.6496 -0.084 1.4783,
2.6496 -0.084 1.5423,
2.6496 -0.0067 1.5423,
2.6496 -0.0067 1.5653,
2.6496 -0.1098 1.5653,
2.6496 -0.1098 1.3652,
2.6496 0.0562 1.4255,
2.6496 0.0616 1.4283,
2.6496 0.0487 1.4448,
2.6496 0.0693 1.4501,
2.6496 0.0782 1.4324,
2.6496 0.1116 1.4561,
2.6496 0.111 1.3873,
2.6496 0.1116 1.3873,
2.6496 0.11 1.4103,
2.6496 0.1116 1.4215,
2.6496 0.1367 1.4572,
2.6496 0.1116 1.4232,
2.6496 0.1116 1.4369,
2.6496 0.1116 1.3652,
2.6496 0.1367 1.3652,
2.6496 0.102 1.5097,
2.6496 0.097 1.4881,
2.6496 0.1121 1.5062,
2.6496 0.1014 1.4853,
2.6496 0.1108 1.4671,
2.6496 0.1343 1.4781,
2.6496 0.1082 1.4761,
2.6496 0.1302 1.4889,
2.6496 0.1052 1.4812,
2.6496 0.1249 1.4967,
2.6496 0.1201 1.5012,
2.6496 0.0358 1.4981,
2.6496 0.0358 1.4738,
2.6496 0.041 1.5011,
2.6496 0.0531 1.4846,
2.6496 0.0596 1.5083,
2.6496 0.0688 1.4897,
2.6496 0.085 1.5114,
2.6496 0.0827 1.491,
2.6496 0.0912 1.4902,
2.6496 0.1063 1.4014,
2.6496 0.1009 1.394,
2.6496 0.1052 1.379,
2.6496 0.0977 1.391,
2.6496 0.097 1.3711,
2.6496 0.0907 1.3862,
2.6496 0.0911 1.3673,
2.6496 0.0831 1.3834,
2.6496 0.081 1.3635,
2.6496 0.0737 1.3824,
2.6496 0.0672 1.3618,
2.6496 0.0652 1.3833,
2.6496 0.0522 1.3635,
2.6496 0.0595 1.3854,
2.6496 0.0426 1.3672,
2.6496 0.0545 1.3888,
2.6496 0.0341 1.3731,
2.6496 0.0524 1.391,
2.6496 0.0539 1.4236,
2.6496 0.0386 1.4392,
2.6496 0.0509 1.4199,
2.6496 0.0312 1.4325,
2.6496 0.0487 1.4152,
2.6496 0.026 1.4243,
2.6496 0.0475 1.4095,
2.6496 0.023 1.4151,
2.6496 0.0473 1.4055,
2.6496 0.0218 1.4034,
2.6496 0.0479 1.3997,
2.6496 0.0231 1.392,
2.6496 0.0496 1.3952,
2.6496 0.0261 1.3835,
2.6496 0.0314 1.3758,
2.6496 0.0539 1.4236,
2.6496 0.0562 1.4255,
2.6496 0.0616 1.4283,
2.6496 0.0782 1.4324,
2.6496 0.0473 1.4055,
2.6496 0.0475 1.4095,
2.6496 0.0487 1.4152,
2.6496 0.0509 1.4199,
2.6496 0.0545 1.3888,
2.6496 0.0524 1.391,
2.6496 0.0496 1.3952,
2.6496 0.0479 1.3997,
2.6496 0.0737 1.3824,
2.6496 0.0652 1.3833,
2.6496 0.0595 1.3854,
2.6496 0.1009 1.394,
2.6496 0.0977 1.391,
2.6496 0.0907 1.3862,
2.6496 0.0831 1.3834,
2.6496 0.1116 1.4232,
2.6496 0.1116 1.4215,
2.6496 0.11 1.4103,
2.6496 0.1063 1.4014,
2.6496 0.1116 1.4369,
2.6496 0.1707 1.3961,
2.6496 0.1812 1.3897,
2.6496 0.2119 1.3823,
2.6496 0.1969 1.3839,
2.6496 0.1707 1.3702,
2.6496 0.1855 1.3647,
2.6496 0.2095 1.3618,
2.6496 0.232 1.3645,
2.6496 0.2452 1.3695,
2.6496 0.2511 1.3732,
2.6496 0.2583 1.3794,
2.6496 0.263 1.386,
2.6496 0.2661 1.394,
2.6496 0.2672 1.4041,
2.6496 0.2662 1.4134,
2.6496 0.2635 1.4208,
2.6496 0.2589 1.4277,
2.6496 0.2529 1.433,
2.6496 0.2362 1.4423,
2.6496 0.2265 1.4462,
2.6496 0.211 1.453,
2.6496 0.2022 1.4585,
2.6496 0.1997 1.4612,
2.6496 0.1979 1.4646,
2.6496 0.1969 1.4685,
2.6496 0.1967 1.4718,
2.6496 0.1971 1.4758,
2.6496 0.1984 1.4792,
2.6496 0.2005 1.4824,
2.6496 0.2043 1.4857,
2.6496 0.2099 1.4887,
2.6496 0.2166 1.4905,
2.6496 0.2241 1.491,
2.6496 0.2397 1.4894,
2.6496 0.2539 1.4844,
2.6496 0.2604 1.4807,
2.6496 0.2604 1.5051,
2.6496 0.2441 1.5099,
2.6496 0.2265 1.5114,
2.6496 0.2095 1.5097,
2.6496 0.1954 1.505,
2.6496 0.1869 1.5001,
2.6496 0.1795 1.4934,
2.6496 0.1748 1.4866,
2.6496 0.1718 1.4785,
2.6496 0.1708 1.4696,
2.6496 0.1719 1.4598,
2.6496 0.1747 1.4522,
2.6496 0.178 1.4469,
2.6496 0.2088 1.428,
2.6496 0.1939 1.4349,
2.6496 0.1821 1.4427,
2.6496 0.2253 1.4211,
2.6496 0.2351 1.4152,
2.6496 0.2382 1.412,
2.6496 0.2401 1.4086,
2.6496 0.2413 1.4047,
2.6496 0.2415 1.4016,
2.6496 0.241 1.3968,
2.6496 0.2397 1.3933,
2.6496 0.2375 1.39,
2.6496 0.2346 1.3875,
2.6496 0.2324 1.3861,
2.6496 0.2259 1.3837,
2.6496 0.213 1.3823,
2.6496 0.3915 1.5081,
2.6496 0.4175 1.5081,
2.6496 0.3525 1.4005,
2.6496 0.3506 1.3938,
2.6496 0.3494 1.3889,
2.6496 0.3488 1.3889,
2.6496 0.3457 1.4007,
2.6496 0.3083 1.5081,
2.6496 0.2803 1.5081,
2.6496 0.3364 1.3655,
2.6496 0.3254 1.3395,
2.6496 0.3204 1.3303,
2.6496 0.3157 1.3252,
2.6496 0.3116 1.3223,
2.6496 0.3061 1.3201,
2.6496 0.2997 1.3193,
2.6496 0.2906 1.3205,
2.6496 0.2855 1.3222,
2.6496 0.2855 1.2999,
2.6496 0.2961 1.298,
2.6496 0.3016 1.2978,
2.6496 0.3118 1.299,
2.6496 0.3217 1.3028,
2.6496 0.3304 1.3089,
2.6496 0.3321 1.3105,
2.6496 0.3413 1.3215,
2.6496 0.3526 1.3436,
2.6496 0.5522 1.388,
2.6496 0.5522 1.3652,
2.6496 0.4704 1.388,
2.6496 0.4704 1.4553,
2.6496 0.542 1.4553,
2.6496 0.542 1.4783,
2.6496 0.4704 1.4783,
2.6496 0.4704 1.5423,
2.6496 0.5476 1.5423,
2.6496 0.5476 1.5653,
2.6496 0.4445 1.5653,
2.6496 0.4445 1.3652,
2.6496 0.7228 1.3932,
2.6496 0.7021 1.4067,
2.6496 0.7019 1.3782,
2.6496 0.6892 1.3977,
2.6496 0.6791 1.3693,
2.6496 0.6727 1.3913,
2.6496 0.6451 1.3652,
2.6496 0.6449 1.388,
2.6496 0.59 1.3652,
2.6496 0.6159 1.388,
2.6496 0.59 1.5653,
2.6496 0.6159 1.5423,
2.6496 0.6471 1.5653,
2.6496 0.6461 1.5423,
2.6496 0.6488 1.5423,
2.6496 0.6777 1.562,
2.6496 0.6742 1.5389,
2.6496 0.7018 1.5531,
2.6496 0.6912 1.5322,
2.6496 0.7228 1.5388,
2.6496 0.7039 1.5235,
2.6496 0.7298 1.5319,
2.6496 0.7094 1.518,
2.6496 0.7422 1.5145,
2.6496 0.7172 1.5068,
2.6496 0.7497 1.4954,
2.6496 0.7228 1.4922,
2.6496 0.753 1.4678,
2.6496 0.7258 1.4671,
2.6496 0.7524 1.4551,
2.6496 0.725 1.4528,
2.6496 0.7475 1.4316,
2.6496 0.7208 1.4348,
2.6496 0.7377 1.4109,
2.6496 0.7137 1.4202,
2.6496 0.7044 1.4089,
2.6496 0.6461 1.5423,
2.6496 0.6159 1.5423,
2.6496 0.6159 1.388,
2.6496 0.6449 1.388,
2.6496 0.7044 1.4089,
2.6496 0.7021 1.4067,
2.6496 0.6892 1.3977,
2.6496 0.6727 1.3913,
2.6496 0.7258 1.4671,
2.6496 0.725 1.4528,
2.6496 0.7208 1.4348,
2.6496 0.7137 1.4202,
2.6496 0.7039 1.5235,
2.6496 0.7094 1.518,
2.6496 0.7172 1.5068,
2.6496 0.7228 1.4922,
2.6496 0.6488 1.5423,
2.6496 0.6742 1.5389,
2.6496 0.6912 1.5322,
2.6496 0.8201 1.4425,
2.6496 0.8119 1.4199,
2.6496 0.8873 1.4425,
2.6496 0.8952 1.4199,
2.6496 0.85 1.5257,
2.6496 0.8403 1.5653,
2.6496 0.7641 1.3652,
2.6496 0.7926 1.3652,
2.6496 0.8517 1.5317,
2.6496 0.8533 1.5398,
2.6496 0.868 1.5653,
2.6496 0.8539 1.5398,
2.6496 0.8555 1.5313,
2.6496 0.857 1.5257,
2.6496 0.9442 1.3652,
2.6496 0.9157 1.3652,
2.6496 0.8201 1.4425,
2.6496 0.8873 1.4425,
2.6496 0.857 1.5257,
2.6496 0.8539 1.5398,
2.6496 0.8555 1.5313,
2.6496 0.8533 1.5398,
2.6496 0.85 1.5257,
2.6496 0.8517 1.5317,
2.6496 -0.9939 1.3368,
2.6496 -0.9727 1.3107,
2.6496 -1.0067 1.4627,
2.6496 -1.0314 1.71,
2.6496 -0.9997 1.7269,
2.6496 -1.0068 1.8145,
2.6496 -0.7565 1.3313,
2.6496 -0.7397 1.363,
2.6496 -0.7314 1.3981,
2.6496 -0.9185 1.8185,
2.6496 -0.8744 1.7146,
2.6496 -0.8526 1.7596,
2.6496 -1.0377 1.4818,
2.6496 -1.0273 1.3731,
2.6496 -1.0081 1.3673,
2.6496 -0.9512 1.8213,
2.6496 -0.5314 1.5324,
2.6496 -0.5755 1.6078,
2.6496 -0.7306 1.4271,
2.6496 -0.7662 1.5082,
2.6496 -0.7306 1.4129,
2.6496 -0.8068 1.287,
2.6496 -0.7784 1.3067,
2.6496 -0.9109 1.3697,
2.6496 -0.8995 1.362,
2.6496 -0.9449 1.2897,
2.6496 -0.8863 1.3572,
2.6496 -0.8232 1.433,
2.6496 -0.8195 1.42,
2.6496 -0.8191 1.4062,
2.6496 -0.8222 1.3925,
2.6496 -0.8286 1.3801,
2.6496 -0.4844 1.6733,
2.6496 -0.473 1.6733,
2.6496 -0.4147 1.7502,
2.6496 -0.446 1.67,
2.6496 -0.4076 1.7478,
2.6496 -0.4211 1.6604,
2.6496 -0.3653 1.7268,
2.6496 -0.3267 1.6941,
2.6496 -0.8893 1.8525,
2.6496 -0.8207 1.7977,
2.6496 -0.8559 1.8811,
2.6496 -0.7825 1.8256,
2.6496 -0.8136 1.9065,
2.6496 -0.9645 1.7352,
2.6496 -0.9498 1.7359,
2.6496 -0.9348 1.8204,
2.6496 -0.9165 1.7318,
2.6496 -0.8846 1.7202,
2.6496 -0.9295 1.4048,
2.6496 -0.9262 1.3917,
2.6496 -0.9201 1.38,
2.6496 -0.912 1.2759,
2.6496 -0.8784 1.2706,
2.6496 -0.8744 1.3559,
2.6496 -0.8729 1.2705,
2.6496 -0.8611 1.3575,
2.6496 -0.8385 1.2748,
2.6496 -0.8487 1.3622,
2.6496 -0.8377 1.3698,
2.6496 -0.3264 1.4285,
2.6496 -0.3928 1.485,
2.6496 -0.3652 1.3957,
2.6496 -0.4139 1.4678,
2.6496 -0.4086 1.3745,
2.6496 -0.439 1.4562,
2.6496 -0.4559 1.3645,
2.6496 -0.4645 1.4513,
2.6496 -0.5399 1.3645,
2.6496 -0.5285 1.4513,
2.6496 -0.5479 1.3658,
2.6496 -0.399 1.645,
2.6496 -0.3826 1.6266,
2.6496 -0.2976 1.6536,
2.6496 -0.3694 1.6021,
2.6496 -0.2803 1.6101,
2.6496 -0.3627 1.5747,
2.6496 -0.2738 1.5637,
2.6496 -0.362 1.5623,
2.6496 -0.2803 1.5129,
2.6496 -0.3654 1.5346,
2.6496 -0.2982 1.4678,
2.6496 -0.3752 1.5092,
2.6496 -0.3909 1.487,
2.6496 -0.4915 1.8626,
2.6496 -0.5471 1.7971,
2.6496 -0.4413 1.8034,
2.6496 -0.515 1.7587,
2.6496 -0.4931 1.7129,
2.6496 -1.0879 1.628,
2.6496 -1.1814 1.6046,
2.6496 -1.0921 1.5936,
2.6496 -1.1818 1.5908,
2.6496 -1.0904 1.5718,
2.6496 -1.175 1.5355,
2.6496 -1.0802 1.5369,
2.6496 -1.1547 1.4825,
2.6496 -1.0632 1.508,
2.6496 -1.122 1.4356,
2.6496 -1.0786 1.3984,
2.6496 -0.9294 1.4186,
2.6496 -0.9258 1.4322,
2.6496 -0.991 1.4933,
2.6496 -0.919 1.4444,
2.6496 -0.9674 1.5202,
2.6496 -0.9112 1.4529,
2.6496 -0.9383 1.5404,
2.6496 -0.9 1.4606,
2.6496 -0.9069 1.5524,
2.6496 -0.8875 1.4654,
2.6496 -0.8729 1.5566,
2.6496 -0.8744 1.467,
2.6496 -0.8556 1.5556,
2.6496 -0.8644 1.466,
2.6496 -0.8213 1.5471,
2.6496 -0.851 1.4618,
2.6496 -0.7911 1.5309,
2.6496 -0.8392 1.4544,
2.6496 -0.8298 1.4445,
2.6496 -0.7475 1.9298,
2.6496 -0.736 1.8445,
2.6496 -0.6851 1.9366,
2.6496 -0.6836 1.8512,
2.6496 -0.6157 1.928,
2.6496 -0.6354 1.8453,
2.6496 -0.5453 1.9002,
2.6496 -0.5908 1.8282,
2.6496 -0.5508 1.8005,
2.6496 -1.0595 1.7942,
2.6496 -1.1049 1.7625,
2.6496 -1.056 1.6881,
2.6496 -1.1149 1.753,
2.6496 -1.0757 1.6598,
2.6496 -1.149 1.7093,
2.6496 -1.1718 1.6581,
2.6496 -0.5357 1.4526,
2.6496 -0.5699 1.3794,
2.6496 -0.5666 1.376,
2.6496 -0.5314 1.4517,
2.6496 -0.5573 1.3695,
2.6496 -0.5812 1.4086,
2.6496 -0.5798 1.398,
2.6496 -0.5761 1.3883,
2.6496 -0.5481 1.4513,
2.6496 -0.5579 1.4474,
2.6496 -0.5808 1.4142,
2.6496 -0.5666 1.4412,
2.6496 -0.5725 1.4348,
2.6496 -0.578 1.425,
2.6496 -0.5371 1.4527,
2.6496 -0.8744 1.467,
2.6496 -0.8644 1.466,
2.6496 -0.851 1.4618,
2.6496 -0.8392 1.4544,
2.6496 -0.8298 1.4445,
2.6496 -0.8232 1.433,
2.6496 -0.8195 1.42,
2.6496 -0.8191 1.4062,
2.6496 -0.8222 1.3925,
2.6496 -0.8286 1.3801,
2.6496 -0.8377 1.3698,
2.6496 -0.8487 1.3622,
2.6496 -0.8611 1.3575,
2.6496 -0.8744 1.3559,
2.6496 -0.8863 1.3572,
2.6496 -0.8995 1.362,
2.6496 -0.9109 1.3697,
2.6496 -0.9201 1.38,
2.6496 -0.9262 1.3917,
2.6496 -0.9295 1.4048,
2.6496 -0.9294 1.4186,
2.6496 -0.9258 1.4322,
2.6496 -0.919 1.4444,
2.6496 -0.9112 1.4529,
2.6496 -0.9 1.4606,
2.6496 -0.8875 1.4654,
                    ]
                }
                coordIndex [
                    0, 1, 2, -1,
3, 4, 5, -1,
6, 7, 8, -1,
9, 10, 11, -1,
12, 13, 14, -1,
15, 16, 17, -1,
18, 19, 20, -1,
20, 19, 21, -1,
22, 23, 20, -1,
20, 23, 24, -1,
20, 24, 25, -1,
25, 26, 20, -1,
20, 26, 27, -1,
20, 27, 18, -1,
28, 29, 30, -1,
28, 30, 31, -1,
31, 30, 32, -1,
31, 32, 33, -1,
33, 32, 34, -1,
34, 32, 35, -1,
34, 35, 36, -1,
37, 38, 35, -1,
35, 38, 39, -1,
35, 39, 40, -1,
35, 41, 36, -1,
36, 41, 42, -1,
36, 42, 43, -1,
43, 42, 44, -1,
43, 44, 45, -1,
40, 46, 35, -1,
35, 46, 47, -1,
35, 47, 41, -1,
48, 49, 50, -1,
48, 50, 51, -1,
49, 52, 50, -1,
50, 52, 53, -1,
50, 53, 54, -1,
54, 53, 55, -1,
55, 56, 54, -1,
54, 56, 57, -1,
54, 57, 37, -1,
37, 57, 58, -1,
37, 58, 38, -1,
59, 60, 50, -1,
50, 60, 61, -1,
50, 61, 62, -1,
63, 51, 64, -1,
64, 51, 50, -1,
64, 50, 65, -1,
65, 50, 62, -1,
66, 67, 68, -1,
68, 67, 69, -1,
67, 70, 69, -1,
69, 70, 71, -1,
69, 71, 72, -1,
59, 73, 60, -1,
60, 73, 74, -1,
60, 74, 75, -1,
75, 74, 72, -1,
75, 72, 76, -1,
76, 72, 71, -1,
77, 78, 66, -1,
66, 78, 79, -1,
66, 79, 80, -1,
80, 81, 66, -1,
66, 81, 82, -1,
66, 82, 67, -1,
83, 84, 85, -1,
86, 87, 88, -1,
89, 90, 77, -1,
91, 92, 93, -1,
93, 92, 94, -1,
86, 88, 95, -1,
89, 77, 96, -1,
97, 98, 92, -1,
92, 98, 99, -1,
92, 99, 100, -1,
85, 84, 77, -1,
77, 84, 101, -1,
77, 101, 96, -1,
87, 102, 88, -1,
88, 102, 103, -1,
88, 103, 104, -1,
105, 106, 107, -1,
107, 106, 108, -1,
107, 108, 109, -1,
110, 100, 111, -1,
111, 100, 112, -1,
111, 112, 107, -1,
107, 112, 113, -1,
107, 113, 105, -1,
110, 114, 100, -1,
100, 114, 115, -1,
100, 115, 92, -1,
92, 115, 116, -1,
92, 116, 94, -1,
117, 118, 119, -1,
119, 118, 120, -1,
119, 120, 88, -1,
88, 120, 121, -1,
88, 121, 95, -1,
122, 123, 88, -1,
88, 123, 124, -1,
88, 124, 92, -1,
92, 124, 125, -1,
92, 125, 97, -1,
126, 127, 78, -1,
78, 127, 128, -1,
78, 128, 129, -1,
129, 130, 78, -1,
78, 130, 131, -1,
78, 131, 132, -1,
132, 131, 117, -1,
132, 117, 133, -1,
133, 117, 119, -1,
90, 134, 77, -1,
77, 134, 135, -1,
77, 135, 78, -1,
78, 135, 136, -1,
78, 136, 126, -1,
104, 137, 88, -1,
88, 137, 138, -1,
88, 138, 139, -1,
139, 140, 88, -1,
88, 140, 141, -1,
88, 141, 122, -1,
142, 143, 144, -1,
144, 100, 142, -1,
142, 100, 99, -1,
142, 99, 145, -1,
145, 99, 146, -1,
146, 147, 145, -1,
145, 147, 148, -1,
145, 148, 149, -1,
150, 151, 152, -1,
151, 153, 152, -1,
152, 153, 154, -1,
152, 154, 155, -1,
156, 152, 157, -1,
143, 142, 156, -1,
156, 142, 158, -1,
156, 158, 152, -1,
152, 158, 159, -1,
152, 159, 150, -1,
157, 160, 156, -1,
156, 160, 161, -1,
156, 161, 162, -1,
155, 154, 163, -1,
163, 154, 164, -1,
163, 164, 165, -1,
165, 164, 166, -1,
165, 166, 167, -1,
168, 169, 162, -1,
162, 169, 170, -1,
162, 170, 156, -1,
19, 171, 21, -1,
21, 171, 172, -1,
21, 172, 85, -1,
85, 172, 173, -1,
85, 173, 83, -1,
174, 175, 176, -1,
17, 16, 177, -1,
177, 16, 178, -1,
177, 178, 179, -1,
180, 181, 182, -1,
182, 181, 183, -1,
182, 183, 184, -1,
184, 183, 174, -1,
184, 174, 185, -1,
186, 187, 188, -1,
188, 187, 189, -1,
188, 189, 179, -1,
176, 175, 190, -1,
190, 175, 191, -1,
190, 191, 192, -1,
193, 194, 195, -1,
196, 197, 198, -1,
198, 197, 199, -1,
198, 199, 200, -1,
200, 199, 193, -1,
200, 193, 201, -1,
201, 193, 195, -1,
202, 203, 204, -1,
205, 206, 207, -1,
208, 209, 210, -1,
205, 207, 211, -1,
208, 210, 207, -1,
207, 210, 212, -1,
207, 212, 211, -1,
213, 214, 215, -1,
215, 214, 216, -1,
215, 216, 217, -1,
217, 216, 218, -1,
217, 218, 207, -1,
219, 220, 14, -1,
221, 222, 223, -1,
203, 224, 204, -1,
204, 224, 225, -1,
204, 225, 223, -1,
223, 225, 226, -1,
223, 226, 221, -1,
227, 228, 14, -1,
14, 228, 229, -1,
222, 230, 223, -1,
223, 230, 231, -1,
223, 231, 232, -1,
232, 231, 233, -1,
232, 233, 219, -1,
234, 235, 220, -1,
220, 235, 236, -1,
220, 236, 14, -1,
14, 236, 237, -1,
14, 237, 227, -1,
229, 238, 14, -1,
14, 238, 239, -1,
14, 239, 12, -1,
240, 241, 242, -1,
242, 241, 243, -1,
242, 243, 244, -1,
242, 245, 240, -1,
240, 245, 246, -1,
240, 246, 247, -1,
247, 248, 240, -1,
240, 248, 249, -1,
240, 249, 250, -1,
250, 249, 251, -1,
250, 251, 252, -1,
252, 251, 253, -1,
252, 253, 220, -1,
220, 253, 254, -1,
220, 254, 234, -1,
255, 256, 244, -1,
244, 256, 257, -1,
244, 257, 242, -1,
258, 259, 209, -1,
209, 259, 260, -1,
209, 260, 210, -1,
258, 261, 259, -1,
259, 261, 262, -1,
259, 262, 263, -1,
263, 262, 264, -1,
263, 265, 266, -1,
264, 267, 263, -1,
263, 267, 268, -1,
263, 268, 269, -1,
269, 270, 263, -1,
263, 270, 271, -1,
263, 271, 265, -1,
266, 272, 263, -1,
263, 272, 273, -1,
263, 273, 274, -1,
275, 276, 277, -1,
278, 279, 277, -1,
277, 279, 280, -1,
277, 280, 275, -1,
276, 275, 281, -1,
281, 275, 282, -1,
281, 282, 283, -1,
279, 284, 280, -1,
280, 284, 285, -1,
280, 285, 286, -1,
286, 285, 287, -1,
286, 287, 288, -1,
288, 287, 289, -1,
288, 289, 283, -1,
283, 289, 290, -1,
283, 290, 281, -1,
291, 292, 293, -1,
293, 292, 294, -1,
295, 296, 297, -1,
297, 296, 298, -1,
297, 298, 299, -1,
299, 298, 300, -1,
299, 300, 301, -1,
301, 300, 302, -1,
301, 302, 303, -1,
303, 302, 304, -1,
303, 304, 305, -1,
305, 304, 306, -1,
307, 308, 309, -1,
293, 302, 291, -1,
291, 302, 300, -1,
291, 300, 310, -1,
310, 300, 311, -1,
310, 311, 309, -1,
309, 311, 312, -1,
309, 312, 307, -1,
294, 292, 313, -1,
313, 292, 314, -1,
313, 314, 307, -1,
6, 8, 315, -1,
315, 8, 316, -1,
315, 316, 317, -1,
318, 319, 320, -1,
307, 314, 308, -1,
308, 314, 321, -1,
308, 321, 322, -1,
322, 321, 323, -1,
322, 323, 320, -1,
320, 323, 324, -1,
320, 324, 318, -1,
319, 325, 320, -1,
320, 325, 326, -1,
320, 326, 327, -1,
327, 328, 320, -1,
320, 328, 329, -1,
320, 329, 330, -1,
330, 331, 320, -1,
320, 331, 332, -1,
320, 332, 333, -1,
334, 335, 333, -1,
333, 335, 336, -1,
333, 336, 320, -1,
337, 338, 339, -1,
334, 340, 335, -1,
335, 340, 341, -1,
335, 341, 339, -1,
339, 341, 342, -1,
339, 342, 337, -1,
343, 344, 345, -1,
345, 344, 346, -1,
345, 346, 314, -1,
314, 346, 347, -1,
314, 347, 321, -1,
348, 349, 350, -1,
350, 351, 348, -1,
348, 351, 352, -1,
348, 352, 353, -1,
354, 355, 348, -1,
348, 355, 356, -1,
348, 356, 349, -1,
357, 358, 359, -1,
359, 358, 360, -1,
359, 360, 354, -1,
354, 360, 361, -1,
354, 361, 355, -1,
362, 363, 364, -1,
364, 363, 365, -1,
365, 366, 364, -1,
364, 366, 367, -1,
364, 367, 357, -1,
362, 364, 368, -1,
368, 364, 369, -1,
368, 369, 370, -1,
370, 369, 371, -1,
371, 369, 204, -1,
371, 204, 372, -1,
322, 373, 308, -1,
308, 373, 374, -1,
308, 374, 375, -1,
375, 374, 376, -1,
375, 376, 377, -1,
378, 379, 380, -1,
380, 379, 381, -1,
217, 382, 383, -1,
384, 385, 386, -1,
204, 387, 388, -1,
378, 389, 379, -1,
379, 389, 390, -1,
379, 390, 391, -1,
391, 390, 386, -1,
391, 386, 392, -1,
392, 386, 385, -1,
206, 202, 207, -1,
207, 202, 204, -1,
207, 204, 217, -1,
217, 204, 388, -1,
217, 388, 382, -1,
393, 394, 383, -1,
383, 394, 395, -1,
383, 395, 396, -1,
397, 398, 399, -1,
399, 398, 400, -1,
399, 400, 401, -1,
401, 402, 399, -1,
399, 402, 403, -1,
399, 403, 369, -1,
369, 403, 381, -1,
369, 381, 404, -1,
404, 381, 379, -1,
405, 406, 204, -1,
204, 406, 407, -1,
408, 409, 386, -1,
386, 409, 410, -1,
386, 410, 411, -1,
407, 412, 204, -1,
204, 412, 413, -1,
204, 413, 387, -1,
404, 414, 369, -1,
369, 414, 415, -1,
369, 415, 204, -1,
204, 415, 416, -1,
204, 416, 405, -1,
411, 417, 386, -1,
386, 417, 418, -1,
386, 418, 384, -1,
419, 420, 421, -1,
421, 420, 422, -1,
420, 423, 422, -1,
422, 423, 424, -1,
422, 424, 399, -1,
399, 424, 425, -1,
399, 425, 397, -1,
426, 427, 14, -1,
14, 427, 428, -1,
219, 14, 232, -1,
232, 14, 428, -1,
232, 428, 197, -1,
197, 428, 429, -1,
197, 429, 199, -1,
430, 427, 431, -1,
431, 427, 426, -1,
431, 426, 432, -1,
433, 434, 435, -1,
436, 437, 426, -1,
426, 437, 438, -1,
426, 438, 432, -1,
439, 440, 13, -1,
13, 440, 433, -1,
13, 433, 14, -1,
14, 433, 435, -1,
14, 435, 426, -1,
426, 435, 441, -1,
426, 441, 442, -1,
443, 444, 445, -1,
445, 444, 446, -1,
445, 446, 433, -1,
433, 446, 447, -1,
433, 447, 434, -1,
442, 448, 426, -1,
426, 448, 449, -1,
426, 449, 436, -1,
450, 451, 452, -1,
450, 452, 453, -1,
451, 454, 452, -1,
452, 454, 455, -1,
452, 455, 445, -1,
445, 455, 456, -1,
445, 456, 443, -1,
422, 457, 421, -1,
421, 457, 458, -1,
421, 458, 440, -1,
440, 458, 459, -1,
440, 459, 433, -1,
433, 459, 460, -1,
433, 460, 445, -1,
445, 460, 461, -1,
445, 461, 452, -1,
452, 461, 462, -1,
452, 462, 463, -1,
463, 462, 464, -1,
463, 464, 465, -1,
465, 466, 467, -1,
467, 466, 3, -1,
439, 213, 440, -1,
440, 213, 215, -1,
440, 215, 421, -1,
421, 215, 217, -1,
421, 217, 419, -1,
419, 217, 383, -1,
419, 383, 468, -1,
468, 383, 396, -1,
463, 176, 452, -1,
452, 176, 190, -1,
452, 190, 453, -1,
453, 190, 192, -1,
453, 192, 196, -1,
196, 192, 15, -1,
196, 15, 197, -1,
197, 15, 17, -1,
3, 5, 467, -1,
467, 5, 469, -1,
467, 469, 470, -1,
317, 316, 471, -1,
471, 316, 469, -1,
471, 469, 472, -1,
472, 469, 5, -1,
472, 5, 473, -1,
473, 5, 4, -1,
473, 4, 474, -1,
475, 85, 476, -1,
476, 85, 77, -1,
476, 77, 477, -1,
477, 77, 66, -1,
477, 66, 478, -1,
478, 66, 68, -1,
478, 68, 479, -1,
475, 480, 481, -1,
480, 482, 481, -1,
481, 482, 483, -1,
481, 483, 477, -1,
477, 483, 484, -1,
477, 484, 476, -1,
485, 486, 487, -1,
487, 486, 483, -1,
487, 483, 488, -1,
488, 483, 482, -1,
488, 482, 489, -1,
489, 482, 490, -1,
189, 185, 179, -1,
179, 185, 174, -1,
179, 174, 177, -1,
177, 174, 176, -1,
177, 176, 491, -1,
492, 493, 470, -1,
470, 493, 494, -1,
495, 496, 497, -1,
497, 496, 498, -1,
497, 498, 470, -1,
470, 498, 499, -1,
470, 499, 492, -1,
494, 500, 470, -1,
470, 500, 501, -1,
470, 501, 502, -1,
465, 467, 463, -1,
463, 467, 470, -1,
463, 470, 176, -1,
176, 470, 502, -1,
176, 502, 491, -1,
491, 503, 177, -1,
177, 503, 504, -1,
177, 504, 497, -1,
497, 504, 505, -1,
497, 505, 506, -1,
506, 507, 497, -1,
497, 507, 508, -1,
497, 508, 495, -1,
509, 510, 470, -1,
511, 512, 513, -1,
470, 510, 497, -1,
497, 510, 514, -1,
497, 514, 515, -1,
357, 359, 364, -1,
364, 359, 481, -1,
364, 481, 369, -1,
369, 481, 477, -1,
369, 477, 399, -1,
399, 477, 478, -1,
399, 478, 422, -1,
422, 478, 479, -1,
422, 479, 457, -1,
497, 275, 177, -1,
177, 275, 280, -1,
177, 280, 17, -1,
17, 280, 286, -1,
17, 286, 197, -1,
197, 286, 310, -1,
197, 310, 232, -1,
232, 310, 309, -1,
232, 309, 223, -1,
223, 309, 308, -1,
223, 308, 204, -1,
204, 308, 375, -1,
204, 375, 372, -1,
372, 375, 377, -1,
475, 481, 85, -1,
85, 481, 359, -1,
85, 359, 21, -1,
21, 359, 516, -1,
21, 516, 20, -1,
516, 517, 20, -1,
20, 517, 0, -1,
20, 0, 354, -1,
354, 0, 2, -1,
354, 2, 359, -1,
359, 2, 518, -1,
359, 518, 516, -1,
519, 520, 288, -1,
288, 520, 521, -1,
288, 521, 286, -1,
286, 521, 522, -1,
286, 522, 523, -1,
523, 524, 286, -1,
286, 524, 525, -1,
286, 525, 526, -1,
291, 527, 288, -1,
288, 527, 528, -1,
288, 528, 529, -1,
526, 530, 286, -1,
286, 530, 531, -1,
286, 531, 310, -1,
310, 531, 532, -1,
310, 532, 291, -1,
291, 532, 533, -1,
291, 533, 527, -1,
529, 534, 288, -1,
288, 534, 535, -1,
288, 535, 519, -1,
513, 509, 511, -1,
511, 509, 470, -1,
511, 470, 536, -1,
536, 470, 469, -1,
536, 469, 515, -1,
515, 469, 316, -1,
515, 316, 497, -1,
497, 316, 8, -1,
497, 8, 275, -1,
275, 8, 7, -1,
275, 7, 282, -1,
353, 537, 348, -1,
348, 537, 538, -1,
348, 538, 354, -1,
354, 538, 539, -1,
354, 539, 20, -1,
20, 539, 30, -1,
20, 30, 22, -1,
22, 30, 29, -1,
6, 9, 7, -1,
7, 9, 11, -1,
7, 11, 282, -1,
282, 11, 540, -1,
282, 540, 283, -1,
283, 540, 541, -1,
283, 541, 288, -1,
288, 541, 542, -1,
288, 542, 291, -1,
291, 542, 543, -1,
291, 543, 292, -1,
292, 543, 544, -1,
292, 544, 314, -1,
314, 544, 545, -1,
314, 545, 345, -1,
345, 545, 546, -1,
345, 546, 343, -1,
343, 546, 538, -1,
343, 538, 547, -1,
547, 538, 537, -1,
548, 549, 550, -1,
550, 549, 551, -1,
550, 551, 552, -1,
553, 554, 550, -1,
550, 554, 555, -1,
550, 555, 548, -1,
556, 557, 550, -1,
550, 557, 558, -1,
550, 558, 553, -1,
559, 560, 550, -1,
550, 560, 561, -1,
550, 561, 556, -1,
562, 563, 550, -1,
550, 563, 564, -1,
550, 564, 559, -1,
565, 566, 550, -1,
550, 566, 567, -1,
550, 567, 562, -1,
568, 569, 550, -1,
550, 569, 570, -1,
550, 570, 565, -1,
552, 571, 550, -1,
550, 571, 572, -1,
550, 572, 568, -1,
573, 574, 575, -1,
576, 577, 575, -1,
575, 577, 578, -1,
575, 578, 573, -1,
579, 580, 576, -1,
576, 580, 581, -1,
576, 581, 577, -1,
582, 583, 579, -1,
579, 583, 584, -1,
579, 584, 580, -1,
585, 586, 582, -1,
582, 586, 587, -1,
582, 587, 583, -1,
588, 589, 585, -1,
585, 589, 590, -1,
585, 590, 586, -1,
591, 592, 588, -1,
588, 592, 593, -1,
588, 593, 589, -1,
594, 595, 591, -1,
591, 595, 596, -1,
591, 596, 592, -1,
597, 598, 594, -1,
594, 598, 599, -1,
594, 599, 595, -1,
600, 601, 597, -1,
597, 601, 602, -1,
597, 602, 598, -1,
603, 604, 600, -1,
600, 604, 605, -1,
600, 605, 601, -1,
606, 607, 603, -1,
603, 607, 608, -1,
603, 608, 604, -1,
609, 610, 606, -1,
606, 610, 611, -1,
606, 611, 607, -1,
612, 613, 609, -1,
609, 613, 614, -1,
609, 614, 610, -1,
615, 616, 612, -1,
612, 616, 617, -1,
612, 617, 613, -1,
618, 619, 615, -1,
615, 619, 620, -1,
615, 620, 616, -1,
621, 622, 618, -1,
618, 622, 623, -1,
618, 623, 619, -1,
624, 625, 621, -1,
621, 625, 626, -1,
621, 626, 622, -1,
627, 628, 624, -1,
624, 628, 629, -1,
624, 629, 625, -1,
630, 631, 627, -1,
627, 631, 632, -1,
627, 632, 628, -1,
633, 634, 630, -1,
630, 634, 635, -1,
630, 635, 631, -1,
636, 637, 633, -1,
633, 637, 638, -1,
633, 638, 634, -1,
639, 640, 636, -1,
636, 640, 641, -1,
636, 641, 637, -1,
573, 642, 574, -1,
574, 642, 643, -1,
574, 643, 639, -1,
639, 643, 644, -1,
639, 644, 640, -1,
645, 646, 647, -1,
647, 646, 648, -1,
647, 648, 649, -1,
649, 648, 650, -1,
649, 650, 651, -1,
651, 650, 652, -1,
651, 652, 653, -1,
653, 652, 654, -1,
653, 654, 655, -1,
655, 654, 656, -1,
655, 656, 657, -1,
657, 656, 658, -1,
657, 658, 659, -1,
659, 658, 660, -1,
659, 660, 661, -1,
661, 660, 662, -1,
661, 662, 663, -1,
663, 662, 664, -1,
663, 664, 665, -1,
665, 664, 666, -1,
665, 666, 667, -1,
667, 666, 668, -1,
667, 668, 669, -1,
669, 668, 670, -1,
669, 670, 671, -1,
671, 670, 672, -1,
671, 672, 673, -1,
673, 672, 674, -1,
673, 674, 675, -1,
675, 674, 676, -1,
675, 676, 677, -1,
677, 676, 678, -1,
677, 678, 679, -1,
679, 678, 680, -1,
679, 680, 681, -1,
681, 680, 682, -1,
681, 682, 683, -1,
683, 682, 684, -1,
683, 684, 685, -1,
685, 684, 686, -1,
685, 686, 687, -1,
687, 686, 688, -1,
687, 688, 689, -1,
689, 688, 690, -1,
689, 690, 691, -1,
691, 690, 692, -1,
691, 692, 645, -1,
645, 692, 646, -1,
646, 693, 648, -1,
648, 693, 694, -1,
648, 694, 650, -1,
650, 694, 695, -1,
650, 695, 652, -1,
652, 695, 696, -1,
652, 696, 654, -1,
654, 696, 697, -1,
654, 697, 656, -1,
656, 697, 698, -1,
656, 698, 658, -1,
658, 698, 699, -1,
658, 699, 660, -1,
660, 699, 700, -1,
660, 700, 662, -1,
662, 700, 701, -1,
662, 701, 664, -1,
664, 701, 702, -1,
664, 702, 666, -1,
666, 702, 703, -1,
666, 703, 668, -1,
668, 703, 704, -1,
668, 704, 670, -1,
670, 704, 705, -1,
670, 705, 672, -1,
672, 705, 706, -1,
672, 706, 674, -1,
674, 706, 707, -1,
674, 707, 676, -1,
676, 707, 708, -1,
676, 708, 678, -1,
678, 708, 709, -1,
678, 709, 680, -1,
680, 709, 710, -1,
680, 710, 682, -1,
682, 710, 711, -1,
682, 711, 684, -1,
684, 711, 712, -1,
684, 712, 686, -1,
686, 712, 713, -1,
686, 713, 688, -1,
688, 713, 714, -1,
688, 714, 690, -1,
690, 714, 715, -1,
690, 715, 692, -1,
692, 715, 716, -1,
692, 716, 646, -1,
646, 716, 693, -1,
693, 717, 694, -1,
694, 717, 718, -1,
694, 718, 695, -1,
695, 718, 719, -1,
695, 719, 696, -1,
696, 719, 720, -1,
696, 720, 697, -1,
697, 720, 721, -1,
697, 721, 698, -1,
698, 721, 722, -1,
698, 722, 699, -1,
699, 722, 723, -1,
699, 723, 700, -1,
700, 723, 724, -1,
700, 724, 701, -1,
701, 724, 725, -1,
701, 725, 702, -1,
702, 725, 726, -1,
702, 726, 703, -1,
703, 726, 727, -1,
703, 727, 704, -1,
704, 727, 728, -1,
704, 728, 705, -1,
705, 728, 729, -1,
705, 729, 706, -1,
706, 729, 730, -1,
706, 730, 707, -1,
707, 730, 731, -1,
707, 731, 708, -1,
708, 731, 732, -1,
708, 732, 709, -1,
709, 732, 733, -1,
709, 733, 710, -1,
710, 733, 734, -1,
710, 734, 711, -1,
711, 734, 735, -1,
711, 735, 712, -1,
712, 735, 736, -1,
712, 736, 713, -1,
713, 736, 737, -1,
713, 737, 714, -1,
714, 737, 738, -1,
714, 738, 715, -1,
715, 738, 739, -1,
715, 739, 716, -1,
716, 739, 740, -1,
716, 740, 693, -1,
693, 740, 717, -1,
717, 741, 718, -1,
718, 741, 742, -1,
718, 742, 719, -1,
719, 742, 743, -1,
719, 743, 720, -1,
720, 743, 744, -1,
720, 744, 721, -1,
721, 744, 745, -1,
721, 745, 722, -1,
722, 745, 746, -1,
722, 746, 723, -1,
723, 746, 747, -1,
723, 747, 724, -1,
724, 747, 748, -1,
724, 748, 725, -1,
725, 748, 749, -1,
725, 749, 726, -1,
726, 749, 750, -1,
726, 750, 727, -1,
727, 750, 751, -1,
727, 751, 728, -1,
728, 751, 752, -1,
728, 752, 729, -1,
729, 752, 753, -1,
729, 753, 730, -1,
730, 753, 754, -1,
730, 754, 731, -1,
731, 754, 755, -1,
731, 755, 732, -1,
732, 755, 756, -1,
732, 756, 733, -1,
733, 756, 757, -1,
733, 757, 734, -1,
734, 757, 758, -1,
734, 758, 735, -1,
735, 758, 759, -1,
735, 759, 736, -1,
736, 759, 760, -1,
736, 760, 737, -1,
737, 760, 761, -1,
737, 761, 738, -1,
738, 761, 762, -1,
738, 762, 739, -1,
739, 762, 763, -1,
739, 763, 740, -1,
740, 763, 764, -1,
740, 764, 717, -1,
717, 764, 741, -1,
741, 765, 742, -1,
742, 765, 766, -1,
742, 766, 743, -1,
743, 766, 767, -1,
743, 767, 744, -1,
744, 767, 768, -1,
744, 768, 745, -1,
745, 768, 769, -1,
745, 769, 746, -1,
746, 769, 770, -1,
746, 770, 747, -1,
747, 770, 771, -1,
747, 771, 748, -1,
748, 771, 772, -1,
748, 772, 749, -1,
749, 772, 773, -1,
749, 773, 750, -1,
750, 773, 774, -1,
750, 774, 751, -1,
751, 774, 775, -1,
751, 775, 752, -1,
752, 775, 776, -1,
752, 776, 753, -1,
753, 776, 777, -1,
753, 777, 754, -1,
754, 777, 778, -1,
754, 778, 755, -1,
755, 778, 779, -1,
755, 779, 756, -1,
756, 779, 780, -1,
756, 780, 757, -1,
757, 780, 781, -1,
757, 781, 758, -1,
758, 781, 782, -1,
758, 782, 759, -1,
759, 782, 783, -1,
759, 783, 760, -1,
760, 783, 784, -1,
760, 784, 761, -1,
761, 784, 785, -1,
761, 785, 762, -1,
762, 785, 786, -1,
762, 786, 763, -1,
763, 786, 787, -1,
763, 787, 764, -1,
764, 787, 788, -1,
764, 788, 741, -1,
741, 788, 765, -1,
765, 789, 766, -1,
766, 789, 790, -1,
766, 790, 767, -1,
767, 790, 791, -1,
767, 791, 768, -1,
768, 791, 792, -1,
768, 792, 769, -1,
769, 792, 793, -1,
769, 793, 770, -1,
770, 793, 794, -1,
770, 794, 771, -1,
771, 794, 795, -1,
771, 795, 772, -1,
772, 795, 796, -1,
772, 796, 773, -1,
773, 796, 797, -1,
773, 797, 774, -1,
774, 797, 798, -1,
774, 798, 775, -1,
775, 798, 799, -1,
775, 799, 776, -1,
776, 799, 800, -1,
776, 800, 777, -1,
777, 800, 801, -1,
777, 801, 778, -1,
778, 801, 802, -1,
778, 802, 779, -1,
779, 802, 803, -1,
779, 803, 780, -1,
780, 803, 804, -1,
780, 804, 781, -1,
781, 804, 805, -1,
781, 805, 782, -1,
782, 805, 806, -1,
782, 806, 783, -1,
783, 806, 807, -1,
783, 807, 784, -1,
784, 807, 808, -1,
784, 808, 785, -1,
785, 808, 809, -1,
785, 809, 786, -1,
786, 809, 810, -1,
786, 810, 787, -1,
787, 810, 811, -1,
787, 811, 788, -1,
788, 811, 812, -1,
788, 812, 765, -1,
765, 812, 789, -1,
789, 813, 790, -1,
790, 813, 814, -1,
790, 814, 791, -1,
791, 814, 815, -1,
791, 815, 792, -1,
792, 815, 816, -1,
792, 816, 793, -1,
793, 816, 817, -1,
793, 817, 794, -1,
794, 817, 818, -1,
794, 818, 795, -1,
795, 818, 819, -1,
795, 819, 796, -1,
796, 819, 820, -1,
796, 820, 797, -1,
797, 820, 821, -1,
797, 821, 798, -1,
798, 821, 822, -1,
798, 822, 799, -1,
799, 822, 823, -1,
799, 823, 800, -1,
800, 823, 824, -1,
800, 824, 801, -1,
801, 824, 825, -1,
801, 825, 802, -1,
802, 825, 826, -1,
802, 826, 803, -1,
803, 826, 827, -1,
803, 827, 804, -1,
804, 827, 828, -1,
804, 828, 805, -1,
805, 828, 829, -1,
805, 829, 806, -1,
806, 829, 830, -1,
806, 830, 807, -1,
807, 830, 831, -1,
807, 831, 808, -1,
808, 831, 832, -1,
808, 832, 809, -1,
809, 832, 833, -1,
809, 833, 810, -1,
810, 833, 834, -1,
810, 834, 811, -1,
811, 834, 835, -1,
811, 835, 812, -1,
812, 835, 836, -1,
812, 836, 789, -1,
789, 836, 813, -1,
813, 837, 814, -1,
814, 837, 838, -1,
814, 838, 815, -1,
815, 838, 839, -1,
815, 839, 816, -1,
816, 839, 840, -1,
816, 840, 817, -1,
817, 840, 841, -1,
817, 841, 818, -1,
818, 841, 842, -1,
818, 842, 819, -1,
819, 842, 843, -1,
819, 843, 820, -1,
820, 843, 844, -1,
820, 844, 821, -1,
821, 844, 845, -1,
821, 845, 822, -1,
822, 845, 846, -1,
822, 846, 823, -1,
823, 846, 847, -1,
823, 847, 824, -1,
824, 847, 848, -1,
824, 848, 825, -1,
825, 848, 849, -1,
825, 849, 826, -1,
826, 849, 850, -1,
826, 850, 827, -1,
827, 850, 851, -1,
827, 851, 828, -1,
828, 851, 852, -1,
828, 852, 829, -1,
829, 852, 853, -1,
829, 853, 830, -1,
830, 853, 854, -1,
830, 854, 831, -1,
831, 854, 855, -1,
831, 855, 832, -1,
832, 855, 856, -1,
832, 856, 833, -1,
833, 856, 857, -1,
833, 857, 834, -1,
834, 857, 858, -1,
834, 858, 835, -1,
835, 858, 859, -1,
835, 859, 836, -1,
836, 859, 860, -1,
836, 860, 813, -1,
813, 860, 837, -1,
837, 588, 838, -1,
838, 588, 585, -1,
838, 585, 839, -1,
839, 585, 582, -1,
839, 582, 840, -1,
840, 582, 579, -1,
840, 579, 841, -1,
841, 579, 576, -1,
841, 576, 842, -1,
842, 576, 575, -1,
842, 575, 843, -1,
843, 575, 574, -1,
843, 574, 844, -1,
844, 574, 639, -1,
844, 639, 845, -1,
845, 639, 636, -1,
845, 636, 846, -1,
846, 636, 633, -1,
846, 633, 847, -1,
847, 633, 630, -1,
847, 630, 848, -1,
848, 630, 627, -1,
848, 627, 849, -1,
849, 627, 624, -1,
849, 624, 850, -1,
850, 624, 621, -1,
850, 621, 851, -1,
851, 621, 618, -1,
851, 618, 852, -1,
852, 618, 615, -1,
852, 615, 853, -1,
853, 615, 612, -1,
853, 612, 854, -1,
854, 612, 609, -1,
854, 609, 855, -1,
855, 609, 606, -1,
855, 606, 856, -1,
856, 606, 603, -1,
856, 603, 857, -1,
857, 603, 600, -1,
857, 600, 858, -1,
858, 600, 597, -1,
858, 597, 859, -1,
859, 597, 594, -1,
859, 594, 860, -1,
860, 594, 591, -1,
860, 591, 837, -1,
837, 591, 588, -1,
861, 647, 862, -1,
862, 647, 649, -1,
862, 649, 863, -1,
863, 649, 651, -1,
863, 651, 864, -1,
864, 651, 653, -1,
864, 653, 865, -1,
865, 653, 655, -1,
865, 655, 866, -1,
866, 655, 657, -1,
866, 657, 867, -1,
867, 657, 659, -1,
867, 659, 868, -1,
868, 659, 661, -1,
868, 661, 869, -1,
869, 661, 663, -1,
869, 663, 870, -1,
870, 663, 665, -1,
870, 665, 871, -1,
871, 665, 667, -1,
871, 667, 872, -1,
872, 667, 669, -1,
872, 669, 873, -1,
873, 669, 671, -1,
873, 671, 874, -1,
874, 671, 673, -1,
874, 673, 875, -1,
875, 673, 675, -1,
875, 675, 876, -1,
876, 675, 677, -1,
876, 677, 877, -1,
877, 677, 679, -1,
877, 679, 878, -1,
878, 679, 681, -1,
878, 681, 879, -1,
879, 681, 683, -1,
879, 683, 880, -1,
880, 683, 685, -1,
880, 685, 881, -1,
881, 685, 687, -1,
881, 687, 882, -1,
882, 687, 689, -1,
882, 689, 883, -1,
883, 689, 691, -1,
883, 691, 884, -1,
884, 691, 645, -1,
884, 645, 861, -1,
861, 645, 647, -1,
885, 886, 887, -1,
887, 886, 888, -1,
887, 888, 889, -1,
889, 888, 890, -1,
889, 890, 891, -1,
891, 890, 892, -1,
891, 892, 893, -1,
893, 892, 894, -1,
893, 894, 895, -1,
895, 894, 896, -1,
895, 896, 897, -1,
897, 896, 898, -1,
897, 898, 899, -1,
899, 898, 900, -1,
899, 900, 901, -1,
901, 900, 902, -1,
901, 902, 903, -1,
903, 902, 904, -1,
903, 904, 905, -1,
905, 904, 906, -1,
905, 906, 907, -1,
907, 906, 908, -1,
907, 908, 909, -1,
909, 908, 910, -1,
909, 910, 911, -1,
911, 910, 912, -1,
911, 912, 913, -1,
913, 912, 914, -1,
913, 914, 915, -1,
915, 914, 916, -1,
915, 916, 917, -1,
917, 916, 918, -1,
917, 918, 919, -1,
919, 918, 920, -1,
919, 920, 921, -1,
921, 920, 922, -1,
921, 922, 923, -1,
923, 922, 924, -1,
923, 924, 925, -1,
925, 924, 926, -1,
925, 926, 927, -1,
927, 926, 928, -1,
927, 928, 929, -1,
929, 928, 930, -1,
929, 930, 931, -1,
931, 930, 932, -1,
931, 932, 885, -1,
885, 932, 886, -1,
886, 933, 888, -1,
888, 933, 934, -1,
888, 934, 890, -1,
890, 934, 935, -1,
890, 935, 892, -1,
892, 935, 936, -1,
892, 936, 894, -1,
894, 936, 937, -1,
894, 937, 896, -1,
896, 937, 938, -1,
896, 938, 898, -1,
898, 938, 939, -1,
898, 939, 900, -1,
900, 939, 940, -1,
900, 940, 902, -1,
902, 940, 941, -1,
902, 941, 904, -1,
904, 941, 942, -1,
904, 942, 906, -1,
906, 942, 943, -1,
906, 943, 908, -1,
908, 943, 944, -1,
908, 944, 910, -1,
910, 944, 945, -1,
910, 945, 912, -1,
912, 945, 946, -1,
912, 946, 914, -1,
914, 946, 947, -1,
914, 947, 916, -1,
916, 947, 948, -1,
916, 948, 918, -1,
918, 948, 949, -1,
918, 949, 920, -1,
920, 949, 950, -1,
920, 950, 922, -1,
922, 950, 951, -1,
922, 951, 924, -1,
924, 951, 952, -1,
924, 952, 926, -1,
926, 952, 953, -1,
926, 953, 928, -1,
928, 953, 954, -1,
928, 954, 930, -1,
930, 954, 955, -1,
930, 955, 932, -1,
932, 955, 956, -1,
932, 956, 886, -1,
886, 956, 933, -1,
933, 957, 934, -1,
934, 957, 958, -1,
934, 958, 935, -1,
935, 958, 959, -1,
935, 959, 936, -1,
936, 959, 960, -1,
936, 960, 937, -1,
937, 960, 961, -1,
937, 961, 938, -1,
938, 961, 962, -1,
938, 962, 939, -1,
939, 962, 963, -1,
939, 963, 940, -1,
940, 963, 964, -1,
940, 964, 941, -1,
941, 964, 965, -1,
941, 965, 942, -1,
942, 965, 966, -1,
942, 966, 943, -1,
943, 966, 967, -1,
943, 967, 944, -1,
944, 967, 968, -1,
944, 968, 945, -1,
945, 968, 969, -1,
945, 969, 946, -1,
946, 969, 970, -1,
946, 970, 947, -1,
947, 970, 971, -1,
947, 971, 948, -1,
948, 971, 972, -1,
948, 972, 949, -1,
949, 972, 973, -1,
949, 973, 950, -1,
950, 973, 974, -1,
950, 974, 951, -1,
951, 974, 975, -1,
951, 975, 952, -1,
952, 975, 976, -1,
952, 976, 953, -1,
953, 976, 977, -1,
953, 977, 954, -1,
954, 977, 978, -1,
954, 978, 955, -1,
955, 978, 979, -1,
955, 979, 956, -1,
956, 979, 980, -1,
956, 980, 933, -1,
933, 980, 957, -1,
957, 981, 958, -1,
958, 981, 982, -1,
958, 982, 959, -1,
959, 982, 983, -1,
959, 983, 960, -1,
960, 983, 984, -1,
960, 984, 961, -1,
961, 984, 985, -1,
961, 985, 962, -1,
962, 985, 986, -1,
962, 986, 963, -1,
963, 986, 987, -1,
963, 987, 964, -1,
964, 987, 988, -1,
964, 988, 965, -1,
965, 988, 989, -1,
965, 989, 966, -1,
966, 989, 990, -1,
966, 990, 967, -1,
967, 990, 991, -1,
967, 991, 968, -1,
968, 991, 992, -1,
968, 992, 969, -1,
969, 992, 993, -1,
969, 993, 970, -1,
970, 993, 994, -1,
970, 994, 971, -1,
971, 994, 995, -1,
971, 995, 972, -1,
972, 995, 996, -1,
972, 996, 973, -1,
973, 996, 997, -1,
973, 997, 974, -1,
974, 997, 998, -1,
974, 998, 975, -1,
975, 998, 999, -1,
975, 999, 976, -1,
976, 999, 1000, -1,
976, 1000, 977, -1,
977, 1000, 1001, -1,
977, 1001, 978, -1,
978, 1001, 1002, -1,
978, 1002, 979, -1,
979, 1002, 1003, -1,
979, 1003, 980, -1,
980, 1003, 1004, -1,
980, 1004, 957, -1,
957, 1004, 981, -1,
981, 1005, 982, -1,
982, 1005, 1006, -1,
982, 1006, 983, -1,
983, 1006, 1007, -1,
983, 1007, 984, -1,
984, 1007, 1008, -1,
984, 1008, 985, -1,
985, 1008, 1009, -1,
985, 1009, 986, -1,
986, 1009, 1010, -1,
986, 1010, 987, -1,
987, 1010, 1011, -1,
987, 1011, 988, -1,
988, 1011, 1012, -1,
988, 1012, 989, -1,
989, 1012, 1013, -1,
989, 1013, 990, -1,
990, 1013, 1014, -1,
990, 1014, 991, -1,
991, 1014, 1015, -1,
991, 1015, 992, -1,
992, 1015, 1016, -1,
992, 1016, 993, -1,
993, 1016, 1017, -1,
993, 1017, 994, -1,
994, 1017, 1018, -1,
994, 1018, 995, -1,
995, 1018, 1019, -1,
995, 1019, 996, -1,
996, 1019, 1020, -1,
996, 1020, 997, -1,
997, 1020, 1021, -1,
997, 1021, 998, -1,
998, 1021, 1022, -1,
998, 1022, 999, -1,
999, 1022, 1023, -1,
999, 1023, 1000, -1,
1000, 1023, 1024, -1,
1000, 1024, 1001, -1,
1001, 1024, 1025, -1,
1001, 1025, 1002, -1,
1002, 1025, 1026, -1,
1002, 1026, 1003, -1,
1003, 1026, 1027, -1,
1003, 1027, 1004, -1,
1004, 1027, 1028, -1,
1004, 1028, 981, -1,
981, 1028, 1005, -1,
1005, 1029, 1006, -1,
1006, 1029, 1030, -1,
1006, 1030, 1007, -1,
1007, 1030, 1031, -1,
1007, 1031, 1008, -1,
1008, 1031, 1032, -1,
1008, 1032, 1009, -1,
1009, 1032, 1033, -1,
1009, 1033, 1010, -1,
1010, 1033, 1034, -1,
1010, 1034, 1011, -1,
1011, 1034, 1035, -1,
1011, 1035, 1012, -1,
1012, 1035, 1036, -1,
1012, 1036, 1013, -1,
1013, 1036, 1037, -1,
1013, 1037, 1014, -1,
1014, 1037, 1038, -1,
1014, 1038, 1015, -1,
1015, 1038, 1039, -1,
1015, 1039, 1016, -1,
1016, 1039, 1040, -1,
1016, 1040, 1017, -1,
1017, 1040, 1041, -1,
1017, 1041, 1018, -1,
1018, 1041, 1042, -1,
1018, 1042, 1019, -1,
1019, 1042, 1043, -1,
1019, 1043, 1020, -1,
1020, 1043, 1044, -1,
1020, 1044, 1021, -1,
1021, 1044, 1045, -1,
1021, 1045, 1022, -1,
1022, 1045, 1046, -1,
1022, 1046, 1023, -1,
1023, 1046, 1047, -1,
1023, 1047, 1024, -1,
1024, 1047, 1048, -1,
1024, 1048, 1025, -1,
1025, 1048, 1049, -1,
1025, 1049, 1026, -1,
1026, 1049, 1050, -1,
1026, 1050, 1027, -1,
1027, 1050, 1051, -1,
1027, 1051, 1028, -1,
1028, 1051, 1052, -1,
1028, 1052, 1005, -1,
1005, 1052, 1029, -1,
1029, 1053, 1030, -1,
1030, 1053, 1054, -1,
1030, 1054, 1031, -1,
1031, 1054, 1055, -1,
1031, 1055, 1032, -1,
1032, 1055, 1056, -1,
1032, 1056, 1033, -1,
1033, 1056, 1057, -1,
1033, 1057, 1034, -1,
1034, 1057, 1058, -1,
1034, 1058, 1035, -1,
1035, 1058, 1059, -1,
1035, 1059, 1036, -1,
1036, 1059, 1060, -1,
1036, 1060, 1037, -1,
1037, 1060, 1061, -1,
1037, 1061, 1038, -1,
1038, 1061, 1062, -1,
1038, 1062, 1039, -1,
1039, 1062, 1063, -1,
1039, 1063, 1040, -1,
1040, 1063, 1064, -1,
1040, 1064, 1041, -1,
1041, 1064, 1065, -1,
1041, 1065, 1042, -1,
1042, 1065, 1066, -1,
1042, 1066, 1043, -1,
1043, 1066, 1067, -1,
1043, 1067, 1044, -1,
1044, 1067, 1068, -1,
1044, 1068, 1045, -1,
1045, 1068, 1069, -1,
1045, 1069, 1046, -1,
1046, 1069, 1070, -1,
1046, 1070, 1047, -1,
1047, 1070, 1071, -1,
1047, 1071, 1048, -1,
1048, 1071, 1072, -1,
1048, 1072, 1049, -1,
1049, 1072, 1073, -1,
1049, 1073, 1050, -1,
1050, 1073, 1074, -1,
1050, 1074, 1051, -1,
1051, 1074, 1075, -1,
1051, 1075, 1052, -1,
1052, 1075, 1076, -1,
1052, 1076, 1029, -1,
1029, 1076, 1053, -1,
1053, 873, 1054, -1,
1054, 873, 874, -1,
1054, 874, 1055, -1,
1055, 874, 875, -1,
1055, 875, 1056, -1,
1056, 875, 876, -1,
1056, 876, 1057, -1,
1057, 876, 877, -1,
1057, 877, 1058, -1,
1058, 877, 878, -1,
1058, 878, 1059, -1,
1059, 878, 879, -1,
1059, 879, 1060, -1,
1060, 879, 880, -1,
1060, 880, 1061, -1,
1061, 880, 881, -1,
1061, 881, 1062, -1,
1062, 881, 882, -1,
1062, 882, 1063, -1,
1063, 882, 883, -1,
1063, 883, 1064, -1,
1064, 883, 884, -1,
1064, 884, 1065, -1,
1065, 884, 861, -1,
1065, 861, 1066, -1,
1066, 861, 862, -1,
1066, 862, 1067, -1,
1067, 862, 863, -1,
1067, 863, 1068, -1,
1068, 863, 864, -1,
1068, 864, 1069, -1,
1069, 864, 865, -1,
1069, 865, 1070, -1,
1070, 865, 866, -1,
1070, 866, 1071, -1,
1071, 866, 867, -1,
1071, 867, 1072, -1,
1072, 867, 868, -1,
1072, 868, 1073, -1,
1073, 868, 869, -1,
1073, 869, 1074, -1,
1074, 869, 870, -1,
1074, 870, 1075, -1,
1075, 870, 871, -1,
1075, 871, 1076, -1,
1076, 871, 872, -1,
1076, 872, 1053, -1,
1053, 872, 873, -1,
1077, 923, 1078, -1,
1078, 923, 925, -1,
1078, 925, 1079, -1,
1079, 925, 927, -1,
1079, 927, 1080, -1,
1080, 927, 929, -1,
1080, 929, 1081, -1,
1081, 929, 931, -1,
1081, 931, 1082, -1,
1082, 931, 885, -1,
1082, 885, 1083, -1,
1083, 885, 887, -1,
1083, 887, 1084, -1,
1084, 887, 889, -1,
1084, 889, 1085, -1,
1085, 889, 891, -1,
1085, 891, 1086, -1,
1086, 891, 893, -1,
1086, 893, 1087, -1,
1087, 893, 895, -1,
1087, 895, 1088, -1,
1088, 895, 897, -1,
1088, 897, 1089, -1,
1089, 897, 899, -1,
1089, 899, 1090, -1,
1090, 899, 901, -1,
1090, 901, 1091, -1,
1091, 901, 903, -1,
1091, 903, 1092, -1,
1092, 903, 905, -1,
1092, 905, 1093, -1,
1093, 905, 907, -1,
1093, 907, 1094, -1,
1094, 907, 909, -1,
1094, 909, 1095, -1,
1095, 909, 911, -1,
1095, 911, 1096, -1,
1096, 911, 913, -1,
1096, 913, 1097, -1,
1097, 913, 915, -1,
1097, 915, 1098, -1,
1098, 915, 917, -1,
1098, 917, 1099, -1,
1099, 917, 919, -1,
1099, 919, 1100, -1,
1100, 919, 921, -1,
1100, 921, 1077, -1,
1077, 921, 923, -1,
1101, 1102, 1103, -1,
1103, 1102, 1104, -1,
1103, 1104, 1105, -1,
1105, 1104, 1106, -1,
1105, 1106, 1107, -1,
1107, 1106, 1108, -1,
1107, 1108, 1109, -1,
1109, 1108, 1110, -1,
1109, 1110, 1111, -1,
1111, 1110, 1112, -1,
1111, 1112, 1113, -1,
1113, 1112, 1114, -1,
1113, 1114, 1115, -1,
1115, 1114, 1116, -1,
1115, 1116, 1117, -1,
1117, 1116, 1118, -1,
1117, 1118, 1119, -1,
1119, 1118, 1120, -1,
1119, 1120, 1121, -1,
1121, 1120, 1122, -1,
1121, 1122, 1123, -1,
1123, 1122, 1124, -1,
1123, 1124, 1125, -1,
1125, 1124, 1126, -1,
1125, 1126, 1127, -1,
1127, 1126, 1128, -1,
1127, 1128, 1129, -1,
1129, 1128, 1130, -1,
1129, 1130, 1131, -1,
1131, 1130, 1132, -1,
1131, 1132, 1133, -1,
1133, 1132, 1134, -1,
1133, 1134, 1135, -1,
1135, 1134, 1136, -1,
1135, 1136, 1137, -1,
1137, 1136, 1138, -1,
1137, 1138, 1139, -1,
1139, 1138, 1140, -1,
1139, 1140, 1141, -1,
1141, 1140, 1142, -1,
1141, 1142, 1143, -1,
1143, 1142, 1144, -1,
1143, 1144, 1145, -1,
1145, 1144, 1146, -1,
1145, 1146, 1147, -1,
1147, 1146, 1148, -1,
1147, 1148, 1101, -1,
1101, 1148, 1102, -1,
1102, 1149, 1104, -1,
1104, 1149, 1150, -1,
1104, 1150, 1106, -1,
1106, 1150, 1151, -1,
1106, 1151, 1108, -1,
1108, 1151, 1152, -1,
1108, 1152, 1110, -1,
1110, 1152, 1153, -1,
1110, 1153, 1112, -1,
1112, 1153, 1154, -1,
1112, 1154, 1114, -1,
1114, 1154, 1155, -1,
1114, 1155, 1116, -1,
1116, 1155, 1156, -1,
1116, 1156, 1118, -1,
1118, 1156, 1157, -1,
1118, 1157, 1120, -1,
1120, 1157, 1158, -1,
1120, 1158, 1122, -1,
1122, 1158, 1159, -1,
1122, 1159, 1124, -1,
1124, 1159, 1160, -1,
1124, 1160, 1126, -1,
1126, 1160, 1161, -1,
1126, 1161, 1128, -1,
1128, 1161, 1162, -1,
1128, 1162, 1130, -1,
1130, 1162, 1163, -1,
1130, 1163, 1132, -1,
1132, 1163, 1164, -1,
1132, 1164, 1134, -1,
1134, 1164, 1165, -1,
1134, 1165, 1136, -1,
1136, 1165, 1166, -1,
1136, 1166, 1138, -1,
1138, 1166, 1167, -1,
1138, 1167, 1140, -1,
1140, 1167, 1168, -1,
1140, 1168, 1142, -1,
1142, 1168, 1169, -1,
1142, 1169, 1144, -1,
1144, 1169, 1170, -1,
1144, 1170, 1146, -1,
1146, 1170, 1171, -1,
1146, 1171, 1148, -1,
1148, 1171, 1172, -1,
1148, 1172, 1102, -1,
1102, 1172, 1149, -1,
1149, 1173, 1150, -1,
1150, 1173, 1174, -1,
1150, 1174, 1151, -1,
1151, 1174, 1175, -1,
1151, 1175, 1152, -1,
1152, 1175, 1176, -1,
1152, 1176, 1153, -1,
1153, 1176, 1177, -1,
1153, 1177, 1154, -1,
1154, 1177, 1178, -1,
1154, 1178, 1155, -1,
1155, 1178, 1179, -1,
1155, 1179, 1156, -1,
1156, 1179, 1180, -1,
1156, 1180, 1157, -1,
1157, 1180, 1181, -1,
1157, 1181, 1158, -1,
1158, 1181, 1182, -1,
1158, 1182, 1159, -1,
1159, 1182, 1183, -1,
1159, 1183, 1160, -1,
1160, 1183, 1184, -1,
1160, 1184, 1161, -1,
1161, 1184, 1185, -1,
1161, 1185, 1162, -1,
1162, 1185, 1186, -1,
1162, 1186, 1163, -1,
1163, 1186, 1187, -1,
1163, 1187, 1164, -1,
1164, 1187, 1188, -1,
1164, 1188, 1165, -1,
1165, 1188, 1189, -1,
1165, 1189, 1166, -1,
1166, 1189, 1190, -1,
1166, 1190, 1167, -1,
1167, 1190, 1191, -1,
1167, 1191, 1168, -1,
1168, 1191, 1192, -1,
1168, 1192, 1169, -1,
1169, 1192, 1193, -1,
1169, 1193, 1170, -1,
1170, 1193, 1194, -1,
1170, 1194, 1171, -1,
1171, 1194, 1195, -1,
1171, 1195, 1172, -1,
1172, 1195, 1196, -1,
1172, 1196, 1149, -1,
1149, 1196, 1173, -1,
1173, 1197, 1174, -1,
1174, 1197, 1198, -1,
1174, 1198, 1175, -1,
1175, 1198, 1199, -1,
1175, 1199, 1176, -1,
1176, 1199, 1200, -1,
1176, 1200, 1177, -1,
1177, 1200, 1201, -1,
1177, 1201, 1178, -1,
1178, 1201, 1202, -1,
1178, 1202, 1179, -1,
1179, 1202, 1203, -1,
1179, 1203, 1180, -1,
1180, 1203, 1204, -1,
1180, 1204, 1181, -1,
1181, 1204, 1205, -1,
1181, 1205, 1182, -1,
1182, 1205, 1206, -1,
1182, 1206, 1183, -1,
1183, 1206, 1207, -1,
1183, 1207, 1184, -1,
1184, 1207, 1208, -1,
1184, 1208, 1185, -1,
1185, 1208, 1209, -1,
1185, 1209, 1186, -1,
1186, 1209, 1210, -1,
1186, 1210, 1187, -1,
1187, 1210, 1211, -1,
1187, 1211, 1188, -1,
1188, 1211, 1212, -1,
1188, 1212, 1189, -1,
1189, 1212, 1213, -1,
1189, 1213, 1190, -1,
1190, 1213, 1214, -1,
1190, 1214, 1191, -1,
1191, 1214, 1215, -1,
1191, 1215, 1192, -1,
1192, 1215, 1216, -1,
1192, 1216, 1193, -1,
1193, 1216, 1217, -1,
1193, 1217, 1194, -1,
1194, 1217, 1218, -1,
1194, 1218, 1195, -1,
1195, 1218, 1219, -1,
1195, 1219, 1196, -1,
1196, 1219, 1220, -1,
1196, 1220, 1173, -1,
1173, 1220, 1197, -1,
1197, 1221, 1198, -1,
1198, 1221, 1222, -1,
1198, 1222, 1199, -1,
1199, 1222, 1223, -1,
1199, 1223, 1200, -1,
1200, 1223, 1224, -1,
1200, 1224, 1201, -1,
1201, 1224, 1225, -1,
1201, 1225, 1202, -1,
1202, 1225, 1226, -1,
1202, 1226, 1203, -1,
1203, 1226, 1227, -1,
1203, 1227, 1204, -1,
1204, 1227, 1228, -1,
1204, 1228, 1205, -1,
1205, 1228, 1229, -1,
1205, 1229, 1206, -1,
1206, 1229, 1230, -1,
1206, 1230, 1207, -1,
1207, 1230, 1231, -1,
1207, 1231, 1208, -1,
1208, 1231, 1232, -1,
1208, 1232, 1209, -1,
1209, 1232, 1233, -1,
1209, 1233, 1210, -1,
1210, 1233, 1234, -1,
1210, 1234, 1211, -1,
1211, 1234, 1235, -1,
1211, 1235, 1212, -1,
1212, 1235, 1236, -1,
1212, 1236, 1213, -1,
1213, 1236, 1237, -1,
1213, 1237, 1214, -1,
1214, 1237, 1238, -1,
1214, 1238, 1215, -1,
1215, 1238, 1239, -1,
1215, 1239, 1216, -1,
1216, 1239, 1240, -1,
1216, 1240, 1217, -1,
1217, 1240, 1241, -1,
1217, 1241, 1218, -1,
1218, 1241, 1242, -1,
1218, 1242, 1219, -1,
1219, 1242, 1243, -1,
1219, 1243, 1220, -1,
1220, 1243, 1244, -1,
1220, 1244, 1197, -1,
1197, 1244, 1221, -1,
1221, 1245, 1222, -1,
1222, 1245, 1246, -1,
1222, 1246, 1223, -1,
1223, 1246, 1247, -1,
1223, 1247, 1224, -1,
1224, 1247, 1248, -1,
1224, 1248, 1225, -1,
1225, 1248, 1249, -1,
1225, 1249, 1226, -1,
1226, 1249, 1250, -1,
1226, 1250, 1227, -1,
1227, 1250, 1251, -1,
1227, 1251, 1228, -1,
1228, 1251, 1252, -1,
1228, 1252, 1229, -1,
1229, 1252, 1253, -1,
1229, 1253, 1230, -1,
1230, 1253, 1254, -1,
1230, 1254, 1231, -1,
1231, 1254, 1255, -1,
1231, 1255, 1232, -1,
1232, 1255, 1256, -1,
1232, 1256, 1233, -1,
1233, 1256, 1257, -1,
1233, 1257, 1234, -1,
1234, 1257, 1258, -1,
1234, 1258, 1235, -1,
1235, 1258, 1259, -1,
1235, 1259, 1236, -1,
1236, 1259, 1260, -1,
1236, 1260, 1237, -1,
1237, 1260, 1261, -1,
1237, 1261, 1238, -1,
1238, 1261, 1262, -1,
1238, 1262, 1239, -1,
1239, 1262, 1263, -1,
1239, 1263, 1240, -1,
1240, 1263, 1264, -1,
1240, 1264, 1241, -1,
1241, 1264, 1265, -1,
1241, 1265, 1242, -1,
1242, 1265, 1266, -1,
1242, 1266, 1243, -1,
1243, 1266, 1267, -1,
1243, 1267, 1244, -1,
1244, 1267, 1268, -1,
1244, 1268, 1221, -1,
1221, 1268, 1245, -1,
1245, 1269, 1246, -1,
1246, 1269, 1270, -1,
1246, 1270, 1247, -1,
1247, 1270, 1271, -1,
1247, 1271, 1248, -1,
1248, 1271, 1272, -1,
1248, 1272, 1249, -1,
1249, 1272, 1273, -1,
1249, 1273, 1250, -1,
1250, 1273, 1274, -1,
1250, 1274, 1251, -1,
1251, 1274, 1275, -1,
1251, 1275, 1252, -1,
1252, 1275, 1276, -1,
1252, 1276, 1253, -1,
1253, 1276, 1277, -1,
1253, 1277, 1254, -1,
1254, 1277, 1278, -1,
1254, 1278, 1255, -1,
1255, 1278, 1279, -1,
1255, 1279, 1256, -1,
1256, 1279, 1280, -1,
1256, 1280, 1257, -1,
1257, 1280, 1281, -1,
1257, 1281, 1258, -1,
1258, 1281, 1282, -1,
1258, 1282, 1259, -1,
1259, 1282, 1283, -1,
1259, 1283, 1260, -1,
1260, 1283, 1284, -1,
1260, 1284, 1261, -1,
1261, 1284, 1285, -1,
1261, 1285, 1262, -1,
1262, 1285, 1286, -1,
1262, 1286, 1263, -1,
1263, 1286, 1287, -1,
1263, 1287, 1264, -1,
1264, 1287, 1288, -1,
1264, 1288, 1265, -1,
1265, 1288, 1289, -1,
1265, 1289, 1266, -1,
1266, 1289, 1290, -1,
1266, 1290, 1267, -1,
1267, 1290, 1291, -1,
1267, 1291, 1268, -1,
1268, 1291, 1292, -1,
1268, 1292, 1245, -1,
1245, 1292, 1269, -1,
1269, 1293, 1270, -1,
1270, 1293, 1294, -1,
1270, 1294, 1271, -1,
1271, 1294, 1295, -1,
1271, 1295, 1272, -1,
1272, 1295, 1296, -1,
1272, 1296, 1273, -1,
1273, 1296, 1297, -1,
1273, 1297, 1274, -1,
1274, 1297, 1298, -1,
1274, 1298, 1275, -1,
1275, 1298, 1299, -1,
1275, 1299, 1276, -1,
1276, 1299, 1300, -1,
1276, 1300, 1277, -1,
1277, 1300, 1301, -1,
1277, 1301, 1278, -1,
1278, 1301, 1302, -1,
1278, 1302, 1279, -1,
1279, 1302, 1303, -1,
1279, 1303, 1280, -1,
1280, 1303, 1304, -1,
1280, 1304, 1281, -1,
1281, 1304, 1305, -1,
1281, 1305, 1282, -1,
1282, 1305, 1306, -1,
1282, 1306, 1283, -1,
1283, 1306, 1307, -1,
1283, 1307, 1284, -1,
1284, 1307, 1308, -1,
1284, 1308, 1285, -1,
1285, 1308, 1309, -1,
1285, 1309, 1286, -1,
1286, 1309, 1310, -1,
1286, 1310, 1287, -1,
1287, 1310, 1311, -1,
1287, 1311, 1288, -1,
1288, 1311, 1312, -1,
1288, 1312, 1289, -1,
1289, 1312, 1313, -1,
1289, 1313, 1290, -1,
1290, 1313, 1314, -1,
1290, 1314, 1291, -1,
1291, 1314, 1315, -1,
1291, 1315, 1292, -1,
1292, 1315, 1316, -1,
1292, 1316, 1269, -1,
1269, 1316, 1293, -1,
1293, 1317, 1294, -1,
1294, 1317, 1318, -1,
1294, 1318, 1295, -1,
1295, 1318, 1319, -1,
1295, 1319, 1296, -1,
1296, 1319, 1320, -1,
1296, 1320, 1297, -1,
1297, 1320, 1321, -1,
1297, 1321, 1298, -1,
1298, 1321, 1322, -1,
1298, 1322, 1299, -1,
1299, 1322, 1323, -1,
1299, 1323, 1300, -1,
1300, 1323, 1324, -1,
1300, 1324, 1301, -1,
1301, 1324, 1325, -1,
1301, 1325, 1302, -1,
1302, 1325, 1326, -1,
1302, 1326, 1303, -1,
1303, 1326, 1327, -1,
1303, 1327, 1304, -1,
1304, 1327, 1328, -1,
1304, 1328, 1305, -1,
1305, 1328, 1329, -1,
1305, 1329, 1306, -1,
1306, 1329, 1330, -1,
1306, 1330, 1307, -1,
1307, 1330, 1331, -1,
1307, 1331, 1308, -1,
1308, 1331, 1332, -1,
1308, 1332, 1309, -1,
1309, 1332, 1333, -1,
1309, 1333, 1310, -1,
1310, 1333, 1334, -1,
1310, 1334, 1311, -1,
1311, 1334, 1335, -1,
1311, 1335, 1312, -1,
1312, 1335, 1336, -1,
1312, 1336, 1313, -1,
1313, 1336, 1337, -1,
1313, 1337, 1314, -1,
1314, 1337, 1338, -1,
1314, 1338, 1315, -1,
1315, 1338, 1339, -1,
1315, 1339, 1316, -1,
1316, 1339, 1340, -1,
1316, 1340, 1293, -1,
1293, 1340, 1317, -1,
1317, 1341, 1318, -1,
1318, 1341, 1342, -1,
1318, 1342, 1319, -1,
1319, 1342, 1343, -1,
1319, 1343, 1320, -1,
1320, 1343, 1344, -1,
1320, 1344, 1321, -1,
1321, 1344, 1345, -1,
1321, 1345, 1322, -1,
1322, 1345, 1346, -1,
1322, 1346, 1323, -1,
1323, 1346, 1347, -1,
1323, 1347, 1324, -1,
1324, 1347, 1348, -1,
1324, 1348, 1325, -1,
1325, 1348, 1349, -1,
1325, 1349, 1326, -1,
1326, 1349, 1350, -1,
1326, 1350, 1327, -1,
1327, 1350, 1351, -1,
1327, 1351, 1328, -1,
1328, 1351, 1352, -1,
1328, 1352, 1329, -1,
1329, 1352, 1353, -1,
1329, 1353, 1330, -1,
1330, 1353, 1354, -1,
1330, 1354, 1331, -1,
1331, 1354, 1355, -1,
1331, 1355, 1332, -1,
1332, 1355, 1356, -1,
1332, 1356, 1333, -1,
1333, 1356, 1357, -1,
1333, 1357, 1334, -1,
1334, 1357, 1358, -1,
1334, 1358, 1335, -1,
1335, 1358, 1359, -1,
1335, 1359, 1336, -1,
1336, 1359, 1360, -1,
1336, 1360, 1337, -1,
1337, 1360, 1361, -1,
1337, 1361, 1338, -1,
1338, 1361, 1362, -1,
1338, 1362, 1339, -1,
1339, 1362, 1363, -1,
1339, 1363, 1340, -1,
1340, 1363, 1364, -1,
1340, 1364, 1317, -1,
1317, 1364, 1341, -1,
1341, 1365, 1342, -1,
1342, 1365, 1366, -1,
1342, 1366, 1343, -1,
1343, 1366, 1367, -1,
1343, 1367, 1344, -1,
1344, 1367, 1368, -1,
1344, 1368, 1345, -1,
1345, 1368, 1369, -1,
1345, 1369, 1346, -1,
1346, 1369, 1370, -1,
1346, 1370, 1347, -1,
1347, 1370, 1371, -1,
1347, 1371, 1348, -1,
1348, 1371, 1372, -1,
1348, 1372, 1349, -1,
1349, 1372, 1373, -1,
1349, 1373, 1350, -1,
1350, 1373, 1374, -1,
1350, 1374, 1351, -1,
1351, 1374, 1375, -1,
1351, 1375, 1352, -1,
1352, 1375, 1376, -1,
1352, 1376, 1353, -1,
1353, 1376, 1377, -1,
1353, 1377, 1354, -1,
1354, 1377, 1378, -1,
1354, 1378, 1355, -1,
1355, 1378, 1379, -1,
1355, 1379, 1356, -1,
1356, 1379, 1380, -1,
1356, 1380, 1357, -1,
1357, 1380, 1381, -1,
1357, 1381, 1358, -1,
1358, 1381, 1382, -1,
1358, 1382, 1359, -1,
1359, 1382, 1383, -1,
1359, 1383, 1360, -1,
1360, 1383, 1384, -1,
1360, 1384, 1361, -1,
1361, 1384, 1385, -1,
1361, 1385, 1362, -1,
1362, 1385, 1386, -1,
1362, 1386, 1363, -1,
1363, 1386, 1387, -1,
1363, 1387, 1364, -1,
1364, 1387, 1388, -1,
1364, 1388, 1341, -1,
1341, 1388, 1365, -1,
1365, 1389, 1366, -1,
1366, 1389, 1390, -1,
1366, 1390, 1367, -1,
1367, 1390, 1391, -1,
1367, 1391, 1368, -1,
1368, 1391, 1392, -1,
1368, 1392, 1369, -1,
1369, 1392, 1393, -1,
1369, 1393, 1370, -1,
1370, 1393, 1394, -1,
1370, 1394, 1371, -1,
1371, 1394, 1395, -1,
1371, 1395, 1372, -1,
1372, 1395, 1396, -1,
1372, 1396, 1373, -1,
1373, 1396, 1397, -1,
1373, 1397, 1374, -1,
1374, 1397, 1398, -1,
1374, 1398, 1375, -1,
1375, 1398, 1399, -1,
1375, 1399, 1376, -1,
1376, 1399, 1400, -1,
1376, 1400, 1377, -1,
1377, 1400, 1401, -1,
1377, 1401, 1378, -1,
1378, 1401, 1402, -1,
1378, 1402, 1379, -1,
1379, 1402, 1403, -1,
1379, 1403, 1380, -1,
1380, 1403, 1404, -1,
1380, 1404, 1381, -1,
1381, 1404, 1405, -1,
1381, 1405, 1382, -1,
1382, 1405, 1406, -1,
1382, 1406, 1383, -1,
1383, 1406, 1407, -1,
1383, 1407, 1384, -1,
1384, 1407, 1408, -1,
1384, 1408, 1385, -1,
1385, 1408, 1409, -1,
1385, 1409, 1386, -1,
1386, 1409, 1410, -1,
1386, 1410, 1387, -1,
1387, 1410, 1411, -1,
1387, 1411, 1388, -1,
1388, 1411, 1412, -1,
1388, 1412, 1365, -1,
1365, 1412, 1389, -1,
1389, 1413, 1390, -1,
1390, 1413, 1414, -1,
1390, 1414, 1391, -1,
1391, 1414, 1415, -1,
1391, 1415, 1392, -1,
1392, 1415, 1416, -1,
1392, 1416, 1393, -1,
1393, 1416, 1417, -1,
1393, 1417, 1394, -1,
1394, 1417, 1418, -1,
1394, 1418, 1395, -1,
1395, 1418, 1419, -1,
1395, 1419, 1396, -1,
1396, 1419, 1420, -1,
1396, 1420, 1397, -1,
1397, 1420, 1421, -1,
1397, 1421, 1398, -1,
1398, 1421, 1422, -1,
1398, 1422, 1399, -1,
1399, 1422, 1423, -1,
1399, 1423, 1400, -1,
1400, 1423, 1424, -1,
1400, 1424, 1401, -1,
1401, 1424, 1425, -1,
1401, 1425, 1402, -1,
1402, 1425, 1426, -1,
1402, 1426, 1403, -1,
1403, 1426, 1427, -1,
1403, 1427, 1404, -1,
1404, 1427, 1428, -1,
1404, 1428, 1405, -1,
1405, 1428, 1429, -1,
1405, 1429, 1406, -1,
1406, 1429, 1430, -1,
1406, 1430, 1407, -1,
1407, 1430, 1431, -1,
1407, 1431, 1408, -1,
1408, 1431, 1432, -1,
1408, 1432, 1409, -1,
1409, 1432, 1433, -1,
1409, 1433, 1410, -1,
1410, 1433, 1434, -1,
1410, 1434, 1411, -1,
1411, 1434, 1435, -1,
1411, 1435, 1412, -1,
1412, 1435, 1436, -1,
1412, 1436, 1389, -1,
1389, 1436, 1413, -1,
1413, 1095, 1414, -1,
1414, 1095, 1096, -1,
1414, 1096, 1415, -1,
1415, 1096, 1097, -1,
1415, 1097, 1416, -1,
1416, 1097, 1098, -1,
1416, 1098, 1417, -1,
1417, 1098, 1099, -1,
1417, 1099, 1418, -1,
1418, 1099, 1100, -1,
1418, 1100, 1419, -1,
1419, 1100, 1077, -1,
1419, 1077, 1420, -1,
1420, 1077, 1078, -1,
1420, 1078, 1421, -1,
1421, 1078, 1079, -1,
1421, 1079, 1422, -1,
1422, 1079, 1080, -1,
1422, 1080, 1423, -1,
1423, 1080, 1081, -1,
1423, 1081, 1424, -1,
1424, 1081, 1082, -1,
1424, 1082, 1425, -1,
1425, 1082, 1083, -1,
1425, 1083, 1426, -1,
1426, 1083, 1084, -1,
1426, 1084, 1427, -1,
1427, 1084, 1085, -1,
1427, 1085, 1428, -1,
1428, 1085, 1086, -1,
1428, 1086, 1429, -1,
1429, 1086, 1087, -1,
1429, 1087, 1430, -1,
1430, 1087, 1088, -1,
1430, 1088, 1431, -1,
1431, 1088, 1089, -1,
1431, 1089, 1432, -1,
1432, 1089, 1090, -1,
1432, 1090, 1433, -1,
1433, 1090, 1091, -1,
1433, 1091, 1434, -1,
1434, 1091, 1092, -1,
1434, 1092, 1435, -1,
1435, 1092, 1093, -1,
1435, 1093, 1436, -1,
1436, 1093, 1094, -1,
1436, 1094, 1413, -1,
1413, 1094, 1095, -1,
564, 1103, 559, -1,
559, 1103, 1105, -1,
559, 1105, 560, -1,
560, 1105, 1107, -1,
560, 1107, 561, -1,
561, 1107, 1109, -1,
561, 1109, 556, -1,
556, 1109, 1111, -1,
556, 1111, 557, -1,
557, 1111, 1113, -1,
557, 1113, 558, -1,
558, 1113, 1115, -1,
558, 1115, 553, -1,
553, 1115, 1117, -1,
553, 1117, 554, -1,
554, 1117, 1119, -1,
554, 1119, 555, -1,
555, 1119, 1121, -1,
555, 1121, 548, -1,
548, 1121, 1123, -1,
548, 1123, 549, -1,
549, 1123, 1125, -1,
549, 1125, 551, -1,
551, 1125, 1127, -1,
551, 1127, 552, -1,
552, 1127, 1129, -1,
552, 1129, 571, -1,
571, 1129, 1131, -1,
571, 1131, 572, -1,
572, 1131, 1133, -1,
572, 1133, 568, -1,
568, 1133, 1135, -1,
568, 1135, 569, -1,
569, 1135, 1137, -1,
569, 1137, 570, -1,
570, 1137, 1139, -1,
570, 1139, 565, -1,
565, 1139, 1141, -1,
565, 1141, 566, -1,
566, 1141, 1143, -1,
566, 1143, 567, -1,
567, 1143, 1145, -1,
567, 1145, 562, -1,
562, 1145, 1147, -1,
562, 1147, 563, -1,
563, 1147, 1101, -1,
563, 1101, 564, -1,
564, 1101, 1103, -1,
1437, 1438, 1439, -1,
1439, 1438, 1440, -1,
1439, 1440, 1441, -1,
1442, 1443, 1444, -1,
1444, 1443, 1445, -1,
1444, 1445, 1446, -1,
1446, 1445, 1447, -1,
1446, 1447, 1448, -1,
1448, 1447, 1449, -1,
1448, 1449, 1450, -1,
1450, 1449, 1451, -1,
1452, 1453, 1454, -1,
1454, 1453, 1455, -1,
1454, 1455, 1456, -1,
1456, 1455, 1457, -1,
1456, 1457, 1458, -1,
1458, 1457, 1459, -1,
1458, 1459, 1460, -1,
1460, 1459, 1461, -1,
1460, 1461, 1462, -1,
1462, 1461, 1463, -1,
1462, 1463, 1464, -1,
1464, 1463, 1465, -1,
1464, 1465, 1451, -1,
1451, 1465, 1466, -1,
1451, 1466, 1450, -1,
1454, 1467, 1452, -1,
1452, 1467, 1468, -1,
1452, 1468, 1469, -1,
1469, 1468, 1470, -1,
1469, 1470, 1471, -1,
1470, 1472, 1471, -1,
1471, 1472, 1473, -1,
1471, 1473, 1474, -1,
1473, 1475, 1474, -1,
1474, 1475, 1476, -1,
1474, 1476, 1477, -1,
1476, 1478, 1477, -1,
1477, 1478, 1479, -1,
1477, 1479, 1480, -1,
1479, 1481, 1480, -1,
1480, 1481, 1482, -1,
1480, 1482, 1483, -1,
1482, 1484, 1483, -1,
1483, 1484, 1485, -1,
1483, 1485, 1486, -1,
1485, 1487, 1486, -1,
1486, 1487, 1488, -1,
1486, 1488, 1489, -1,
1488, 1490, 1489, -1,
1489, 1490, 1491, -1,
1489, 1491, 1492, -1,
1491, 1493, 1492, -1,
1492, 1493, 1494, -1,
1492, 1494, 1495, -1,
1494, 1496, 1495, -1,
1495, 1496, 1497, -1,
1495, 1497, 1498, -1,
1497, 1499, 1498, -1,
1498, 1499, 1500, -1,
1498, 1500, 1437, -1,
1437, 1500, 1501, -1,
1437, 1501, 1438, -1,
1444, 1441, 1442, -1,
1442, 1441, 1440, -1,
1442, 1440, 1502, -1,
1440, 1503, 1502, -1,
1502, 1503, 1504, -1,
1502, 1504, 1505, -1,
1504, 1506, 1505, -1,
1505, 1506, 1507, -1,
1505, 1507, 1508, -1,
1507, 1509, 1508, -1,
1508, 1509, 1510, -1,
1508, 1510, 1511, -1,
1510, 1512, 1511, -1,
1511, 1512, 1513, -1,
1511, 1513, 1514, -1,
1513, 1515, 1514, -1,
1514, 1515, 1516, -1,
1514, 1516, 1517, -1,
1516, 1518, 1517, -1,
1517, 1518, 1519, -1,
1517, 1519, 1520, -1,
1519, 1521, 1520, -1,
1520, 1521, 1522, -1,
1520, 1522, 1523, -1,
1522, 1524, 1523, -1,
1523, 1524, 1525, -1,
1523, 1525, 1526, -1,
1525, 1527, 1526, -1,
1526, 1527, 1528, -1,
1526, 1528, 1529, -1,
1528, 1530, 1529, -1,
1529, 1530, 1531, -1,
1529, 1531, 1532, -1,
1531, 1533, 1532, -1,
1532, 1533, 1534, -1,
1532, 1534, 1467, -1,
1467, 1534, 1535, -1,
1467, 1535, 1468, -1,
1536, 1515, 1513, -1,
1536, 1513, 1537, -1,
1538, 1539, 1540, -1,
1513, 1512, 1537, -1,
1537, 1512, 1510, -1,
1537, 1510, 1541, -1,
1542, 1543, 1540, -1,
1540, 1543, 1544, -1,
1540, 1544, 1538, -1,
1510, 1509, 1541, -1,
1541, 1509, 1507, -1,
1541, 1507, 1545, -1,
1546, 1547, 1542, -1,
1542, 1547, 1548, -1,
1542, 1548, 1543, -1,
1507, 1506, 1545, -1,
1545, 1506, 1504, -1,
1545, 1504, 1549, -1,
1550, 1551, 1546, -1,
1546, 1551, 1552, -1,
1546, 1552, 1547, -1,
1504, 1503, 1549, -1,
1549, 1503, 1440, -1,
1549, 1440, 1553, -1,
1554, 1555, 1550, -1,
1550, 1555, 1556, -1,
1550, 1556, 1551, -1,
1440, 1438, 1553, -1,
1553, 1438, 1501, -1,
1553, 1501, 1557, -1,
1558, 1559, 1554, -1,
1554, 1559, 1560, -1,
1554, 1560, 1555, -1,
1501, 1500, 1557, -1,
1557, 1500, 1499, -1,
1557, 1499, 1561, -1,
1562, 1563, 1558, -1,
1558, 1563, 1564, -1,
1558, 1564, 1559, -1,
1499, 1497, 1561, -1,
1561, 1497, 1496, -1,
1561, 1496, 1565, -1,
1566, 1567, 1562, -1,
1562, 1567, 1568, -1,
1562, 1568, 1563, -1,
1496, 1494, 1565, -1,
1565, 1494, 1493, -1,
1565, 1493, 1569, -1,
1570, 1571, 1566, -1,
1566, 1571, 1572, -1,
1566, 1572, 1567, -1,
1493, 1491, 1569, -1,
1569, 1491, 1490, -1,
1569, 1490, 1573, -1,
1574, 1575, 1570, -1,
1570, 1575, 1576, -1,
1570, 1576, 1571, -1,
1490, 1488, 1573, -1,
1573, 1488, 1487, -1,
1573, 1487, 1577, -1,
1578, 1579, 1574, -1,
1574, 1579, 1580, -1,
1574, 1580, 1575, -1,
1487, 1485, 1577, -1,
1577, 1485, 1484, -1,
1577, 1484, 1581, -1,
1582, 1583, 1578, -1,
1578, 1583, 1584, -1,
1578, 1584, 1579, -1,
1484, 1482, 1581, -1,
1581, 1482, 1481, -1,
1581, 1481, 1585, -1,
1586, 1587, 1582, -1,
1582, 1587, 1588, -1,
1582, 1588, 1583, -1,
1481, 1479, 1585, -1,
1585, 1479, 1478, -1,
1585, 1478, 1589, -1,
1590, 1591, 1586, -1,
1586, 1591, 1592, -1,
1586, 1592, 1587, -1,
1478, 1476, 1589, -1,
1589, 1476, 1475, -1,
1589, 1475, 1593, -1,
1594, 1595, 1596, -1,
1596, 1595, 1597, -1,
1596, 1597, 1590, -1,
1590, 1597, 1598, -1,
1590, 1598, 1591, -1,
1475, 1473, 1593, -1,
1593, 1473, 1472, -1,
1593, 1472, 1599, -1,
1472, 1470, 1599, -1,
1599, 1470, 1468, -1,
1599, 1468, 1600, -1,
1601, 1602, 1603, -1,
1603, 1602, 1604, -1,
1603, 1604, 1596, -1,
1596, 1604, 1605, -1,
1596, 1605, 1594, -1,
1468, 1535, 1600, -1,
1600, 1535, 1534, -1,
1600, 1534, 1606, -1,
1607, 1608, 1601, -1,
1601, 1608, 1609, -1,
1601, 1609, 1602, -1,
1534, 1533, 1606, -1,
1606, 1533, 1531, -1,
1606, 1531, 1610, -1,
1611, 1612, 1607, -1,
1607, 1612, 1613, -1,
1607, 1613, 1608, -1,
1531, 1530, 1610, -1,
1610, 1530, 1528, -1,
1610, 1528, 1614, -1,
1615, 1616, 1611, -1,
1611, 1616, 1617, -1,
1611, 1617, 1612, -1,
1528, 1527, 1614, -1,
1614, 1527, 1525, -1,
1614, 1525, 1618, -1,
1619, 1620, 1615, -1,
1615, 1620, 1621, -1,
1615, 1621, 1616, -1,
1525, 1524, 1618, -1,
1618, 1524, 1522, -1,
1618, 1522, 1622, -1,
1623, 1624, 1625, -1,
1625, 1624, 1626, -1,
1625, 1626, 1619, -1,
1619, 1626, 1627, -1,
1619, 1627, 1620, -1,
1628, 1536, 1539, -1,
1539, 1536, 1537, -1,
1539, 1537, 1540, -1,
1540, 1537, 1541, -1,
1540, 1541, 1542, -1,
1542, 1541, 1545, -1,
1542, 1545, 1546, -1,
1546, 1545, 1549, -1,
1546, 1549, 1550, -1,
1550, 1549, 1553, -1,
1550, 1553, 1554, -1,
1554, 1553, 1557, -1,
1554, 1557, 1558, -1,
1558, 1557, 1561, -1,
1558, 1561, 1562, -1,
1562, 1561, 1565, -1,
1562, 1565, 1566, -1,
1566, 1565, 1569, -1,
1566, 1569, 1570, -1,
1570, 1569, 1573, -1,
1570, 1573, 1574, -1,
1574, 1573, 1577, -1,
1574, 1577, 1578, -1,
1578, 1577, 1581, -1,
1578, 1581, 1582, -1,
1582, 1581, 1585, -1,
1582, 1585, 1586, -1,
1586, 1585, 1589, -1,
1586, 1589, 1590, -1,
1590, 1589, 1593, -1,
1590, 1593, 1596, -1,
1596, 1593, 1599, -1,
1596, 1599, 1603, -1,
1603, 1599, 1600, -1,
1603, 1600, 1601, -1,
1601, 1600, 1606, -1,
1601, 1606, 1607, -1,
1607, 1606, 1610, -1,
1607, 1610, 1611, -1,
1611, 1610, 1614, -1,
1611, 1614, 1615, -1,
1615, 1614, 1618, -1,
1615, 1618, 1619, -1,
1619, 1618, 1622, -1,
1619, 1622, 1625, -1,
1625, 1622, 1629, -1,
1538, 1630, 1539, -1,
1539, 1630, 1631, -1,
1539, 1631, 1628, -1,
1628, 1631, 1632, -1,
1628, 1632, 1623, -1,
1522, 1521, 1622, -1,
1622, 1521, 1519, -1,
1622, 1519, 1629, -1,
1629, 1519, 1518, -1,
1629, 1518, 1516, -1,
1623, 1625, 1628, -1,
1628, 1625, 1629, -1,
1628, 1629, 1536, -1,
1536, 1629, 1516, -1,
1536, 1516, 1515, -1,
1580, 1633, 1575, -1,
1575, 1633, 1634, -1,
1575, 1634, 1576, -1,
1576, 1634, 1635, -1,
1576, 1635, 1571, -1,
1571, 1635, 1636, -1,
1571, 1636, 1572, -1,
1572, 1636, 1637, -1,
1572, 1637, 1567, -1,
1567, 1637, 1638, -1,
1567, 1638, 1568, -1,
1568, 1638, 1639, -1,
1568, 1639, 1563, -1,
1563, 1639, 1640, -1,
1563, 1640, 1564, -1,
1564, 1640, 1641, -1,
1564, 1641, 1559, -1,
1559, 1641, 1642, -1,
1559, 1642, 1560, -1,
1560, 1642, 1643, -1,
1560, 1643, 1555, -1,
1555, 1643, 1644, -1,
1555, 1644, 1556, -1,
1556, 1644, 1645, -1,
1556, 1645, 1551, -1,
1551, 1645, 1646, -1,
1551, 1646, 1552, -1,
1552, 1646, 1647, -1,
1552, 1647, 1547, -1,
1547, 1647, 1648, -1,
1547, 1648, 1548, -1,
1548, 1648, 1649, -1,
1548, 1649, 1543, -1,
1543, 1649, 1650, -1,
1543, 1650, 1544, -1,
1544, 1650, 1651, -1,
1544, 1651, 1538, -1,
1538, 1651, 1652, -1,
1538, 1652, 1630, -1,
1630, 1652, 1653, -1,
1630, 1653, 1631, -1,
1631, 1653, 1654, -1,
1631, 1654, 1632, -1,
1632, 1654, 1655, -1,
1632, 1655, 1623, -1,
1623, 1655, 1656, -1,
1623, 1656, 1624, -1,
1624, 1656, 1657, -1,
1624, 1657, 1626, -1,
1626, 1657, 1658, -1,
1626, 1658, 1627, -1,
1627, 1658, 1659, -1,
1627, 1659, 1620, -1,
1620, 1659, 1660, -1,
1620, 1660, 1621, -1,
1621, 1660, 1661, -1,
1621, 1661, 1616, -1,
1616, 1661, 1662, -1,
1616, 1662, 1617, -1,
1617, 1662, 1663, -1,
1617, 1663, 1612, -1,
1612, 1663, 1664, -1,
1612, 1664, 1613, -1,
1613, 1664, 1665, -1,
1613, 1665, 1608, -1,
1608, 1665, 1666, -1,
1608, 1666, 1609, -1,
1609, 1666, 1667, -1,
1609, 1667, 1602, -1,
1602, 1667, 1668, -1,
1602, 1668, 1604, -1,
1604, 1668, 1669, -1,
1604, 1669, 1605, -1,
1605, 1669, 1670, -1,
1605, 1670, 1594, -1,
1594, 1670, 1671, -1,
1594, 1671, 1595, -1,
1595, 1671, 1672, -1,
1595, 1672, 1597, -1,
1597, 1672, 1673, -1,
1597, 1673, 1598, -1,
1598, 1673, 1674, -1,
1598, 1674, 1591, -1,
1591, 1674, 1675, -1,
1591, 1675, 1592, -1,
1592, 1675, 1676, -1,
1592, 1676, 1587, -1,
1587, 1676, 1677, -1,
1587, 1677, 1588, -1,
1588, 1677, 1678, -1,
1588, 1678, 1583, -1,
1583, 1678, 1679, -1,
1583, 1679, 1584, -1,
1584, 1679, 1680, -1,
1584, 1680, 1579, -1,
1579, 1680, 1681, -1,
1579, 1681, 1580, -1,
1580, 1681, 1633, -1,
1682, 1680, 1679, -1,
1682, 1679, 1683, -1,
580, 584, 1684, -1,
1684, 584, 1685, -1,
1679, 1678, 1683, -1,
1683, 1678, 1677, -1,
1683, 1677, 1686, -1,
580, 1684, 581, -1,
581, 1684, 1687, -1,
581, 1687, 577, -1,
1677, 1676, 1686, -1,
1686, 1676, 1675, -1,
1686, 1675, 1688, -1,
577, 1687, 578, -1,
578, 1687, 1689, -1,
578, 1689, 573, -1,
1672, 1690, 1673, -1,
1673, 1690, 1688, -1,
1673, 1688, 1674, -1,
1674, 1688, 1675, -1,
1672, 1671, 1690, -1,
1690, 1671, 1670, -1,
1690, 1670, 1691, -1,
1692, 644, 1693, -1,
1693, 644, 643, -1,
1693, 643, 1689, -1,
1689, 643, 642, -1,
1689, 642, 573, -1,
1670, 1669, 1691, -1,
1691, 1669, 1668, -1,
1691, 1668, 1694, -1,
1695, 641, 1692, -1,
1692, 641, 640, -1,
1692, 640, 644, -1,
1668, 1667, 1694, -1,
1694, 1667, 1666, -1,
1694, 1666, 1696, -1,
1697, 638, 1695, -1,
1695, 638, 637, -1,
1695, 637, 641, -1,
1666, 1665, 1696, -1,
1696, 1665, 1664, -1,
1696, 1664, 1698, -1,
1699, 635, 1697, -1,
1697, 635, 634, -1,
1697, 634, 638, -1,
1664, 1663, 1698, -1,
1698, 1663, 1662, -1,
1698, 1662, 1700, -1,
1701, 632, 1699, -1,
1699, 632, 631, -1,
1699, 631, 635, -1,
1662, 1661, 1700, -1,
1700, 1661, 1660, -1,
1700, 1660, 1702, -1,
1703, 629, 1701, -1,
1701, 629, 628, -1,
1701, 628, 632, -1,
1660, 1659, 1702, -1,
1702, 1659, 1658, -1,
1702, 1658, 1704, -1,
1705, 626, 1703, -1,
1703, 626, 625, -1,
1703, 625, 629, -1,
1658, 1657, 1704, -1,
1704, 1657, 1656, -1,
1704, 1656, 1706, -1,
1707, 623, 1705, -1,
1705, 623, 622, -1,
1705, 622, 626, -1,
1656, 1655, 1706, -1,
1706, 1655, 1654, -1,
1706, 1654, 1708, -1,
1709, 620, 1707, -1,
1707, 620, 619, -1,
1707, 619, 623, -1,
1654, 1653, 1708, -1,
1708, 1653, 1652, -1,
1708, 1652, 1710, -1,
1711, 617, 1709, -1,
1709, 617, 616, -1,
1709, 616, 620, -1,
1652, 1651, 1710, -1,
1710, 1651, 1650, -1,
1710, 1650, 1712, -1,
1713, 614, 1711, -1,
1711, 614, 613, -1,
1711, 613, 617, -1,
1650, 1649, 1712, -1,
1712, 1649, 1648, -1,
1712, 1648, 1714, -1,
1715, 611, 1713, -1,
1713, 611, 610, -1,
1713, 610, 614, -1,
1648, 1647, 1714, -1,
1714, 1647, 1646, -1,
1714, 1646, 1716, -1,
1717, 608, 1715, -1,
1715, 608, 607, -1,
1715, 607, 611, -1,
1646, 1645, 1716, -1,
1716, 1645, 1644, -1,
1716, 1644, 1718, -1,
1719, 605, 1717, -1,
1717, 605, 604, -1,
1717, 604, 608, -1,
1644, 1643, 1718, -1,
1718, 1643, 1642, -1,
1718, 1642, 1720, -1,
1721, 602, 1719, -1,
1719, 602, 601, -1,
1719, 601, 605, -1,
1642, 1641, 1720, -1,
1720, 1641, 1640, -1,
1720, 1640, 1722, -1,
1723, 599, 1721, -1,
1721, 599, 598, -1,
1721, 598, 602, -1,
1640, 1639, 1722, -1,
1722, 1639, 1638, -1,
1722, 1638, 1724, -1,
1725, 596, 1723, -1,
1723, 596, 595, -1,
1723, 595, 599, -1,
1638, 1637, 1724, -1,
1724, 1637, 1636, -1,
1724, 1636, 1726, -1,
590, 589, 1727, -1,
1727, 589, 593, -1,
1727, 593, 1725, -1,
1725, 593, 592, -1,
1725, 592, 596, -1,
1728, 1682, 1685, -1,
1685, 1682, 1683, -1,
1685, 1683, 1684, -1,
1684, 1683, 1686, -1,
1684, 1686, 1687, -1,
1687, 1686, 1688, -1,
1687, 1688, 1689, -1,
1689, 1688, 1690, -1,
1689, 1690, 1693, -1,
1693, 1690, 1691, -1,
1693, 1691, 1692, -1,
1692, 1691, 1694, -1,
1692, 1694, 1695, -1,
1695, 1694, 1696, -1,
1695, 1696, 1697, -1,
1697, 1696, 1698, -1,
1697, 1698, 1699, -1,
1699, 1698, 1700, -1,
1699, 1700, 1701, -1,
1701, 1700, 1702, -1,
1701, 1702, 1703, -1,
1703, 1702, 1704, -1,
1703, 1704, 1705, -1,
1705, 1704, 1706, -1,
1705, 1706, 1707, -1,
1707, 1706, 1708, -1,
1707, 1708, 1709, -1,
1709, 1708, 1710, -1,
1709, 1710, 1711, -1,
1711, 1710, 1712, -1,
1711, 1712, 1713, -1,
1713, 1712, 1714, -1,
1713, 1714, 1715, -1,
1715, 1714, 1716, -1,
1715, 1716, 1717, -1,
1717, 1716, 1718, -1,
1717, 1718, 1719, -1,
1719, 1718, 1720, -1,
1719, 1720, 1721, -1,
1721, 1720, 1722, -1,
1721, 1722, 1723, -1,
1723, 1722, 1724, -1,
1723, 1724, 1725, -1,
1725, 1724, 1726, -1,
1725, 1726, 1727, -1,
1727, 1726, 1729, -1,
584, 583, 1685, -1,
1685, 583, 587, -1,
1685, 587, 1728, -1,
1728, 587, 586, -1,
1728, 586, 590, -1,
1636, 1635, 1726, -1,
1726, 1635, 1634, -1,
1726, 1634, 1729, -1,
1729, 1634, 1633, -1,
1729, 1633, 1681, -1,
590, 1727, 1728, -1,
1728, 1727, 1729, -1,
1728, 1729, 1682, -1,
1682, 1729, 1681, -1,
1682, 1681, 1680, -1,
1730, 1731, 1732, -1,
1732, 1731, 1733, -1,
1732, 1733, 1734, -1,
1735, 1736, 1732, -1,
1732, 1736, 1737, -1,
1732, 1737, 1730, -1,
1738, 1739, 1732, -1,
1732, 1739, 1740, -1,
1732, 1740, 1735, -1,
1741, 1742, 1732, -1,
1732, 1742, 1743, -1,
1732, 1743, 1738, -1,
1744, 1745, 1732, -1,
1732, 1745, 1746, -1,
1732, 1746, 1741, -1,
1747, 1748, 1732, -1,
1732, 1748, 1749, -1,
1732, 1749, 1744, -1,
1750, 1751, 1732, -1,
1732, 1751, 1752, -1,
1732, 1752, 1747, -1,
1734, 1753, 1732, -1,
1732, 1753, 1754, -1,
1732, 1754, 1750, -1,
1755, 1756, 1757, -1,
1758, 1759, 1757, -1,
1757, 1759, 1760, -1,
1757, 1760, 1755, -1,
1761, 1762, 1758, -1,
1758, 1762, 1763, -1,
1758, 1763, 1759, -1,
1764, 1765, 1761, -1,
1761, 1765, 1766, -1,
1761, 1766, 1762, -1,
1767, 1768, 1764, -1,
1764, 1768, 1769, -1,
1764, 1769, 1765, -1,
1770, 1771, 1767, -1,
1767, 1771, 1772, -1,
1767, 1772, 1768, -1,
1773, 1774, 1770, -1,
1770, 1774, 1775, -1,
1770, 1775, 1771, -1,
1776, 1777, 1773, -1,
1773, 1777, 1778, -1,
1773, 1778, 1774, -1,
1779, 1780, 1776, -1,
1776, 1780, 1781, -1,
1776, 1781, 1777, -1,
1782, 1783, 1779, -1,
1779, 1783, 1784, -1,
1779, 1784, 1780, -1,
1785, 1786, 1782, -1,
1782, 1786, 1787, -1,
1782, 1787, 1783, -1,
1788, 1789, 1785, -1,
1785, 1789, 1790, -1,
1785, 1790, 1786, -1,
1791, 1792, 1788, -1,
1788, 1792, 1793, -1,
1788, 1793, 1789, -1,
1794, 1795, 1791, -1,
1791, 1795, 1796, -1,
1791, 1796, 1792, -1,
1797, 1798, 1794, -1,
1794, 1798, 1799, -1,
1794, 1799, 1795, -1,
1800, 1801, 1797, -1,
1797, 1801, 1802, -1,
1797, 1802, 1798, -1,
1803, 1804, 1800, -1,
1800, 1804, 1805, -1,
1800, 1805, 1801, -1,
1806, 1807, 1803, -1,
1803, 1807, 1808, -1,
1803, 1808, 1804, -1,
1809, 1810, 1806, -1,
1806, 1810, 1811, -1,
1806, 1811, 1807, -1,
1812, 1813, 1809, -1,
1809, 1813, 1814, -1,
1809, 1814, 1810, -1,
1815, 1816, 1812, -1,
1812, 1816, 1817, -1,
1812, 1817, 1813, -1,
1818, 1819, 1815, -1,
1815, 1819, 1820, -1,
1815, 1820, 1816, -1,
1821, 1822, 1818, -1,
1818, 1822, 1823, -1,
1818, 1823, 1819, -1,
1755, 1824, 1756, -1,
1756, 1824, 1825, -1,
1756, 1825, 1821, -1,
1821, 1825, 1826, -1,
1821, 1826, 1822, -1,
1827, 1828, 1829, -1,
1829, 1828, 1830, -1,
1829, 1830, 1831, -1,
1831, 1830, 1832, -1,
1831, 1832, 1833, -1,
1833, 1832, 1834, -1,
1833, 1834, 1835, -1,
1835, 1834, 1836, -1,
1835, 1836, 1837, -1,
1837, 1836, 1838, -1,
1837, 1838, 1839, -1,
1839, 1838, 1840, -1,
1839, 1840, 1841, -1,
1841, 1840, 1842, -1,
1841, 1842, 1843, -1,
1843, 1842, 1844, -1,
1843, 1844, 1845, -1,
1845, 1844, 1846, -1,
1845, 1846, 1847, -1,
1847, 1846, 1848, -1,
1847, 1848, 1849, -1,
1849, 1848, 1850, -1,
1849, 1850, 1851, -1,
1851, 1850, 1852, -1,
1851, 1852, 1853, -1,
1853, 1852, 1854, -1,
1853, 1854, 1855, -1,
1855, 1854, 1856, -1,
1855, 1856, 1857, -1,
1857, 1856, 1858, -1,
1857, 1858, 1859, -1,
1859, 1858, 1860, -1,
1859, 1860, 1861, -1,
1861, 1860, 1862, -1,
1861, 1862, 1863, -1,
1863, 1862, 1864, -1,
1863, 1864, 1865, -1,
1865, 1864, 1866, -1,
1865, 1866, 1867, -1,
1867, 1866, 1868, -1,
1867, 1868, 1869, -1,
1869, 1868, 1870, -1,
1869, 1870, 1871, -1,
1871, 1870, 1872, -1,
1871, 1872, 1873, -1,
1873, 1872, 1874, -1,
1873, 1874, 1827, -1,
1827, 1874, 1828, -1,
1828, 1875, 1830, -1,
1830, 1875, 1876, -1,
1830, 1876, 1832, -1,
1832, 1876, 1877, -1,
1832, 1877, 1834, -1,
1834, 1877, 1878, -1,
1834, 1878, 1836, -1,
1836, 1878, 1879, -1,
1836, 1879, 1838, -1,
1838, 1879, 1880, -1,
1838, 1880, 1840, -1,
1840, 1880, 1881, -1,
1840, 1881, 1842, -1,
1842, 1881, 1882, -1,
1842, 1882, 1844, -1,
1844, 1882, 1883, -1,
1844, 1883, 1846, -1,
1846, 1883, 1884, -1,
1846, 1884, 1848, -1,
1848, 1884, 1885, -1,
1848, 1885, 1850, -1,
1850, 1885, 1886, -1,
1850, 1886, 1852, -1,
1852, 1886, 1887, -1,
1852, 1887, 1854, -1,
1854, 1887, 1888, -1,
1854, 1888, 1856, -1,
1856, 1888, 1889, -1,
1856, 1889, 1858, -1,
1858, 1889, 1890, -1,
1858, 1890, 1860, -1,
1860, 1890, 1891, -1,
1860, 1891, 1862, -1,
1862, 1891, 1892, -1,
1862, 1892, 1864, -1,
1864, 1892, 1893, -1,
1864, 1893, 1866, -1,
1866, 1893, 1894, -1,
1866, 1894, 1868, -1,
1868, 1894, 1895, -1,
1868, 1895, 1870, -1,
1870, 1895, 1896, -1,
1870, 1896, 1872, -1,
1872, 1896, 1897, -1,
1872, 1897, 1874, -1,
1874, 1897, 1898, -1,
1874, 1898, 1828, -1,
1828, 1898, 1875, -1,
1875, 1899, 1876, -1,
1876, 1899, 1900, -1,
1876, 1900, 1877, -1,
1877, 1900, 1901, -1,
1877, 1901, 1878, -1,
1878, 1901, 1902, -1,
1878, 1902, 1879, -1,
1879, 1902, 1903, -1,
1879, 1903, 1880, -1,
1880, 1903, 1904, -1,
1880, 1904, 1881, -1,
1881, 1904, 1905, -1,
1881, 1905, 1882, -1,
1882, 1905, 1906, -1,
1882, 1906, 1883, -1,
1883, 1906, 1907, -1,
1883, 1907, 1884, -1,
1884, 1907, 1908, -1,
1884, 1908, 1885, -1,
1885, 1908, 1909, -1,
1885, 1909, 1886, -1,
1886, 1909, 1910, -1,
1886, 1910, 1887, -1,
1887, 1910, 1911, -1,
1887, 1911, 1888, -1,
1888, 1911, 1912, -1,
1888, 1912, 1889, -1,
1889, 1912, 1913, -1,
1889, 1913, 1890, -1,
1890, 1913, 1914, -1,
1890, 1914, 1891, -1,
1891, 1914, 1915, -1,
1891, 1915, 1892, -1,
1892, 1915, 1916, -1,
1892, 1916, 1893, -1,
1893, 1916, 1917, -1,
1893, 1917, 1894, -1,
1894, 1917, 1918, -1,
1894, 1918, 1895, -1,
1895, 1918, 1919, -1,
1895, 1919, 1896, -1,
1896, 1919, 1920, -1,
1896, 1920, 1897, -1,
1897, 1920, 1921, -1,
1897, 1921, 1898, -1,
1898, 1921, 1922, -1,
1898, 1922, 1875, -1,
1875, 1922, 1899, -1,
1899, 1923, 1900, -1,
1900, 1923, 1924, -1,
1900, 1924, 1901, -1,
1901, 1924, 1925, -1,
1901, 1925, 1902, -1,
1902, 1925, 1926, -1,
1902, 1926, 1903, -1,
1903, 1926, 1927, -1,
1903, 1927, 1904, -1,
1904, 1927, 1928, -1,
1904, 1928, 1905, -1,
1905, 1928, 1929, -1,
1905, 1929, 1906, -1,
1906, 1929, 1930, -1,
1906, 1930, 1907, -1,
1907, 1930, 1931, -1,
1907, 1931, 1908, -1,
1908, 1931, 1932, -1,
1908, 1932, 1909, -1,
1909, 1932, 1933, -1,
1909, 1933, 1910, -1,
1910, 1933, 1934, -1,
1910, 1934, 1911, -1,
1911, 1934, 1935, -1,
1911, 1935, 1912, -1,
1912, 1935, 1936, -1,
1912, 1936, 1913, -1,
1913, 1936, 1937, -1,
1913, 1937, 1914, -1,
1914, 1937, 1938, -1,
1914, 1938, 1915, -1,
1915, 1938, 1939, -1,
1915, 1939, 1916, -1,
1916, 1939, 1940, -1,
1916, 1940, 1917, -1,
1917, 1940, 1941, -1,
1917, 1941, 1918, -1,
1918, 1941, 1942, -1,
1918, 1942, 1919, -1,
1919, 1942, 1943, -1,
1919, 1943, 1920, -1,
1920, 1943, 1944, -1,
1920, 1944, 1921, -1,
1921, 1944, 1945, -1,
1921, 1945, 1922, -1,
1922, 1945, 1946, -1,
1922, 1946, 1899, -1,
1899, 1946, 1923, -1,
1923, 1947, 1924, -1,
1924, 1947, 1948, -1,
1924, 1948, 1925, -1,
1925, 1948, 1949, -1,
1925, 1949, 1926, -1,
1926, 1949, 1950, -1,
1926, 1950, 1927, -1,
1927, 1950, 1951, -1,
1927, 1951, 1928, -1,
1928, 1951, 1952, -1,
1928, 1952, 1929, -1,
1929, 1952, 1953, -1,
1929, 1953, 1930, -1,
1930, 1953, 1954, -1,
1930, 1954, 1931, -1,
1931, 1954, 1955, -1,
1931, 1955, 1932, -1,
1932, 1955, 1956, -1,
1932, 1956, 1933, -1,
1933, 1956, 1957, -1,
1933, 1957, 1934, -1,
1934, 1957, 1958, -1,
1934, 1958, 1935, -1,
1935, 1958, 1959, -1,
1935, 1959, 1936, -1,
1936, 1959, 1960, -1,
1936, 1960, 1937, -1,
1937, 1960, 1961, -1,
1937, 1961, 1938, -1,
1938, 1961, 1962, -1,
1938, 1962, 1939, -1,
1939, 1962, 1963, -1,
1939, 1963, 1940, -1,
1940, 1963, 1964, -1,
1940, 1964, 1941, -1,
1941, 1964, 1965, -1,
1941, 1965, 1942, -1,
1942, 1965, 1966, -1,
1942, 1966, 1943, -1,
1943, 1966, 1967, -1,
1943, 1967, 1944, -1,
1944, 1967, 1968, -1,
1944, 1968, 1945, -1,
1945, 1968, 1969, -1,
1945, 1969, 1946, -1,
1946, 1969, 1970, -1,
1946, 1970, 1923, -1,
1923, 1970, 1947, -1,
1947, 1770, 1948, -1,
1948, 1770, 1767, -1,
1948, 1767, 1949, -1,
1949, 1767, 1764, -1,
1949, 1764, 1950, -1,
1950, 1764, 1761, -1,
1950, 1761, 1951, -1,
1951, 1761, 1758, -1,
1951, 1758, 1952, -1,
1952, 1758, 1757, -1,
1952, 1757, 1953, -1,
1953, 1757, 1756, -1,
1953, 1756, 1954, -1,
1954, 1756, 1821, -1,
1954, 1821, 1955, -1,
1955, 1821, 1818, -1,
1955, 1818, 1956, -1,
1956, 1818, 1815, -1,
1956, 1815, 1957, -1,
1957, 1815, 1812, -1,
1957, 1812, 1958, -1,
1958, 1812, 1809, -1,
1958, 1809, 1959, -1,
1959, 1809, 1806, -1,
1959, 1806, 1960, -1,
1960, 1806, 1803, -1,
1960, 1803, 1961, -1,
1961, 1803, 1800, -1,
1961, 1800, 1962, -1,
1962, 1800, 1797, -1,
1962, 1797, 1963, -1,
1963, 1797, 1794, -1,
1963, 1794, 1964, -1,
1964, 1794, 1791, -1,
1964, 1791, 1965, -1,
1965, 1791, 1788, -1,
1965, 1788, 1966, -1,
1966, 1788, 1785, -1,
1966, 1785, 1967, -1,
1967, 1785, 1782, -1,
1967, 1782, 1968, -1,
1968, 1782, 1779, -1,
1968, 1779, 1969, -1,
1969, 1779, 1776, -1,
1969, 1776, 1970, -1,
1970, 1776, 1773, -1,
1970, 1773, 1947, -1,
1947, 1773, 1770, -1,
1971, 1829, 1972, -1,
1972, 1829, 1831, -1,
1972, 1831, 1973, -1,
1973, 1831, 1833, -1,
1973, 1833, 1974, -1,
1974, 1833, 1835, -1,
1974, 1835, 1975, -1,
1975, 1835, 1837, -1,
1975, 1837, 1976, -1,
1976, 1837, 1839, -1,
1976, 1839, 1977, -1,
1977, 1839, 1841, -1,
1977, 1841, 1978, -1,
1978, 1841, 1843, -1,
1978, 1843, 1979, -1,
1979, 1843, 1845, -1,
1979, 1845, 1980, -1,
1980, 1845, 1847, -1,
1980, 1847, 1981, -1,
1981, 1847, 1849, -1,
1981, 1849, 1982, -1,
1982, 1849, 1851, -1,
1982, 1851, 1983, -1,
1983, 1851, 1853, -1,
1983, 1853, 1984, -1,
1984, 1853, 1855, -1,
1984, 1855, 1985, -1,
1985, 1855, 1857, -1,
1985, 1857, 1986, -1,
1986, 1857, 1859, -1,
1986, 1859, 1987, -1,
1987, 1859, 1861, -1,
1987, 1861, 1988, -1,
1988, 1861, 1863, -1,
1988, 1863, 1989, -1,
1989, 1863, 1865, -1,
1989, 1865, 1990, -1,
1990, 1865, 1867, -1,
1990, 1867, 1991, -1,
1991, 1867, 1869, -1,
1991, 1869, 1992, -1,
1992, 1869, 1871, -1,
1992, 1871, 1993, -1,
1993, 1871, 1873, -1,
1993, 1873, 1994, -1,
1994, 1873, 1827, -1,
1994, 1827, 1971, -1,
1971, 1827, 1829, -1,
1995, 1996, 1997, -1,
1997, 1996, 1998, -1,
1997, 1998, 1999, -1,
1999, 1998, 2000, -1,
1999, 2000, 2001, -1,
2001, 2000, 2002, -1,
2001, 2002, 2003, -1,
2003, 2002, 2004, -1,
2003, 2004, 2005, -1,
2005, 2004, 2006, -1,
2005, 2006, 2007, -1,
2007, 2006, 2008, -1,
2007, 2008, 2009, -1,
2009, 2008, 2010, -1,
2009, 2010, 2011, -1,
2011, 2010, 2012, -1,
2011, 2012, 2013, -1,
2013, 2012, 2014, -1,
2013, 2014, 2015, -1,
2015, 2014, 2016, -1,
2015, 2016, 2017, -1,
2017, 2016, 2018, -1,
2017, 2018, 2019, -1,
2019, 2018, 2020, -1,
2019, 2020, 2021, -1,
2021, 2020, 2022, -1,
2021, 2022, 2023, -1,
2023, 2022, 2024, -1,
2023, 2024, 2025, -1,
2025, 2024, 2026, -1,
2025, 2026, 2027, -1,
2027, 2026, 2028, -1,
2027, 2028, 2029, -1,
2029, 2028, 2030, -1,
2029, 2030, 2031, -1,
2031, 2030, 2032, -1,
2031, 2032, 2033, -1,
2033, 2032, 2034, -1,
2033, 2034, 2035, -1,
2035, 2034, 2036, -1,
2035, 2036, 2037, -1,
2037, 2036, 2038, -1,
2037, 2038, 2039, -1,
2039, 2038, 2040, -1,
2039, 2040, 2041, -1,
2041, 2040, 2042, -1,
2041, 2042, 1995, -1,
1995, 2042, 1996, -1,
1996, 2043, 1998, -1,
1998, 2043, 2044, -1,
1998, 2044, 2000, -1,
2000, 2044, 2045, -1,
2000, 2045, 2002, -1,
2002, 2045, 2046, -1,
2002, 2046, 2004, -1,
2004, 2046, 2047, -1,
2004, 2047, 2006, -1,
2006, 2047, 2048, -1,
2006, 2048, 2008, -1,
2008, 2048, 2049, -1,
2008, 2049, 2010, -1,
2010, 2049, 2050, -1,
2010, 2050, 2012, -1,
2012, 2050, 2051, -1,
2012, 2051, 2014, -1,
2014, 2051, 2052, -1,
2014, 2052, 2016, -1,
2016, 2052, 2053, -1,
2016, 2053, 2018, -1,
2018, 2053, 2054, -1,
2018, 2054, 2020, -1,
2020, 2054, 2055, -1,
2020, 2055, 2022, -1,
2022, 2055, 2056, -1,
2022, 2056, 2024, -1,
2024, 2056, 2057, -1,
2024, 2057, 2026, -1,
2026, 2057, 2058, -1,
2026, 2058, 2028, -1,
2028, 2058, 2059, -1,
2028, 2059, 2030, -1,
2030, 2059, 2060, -1,
2030, 2060, 2032, -1,
2032, 2060, 2061, -1,
2032, 2061, 2034, -1,
2034, 2061, 2062, -1,
2034, 2062, 2036, -1,
2036, 2062, 2063, -1,
2036, 2063, 2038, -1,
2038, 2063, 2064, -1,
2038, 2064, 2040, -1,
2040, 2064, 2065, -1,
2040, 2065, 2042, -1,
2042, 2065, 2066, -1,
2042, 2066, 1996, -1,
1996, 2066, 2043, -1,
2043, 2067, 2044, -1,
2044, 2067, 2068, -1,
2044, 2068, 2045, -1,
2045, 2068, 2069, -1,
2045, 2069, 2046, -1,
2046, 2069, 2070, -1,
2046, 2070, 2047, -1,
2047, 2070, 2071, -1,
2047, 2071, 2048, -1,
2048, 2071, 2072, -1,
2048, 2072, 2049, -1,
2049, 2072, 2073, -1,
2049, 2073, 2050, -1,
2050, 2073, 2074, -1,
2050, 2074, 2051, -1,
2051, 2074, 2075, -1,
2051, 2075, 2052, -1,
2052, 2075, 2076, -1,
2052, 2076, 2053, -1,
2053, 2076, 2077, -1,
2053, 2077, 2054, -1,
2054, 2077, 2078, -1,
2054, 2078, 2055, -1,
2055, 2078, 2079, -1,
2055, 2079, 2056, -1,
2056, 2079, 2080, -1,
2056, 2080, 2057, -1,
2057, 2080, 2081, -1,
2057, 2081, 2058, -1,
2058, 2081, 2082, -1,
2058, 2082, 2059, -1,
2059, 2082, 2083, -1,
2059, 2083, 2060, -1,
2060, 2083, 2084, -1,
2060, 2084, 2061, -1,
2061, 2084, 2085, -1,
2061, 2085, 2062, -1,
2062, 2085, 2086, -1,
2062, 2086, 2063, -1,
2063, 2086, 2087, -1,
2063, 2087, 2064, -1,
2064, 2087, 2088, -1,
2064, 2088, 2065, -1,
2065, 2088, 2089, -1,
2065, 2089, 2066, -1,
2066, 2089, 2090, -1,
2066, 2090, 2043, -1,
2043, 2090, 2067, -1,
2067, 2091, 2068, -1,
2068, 2091, 2092, -1,
2068, 2092, 2069, -1,
2069, 2092, 2093, -1,
2069, 2093, 2070, -1,
2070, 2093, 2094, -1,
2070, 2094, 2071, -1,
2071, 2094, 2095, -1,
2071, 2095, 2072, -1,
2072, 2095, 2096, -1,
2072, 2096, 2073, -1,
2073, 2096, 2097, -1,
2073, 2097, 2074, -1,
2074, 2097, 2098, -1,
2074, 2098, 2075, -1,
2075, 2098, 2099, -1,
2075, 2099, 2076, -1,
2076, 2099, 2100, -1,
2076, 2100, 2077, -1,
2077, 2100, 2101, -1,
2077, 2101, 2078, -1,
2078, 2101, 2102, -1,
2078, 2102, 2079, -1,
2079, 2102, 2103, -1,
2079, 2103, 2080, -1,
2080, 2103, 2104, -1,
2080, 2104, 2081, -1,
2081, 2104, 2105, -1,
2081, 2105, 2082, -1,
2082, 2105, 2106, -1,
2082, 2106, 2083, -1,
2083, 2106, 2107, -1,
2083, 2107, 2084, -1,
2084, 2107, 2108, -1,
2084, 2108, 2085, -1,
2085, 2108, 2109, -1,
2085, 2109, 2086, -1,
2086, 2109, 2110, -1,
2086, 2110, 2087, -1,
2087, 2110, 2111, -1,
2087, 2111, 2088, -1,
2088, 2111, 2112, -1,
2088, 2112, 2089, -1,
2089, 2112, 2113, -1,
2089, 2113, 2090, -1,
2090, 2113, 2114, -1,
2090, 2114, 2067, -1,
2067, 2114, 2091, -1,
2091, 2115, 2092, -1,
2092, 2115, 2116, -1,
2092, 2116, 2093, -1,
2093, 2116, 2117, -1,
2093, 2117, 2094, -1,
2094, 2117, 2118, -1,
2094, 2118, 2095, -1,
2095, 2118, 2119, -1,
2095, 2119, 2096, -1,
2096, 2119, 2120, -1,
2096, 2120, 2097, -1,
2097, 2120, 2121, -1,
2097, 2121, 2098, -1,
2098, 2121, 2122, -1,
2098, 2122, 2099, -1,
2099, 2122, 2123, -1,
2099, 2123, 2100, -1,
2100, 2123, 2124, -1,
2100, 2124, 2101, -1,
2101, 2124, 2125, -1,
2101, 2125, 2102, -1,
2102, 2125, 2126, -1,
2102, 2126, 2103, -1,
2103, 2126, 2127, -1,
2103, 2127, 2104, -1,
2104, 2127, 2128, -1,
2104, 2128, 2105, -1,
2105, 2128, 2129, -1,
2105, 2129, 2106, -1,
2106, 2129, 2130, -1,
2106, 2130, 2107, -1,
2107, 2130, 2131, -1,
2107, 2131, 2108, -1,
2108, 2131, 2132, -1,
2108, 2132, 2109, -1,
2109, 2132, 2133, -1,
2109, 2133, 2110, -1,
2110, 2133, 2134, -1,
2110, 2134, 2111, -1,
2111, 2134, 2135, -1,
2111, 2135, 2112, -1,
2112, 2135, 2136, -1,
2112, 2136, 2113, -1,
2113, 2136, 2137, -1,
2113, 2137, 2114, -1,
2114, 2137, 2138, -1,
2114, 2138, 2091, -1,
2091, 2138, 2115, -1,
2115, 1983, 2116, -1,
2116, 1983, 1984, -1,
2116, 1984, 2117, -1,
2117, 1984, 1985, -1,
2117, 1985, 2118, -1,
2118, 1985, 1986, -1,
2118, 1986, 2119, -1,
2119, 1986, 1987, -1,
2119, 1987, 2120, -1,
2120, 1987, 1988, -1,
2120, 1988, 2121, -1,
2121, 1988, 1989, -1,
2121, 1989, 2122, -1,
2122, 1989, 1990, -1,
2122, 1990, 2123, -1,
2123, 1990, 1991, -1,
2123, 1991, 2124, -1,
2124, 1991, 1992, -1,
2124, 1992, 2125, -1,
2125, 1992, 1993, -1,
2125, 1993, 2126, -1,
2126, 1993, 1994, -1,
2126, 1994, 2127, -1,
2127, 1994, 1971, -1,
2127, 1971, 2128, -1,
2128, 1971, 1972, -1,
2128, 1972, 2129, -1,
2129, 1972, 1973, -1,
2129, 1973, 2130, -1,
2130, 1973, 1974, -1,
2130, 1974, 2131, -1,
2131, 1974, 1975, -1,
2131, 1975, 2132, -1,
2132, 1975, 1976, -1,
2132, 1976, 2133, -1,
2133, 1976, 1977, -1,
2133, 1977, 2134, -1,
2134, 1977, 1978, -1,
2134, 1978, 2135, -1,
2135, 1978, 1979, -1,
2135, 1979, 2136, -1,
2136, 1979, 1980, -1,
2136, 1980, 2137, -1,
2137, 1980, 1981, -1,
2137, 1981, 2138, -1,
2138, 1981, 1982, -1,
2138, 1982, 2115, -1,
2115, 1982, 1983, -1,
2139, 2033, 2140, -1,
2140, 2033, 2035, -1,
2140, 2035, 2141, -1,
2141, 2035, 2037, -1,
2141, 2037, 2142, -1,
2142, 2037, 2039, -1,
2142, 2039, 2143, -1,
2143, 2039, 2041, -1,
2143, 2041, 2144, -1,
2144, 2041, 1995, -1,
2144, 1995, 2145, -1,
2145, 1995, 1997, -1,
2145, 1997, 2146, -1,
2146, 1997, 1999, -1,
2146, 1999, 2147, -1,
2147, 1999, 2001, -1,
2147, 2001, 2148, -1,
2148, 2001, 2003, -1,
2148, 2003, 2149, -1,
2149, 2003, 2005, -1,
2149, 2005, 2150, -1,
2150, 2005, 2007, -1,
2150, 2007, 2151, -1,
2151, 2007, 2009, -1,
2151, 2009, 2152, -1,
2152, 2009, 2011, -1,
2152, 2011, 2153, -1,
2153, 2011, 2013, -1,
2153, 2013, 2154, -1,
2154, 2013, 2015, -1,
2154, 2015, 2155, -1,
2155, 2015, 2017, -1,
2155, 2017, 2156, -1,
2156, 2017, 2019, -1,
2156, 2019, 2157, -1,
2157, 2019, 2021, -1,
2157, 2021, 2158, -1,
2158, 2021, 2023, -1,
2158, 2023, 2159, -1,
2159, 2023, 2025, -1,
2159, 2025, 2160, -1,
2160, 2025, 2027, -1,
2160, 2027, 2161, -1,
2161, 2027, 2029, -1,
2161, 2029, 2162, -1,
2162, 2029, 2031, -1,
2162, 2031, 2139, -1,
2139, 2031, 2033, -1,
2163, 2164, 2165, -1,
2165, 2164, 2166, -1,
2165, 2166, 2167, -1,
2167, 2166, 2168, -1,
2167, 2168, 2169, -1,
2169, 2168, 2170, -1,
2169, 2170, 2171, -1,
2171, 2170, 2172, -1,
2171, 2172, 2173, -1,
2173, 2172, 2174, -1,
2173, 2174, 2175, -1,
2175, 2174, 2176, -1,
2175, 2176, 2177, -1,
2177, 2176, 2178, -1,
2177, 2178, 2179, -1,
2179, 2178, 2180, -1,
2179, 2180, 2181, -1,
2181, 2180, 2182, -1,
2181, 2182, 2183, -1,
2183, 2182, 2184, -1,
2183, 2184, 2185, -1,
2185, 2184, 2186, -1,
2185, 2186, 2187, -1,
2187, 2186, 2188, -1,
2187, 2188, 2189, -1,
2189, 2188, 2190, -1,
2189, 2190, 2191, -1,
2191, 2190, 2192, -1,
2191, 2192, 2193, -1,
2193, 2192, 2194, -1,
2193, 2194, 2195, -1,
2195, 2194, 2196, -1,
2195, 2196, 2197, -1,
2197, 2196, 2198, -1,
2197, 2198, 2199, -1,
2199, 2198, 2200, -1,
2199, 2200, 2201, -1,
2201, 2200, 2202, -1,
2201, 2202, 2203, -1,
2203, 2202, 2204, -1,
2203, 2204, 2205, -1,
2205, 2204, 2206, -1,
2205, 2206, 2207, -1,
2207, 2206, 2208, -1,
2207, 2208, 2209, -1,
2209, 2208, 2210, -1,
2209, 2210, 2163, -1,
2163, 2210, 2164, -1,
2164, 2211, 2166, -1,
2166, 2211, 2212, -1,
2166, 2212, 2168, -1,
2168, 2212, 2213, -1,
2168, 2213, 2170, -1,
2170, 2213, 2214, -1,
2170, 2214, 2172, -1,
2172, 2214, 2215, -1,
2172, 2215, 2174, -1,
2174, 2215, 2216, -1,
2174, 2216, 2176, -1,
2176, 2216, 2217, -1,
2176, 2217, 2178, -1,
2178, 2217, 2218, -1,
2178, 2218, 2180, -1,
2180, 2218, 2219, -1,
2180, 2219, 2182, -1,
2182, 2219, 2220, -1,
2182, 2220, 2184, -1,
2184, 2220, 2221, -1,
2184, 2221, 2186, -1,
2186, 2221, 2222, -1,
2186, 2222, 2188, -1,
2188, 2222, 2223, -1,
2188, 2223, 2190, -1,
2190, 2223, 2224, -1,
2190, 2224, 2192, -1,
2192, 2224, 2225, -1,
2192, 2225, 2194, -1,
2194, 2225, 2226, -1,
2194, 2226, 2196, -1,
2196, 2226, 2227, -1,
2196, 2227, 2198, -1,
2198, 2227, 2228, -1,
2198, 2228, 2200, -1,
2200, 2228, 2229, -1,
2200, 2229, 2202, -1,
2202, 2229, 2230, -1,
2202, 2230, 2204, -1,
2204, 2230, 2231, -1,
2204, 2231, 2206, -1,
2206, 2231, 2232, -1,
2206, 2232, 2208, -1,
2208, 2232, 2233, -1,
2208, 2233, 2210, -1,
2210, 2233, 2234, -1,
2210, 2234, 2164, -1,
2164, 2234, 2211, -1,
2211, 2235, 2212, -1,
2212, 2235, 2236, -1,
2212, 2236, 2213, -1,
2213, 2236, 2237, -1,
2213, 2237, 2214, -1,
2214, 2237, 2238, -1,
2214, 2238, 2215, -1,
2215, 2238, 2239, -1,
2215, 2239, 2216, -1,
2216, 2239, 2240, -1,
2216, 2240, 2217, -1,
2217, 2240, 2241, -1,
2217, 2241, 2218, -1,
2218, 2241, 2242, -1,
2218, 2242, 2219, -1,
2219, 2242, 2243, -1,
2219, 2243, 2220, -1,
2220, 2243, 2244, -1,
2220, 2244, 2221, -1,
2221, 2244, 2245, -1,
2221, 2245, 2222, -1,
2222, 2245, 2246, -1,
2222, 2246, 2223, -1,
2223, 2246, 2247, -1,
2223, 2247, 2224, -1,
2224, 2247, 2248, -1,
2224, 2248, 2225, -1,
2225, 2248, 2249, -1,
2225, 2249, 2226, -1,
2226, 2249, 2250, -1,
2226, 2250, 2227, -1,
2227, 2250, 2251, -1,
2227, 2251, 2228, -1,
2228, 2251, 2252, -1,
2228, 2252, 2229, -1,
2229, 2252, 2253, -1,
2229, 2253, 2230, -1,
2230, 2253, 2254, -1,
2230, 2254, 2231, -1,
2231, 2254, 2255, -1,
2231, 2255, 2232, -1,
2232, 2255, 2256, -1,
2232, 2256, 2233, -1,
2233, 2256, 2257, -1,
2233, 2257, 2234, -1,
2234, 2257, 2258, -1,
2234, 2258, 2211, -1,
2211, 2258, 2235, -1,
2235, 2259, 2236, -1,
2236, 2259, 2260, -1,
2236, 2260, 2237, -1,
2237, 2260, 2261, -1,
2237, 2261, 2238, -1,
2238, 2261, 2262, -1,
2238, 2262, 2239, -1,
2239, 2262, 2263, -1,
2239, 2263, 2240, -1,
2240, 2263, 2264, -1,
2240, 2264, 2241, -1,
2241, 2264, 2265, -1,
2241, 2265, 2242, -1,
2242, 2265, 2266, -1,
2242, 2266, 2243, -1,
2243, 2266, 2267, -1,
2243, 2267, 2244, -1,
2244, 2267, 2268, -1,
2244, 2268, 2245, -1,
2245, 2268, 2269, -1,
2245, 2269, 2246, -1,
2246, 2269, 2270, -1,
2246, 2270, 2247, -1,
2247, 2270, 2271, -1,
2247, 2271, 2248, -1,
2248, 2271, 2272, -1,
2248, 2272, 2249, -1,
2249, 2272, 2273, -1,
2249, 2273, 2250, -1,
2250, 2273, 2274, -1,
2250, 2274, 2251, -1,
2251, 2274, 2275, -1,
2251, 2275, 2252, -1,
2252, 2275, 2276, -1,
2252, 2276, 2253, -1,
2253, 2276, 2277, -1,
2253, 2277, 2254, -1,
2254, 2277, 2278, -1,
2254, 2278, 2255, -1,
2255, 2278, 2279, -1,
2255, 2279, 2256, -1,
2256, 2279, 2280, -1,
2256, 2280, 2257, -1,
2257, 2280, 2281, -1,
2257, 2281, 2258, -1,
2258, 2281, 2282, -1,
2258, 2282, 2235, -1,
2235, 2282, 2259, -1,
2259, 2283, 2260, -1,
2260, 2283, 2284, -1,
2260, 2284, 2261, -1,
2261, 2284, 2285, -1,
2261, 2285, 2262, -1,
2262, 2285, 2286, -1,
2262, 2286, 2263, -1,
2263, 2286, 2287, -1,
2263, 2287, 2264, -1,
2264, 2287, 2288, -1,
2264, 2288, 2265, -1,
2265, 2288, 2289, -1,
2265, 2289, 2266, -1,
2266, 2289, 2290, -1,
2266, 2290, 2267, -1,
2267, 2290, 2291, -1,
2267, 2291, 2268, -1,
2268, 2291, 2292, -1,
2268, 2292, 2269, -1,
2269, 2292, 2293, -1,
2269, 2293, 2270, -1,
2270, 2293, 2294, -1,
2270, 2294, 2271, -1,
2271, 2294, 2295, -1,
2271, 2295, 2272, -1,
2272, 2295, 2296, -1,
2272, 2296, 2273, -1,
2273, 2296, 2297, -1,
2273, 2297, 2274, -1,
2274, 2297, 2298, -1,
2274, 2298, 2275, -1,
2275, 2298, 2299, -1,
2275, 2299, 2276, -1,
2276, 2299, 2300, -1,
2276, 2300, 2277, -1,
2277, 2300, 2301, -1,
2277, 2301, 2278, -1,
2278, 2301, 2302, -1,
2278, 2302, 2279, -1,
2279, 2302, 2303, -1,
2279, 2303, 2280, -1,
2280, 2303, 2304, -1,
2280, 2304, 2281, -1,
2281, 2304, 2305, -1,
2281, 2305, 2282, -1,
2282, 2305, 2306, -1,
2282, 2306, 2259, -1,
2259, 2306, 2283, -1,
2283, 2307, 2284, -1,
2284, 2307, 2308, -1,
2284, 2308, 2285, -1,
2285, 2308, 2309, -1,
2285, 2309, 2286, -1,
2286, 2309, 2310, -1,
2286, 2310, 2287, -1,
2287, 2310, 2311, -1,
2287, 2311, 2288, -1,
2288, 2311, 2312, -1,
2288, 2312, 2289, -1,
2289, 2312, 2313, -1,
2289, 2313, 2290, -1,
2290, 2313, 2314, -1,
2290, 2314, 2291, -1,
2291, 2314, 2315, -1,
2291, 2315, 2292, -1,
2292, 2315, 2316, -1,
2292, 2316, 2293, -1,
2293, 2316, 2317, -1,
2293, 2317, 2294, -1,
2294, 2317, 2318, -1,
2294, 2318, 2295, -1,
2295, 2318, 2319, -1,
2295, 2319, 2296, -1,
2296, 2319, 2320, -1,
2296, 2320, 2297, -1,
2297, 2320, 2321, -1,
2297, 2321, 2298, -1,
2298, 2321, 2322, -1,
2298, 2322, 2299, -1,
2299, 2322, 2323, -1,
2299, 2323, 2300, -1,
2300, 2323, 2324, -1,
2300, 2324, 2301, -1,
2301, 2324, 2325, -1,
2301, 2325, 2302, -1,
2302, 2325, 2326, -1,
2302, 2326, 2303, -1,
2303, 2326, 2327, -1,
2303, 2327, 2304, -1,
2304, 2327, 2328, -1,
2304, 2328, 2305, -1,
2305, 2328, 2329, -1,
2305, 2329, 2306, -1,
2306, 2329, 2330, -1,
2306, 2330, 2283, -1,
2283, 2330, 2307, -1,
2307, 2331, 2308, -1,
2308, 2331, 2332, -1,
2308, 2332, 2309, -1,
2309, 2332, 2333, -1,
2309, 2333, 2310, -1,
2310, 2333, 2334, -1,
2310, 2334, 2311, -1,
2311, 2334, 2335, -1,
2311, 2335, 2312, -1,
2312, 2335, 2336, -1,
2312, 2336, 2313, -1,
2313, 2336, 2337, -1,
2313, 2337, 2314, -1,
2314, 2337, 2338, -1,
2314, 2338, 2315, -1,
2315, 2338, 2339, -1,
2315, 2339, 2316, -1,
2316, 2339, 2340, -1,
2316, 2340, 2317, -1,
2317, 2340, 2341, -1,
2317, 2341, 2318, -1,
2318, 2341, 2342, -1,
2318, 2342, 2319, -1,
2319, 2342, 2343, -1,
2319, 2343, 2320, -1,
2320, 2343, 2344, -1,
2320, 2344, 2321, -1,
2321, 2344, 2345, -1,
2321, 2345, 2322, -1,
2322, 2345, 2346, -1,
2322, 2346, 2323, -1,
2323, 2346, 2347, -1,
2323, 2347, 2324, -1,
2324, 2347, 2348, -1,
2324, 2348, 2325, -1,
2325, 2348, 2349, -1,
2325, 2349, 2326, -1,
2326, 2349, 2350, -1,
2326, 2350, 2327, -1,
2327, 2350, 2351, -1,
2327, 2351, 2328, -1,
2328, 2351, 2352, -1,
2328, 2352, 2329, -1,
2329, 2352, 2353, -1,
2329, 2353, 2330, -1,
2330, 2353, 2354, -1,
2330, 2354, 2307, -1,
2307, 2354, 2331, -1,
2331, 2355, 2332, -1,
2332, 2355, 2356, -1,
2332, 2356, 2333, -1,
2333, 2356, 2357, -1,
2333, 2357, 2334, -1,
2334, 2357, 2358, -1,
2334, 2358, 2335, -1,
2335, 2358, 2359, -1,
2335, 2359, 2336, -1,
2336, 2359, 2360, -1,
2336, 2360, 2337, -1,
2337, 2360, 2361, -1,
2337, 2361, 2338, -1,
2338, 2361, 2362, -1,
2338, 2362, 2339, -1,
2339, 2362, 2363, -1,
2339, 2363, 2340, -1,
2340, 2363, 2364, -1,
2340, 2364, 2341, -1,
2341, 2364, 2365, -1,
2341, 2365, 2342, -1,
2342, 2365, 2366, -1,
2342, 2366, 2343, -1,
2343, 2366, 2367, -1,
2343, 2367, 2344, -1,
2344, 2367, 2368, -1,
2344, 2368, 2345, -1,
2345, 2368, 2369, -1,
2345, 2369, 2346, -1,
2346, 2369, 2370, -1,
2346, 2370, 2347, -1,
2347, 2370, 2371, -1,
2347, 2371, 2348, -1,
2348, 2371, 2372, -1,
2348, 2372, 2349, -1,
2349, 2372, 2373, -1,
2349, 2373, 2350, -1,
2350, 2373, 2374, -1,
2350, 2374, 2351, -1,
2351, 2374, 2375, -1,
2351, 2375, 2352, -1,
2352, 2375, 2376, -1,
2352, 2376, 2353, -1,
2353, 2376, 2377, -1,
2353, 2377, 2354, -1,
2354, 2377, 2378, -1,
2354, 2378, 2331, -1,
2331, 2378, 2355, -1,
2355, 2379, 2356, -1,
2356, 2379, 2380, -1,
2356, 2380, 2357, -1,
2357, 2380, 2381, -1,
2357, 2381, 2358, -1,
2358, 2381, 2382, -1,
2358, 2382, 2359, -1,
2359, 2382, 2383, -1,
2359, 2383, 2360, -1,
2360, 2383, 2384, -1,
2360, 2384, 2361, -1,
2361, 2384, 2385, -1,
2361, 2385, 2362, -1,
2362, 2385, 2386, -1,
2362, 2386, 2363, -1,
2363, 2386, 2387, -1,
2363, 2387, 2364, -1,
2364, 2387, 2388, -1,
2364, 2388, 2365, -1,
2365, 2388, 2389, -1,
2365, 2389, 2366, -1,
2366, 2389, 2390, -1,
2366, 2390, 2367, -1,
2367, 2390, 2391, -1,
2367, 2391, 2368, -1,
2368, 2391, 2392, -1,
2368, 2392, 2369, -1,
2369, 2392, 2393, -1,
2369, 2393, 2370, -1,
2370, 2393, 2394, -1,
2370, 2394, 2371, -1,
2371, 2394, 2395, -1,
2371, 2395, 2372, -1,
2372, 2395, 2396, -1,
2372, 2396, 2373, -1,
2373, 2396, 2397, -1,
2373, 2397, 2374, -1,
2374, 2397, 2398, -1,
2374, 2398, 2375, -1,
2375, 2398, 2399, -1,
2375, 2399, 2376, -1,
2376, 2399, 2400, -1,
2376, 2400, 2377, -1,
2377, 2400, 2401, -1,
2377, 2401, 2378, -1,
2378, 2401, 2402, -1,
2378, 2402, 2355, -1,
2355, 2402, 2379, -1,
2379, 2157, 2380, -1,
2380, 2157, 2158, -1,
2380, 2158, 2381, -1,
2381, 2158, 2159, -1,
2381, 2159, 2382, -1,
2382, 2159, 2160, -1,
2382, 2160, 2383, -1,
2383, 2160, 2161, -1,
2383, 2161, 2384, -1,
2384, 2161, 2162, -1,
2384, 2162, 2385, -1,
2385, 2162, 2139, -1,
2385, 2139, 2386, -1,
2386, 2139, 2140, -1,
2386, 2140, 2387, -1,
2387, 2140, 2141, -1,
2387, 2141, 2388, -1,
2388, 2141, 2142, -1,
2388, 2142, 2389, -1,
2389, 2142, 2143, -1,
2389, 2143, 2390, -1,
2390, 2143, 2144, -1,
2390, 2144, 2391, -1,
2391, 2144, 2145, -1,
2391, 2145, 2392, -1,
2392, 2145, 2146, -1,
2392, 2146, 2393, -1,
2393, 2146, 2147, -1,
2393, 2147, 2394, -1,
2394, 2147, 2148, -1,
2394, 2148, 2395, -1,
2395, 2148, 2149, -1,
2395, 2149, 2396, -1,
2396, 2149, 2150, -1,
2396, 2150, 2397, -1,
2397, 2150, 2151, -1,
2397, 2151, 2398, -1,
2398, 2151, 2152, -1,
2398, 2152, 2399, -1,
2399, 2152, 2153, -1,
2399, 2153, 2400, -1,
2400, 2153, 2154, -1,
2400, 2154, 2401, -1,
2401, 2154, 2155, -1,
2401, 2155, 2402, -1,
2402, 2155, 2156, -1,
2402, 2156, 2379, -1,
2379, 2156, 2157, -1,
1746, 2165, 1741, -1,
1741, 2165, 2167, -1,
1741, 2167, 1742, -1,
1742, 2167, 2169, -1,
1742, 2169, 1743, -1,
1743, 2169, 2171, -1,
1743, 2171, 1738, -1,
1738, 2171, 2173, -1,
1738, 2173, 1739, -1,
1739, 2173, 2175, -1,
1739, 2175, 1740, -1,
1740, 2175, 2177, -1,
1740, 2177, 1735, -1,
1735, 2177, 2179, -1,
1735, 2179, 1736, -1,
1736, 2179, 2181, -1,
1736, 2181, 1737, -1,
1737, 2181, 2183, -1,
1737, 2183, 1730, -1,
1730, 2183, 2185, -1,
1730, 2185, 1731, -1,
1731, 2185, 2187, -1,
1731, 2187, 1733, -1,
1733, 2187, 2189, -1,
1733, 2189, 1734, -1,
1734, 2189, 2191, -1,
1734, 2191, 1753, -1,
1753, 2191, 2193, -1,
1753, 2193, 1754, -1,
1754, 2193, 2195, -1,
1754, 2195, 1750, -1,
1750, 2195, 2197, -1,
1750, 2197, 1751, -1,
1751, 2197, 2199, -1,
1751, 2199, 1752, -1,
1752, 2199, 2201, -1,
1752, 2201, 1747, -1,
1747, 2201, 2203, -1,
1747, 2203, 1748, -1,
1748, 2203, 2205, -1,
1748, 2205, 1749, -1,
1749, 2205, 2207, -1,
1749, 2207, 1744, -1,
1744, 2207, 2209, -1,
1744, 2209, 1745, -1,
1745, 2209, 2163, -1,
1745, 2163, 1746, -1,
1746, 2163, 2165, -1,
2403, 2404, 2405, -1,
2405, 2404, 2406, -1,
2405, 2406, 2407, -1,
2408, 2409, 2410, -1,
2410, 2409, 2411, -1,
2410, 2411, 2412, -1,
2412, 2411, 2413, -1,
2412, 2413, 2414, -1,
2414, 2413, 2415, -1,
2414, 2415, 2416, -1,
2416, 2415, 2417, -1,
2416, 2417, 2418, -1,
2418, 2417, 2419, -1,
2418, 2419, 2420, -1,
2420, 2419, 2421, -1,
2422, 2423, 2424, -1,
2424, 2423, 2425, -1,
2424, 2425, 2426, -1,
2426, 2425, 2427, -1,
2426, 2427, 2428, -1,
2428, 2427, 2429, -1,
2428, 2429, 2430, -1,
2430, 2429, 2431, -1,
2430, 2431, 2421, -1,
2421, 2431, 2432, -1,
2421, 2432, 2420, -1,
2424, 2433, 2422, -1,
2422, 2433, 2434, -1,
2422, 2434, 2435, -1,
2435, 2434, 2436, -1,
2435, 2436, 2437, -1,
2436, 2438, 2437, -1,
2437, 2438, 2439, -1,
2437, 2439, 2440, -1,
2439, 2441, 2440, -1,
2440, 2441, 2442, -1,
2440, 2442, 2443, -1,
2442, 2444, 2443, -1,
2443, 2444, 2445, -1,
2443, 2445, 2446, -1,
2445, 2447, 2446, -1,
2446, 2447, 2448, -1,
2446, 2448, 2449, -1,
2448, 2450, 2449, -1,
2449, 2450, 2451, -1,
2449, 2451, 2452, -1,
2451, 2453, 2452, -1,
2452, 2453, 2454, -1,
2452, 2454, 2455, -1,
2454, 2456, 2455, -1,
2455, 2456, 2457, -1,
2455, 2457, 2458, -1,
2457, 2459, 2458, -1,
2458, 2459, 2460, -1,
2458, 2460, 2461, -1,
2460, 2462, 2461, -1,
2461, 2462, 2463, -1,
2461, 2463, 2464, -1,
2463, 2465, 2464, -1,
2464, 2465, 2466, -1,
2464, 2466, 2403, -1,
2403, 2466, 2467, -1,
2403, 2467, 2404, -1,
2410, 2407, 2408, -1,
2408, 2407, 2406, -1,
2408, 2406, 2468, -1,
2406, 2469, 2468, -1,
2468, 2469, 2470, -1,
2468, 2470, 2471, -1,
2470, 2472, 2471, -1,
2471, 2472, 2473, -1,
2471, 2473, 2474, -1,
2473, 2475, 2474, -1,
2474, 2475, 2476, -1,
2474, 2476, 2477, -1,
2476, 2478, 2477, -1,
2477, 2478, 2479, -1,
2477, 2479, 2480, -1,
2479, 2481, 2480, -1,
2480, 2481, 2482, -1,
2480, 2482, 2483, -1,
2482, 2484, 2483, -1,
2483, 2484, 2485, -1,
2483, 2485, 2486, -1,
2485, 2487, 2486, -1,
2486, 2487, 2488, -1,
2486, 2488, 2489, -1,
2488, 2490, 2489, -1,
2489, 2490, 2491, -1,
2489, 2491, 2492, -1,
2491, 2493, 2492, -1,
2492, 2493, 2494, -1,
2492, 2494, 2495, -1,
2494, 2496, 2495, -1,
2495, 2496, 2497, -1,
2495, 2497, 2498, -1,
2497, 2499, 2498, -1,
2498, 2499, 2500, -1,
2498, 2500, 2433, -1,
2433, 2500, 2501, -1,
2433, 2501, 2434, -1,
2502, 2503, 2504, -1,
2500, 2499, 2504, -1,
2434, 2501, 2505, -1,
2506, 2507, 2508, -1,
2438, 2436, 2508, -1,
2509, 2510, 2511, -1,
2441, 2439, 2511, -1,
2512, 2513, 2514, -1,
2444, 2442, 2514, -1,
2515, 2516, 2517, -1,
2447, 2445, 2517, -1,
2518, 2519, 2520, -1,
2520, 2519, 2456, -1,
2521, 2522, 2520, -1,
2520, 2522, 2523, -1,
2520, 2523, 2518, -1,
2456, 2454, 2520, -1,
2520, 2454, 2453, -1,
2520, 2453, 2521, -1,
2524, 2525, 2526, -1,
2526, 2525, 2527, -1,
2526, 2527, 2521, -1,
2521, 2527, 2528, -1,
2521, 2528, 2522, -1,
2448, 2526, 2450, -1,
2450, 2526, 2521, -1,
2450, 2521, 2451, -1,
2451, 2521, 2453, -1,
2448, 2447, 2526, -1,
2526, 2447, 2517, -1,
2526, 2517, 2524, -1,
2524, 2517, 2516, -1,
2445, 2444, 2517, -1,
2517, 2444, 2514, -1,
2517, 2514, 2515, -1,
2515, 2514, 2513, -1,
2442, 2441, 2514, -1,
2514, 2441, 2511, -1,
2514, 2511, 2512, -1,
2512, 2511, 2510, -1,
2439, 2438, 2511, -1,
2511, 2438, 2508, -1,
2511, 2508, 2509, -1,
2509, 2508, 2507, -1,
2529, 2530, 2505, -1,
2505, 2530, 2531, -1,
2436, 2434, 2508, -1,
2508, 2434, 2505, -1,
2508, 2505, 2506, -1,
2506, 2505, 2531, -1,
2501, 2500, 2505, -1,
2505, 2500, 2504, -1,
2505, 2504, 2529, -1,
2529, 2504, 2503, -1,
2499, 2497, 2504, -1,
2504, 2497, 2532, -1,
2504, 2532, 2502, -1,
2533, 2534, 2532, -1,
2532, 2534, 2535, -1,
2532, 2535, 2502, -1,
2497, 2496, 2532, -1,
2532, 2496, 2494, -1,
2532, 2494, 2533, -1,
2536, 2537, 2533, -1,
2533, 2537, 2538, -1,
2533, 2538, 2534, -1,
2494, 2493, 2533, -1,
2533, 2493, 2491, -1,
2533, 2491, 2536, -1,
2539, 2540, 2536, -1,
2536, 2540, 2541, -1,
2536, 2541, 2537, -1,
2491, 2490, 2536, -1,
2536, 2490, 2488, -1,
2536, 2488, 2539, -1,
2542, 2543, 2539, -1,
2539, 2543, 2544, -1,
2539, 2544, 2540, -1,
2488, 2487, 2539, -1,
2539, 2487, 2485, -1,
2539, 2485, 2542, -1,
2545, 2546, 2542, -1,
2542, 2546, 2547, -1,
2542, 2547, 2543, -1,
2485, 2484, 2542, -1,
2542, 2484, 2482, -1,
2542, 2482, 2545, -1,
2548, 2549, 2545, -1,
2545, 2549, 2550, -1,
2545, 2550, 2546, -1,
2482, 2481, 2545, -1,
2545, 2481, 2479, -1,
2545, 2479, 2548, -1,
2551, 2552, 2548, -1,
2548, 2552, 2553, -1,
2548, 2553, 2549, -1,
2479, 2478, 2548, -1,
2548, 2478, 2476, -1,
2548, 2476, 2551, -1,
2554, 2555, 2551, -1,
2551, 2555, 2556, -1,
2551, 2556, 2552, -1,
2476, 2475, 2551, -1,
2551, 2475, 2473, -1,
2551, 2473, 2554, -1,
2557, 2558, 2554, -1,
2554, 2558, 2559, -1,
2554, 2559, 2555, -1,
2473, 2472, 2554, -1,
2554, 2472, 2470, -1,
2554, 2470, 2557, -1,
2560, 2561, 2557, -1,
2557, 2561, 2562, -1,
2557, 2562, 2558, -1,
2470, 2469, 2557, -1,
2557, 2469, 2406, -1,
2557, 2406, 2560, -1,
2563, 2564, 2560, -1,
2560, 2564, 2565, -1,
2560, 2565, 2561, -1,
2406, 2404, 2560, -1,
2560, 2404, 2467, -1,
2560, 2467, 2563, -1,
2566, 2567, 2563, -1,
2563, 2567, 2568, -1,
2563, 2568, 2564, -1,
2467, 2466, 2563, -1,
2563, 2466, 2465, -1,
2563, 2465, 2566, -1,
2569, 2570, 2566, -1,
2566, 2570, 2571, -1,
2566, 2571, 2567, -1,
2465, 2463, 2566, -1,
2566, 2463, 2462, -1,
2566, 2462, 2569, -1,
2518, 2572, 2519, -1,
2519, 2572, 2573, -1,
2519, 2573, 2569, -1,
2569, 2573, 2574, -1,
2569, 2574, 2570, -1,
2462, 2460, 2569, -1,
2569, 2460, 2459, -1,
2569, 2459, 2519, -1,
2519, 2459, 2457, -1,
2519, 2457, 2456, -1,
2528, 2575, 2522, -1,
2522, 2575, 2576, -1,
2522, 2576, 2523, -1,
2523, 2576, 2577, -1,
2523, 2577, 2518, -1,
2518, 2577, 2578, -1,
2518, 2578, 2572, -1,
2572, 2578, 2579, -1,
2572, 2579, 2573, -1,
2573, 2579, 2580, -1,
2573, 2580, 2574, -1,
2574, 2580, 2581, -1,
2574, 2581, 2570, -1,
2570, 2581, 2582, -1,
2570, 2582, 2571, -1,
2571, 2582, 2583, -1,
2571, 2583, 2567, -1,
2567, 2583, 2584, -1,
2567, 2584, 2568, -1,
2568, 2584, 2585, -1,
2568, 2585, 2564, -1,
2564, 2585, 2586, -1,
2564, 2586, 2565, -1,
2565, 2586, 2587, -1,
2565, 2587, 2561, -1,
2561, 2587, 2588, -1,
2561, 2588, 2562, -1,
2562, 2588, 2589, -1,
2562, 2589, 2558, -1,
2558, 2589, 2590, -1,
2558, 2590, 2559, -1,
2559, 2590, 2591, -1,
2559, 2591, 2555, -1,
2555, 2591, 2592, -1,
2555, 2592, 2556, -1,
2556, 2592, 2593, -1,
2556, 2593, 2552, -1,
2552, 2593, 2594, -1,
2552, 2594, 2553, -1,
2553, 2594, 2595, -1,
2553, 2595, 2549, -1,
2549, 2595, 2596, -1,
2549, 2596, 2550, -1,
2550, 2596, 2597, -1,
2550, 2597, 2546, -1,
2546, 2597, 2598, -1,
2546, 2598, 2547, -1,
2547, 2598, 2599, -1,
2547, 2599, 2543, -1,
2543, 2599, 2600, -1,
2543, 2600, 2544, -1,
2544, 2600, 2601, -1,
2544, 2601, 2540, -1,
2540, 2601, 2602, -1,
2540, 2602, 2541, -1,
2541, 2602, 2603, -1,
2541, 2603, 2537, -1,
2537, 2603, 2604, -1,
2537, 2604, 2538, -1,
2538, 2604, 2605, -1,
2538, 2605, 2534, -1,
2534, 2605, 2606, -1,
2534, 2606, 2535, -1,
2535, 2606, 2607, -1,
2535, 2607, 2502, -1,
2502, 2607, 2608, -1,
2502, 2608, 2503, -1,
2503, 2608, 2609, -1,
2503, 2609, 2529, -1,
2529, 2609, 2610, -1,
2529, 2610, 2530, -1,
2530, 2610, 2611, -1,
2530, 2611, 2531, -1,
2531, 2611, 2612, -1,
2531, 2612, 2506, -1,
2506, 2612, 2613, -1,
2506, 2613, 2507, -1,
2507, 2613, 2614, -1,
2507, 2614, 2509, -1,
2509, 2614, 2615, -1,
2509, 2615, 2510, -1,
2510, 2615, 2616, -1,
2510, 2616, 2512, -1,
2512, 2616, 2617, -1,
2512, 2617, 2513, -1,
2513, 2617, 2618, -1,
2513, 2618, 2515, -1,
2515, 2618, 2619, -1,
2515, 2619, 2516, -1,
2516, 2619, 2620, -1,
2516, 2620, 2524, -1,
2524, 2620, 2621, -1,
2524, 2621, 2525, -1,
2525, 2621, 2622, -1,
2525, 2622, 2527, -1,
2527, 2622, 2623, -1,
2527, 2623, 2528, -1,
2528, 2623, 2575, -1,
1790, 1789, 2624, -1,
2588, 2587, 2624, -1,
1793, 1792, 2625, -1,
2590, 2589, 2625, -1,
1796, 1795, 2626, -1,
2592, 2591, 2626, -1,
1799, 1798, 2627, -1,
2594, 2593, 2627, -1,
1802, 1801, 2628, -1,
2596, 2595, 2628, -1,
1814, 2629, 2630, -1,
2630, 2629, 2602, -1,
2631, 1811, 2630, -1,
2630, 1811, 1810, -1,
2630, 1810, 1814, -1,
2602, 2601, 2630, -1,
2630, 2601, 2600, -1,
2630, 2600, 2631, -1,
1805, 1804, 2632, -1,
2632, 1804, 1808, -1,
2632, 1808, 2631, -1,
2631, 1808, 1807, -1,
2631, 1807, 1811, -1,
2597, 2632, 2598, -1,
2598, 2632, 2631, -1,
2598, 2631, 2599, -1,
2599, 2631, 2600, -1,
2597, 2596, 2632, -1,
2632, 2596, 2628, -1,
2632, 2628, 1805, -1,
1805, 2628, 1801, -1,
2595, 2594, 2628, -1,
2628, 2594, 2627, -1,
2628, 2627, 1802, -1,
1802, 2627, 1798, -1,
2593, 2592, 2627, -1,
2627, 2592, 2626, -1,
2627, 2626, 1799, -1,
1799, 2626, 1795, -1,
2591, 2590, 2626, -1,
2626, 2590, 2625, -1,
2626, 2625, 1796, -1,
1796, 2625, 1792, -1,
2589, 2588, 2625, -1,
2625, 2588, 2624, -1,
2625, 2624, 1793, -1,
1793, 2624, 1789, -1,
2587, 2586, 2624, -1,
2624, 2586, 2633, -1,
2624, 2633, 1790, -1,
2634, 1787, 2633, -1,
2633, 1787, 1786, -1,
2633, 1786, 1790, -1,
2586, 2585, 2633, -1,
2633, 2585, 2584, -1,
2633, 2584, 2634, -1,
2635, 1784, 2634, -1,
2634, 1784, 1783, -1,
2634, 1783, 1787, -1,
2584, 2583, 2634, -1,
2634, 2583, 2582, -1,
2634, 2582, 2635, -1,
2636, 1781, 2635, -1,
2635, 1781, 1780, -1,
2635, 1780, 1784, -1,
2582, 2581, 2635, -1,
2635, 2581, 2580, -1,
2635, 2580, 2636, -1,
2637, 1778, 2636, -1,
2636, 1778, 1777, -1,
2636, 1777, 1781, -1,
2580, 2579, 2636, -1,
2636, 2579, 2578, -1,
2636, 2578, 2637, -1,
2638, 1775, 2637, -1,
2637, 1775, 1774, -1,
2637, 1774, 1778, -1,
2578, 2577, 2637, -1,
2637, 2577, 2576, -1,
2637, 2576, 2638, -1,
2639, 1772, 2638, -1,
2638, 1772, 1771, -1,
2638, 1771, 1775, -1,
2576, 2575, 2638, -1,
2638, 2575, 2623, -1,
2638, 2623, 2639, -1,
2640, 1769, 2639, -1,
2639, 1769, 1768, -1,
2639, 1768, 1772, -1,
2623, 2622, 2639, -1,
2639, 2622, 2621, -1,
2639, 2621, 2640, -1,
1763, 1762, 2641, -1,
2641, 1762, 1766, -1,
2641, 1766, 2640, -1,
2640, 1766, 1765, -1,
2640, 1765, 1769, -1,
2618, 2641, 2619, -1,
2619, 2641, 2640, -1,
2619, 2640, 2620, -1,
2620, 2640, 2621, -1,
2618, 2617, 2641, -1,
2641, 2617, 2642, -1,
2641, 2642, 1763, -1,
1763, 2642, 1759, -1,
1759, 2642, 1760, -1,
1760, 2642, 2643, -1,
1760, 2643, 1755, -1,
2614, 2643, 2615, -1,
2615, 2643, 2642, -1,
2615, 2642, 2616, -1,
2616, 2642, 2617, -1,
2614, 2613, 2643, -1,
2643, 2613, 2612, -1,
2643, 2612, 2644, -1,
2645, 1826, 2644, -1,
2644, 1826, 1825, -1,
2644, 1825, 2643, -1,
2643, 1825, 1824, -1,
2643, 1824, 1755, -1,
2612, 2611, 2644, -1,
2644, 2611, 2610, -1,
2644, 2610, 2645, -1,
2646, 1823, 2645, -1,
2645, 1823, 1822, -1,
2645, 1822, 1826, -1,
2610, 2609, 2645, -1,
2645, 2609, 2608, -1,
2645, 2608, 2646, -1,
2647, 1820, 2646, -1,
2646, 1820, 1819, -1,
2646, 1819, 1823, -1,
2608, 2607, 2646, -1,
2646, 2607, 2606, -1,
2646, 2606, 2647, -1,
1814, 1813, 2629, -1,
2629, 1813, 1817, -1,
2629, 1817, 2647, -1,
2647, 1817, 1816, -1,
2647, 1816, 1820, -1,
2606, 2605, 2647, -1,
2647, 2605, 2604, -1,
2647, 2604, 2629, -1,
2629, 2604, 2603, -1,
2629, 2603, 2602, -1,
2648, 2649, 2650, -1,
2650, 2649, 2651, -1,
2652, 2653, 2654, -1,
2649, 2655, 2651, -1,
2651, 2655, 2656, -1,
2651, 2656, 2657, -1,
2656, 2658, 2657, -1,
2657, 2658, 2659, -1,
2657, 2659, 2660, -1,
2659, 2661, 2660, -1,
2660, 2661, 2662, -1,
2660, 2662, 2663, -1,
2662, 2664, 2663, -1,
2663, 2664, 2665, -1,
2663, 2665, 2666, -1,
2665, 2667, 2666, -1,
2666, 2667, 2668, -1,
2666, 2668, 2669, -1,
2668, 2670, 2669, -1,
2669, 2670, 2671, -1,
2669, 2671, 2672, -1,
2671, 2673, 2672, -1,
2672, 2673, 2674, -1,
2672, 2674, 2675, -1,
2674, 2676, 2675, -1,
2675, 2676, 2677, -1,
2675, 2677, 2678, -1,
2677, 2679, 2678, -1,
2678, 2679, 2680, -1,
2678, 2680, 2681, -1,
2680, 2682, 2681, -1,
2681, 2682, 2683, -1,
2681, 2683, 2684, -1,
2685, 2686, 2687, -1,
2688, 2689, 2690, -1,
2690, 2689, 2684, -1,
2690, 2684, 2691, -1,
2691, 2684, 2683, -1,
2652, 2692, 2653, -1,
2653, 2692, 2693, -1,
2653, 2693, 2694, -1,
2694, 2693, 2695, -1,
2694, 2695, 2696, -1,
2696, 2695, 2697, -1,
2696, 2697, 2698, -1,
2698, 2697, 2699, -1,
2698, 2699, 2700, -1,
2700, 2699, 2701, -1,
2700, 2701, 2702, -1,
2702, 2701, 2703, -1,
2702, 2703, 2704, -1,
2704, 2703, 2705, -1,
2704, 2705, 2706, -1,
2706, 2705, 2707, -1,
2706, 2707, 2708, -1,
2708, 2707, 2709, -1,
2708, 2709, 2710, -1,
2710, 2709, 2685, -1,
2710, 2685, 2711, -1,
2711, 2685, 2687, -1,
2650, 2652, 2648, -1,
2648, 2652, 2654, -1,
2648, 2654, 2712, -1,
2712, 2654, 2713, -1,
2712, 2713, 2714, -1,
2714, 2713, 2715, -1,
2715, 2713, 2716, -1,
2715, 2716, 2717, -1,
2717, 2716, 2718, -1,
2718, 2716, 2719, -1,
2718, 2719, 2720, -1,
2720, 2719, 2721, -1,
2721, 2719, 2722, -1,
2721, 2722, 2723, -1,
2723, 2722, 2724, -1,
2724, 2722, 2725, -1,
2724, 2725, 2726, -1,
2726, 2725, 2727, -1,
2727, 2725, 2728, -1,
2727, 2728, 2729, -1,
2729, 2728, 2730, -1,
2730, 2728, 2731, -1,
2730, 2731, 2732, -1,
2732, 2731, 2733, -1,
2733, 2731, 2734, -1,
2733, 2734, 2735, -1,
2735, 2734, 2736, -1,
2736, 2734, 2737, -1,
2736, 2737, 2738, -1,
2738, 2737, 2739, -1,
2739, 2737, 2740, -1,
2739, 2740, 2741, -1,
2741, 2740, 2742, -1,
2742, 2740, 2743, -1,
2742, 2743, 2744, -1,
2744, 2743, 2745, -1,
2745, 2743, 2687, -1,
2745, 2687, 2688, -1,
2688, 2687, 2686, -1,
2688, 2686, 2689, -1,
2746, 2747, 2748, -1,
2748, 2747, 2749, -1,
2748, 2749, 2750, -1,
2751, 2752, 2748, -1,
2748, 2752, 2753, -1,
2748, 2753, 2746, -1,
2754, 2755, 2748, -1,
2748, 2755, 2756, -1,
2748, 2756, 2751, -1,
2757, 2758, 2748, -1,
2748, 2758, 2759, -1,
2748, 2759, 2754, -1,
2760, 2761, 2748, -1,
2748, 2761, 2762, -1,
2748, 2762, 2757, -1,
2763, 2764, 2748, -1,
2748, 2764, 2765, -1,
2748, 2765, 2760, -1,
2766, 2767, 2748, -1,
2748, 2767, 2768, -1,
2748, 2768, 2763, -1,
2750, 2769, 2748, -1,
2748, 2769, 2770, -1,
2748, 2770, 2766, -1,
2771, 2772, 2773, -1,
2774, 2775, 2772, -1,
2772, 2775, 2776, -1,
2772, 2776, 2773, -1,
2777, 2778, 2774, -1,
2774, 2778, 2779, -1,
2774, 2779, 2775, -1,
2780, 2781, 2777, -1,
2777, 2781, 2782, -1,
2777, 2782, 2778, -1,
2783, 2784, 2780, -1,
2780, 2784, 2785, -1,
2780, 2785, 2781, -1,
2786, 2787, 2783, -1,
2783, 2787, 2788, -1,
2783, 2788, 2784, -1,
2789, 2790, 2786, -1,
2786, 2790, 2791, -1,
2786, 2791, 2787, -1,
2792, 2793, 2789, -1,
2789, 2793, 2794, -1,
2789, 2794, 2790, -1,
2795, 2796, 2792, -1,
2792, 2796, 2797, -1,
2792, 2797, 2793, -1,
2798, 2799, 2795, -1,
2795, 2799, 2800, -1,
2795, 2800, 2796, -1,
2801, 2802, 2798, -1,
2798, 2802, 2803, -1,
2798, 2803, 2799, -1,
2804, 2805, 2801, -1,
2801, 2805, 2806, -1,
2801, 2806, 2802, -1,
2807, 2808, 2804, -1,
2804, 2808, 2809, -1,
2804, 2809, 2805, -1,
2810, 2811, 2807, -1,
2807, 2811, 2812, -1,
2807, 2812, 2808, -1,
2813, 2814, 2810, -1,
2810, 2814, 2815, -1,
2810, 2815, 2811, -1,
2816, 2817, 2813, -1,
2813, 2817, 2818, -1,
2813, 2818, 2814, -1,
2819, 2820, 2816, -1,
2816, 2820, 2821, -1,
2816, 2821, 2817, -1,
2822, 2823, 2819, -1,
2819, 2823, 2824, -1,
2819, 2824, 2820, -1,
2825, 2826, 2822, -1,
2822, 2826, 2827, -1,
2822, 2827, 2823, -1,
2828, 2829, 2825, -1,
2825, 2829, 2830, -1,
2825, 2830, 2826, -1,
2831, 2832, 2828, -1,
2828, 2832, 2833, -1,
2828, 2833, 2829, -1,
2834, 2835, 2831, -1,
2831, 2835, 2836, -1,
2831, 2836, 2832, -1,
2837, 2838, 2834, -1,
2834, 2838, 2839, -1,
2834, 2839, 2835, -1,
2773, 2840, 2771, -1,
2771, 2840, 2841, -1,
2771, 2841, 2837, -1,
2837, 2841, 2842, -1,
2837, 2842, 2838, -1,
2843, 2844, 2845, -1,
2845, 2844, 2846, -1,
2845, 2846, 2847, -1,
2847, 2846, 2848, -1,
2847, 2848, 2849, -1,
2849, 2848, 2850, -1,
2849, 2850, 2851, -1,
2851, 2850, 2852, -1,
2851, 2852, 2853, -1,
2853, 2852, 2854, -1,
2853, 2854, 2855, -1,
2855, 2854, 2856, -1,
2855, 2856, 2857, -1,
2857, 2856, 2858, -1,
2857, 2858, 2859, -1,
2859, 2858, 2860, -1,
2859, 2860, 2861, -1,
2861, 2860, 2862, -1,
2861, 2862, 2863, -1,
2863, 2862, 2864, -1,
2863, 2864, 2865, -1,
2865, 2864, 2866, -1,
2865, 2866, 2867, -1,
2867, 2866, 2868, -1,
2867, 2868, 2869, -1,
2869, 2868, 2870, -1,
2869, 2870, 2871, -1,
2871, 2870, 2872, -1,
2871, 2872, 2873, -1,
2873, 2872, 2874, -1,
2873, 2874, 2875, -1,
2875, 2874, 2876, -1,
2875, 2876, 2877, -1,
2877, 2876, 2878, -1,
2877, 2878, 2879, -1,
2879, 2878, 2880, -1,
2879, 2880, 2881, -1,
2881, 2880, 2882, -1,
2881, 2882, 2883, -1,
2883, 2882, 2884, -1,
2883, 2884, 2885, -1,
2885, 2884, 2886, -1,
2885, 2886, 2887, -1,
2887, 2886, 2888, -1,
2887, 2888, 2889, -1,
2889, 2888, 2890, -1,
2889, 2890, 2843, -1,
2843, 2890, 2844, -1,
2844, 2891, 2846, -1,
2846, 2891, 2892, -1,
2846, 2892, 2848, -1,
2848, 2892, 2893, -1,
2848, 2893, 2850, -1,
2850, 2893, 2894, -1,
2850, 2894, 2852, -1,
2852, 2894, 2895, -1,
2852, 2895, 2854, -1,
2854, 2895, 2896, -1,
2854, 2896, 2856, -1,
2856, 2896, 2897, -1,
2856, 2897, 2858, -1,
2858, 2897, 2898, -1,
2858, 2898, 2860, -1,
2860, 2898, 2899, -1,
2860, 2899, 2862, -1,
2862, 2899, 2900, -1,
2862, 2900, 2864, -1,
2864, 2900, 2901, -1,
2864, 2901, 2866, -1,
2866, 2901, 2902, -1,
2866, 2902, 2868, -1,
2868, 2902, 2903, -1,
2868, 2903, 2870, -1,
2870, 2903, 2904, -1,
2870, 2904, 2872, -1,
2872, 2904, 2905, -1,
2872, 2905, 2874, -1,
2874, 2905, 2906, -1,
2874, 2906, 2876, -1,
2876, 2906, 2907, -1,
2876, 2907, 2878, -1,
2878, 2907, 2908, -1,
2878, 2908, 2880, -1,
2880, 2908, 2909, -1,
2880, 2909, 2882, -1,
2882, 2909, 2910, -1,
2882, 2910, 2884, -1,
2884, 2910, 2911, -1,
2884, 2911, 2886, -1,
2886, 2911, 2912, -1,
2886, 2912, 2888, -1,
2888, 2912, 2913, -1,
2888, 2913, 2890, -1,
2890, 2913, 2914, -1,
2890, 2914, 2844, -1,
2844, 2914, 2891, -1,
2891, 2915, 2892, -1,
2892, 2915, 2916, -1,
2892, 2916, 2893, -1,
2893, 2916, 2917, -1,
2893, 2917, 2894, -1,
2894, 2917, 2918, -1,
2894, 2918, 2895, -1,
2895, 2918, 2919, -1,
2895, 2919, 2896, -1,
2896, 2919, 2920, -1,
2896, 2920, 2897, -1,
2897, 2920, 2921, -1,
2897, 2921, 2898, -1,
2898, 2921, 2922, -1,
2898, 2922, 2899, -1,
2899, 2922, 2923, -1,
2899, 2923, 2900, -1,
2900, 2923, 2924, -1,
2900, 2924, 2901, -1,
2901, 2924, 2925, -1,
2901, 2925, 2902, -1,
2902, 2925, 2926, -1,
2902, 2926, 2903, -1,
2903, 2926, 2927, -1,
2903, 2927, 2904, -1,
2904, 2927, 2928, -1,
2904, 2928, 2905, -1,
2905, 2928, 2929, -1,
2905, 2929, 2906, -1,
2906, 2929, 2930, -1,
2906, 2930, 2907, -1,
2907, 2930, 2931, -1,
2907, 2931, 2908, -1,
2908, 2931, 2932, -1,
2908, 2932, 2909, -1,
2909, 2932, 2933, -1,
2909, 2933, 2910, -1,
2910, 2933, 2934, -1,
2910, 2934, 2911, -1,
2911, 2934, 2935, -1,
2911, 2935, 2912, -1,
2912, 2935, 2936, -1,
2912, 2936, 2913, -1,
2913, 2936, 2937, -1,
2913, 2937, 2914, -1,
2914, 2937, 2938, -1,
2914, 2938, 2891, -1,
2891, 2938, 2915, -1,
2915, 2939, 2916, -1,
2916, 2939, 2940, -1,
2916, 2940, 2917, -1,
2917, 2940, 2941, -1,
2917, 2941, 2918, -1,
2918, 2941, 2942, -1,
2918, 2942, 2919, -1,
2919, 2942, 2943, -1,
2919, 2943, 2920, -1,
2920, 2943, 2944, -1,
2920, 2944, 2921, -1,
2921, 2944, 2945, -1,
2921, 2945, 2922, -1,
2922, 2945, 2946, -1,
2922, 2946, 2923, -1,
2923, 2946, 2947, -1,
2923, 2947, 2924, -1,
2924, 2947, 2948, -1,
2924, 2948, 2925, -1,
2925, 2948, 2949, -1,
2925, 2949, 2926, -1,
2926, 2949, 2950, -1,
2926, 2950, 2927, -1,
2927, 2950, 2951, -1,
2927, 2951, 2928, -1,
2928, 2951, 2952, -1,
2928, 2952, 2929, -1,
2929, 2952, 2953, -1,
2929, 2953, 2930, -1,
2930, 2953, 2954, -1,
2930, 2954, 2931, -1,
2931, 2954, 2955, -1,
2931, 2955, 2932, -1,
2932, 2955, 2956, -1,
2932, 2956, 2933, -1,
2933, 2956, 2957, -1,
2933, 2957, 2934, -1,
2934, 2957, 2958, -1,
2934, 2958, 2935, -1,
2935, 2958, 2959, -1,
2935, 2959, 2936, -1,
2936, 2959, 2960, -1,
2936, 2960, 2937, -1,
2937, 2960, 2961, -1,
2937, 2961, 2938, -1,
2938, 2961, 2962, -1,
2938, 2962, 2915, -1,
2915, 2962, 2939, -1,
2939, 2963, 2940, -1,
2940, 2963, 2964, -1,
2940, 2964, 2941, -1,
2941, 2964, 2965, -1,
2941, 2965, 2942, -1,
2942, 2965, 2966, -1,
2942, 2966, 2943, -1,
2943, 2966, 2967, -1,
2943, 2967, 2944, -1,
2944, 2967, 2968, -1,
2944, 2968, 2945, -1,
2945, 2968, 2969, -1,
2945, 2969, 2946, -1,
2946, 2969, 2970, -1,
2946, 2970, 2947, -1,
2947, 2970, 2971, -1,
2947, 2971, 2948, -1,
2948, 2971, 2972, -1,
2948, 2972, 2949, -1,
2949, 2972, 2973, -1,
2949, 2973, 2950, -1,
2950, 2973, 2974, -1,
2950, 2974, 2951, -1,
2951, 2974, 2975, -1,
2951, 2975, 2952, -1,
2952, 2975, 2976, -1,
2952, 2976, 2953, -1,
2953, 2976, 2977, -1,
2953, 2977, 2954, -1,
2954, 2977, 2978, -1,
2954, 2978, 2955, -1,
2955, 2978, 2979, -1,
2955, 2979, 2956, -1,
2956, 2979, 2980, -1,
2956, 2980, 2957, -1,
2957, 2980, 2981, -1,
2957, 2981, 2958, -1,
2958, 2981, 2982, -1,
2958, 2982, 2959, -1,
2959, 2982, 2983, -1,
2959, 2983, 2960, -1,
2960, 2983, 2984, -1,
2960, 2984, 2961, -1,
2961, 2984, 2985, -1,
2961, 2985, 2962, -1,
2962, 2985, 2986, -1,
2962, 2986, 2939, -1,
2939, 2986, 2963, -1,
2963, 2786, 2964, -1,
2964, 2786, 2783, -1,
2964, 2783, 2965, -1,
2965, 2783, 2780, -1,
2965, 2780, 2966, -1,
2966, 2780, 2777, -1,
2966, 2777, 2967, -1,
2967, 2777, 2774, -1,
2967, 2774, 2968, -1,
2968, 2774, 2772, -1,
2968, 2772, 2969, -1,
2969, 2772, 2771, -1,
2969, 2771, 2970, -1,
2970, 2771, 2837, -1,
2970, 2837, 2971, -1,
2971, 2837, 2834, -1,
2971, 2834, 2972, -1,
2972, 2834, 2831, -1,
2972, 2831, 2973, -1,
2973, 2831, 2828, -1,
2973, 2828, 2974, -1,
2974, 2828, 2825, -1,
2974, 2825, 2975, -1,
2975, 2825, 2822, -1,
2975, 2822, 2976, -1,
2976, 2822, 2819, -1,
2976, 2819, 2977, -1,
2977, 2819, 2816, -1,
2977, 2816, 2978, -1,
2978, 2816, 2813, -1,
2978, 2813, 2979, -1,
2979, 2813, 2810, -1,
2979, 2810, 2980, -1,
2980, 2810, 2807, -1,
2980, 2807, 2981, -1,
2981, 2807, 2804, -1,
2981, 2804, 2982, -1,
2982, 2804, 2801, -1,
2982, 2801, 2983, -1,
2983, 2801, 2798, -1,
2983, 2798, 2984, -1,
2984, 2798, 2795, -1,
2984, 2795, 2985, -1,
2985, 2795, 2792, -1,
2985, 2792, 2986, -1,
2986, 2792, 2789, -1,
2986, 2789, 2963, -1,
2963, 2789, 2786, -1,
2987, 2845, 2988, -1,
2988, 2845, 2847, -1,
2988, 2847, 2989, -1,
2989, 2847, 2849, -1,
2989, 2849, 2990, -1,
2990, 2849, 2851, -1,
2990, 2851, 2991, -1,
2991, 2851, 2853, -1,
2991, 2853, 2992, -1,
2992, 2853, 2855, -1,
2992, 2855, 2993, -1,
2993, 2855, 2857, -1,
2993, 2857, 2994, -1,
2994, 2857, 2859, -1,
2994, 2859, 2995, -1,
2995, 2859, 2861, -1,
2995, 2861, 2996, -1,
2996, 2861, 2863, -1,
2996, 2863, 2997, -1,
2997, 2863, 2865, -1,
2997, 2865, 2998, -1,
2998, 2865, 2867, -1,
2998, 2867, 2999, -1,
2999, 2867, 2869, -1,
2999, 2869, 3000, -1,
3000, 2869, 2871, -1,
3000, 2871, 3001, -1,
3001, 2871, 2873, -1,
3001, 2873, 3002, -1,
3002, 2873, 2875, -1,
3002, 2875, 3003, -1,
3003, 2875, 2877, -1,
3003, 2877, 3004, -1,
3004, 2877, 2879, -1,
3004, 2879, 3005, -1,
3005, 2879, 2881, -1,
3005, 2881, 3006, -1,
3006, 2881, 2883, -1,
3006, 2883, 3007, -1,
3007, 2883, 2885, -1,
3007, 2885, 3008, -1,
3008, 2885, 2887, -1,
3008, 2887, 3009, -1,
3009, 2887, 2889, -1,
3009, 2889, 3010, -1,
3010, 2889, 2843, -1,
3010, 2843, 2987, -1,
2987, 2843, 2845, -1,
3011, 3012, 3013, -1,
3013, 3012, 3014, -1,
3013, 3014, 3015, -1,
3015, 3014, 3016, -1,
3015, 3016, 3017, -1,
3017, 3016, 3018, -1,
3017, 3018, 3019, -1,
3019, 3018, 3020, -1,
3019, 3020, 3021, -1,
3021, 3020, 3022, -1,
3021, 3022, 3023, -1,
3023, 3022, 3024, -1,
3023, 3024, 3025, -1,
3025, 3024, 3026, -1,
3025, 3026, 3027, -1,
3027, 3026, 3028, -1,
3027, 3028, 3029, -1,
3029, 3028, 3030, -1,
3029, 3030, 3031, -1,
3031, 3030, 3032, -1,
3031, 3032, 3033, -1,
3033, 3032, 3034, -1,
3033, 3034, 3035, -1,
3035, 3034, 3036, -1,
3035, 3036, 3037, -1,
3037, 3036, 3038, -1,
3037, 3038, 3039, -1,
3039, 3038, 3040, -1,
3039, 3040, 3041, -1,
3041, 3040, 3042, -1,
3041, 3042, 3043, -1,
3043, 3042, 3044, -1,
3043, 3044, 3045, -1,
3045, 3044, 3046, -1,
3045, 3046, 3047, -1,
3047, 3046, 3048, -1,
3047, 3048, 3049, -1,
3049, 3048, 3050, -1,
3049, 3050, 3051, -1,
3051, 3050, 3052, -1,
3051, 3052, 3053, -1,
3053, 3052, 3054, -1,
3053, 3054, 3055, -1,
3055, 3054, 3056, -1,
3055, 3056, 3057, -1,
3057, 3056, 3058, -1,
3057, 3058, 3011, -1,
3011, 3058, 3012, -1,
3012, 3059, 3014, -1,
3014, 3059, 3060, -1,
3014, 3060, 3016, -1,
3016, 3060, 3061, -1,
3016, 3061, 3018, -1,
3018, 3061, 3062, -1,
3018, 3062, 3020, -1,
3020, 3062, 3063, -1,
3020, 3063, 3022, -1,
3022, 3063, 3064, -1,
3022, 3064, 3024, -1,
3024, 3064, 3065, -1,
3024, 3065, 3026, -1,
3026, 3065, 3066, -1,
3026, 3066, 3028, -1,
3028, 3066, 3067, -1,
3028, 3067, 3030, -1,
3030, 3067, 3068, -1,
3030, 3068, 3032, -1,
3032, 3068, 3069, -1,
3032, 3069, 3034, -1,
3034, 3069, 3070, -1,
3034, 3070, 3036, -1,
3036, 3070, 3071, -1,
3036, 3071, 3038, -1,
3038, 3071, 3072, -1,
3038, 3072, 3040, -1,
3040, 3072, 3073, -1,
3040, 3073, 3042, -1,
3042, 3073, 3074, -1,
3042, 3074, 3044, -1,
3044, 3074, 3075, -1,
3044, 3075, 3046, -1,
3046, 3075, 3076, -1,
3046, 3076, 3048, -1,
3048, 3076, 3077, -1,
3048, 3077, 3050, -1,
3050, 3077, 3078, -1,
3050, 3078, 3052, -1,
3052, 3078, 3079, -1,
3052, 3079, 3054, -1,
3054, 3079, 3080, -1,
3054, 3080, 3056, -1,
3056, 3080, 3081, -1,
3056, 3081, 3058, -1,
3058, 3081, 3082, -1,
3058, 3082, 3012, -1,
3012, 3082, 3059, -1,
3059, 3083, 3060, -1,
3060, 3083, 3084, -1,
3060, 3084, 3061, -1,
3061, 3084, 3085, -1,
3061, 3085, 3062, -1,
3062, 3085, 3086, -1,
3062, 3086, 3063, -1,
3063, 3086, 3087, -1,
3063, 3087, 3064, -1,
3064, 3087, 3088, -1,
3064, 3088, 3065, -1,
3065, 3088, 3089, -1,
3065, 3089, 3066, -1,
3066, 3089, 3090, -1,
3066, 3090, 3067, -1,
3067, 3090, 3091, -1,
3067, 3091, 3068, -1,
3068, 3091, 3092, -1,
3068, 3092, 3069, -1,
3069, 3092, 3093, -1,
3069, 3093, 3070, -1,
3070, 3093, 3094, -1,
3070, 3094, 3071, -1,
3071, 3094, 3095, -1,
3071, 3095, 3072, -1,
3072, 3095, 3096, -1,
3072, 3096, 3073, -1,
3073, 3096, 3097, -1,
3073, 3097, 3074, -1,
3074, 3097, 3098, -1,
3074, 3098, 3075, -1,
3075, 3098, 3099, -1,
3075, 3099, 3076, -1,
3076, 3099, 3100, -1,
3076, 3100, 3077, -1,
3077, 3100, 3101, -1,
3077, 3101, 3078, -1,
3078, 3101, 3102, -1,
3078, 3102, 3079, -1,
3079, 3102, 3103, -1,
3079, 3103, 3080, -1,
3080, 3103, 3104, -1,
3080, 3104, 3081, -1,
3081, 3104, 3105, -1,
3081, 3105, 3082, -1,
3082, 3105, 3106, -1,
3082, 3106, 3059, -1,
3059, 3106, 3083, -1,
3083, 3107, 3084, -1,
3084, 3107, 3108, -1,
3084, 3108, 3085, -1,
3085, 3108, 3109, -1,
3085, 3109, 3086, -1,
3086, 3109, 3110, -1,
3086, 3110, 3087, -1,
3087, 3110, 3111, -1,
3087, 3111, 3088, -1,
3088, 3111, 3112, -1,
3088, 3112, 3089, -1,
3089, 3112, 3113, -1,
3089, 3113, 3090, -1,
3090, 3113, 3114, -1,
3090, 3114, 3091, -1,
3091, 3114, 3115, -1,
3091, 3115, 3092, -1,
3092, 3115, 3116, -1,
3092, 3116, 3093, -1,
3093, 3116, 3117, -1,
3093, 3117, 3094, -1,
3094, 3117, 3118, -1,
3094, 3118, 3095, -1,
3095, 3118, 3119, -1,
3095, 3119, 3096, -1,
3096, 3119, 3120, -1,
3096, 3120, 3097, -1,
3097, 3120, 3121, -1,
3097, 3121, 3098, -1,
3098, 3121, 3122, -1,
3098, 3122, 3099, -1,
3099, 3122, 3123, -1,
3099, 3123, 3100, -1,
3100, 3123, 3124, -1,
3100, 3124, 3101, -1,
3101, 3124, 3125, -1,
3101, 3125, 3102, -1,
3102, 3125, 3126, -1,
3102, 3126, 3103, -1,
3103, 3126, 3127, -1,
3103, 3127, 3104, -1,
3104, 3127, 3128, -1,
3104, 3128, 3105, -1,
3105, 3128, 3129, -1,
3105, 3129, 3106, -1,
3106, 3129, 3130, -1,
3106, 3130, 3083, -1,
3083, 3130, 3107, -1,
3107, 3131, 3108, -1,
3108, 3131, 3132, -1,
3108, 3132, 3109, -1,
3109, 3132, 3133, -1,
3109, 3133, 3110, -1,
3110, 3133, 3134, -1,
3110, 3134, 3111, -1,
3111, 3134, 3135, -1,
3111, 3135, 3112, -1,
3112, 3135, 3136, -1,
3112, 3136, 3113, -1,
3113, 3136, 3137, -1,
3113, 3137, 3114, -1,
3114, 3137, 3138, -1,
3114, 3138, 3115, -1,
3115, 3138, 3139, -1,
3115, 3139, 3116, -1,
3116, 3139, 3140, -1,
3116, 3140, 3117, -1,
3117, 3140, 3141, -1,
3117, 3141, 3118, -1,
3118, 3141, 3142, -1,
3118, 3142, 3119, -1,
3119, 3142, 3143, -1,
3119, 3143, 3120, -1,
3120, 3143, 3144, -1,
3120, 3144, 3121, -1,
3121, 3144, 3145, -1,
3121, 3145, 3122, -1,
3122, 3145, 3146, -1,
3122, 3146, 3123, -1,
3123, 3146, 3147, -1,
3123, 3147, 3124, -1,
3124, 3147, 3148, -1,
3124, 3148, 3125, -1,
3125, 3148, 3149, -1,
3125, 3149, 3126, -1,
3126, 3149, 3150, -1,
3126, 3150, 3127, -1,
3127, 3150, 3151, -1,
3127, 3151, 3128, -1,
3128, 3151, 3152, -1,
3128, 3152, 3129, -1,
3129, 3152, 3153, -1,
3129, 3153, 3130, -1,
3130, 3153, 3154, -1,
3130, 3154, 3107, -1,
3107, 3154, 3131, -1,
3131, 2999, 3132, -1,
3132, 2999, 3000, -1,
3132, 3000, 3133, -1,
3133, 3000, 3001, -1,
3133, 3001, 3134, -1,
3134, 3001, 3002, -1,
3134, 3002, 3135, -1,
3135, 3002, 3003, -1,
3135, 3003, 3136, -1,
3136, 3003, 3004, -1,
3136, 3004, 3137, -1,
3137, 3004, 3005, -1,
3137, 3005, 3138, -1,
3138, 3005, 3006, -1,
3138, 3006, 3139, -1,
3139, 3006, 3007, -1,
3139, 3007, 3140, -1,
3140, 3007, 3008, -1,
3140, 3008, 3141, -1,
3141, 3008, 3009, -1,
3141, 3009, 3142, -1,
3142, 3009, 3010, -1,
3142, 3010, 3143, -1,
3143, 3010, 2987, -1,
3143, 2987, 3144, -1,
3144, 2987, 2988, -1,
3144, 2988, 3145, -1,
3145, 2988, 2989, -1,
3145, 2989, 3146, -1,
3146, 2989, 2990, -1,
3146, 2990, 3147, -1,
3147, 2990, 2991, -1,
3147, 2991, 3148, -1,
3148, 2991, 2992, -1,
3148, 2992, 3149, -1,
3149, 2992, 2993, -1,
3149, 2993, 3150, -1,
3150, 2993, 2994, -1,
3150, 2994, 3151, -1,
3151, 2994, 2995, -1,
3151, 2995, 3152, -1,
3152, 2995, 2996, -1,
3152, 2996, 3153, -1,
3153, 2996, 2997, -1,
3153, 2997, 3154, -1,
3154, 2997, 2998, -1,
3154, 2998, 3131, -1,
3131, 2998, 2999, -1,
3155, 3049, 3156, -1,
3156, 3049, 3051, -1,
3156, 3051, 3157, -1,
3157, 3051, 3053, -1,
3157, 3053, 3158, -1,
3158, 3053, 3055, -1,
3158, 3055, 3159, -1,
3159, 3055, 3057, -1,
3159, 3057, 3160, -1,
3160, 3057, 3011, -1,
3160, 3011, 3161, -1,
3161, 3011, 3013, -1,
3161, 3013, 3162, -1,
3162, 3013, 3015, -1,
3162, 3015, 3163, -1,
3163, 3015, 3017, -1,
3163, 3017, 3164, -1,
3164, 3017, 3019, -1,
3164, 3019, 3165, -1,
3165, 3019, 3021, -1,
3165, 3021, 3166, -1,
3166, 3021, 3023, -1,
3166, 3023, 3167, -1,
3167, 3023, 3025, -1,
3167, 3025, 3168, -1,
3168, 3025, 3027, -1,
3168, 3027, 3169, -1,
3169, 3027, 3029, -1,
3169, 3029, 3170, -1,
3170, 3029, 3031, -1,
3170, 3031, 3171, -1,
3171, 3031, 3033, -1,
3171, 3033, 3172, -1,
3172, 3033, 3035, -1,
3172, 3035, 3173, -1,
3173, 3035, 3037, -1,
3173, 3037, 3174, -1,
3174, 3037, 3039, -1,
3174, 3039, 3175, -1,
3175, 3039, 3041, -1,
3175, 3041, 3176, -1,
3176, 3041, 3043, -1,
3176, 3043, 3177, -1,
3177, 3043, 3045, -1,
3177, 3045, 3178, -1,
3178, 3045, 3047, -1,
3178, 3047, 3155, -1,
3155, 3047, 3049, -1,
3179, 3180, 3181, -1,
3181, 3180, 3182, -1,
3181, 3182, 3183, -1,
3183, 3182, 3184, -1,
3183, 3184, 3185, -1,
3185, 3184, 3186, -1,
3185, 3186, 3187, -1,
3187, 3186, 3188, -1,
3187, 3188, 3189, -1,
3189, 3188, 3190, -1,
3189, 3190, 3191, -1,
3191, 3190, 3192, -1,
3191, 3192, 3193, -1,
3193, 3192, 3194, -1,
3193, 3194, 3195, -1,
3195, 3194, 3196, -1,
3195, 3196, 3197, -1,
3197, 3196, 3198, -1,
3197, 3198, 3199, -1,
3199, 3198, 3200, -1,
3199, 3200, 3201, -1,
3201, 3200, 3202, -1,
3201, 3202, 3203, -1,
3203, 3202, 3204, -1,
3203, 3204, 3205, -1,
3205, 3204, 3206, -1,
3205, 3206, 3207, -1,
3207, 3206, 3208, -1,
3207, 3208, 3209, -1,
3209, 3208, 3210, -1,
3209, 3210, 3211, -1,
3211, 3210, 3212, -1,
3211, 3212, 3213, -1,
3213, 3212, 3214, -1,
3213, 3214, 3215, -1,
3215, 3214, 3216, -1,
3215, 3216, 3217, -1,
3217, 3216, 3218, -1,
3217, 3218, 3219, -1,
3219, 3218, 3220, -1,
3219, 3220, 3221, -1,
3221, 3220, 3222, -1,
3221, 3222, 3223, -1,
3223, 3222, 3224, -1,
3223, 3224, 3225, -1,
3225, 3224, 3226, -1,
3225, 3226, 3179, -1,
3179, 3226, 3180, -1,
3180, 3227, 3182, -1,
3182, 3227, 3228, -1,
3182, 3228, 3184, -1,
3184, 3228, 3229, -1,
3184, 3229, 3186, -1,
3186, 3229, 3230, -1,
3186, 3230, 3188, -1,
3188, 3230, 3231, -1,
3188, 3231, 3190, -1,
3190, 3231, 3232, -1,
3190, 3232, 3192, -1,
3192, 3232, 3233, -1,
3192, 3233, 3194, -1,
3194, 3233, 3234, -1,
3194, 3234, 3196, -1,
3196, 3234, 3235, -1,
3196, 3235, 3198, -1,
3198, 3235, 3236, -1,
3198, 3236, 3200, -1,
3200, 3236, 3237, -1,
3200, 3237, 3202, -1,
3202, 3237, 3238, -1,
3202, 3238, 3204, -1,
3204, 3238, 3239, -1,
3204, 3239, 3206, -1,
3206, 3239, 3240, -1,
3206, 3240, 3208, -1,
3208, 3240, 3241, -1,
3208, 3241, 3210, -1,
3210, 3241, 3242, -1,
3210, 3242, 3212, -1,
3212, 3242, 3243, -1,
3212, 3243, 3214, -1,
3214, 3243, 3244, -1,
3214, 3244, 3216, -1,
3216, 3244, 3245, -1,
3216, 3245, 3218, -1,
3218, 3245, 3246, -1,
3218, 3246, 3220, -1,
3220, 3246, 3247, -1,
3220, 3247, 3222, -1,
3222, 3247, 3248, -1,
3222, 3248, 3224, -1,
3224, 3248, 3249, -1,
3224, 3249, 3226, -1,
3226, 3249, 3250, -1,
3226, 3250, 3180, -1,
3180, 3250, 3227, -1,
3227, 3251, 3228, -1,
3228, 3251, 3252, -1,
3228, 3252, 3229, -1,
3229, 3252, 3253, -1,
3229, 3253, 3230, -1,
3230, 3253, 3254, -1,
3230, 3254, 3231, -1,
3231, 3254, 3255, -1,
3231, 3255, 3232, -1,
3232, 3255, 3256, -1,
3232, 3256, 3233, -1,
3233, 3256, 3257, -1,
3233, 3257, 3234, -1,
3234, 3257, 3258, -1,
3234, 3258, 3235, -1,
3235, 3258, 3259, -1,
3235, 3259, 3236, -1,
3236, 3259, 3260, -1,
3236, 3260, 3237, -1,
3237, 3260, 3261, -1,
3237, 3261, 3238, -1,
3238, 3261, 3262, -1,
3238, 3262, 3239, -1,
3239, 3262, 3263, -1,
3239, 3263, 3240, -1,
3240, 3263, 3264, -1,
3240, 3264, 3241, -1,
3241, 3264, 3265, -1,
3241, 3265, 3242, -1,
3242, 3265, 3266, -1,
3242, 3266, 3243, -1,
3243, 3266, 3267, -1,
3243, 3267, 3244, -1,
3244, 3267, 3268, -1,
3244, 3268, 3245, -1,
3245, 3268, 3269, -1,
3245, 3269, 3246, -1,
3246, 3269, 3270, -1,
3246, 3270, 3247, -1,
3247, 3270, 3271, -1,
3247, 3271, 3248, -1,
3248, 3271, 3272, -1,
3248, 3272, 3249, -1,
3249, 3272, 3273, -1,
3249, 3273, 3250, -1,
3250, 3273, 3274, -1,
3250, 3274, 3227, -1,
3227, 3274, 3251, -1,
3251, 3275, 3252, -1,
3252, 3275, 3276, -1,
3252, 3276, 3253, -1,
3253, 3276, 3277, -1,
3253, 3277, 3254, -1,
3254, 3277, 3278, -1,
3254, 3278, 3255, -1,
3255, 3278, 3279, -1,
3255, 3279, 3256, -1,
3256, 3279, 3280, -1,
3256, 3280, 3257, -1,
3257, 3280, 3281, -1,
3257, 3281, 3258, -1,
3258, 3281, 3282, -1,
3258, 3282, 3259, -1,
3259, 3282, 3283, -1,
3259, 3283, 3260, -1,
3260, 3283, 3284, -1,
3260, 3284, 3261, -1,
3261, 3284, 3285, -1,
3261, 3285, 3262, -1,
3262, 3285, 3286, -1,
3262, 3286, 3263, -1,
3263, 3286, 3287, -1,
3263, 3287, 3264, -1,
3264, 3287, 3288, -1,
3264, 3288, 3265, -1,
3265, 3288, 3289, -1,
3265, 3289, 3266, -1,
3266, 3289, 3290, -1,
3266, 3290, 3267, -1,
3267, 3290, 3291, -1,
3267, 3291, 3268, -1,
3268, 3291, 3292, -1,
3268, 3292, 3269, -1,
3269, 3292, 3293, -1,
3269, 3293, 3270, -1,
3270, 3293, 3294, -1,
3270, 3294, 3271, -1,
3271, 3294, 3295, -1,
3271, 3295, 3272, -1,
3272, 3295, 3296, -1,
3272, 3296, 3273, -1,
3273, 3296, 3297, -1,
3273, 3297, 3274, -1,
3274, 3297, 3298, -1,
3274, 3298, 3251, -1,
3251, 3298, 3275, -1,
3275, 3299, 3276, -1,
3276, 3299, 3300, -1,
3276, 3300, 3277, -1,
3277, 3300, 3301, -1,
3277, 3301, 3278, -1,
3278, 3301, 3302, -1,
3278, 3302, 3279, -1,
3279, 3302, 3303, -1,
3279, 3303, 3280, -1,
3280, 3303, 3304, -1,
3280, 3304, 3281, -1,
3281, 3304, 3305, -1,
3281, 3305, 3282, -1,
3282, 3305, 3306, -1,
3282, 3306, 3283, -1,
3283, 3306, 3307, -1,
3283, 3307, 3284, -1,
3284, 3307, 3308, -1,
3284, 3308, 3285, -1,
3285, 3308, 3309, -1,
3285, 3309, 3286, -1,
3286, 3309, 3310, -1,
3286, 3310, 3287, -1,
3287, 3310, 3311, -1,
3287, 3311, 3288, -1,
3288, 3311, 3312, -1,
3288, 3312, 3289, -1,
3289, 3312, 3313, -1,
3289, 3313, 3290, -1,
3290, 3313, 3314, -1,
3290, 3314, 3291, -1,
3291, 3314, 3315, -1,
3291, 3315, 3292, -1,
3292, 3315, 3316, -1,
3292, 3316, 3293, -1,
3293, 3316, 3317, -1,
3293, 3317, 3294, -1,
3294, 3317, 3318, -1,
3294, 3318, 3295, -1,
3295, 3318, 3319, -1,
3295, 3319, 3296, -1,
3296, 3319, 3320, -1,
3296, 3320, 3297, -1,
3297, 3320, 3321, -1,
3297, 3321, 3298, -1,
3298, 3321, 3322, -1,
3298, 3322, 3275, -1,
3275, 3322, 3299, -1,
3299, 3323, 3300, -1,
3300, 3323, 3324, -1,
3300, 3324, 3301, -1,
3301, 3324, 3325, -1,
3301, 3325, 3302, -1,
3302, 3325, 3326, -1,
3302, 3326, 3303, -1,
3303, 3326, 3327, -1,
3303, 3327, 3304, -1,
3304, 3327, 3328, -1,
3304, 3328, 3305, -1,
3305, 3328, 3329, -1,
3305, 3329, 3306, -1,
3306, 3329, 3330, -1,
3306, 3330, 3307, -1,
3307, 3330, 3331, -1,
3307, 3331, 3308, -1,
3308, 3331, 3332, -1,
3308, 3332, 3309, -1,
3309, 3332, 3333, -1,
3309, 3333, 3310, -1,
3310, 3333, 3334, -1,
3310, 3334, 3311, -1,
3311, 3334, 3335, -1,
3311, 3335, 3312, -1,
3312, 3335, 3336, -1,
3312, 3336, 3313, -1,
3313, 3336, 3337, -1,
3313, 3337, 3314, -1,
3314, 3337, 3338, -1,
3314, 3338, 3315, -1,
3315, 3338, 3339, -1,
3315, 3339, 3316, -1,
3316, 3339, 3340, -1,
3316, 3340, 3317, -1,
3317, 3340, 3341, -1,
3317, 3341, 3318, -1,
3318, 3341, 3342, -1,
3318, 3342, 3319, -1,
3319, 3342, 3343, -1,
3319, 3343, 3320, -1,
3320, 3343, 3344, -1,
3320, 3344, 3321, -1,
3321, 3344, 3345, -1,
3321, 3345, 3322, -1,
3322, 3345, 3346, -1,
3322, 3346, 3299, -1,
3299, 3346, 3323, -1,
3323, 3347, 3324, -1,
3324, 3347, 3348, -1,
3324, 3348, 3325, -1,
3325, 3348, 3349, -1,
3325, 3349, 3326, -1,
3326, 3349, 3350, -1,
3326, 3350, 3327, -1,
3327, 3350, 3351, -1,
3327, 3351, 3328, -1,
3328, 3351, 3352, -1,
3328, 3352, 3329, -1,
3329, 3352, 3353, -1,
3329, 3353, 3330, -1,
3330, 3353, 3354, -1,
3330, 3354, 3331, -1,
3331, 3354, 3355, -1,
3331, 3355, 3332, -1,
3332, 3355, 3356, -1,
3332, 3356, 3333, -1,
3333, 3356, 3357, -1,
3333, 3357, 3334, -1,
3334, 3357, 3358, -1,
3334, 3358, 3335, -1,
3335, 3358, 3359, -1,
3335, 3359, 3336, -1,
3336, 3359, 3360, -1,
3336, 3360, 3337, -1,
3337, 3360, 3361, -1,
3337, 3361, 3338, -1,
3338, 3361, 3362, -1,
3338, 3362, 3339, -1,
3339, 3362, 3363, -1,
3339, 3363, 3340, -1,
3340, 3363, 3364, -1,
3340, 3364, 3341, -1,
3341, 3364, 3365, -1,
3341, 3365, 3342, -1,
3342, 3365, 3366, -1,
3342, 3366, 3343, -1,
3343, 3366, 3367, -1,
3343, 3367, 3344, -1,
3344, 3367, 3368, -1,
3344, 3368, 3345, -1,
3345, 3368, 3369, -1,
3345, 3369, 3346, -1,
3346, 3369, 3370, -1,
3346, 3370, 3323, -1,
3323, 3370, 3347, -1,
3347, 3371, 3348, -1,
3348, 3371, 3372, -1,
3348, 3372, 3349, -1,
3349, 3372, 3373, -1,
3349, 3373, 3350, -1,
3350, 3373, 3374, -1,
3350, 3374, 3351, -1,
3351, 3374, 3375, -1,
3351, 3375, 3352, -1,
3352, 3375, 3376, -1,
3352, 3376, 3353, -1,
3353, 3376, 3377, -1,
3353, 3377, 3354, -1,
3354, 3377, 3378, -1,
3354, 3378, 3355, -1,
3355, 3378, 3379, -1,
3355, 3379, 3356, -1,
3356, 3379, 3380, -1,
3356, 3380, 3357, -1,
3357, 3380, 3381, -1,
3357, 3381, 3358, -1,
3358, 3381, 3382, -1,
3358, 3382, 3359, -1,
3359, 3382, 3383, -1,
3359, 3383, 3360, -1,
3360, 3383, 3384, -1,
3360, 3384, 3361, -1,
3361, 3384, 3385, -1,
3361, 3385, 3362, -1,
3362, 3385, 3386, -1,
3362, 3386, 3363, -1,
3363, 3386, 3387, -1,
3363, 3387, 3364, -1,
3364, 3387, 3388, -1,
3364, 3388, 3365, -1,
3365, 3388, 3389, -1,
3365, 3389, 3366, -1,
3366, 3389, 3390, -1,
3366, 3390, 3367, -1,
3367, 3390, 3391, -1,
3367, 3391, 3368, -1,
3368, 3391, 3392, -1,
3368, 3392, 3369, -1,
3369, 3392, 3393, -1,
3369, 3393, 3370, -1,
3370, 3393, 3394, -1,
3370, 3394, 3347, -1,
3347, 3394, 3371, -1,
3371, 3395, 3372, -1,
3372, 3395, 3396, -1,
3372, 3396, 3373, -1,
3373, 3396, 3397, -1,
3373, 3397, 3374, -1,
3374, 3397, 3398, -1,
3374, 3398, 3375, -1,
3375, 3398, 3399, -1,
3375, 3399, 3376, -1,
3376, 3399, 3400, -1,
3376, 3400, 3377, -1,
3377, 3400, 3401, -1,
3377, 3401, 3378, -1,
3378, 3401, 3402, -1,
3378, 3402, 3379, -1,
3379, 3402, 3403, -1,
3379, 3403, 3380, -1,
3380, 3403, 3404, -1,
3380, 3404, 3381, -1,
3381, 3404, 3405, -1,
3381, 3405, 3382, -1,
3382, 3405, 3406, -1,
3382, 3406, 3383, -1,
3383, 3406, 3407, -1,
3383, 3407, 3384, -1,
3384, 3407, 3408, -1,
3384, 3408, 3385, -1,
3385, 3408, 3409, -1,
3385, 3409, 3386, -1,
3386, 3409, 3410, -1,
3386, 3410, 3387, -1,
3387, 3410, 3411, -1,
3387, 3411, 3388, -1,
3388, 3411, 3412, -1,
3388, 3412, 3389, -1,
3389, 3412, 3413, -1,
3389, 3413, 3390, -1,
3390, 3413, 3414, -1,
3390, 3414, 3391, -1,
3391, 3414, 3415, -1,
3391, 3415, 3392, -1,
3392, 3415, 3416, -1,
3392, 3416, 3393, -1,
3393, 3416, 3417, -1,
3393, 3417, 3394, -1,
3394, 3417, 3418, -1,
3394, 3418, 3371, -1,
3371, 3418, 3395, -1,
3395, 3173, 3396, -1,
3396, 3173, 3174, -1,
3396, 3174, 3397, -1,
3397, 3174, 3175, -1,
3397, 3175, 3398, -1,
3398, 3175, 3176, -1,
3398, 3176, 3399, -1,
3399, 3176, 3177, -1,
3399, 3177, 3400, -1,
3400, 3177, 3178, -1,
3400, 3178, 3401, -1,
3401, 3178, 3155, -1,
3401, 3155, 3402, -1,
3402, 3155, 3156, -1,
3402, 3156, 3403, -1,
3403, 3156, 3157, -1,
3403, 3157, 3404, -1,
3404, 3157, 3158, -1,
3404, 3158, 3405, -1,
3405, 3158, 3159, -1,
3405, 3159, 3406, -1,
3406, 3159, 3160, -1,
3406, 3160, 3407, -1,
3407, 3160, 3161, -1,
3407, 3161, 3408, -1,
3408, 3161, 3162, -1,
3408, 3162, 3409, -1,
3409, 3162, 3163, -1,
3409, 3163, 3410, -1,
3410, 3163, 3164, -1,
3410, 3164, 3411, -1,
3411, 3164, 3165, -1,
3411, 3165, 3412, -1,
3412, 3165, 3166, -1,
3412, 3166, 3413, -1,
3413, 3166, 3167, -1,
3413, 3167, 3414, -1,
3414, 3167, 3168, -1,
3414, 3168, 3415, -1,
3415, 3168, 3169, -1,
3415, 3169, 3416, -1,
3416, 3169, 3170, -1,
3416, 3170, 3417, -1,
3417, 3170, 3171, -1,
3417, 3171, 3418, -1,
3418, 3171, 3172, -1,
3418, 3172, 3395, -1,
3395, 3172, 3173, -1,
2762, 3181, 2757, -1,
2757, 3181, 3183, -1,
2757, 3183, 2758, -1,
2758, 3183, 3185, -1,
2758, 3185, 2759, -1,
2759, 3185, 3187, -1,
2759, 3187, 2754, -1,
2754, 3187, 3189, -1,
2754, 3189, 2755, -1,
2755, 3189, 3191, -1,
2755, 3191, 2756, -1,
2756, 3191, 3193, -1,
2756, 3193, 2751, -1,
2751, 3193, 3195, -1,
2751, 3195, 2752, -1,
2752, 3195, 3197, -1,
2752, 3197, 2753, -1,
2753, 3197, 3199, -1,
2753, 3199, 2746, -1,
2746, 3199, 3201, -1,
2746, 3201, 2747, -1,
2747, 3201, 3203, -1,
2747, 3203, 2749, -1,
2749, 3203, 3205, -1,
2749, 3205, 2750, -1,
2750, 3205, 3207, -1,
2750, 3207, 2769, -1,
2769, 3207, 3209, -1,
2769, 3209, 2770, -1,
2770, 3209, 3211, -1,
2770, 3211, 2766, -1,
2766, 3211, 3213, -1,
2766, 3213, 2767, -1,
2767, 3213, 3215, -1,
2767, 3215, 2768, -1,
2768, 3215, 3217, -1,
2768, 3217, 2763, -1,
2763, 3217, 3219, -1,
2763, 3219, 2764, -1,
2764, 3219, 3221, -1,
2764, 3221, 2765, -1,
2765, 3221, 3223, -1,
2765, 3223, 2760, -1,
2760, 3223, 3225, -1,
2760, 3225, 2761, -1,
2761, 3225, 3179, -1,
2761, 3179, 2762, -1,
2762, 3179, 3181, -1,
3419, 3420, 3421, -1,
2818, 2817, 3421, -1,
3422, 3423, 3424, -1,
2815, 2814, 3424, -1,
3425, 3426, 3427, -1,
2812, 2811, 3427, -1,
2809, 2808, 3428, -1,
3429, 3430, 3431, -1,
2806, 2805, 3431, -1,
3432, 3433, 3434, -1,
2803, 2802, 3434, -1,
3435, 3436, 3437, -1,
2800, 2799, 3437, -1,
3438, 3439, 3440, -1,
2797, 2796, 3440, -1,
3441, 3442, 3443, -1,
2794, 2793, 3443, -1,
3444, 3445, 3446, -1,
3446, 3445, 3447, -1,
3447, 3448, 3446, -1,
3446, 3448, 2791, -1,
3446, 2791, 2790, -1,
2790, 2794, 3446, -1,
3446, 2794, 3443, -1,
3446, 3443, 3444, -1,
3444, 3443, 3442, -1,
2793, 2797, 3443, -1,
3443, 2797, 3440, -1,
3443, 3440, 3441, -1,
3441, 3440, 3439, -1,
2796, 2800, 3440, -1,
3440, 2800, 3437, -1,
3440, 3437, 3438, -1,
3438, 3437, 3436, -1,
2799, 2803, 3437, -1,
3437, 2803, 3434, -1,
3437, 3434, 3435, -1,
3435, 3434, 3433, -1,
2802, 2806, 3434, -1,
3434, 2806, 3431, -1,
3434, 3431, 3432, -1,
3432, 3431, 3430, -1,
3449, 3450, 3428, -1,
3428, 3450, 3451, -1,
2805, 2809, 3431, -1,
3431, 2809, 3428, -1,
3431, 3428, 3429, -1,
3429, 3428, 3451, -1,
2808, 2812, 3428, -1,
3428, 2812, 3427, -1,
3428, 3427, 3449, -1,
3449, 3427, 3426, -1,
2811, 2815, 3427, -1,
3427, 2815, 3424, -1,
3427, 3424, 3425, -1,
3425, 3424, 3423, -1,
2814, 2818, 3424, -1,
3424, 2818, 3421, -1,
3424, 3421, 3422, -1,
3422, 3421, 3420, -1,
2817, 2821, 3421, -1,
3421, 2821, 3452, -1,
3421, 3452, 3419, -1,
3453, 3454, 3452, -1,
3452, 3454, 3455, -1,
3452, 3455, 3419, -1,
2821, 2820, 3452, -1,
3452, 2820, 2824, -1,
3452, 2824, 3453, -1,
3456, 3457, 3453, -1,
3453, 3457, 3458, -1,
3453, 3458, 3454, -1,
2824, 2823, 3453, -1,
3453, 2823, 2827, -1,
3453, 2827, 3456, -1,
3459, 3460, 3456, -1,
3456, 3460, 3461, -1,
3456, 3461, 3457, -1,
2827, 2826, 3456, -1,
3456, 2826, 2830, -1,
3456, 2830, 3459, -1,
3462, 3463, 3459, -1,
3459, 3463, 3464, -1,
3459, 3464, 3460, -1,
2830, 2829, 3459, -1,
3459, 2829, 2833, -1,
3459, 2833, 3462, -1,
3465, 3466, 3462, -1,
3462, 3466, 3467, -1,
3462, 3467, 3463, -1,
2833, 2832, 3462, -1,
3462, 2832, 2836, -1,
3462, 2836, 3465, -1,
3468, 3469, 3465, -1,
3465, 3469, 3470, -1,
3465, 3470, 3466, -1,
2836, 2835, 3465, -1,
3465, 2835, 2839, -1,
3465, 2839, 3468, -1,
3471, 3472, 3468, -1,
3468, 3472, 3473, -1,
3468, 3473, 3469, -1,
2839, 2838, 3468, -1,
3468, 2838, 2842, -1,
3468, 2842, 3471, -1,
3474, 3475, 3471, -1,
3471, 3475, 3476, -1,
3471, 3476, 3472, -1,
2842, 2841, 3471, -1,
3471, 2841, 2840, -1,
3471, 2840, 3474, -1,
3477, 3478, 3474, -1,
3474, 3478, 3479, -1,
3474, 3479, 3475, -1,
2840, 2773, 3474, -1,
3474, 2773, 2776, -1,
3474, 2776, 3477, -1,
3480, 3481, 3477, -1,
3477, 3481, 3482, -1,
3477, 3482, 3478, -1,
2776, 2775, 3477, -1,
3477, 2775, 2779, -1,
3477, 2779, 3480, -1,
3483, 3484, 3480, -1,
3480, 3484, 3485, -1,
3480, 3485, 3481, -1,
2779, 2778, 3480, -1,
3480, 2778, 2782, -1,
3480, 2782, 3483, -1,
3486, 3487, 3483, -1,
3483, 3487, 3488, -1,
3483, 3488, 3484, -1,
2782, 2781, 3483, -1,
3483, 2781, 2785, -1,
3483, 2785, 3486, -1,
3447, 3489, 3448, -1,
3448, 3489, 3490, -1,
3448, 3490, 3486, -1,
3486, 3490, 3491, -1,
3486, 3491, 3487, -1,
2785, 2784, 3486, -1,
3486, 2784, 2788, -1,
3486, 2788, 3448, -1,
3448, 2788, 2787, -1,
3448, 2787, 2791, -1,
3492, 3461, 3493, -1,
3493, 3461, 3460, -1,
3493, 3460, 3494, -1,
3494, 3460, 3464, -1,
3494, 3464, 3495, -1,
3495, 3464, 3463, -1,
3495, 3463, 3496, -1,
3496, 3463, 3467, -1,
3496, 3467, 3497, -1,
3497, 3467, 3466, -1,
3497, 3466, 3498, -1,
3498, 3466, 3470, -1,
3498, 3470, 3499, -1,
3499, 3470, 3469, -1,
3499, 3469, 3500, -1,
3500, 3469, 3473, -1,
3500, 3473, 3501, -1,
3501, 3473, 3472, -1,
3501, 3472, 3502, -1,
3502, 3472, 3476, -1,
3502, 3476, 3503, -1,
3503, 3476, 3475, -1,
3503, 3475, 3504, -1,
3504, 3475, 3479, -1,
3504, 3479, 3505, -1,
3505, 3479, 3478, -1,
3505, 3478, 3506, -1,
3506, 3478, 3482, -1,
3506, 3482, 3507, -1,
3507, 3482, 3481, -1,
3507, 3481, 3508, -1,
3508, 3481, 3485, -1,
3508, 3485, 3509, -1,
3509, 3485, 3484, -1,
3509, 3484, 3510, -1,
3510, 3484, 3488, -1,
3510, 3488, 3511, -1,
3511, 3488, 3487, -1,
3511, 3487, 3512, -1,
3512, 3487, 3491, -1,
3512, 3491, 3513, -1,
3513, 3491, 3490, -1,
3513, 3490, 3514, -1,
3514, 3490, 3489, -1,
3514, 3489, 3515, -1,
3515, 3489, 3447, -1,
3515, 3447, 3516, -1,
3516, 3447, 3445, -1,
3516, 3445, 3517, -1,
3517, 3445, 3444, -1,
3517, 3444, 3518, -1,
3518, 3444, 3442, -1,
3518, 3442, 3519, -1,
3519, 3442, 3441, -1,
3519, 3441, 3520, -1,
3520, 3441, 3439, -1,
3520, 3439, 3521, -1,
3521, 3439, 3438, -1,
3521, 3438, 3522, -1,
3522, 3438, 3436, -1,
3522, 3436, 3523, -1,
3523, 3436, 3435, -1,
3523, 3435, 3524, -1,
3524, 3435, 3433, -1,
3524, 3433, 3525, -1,
3525, 3433, 3432, -1,
3525, 3432, 3526, -1,
3526, 3432, 3430, -1,
3526, 3430, 3527, -1,
3527, 3430, 3429, -1,
3527, 3429, 3528, -1,
3528, 3429, 3451, -1,
3528, 3451, 3529, -1,
3529, 3451, 3450, -1,
3529, 3450, 3530, -1,
3530, 3450, 3449, -1,
3530, 3449, 3531, -1,
3531, 3449, 3426, -1,
3531, 3426, 3532, -1,
3532, 3426, 3425, -1,
3532, 3425, 3533, -1,
3533, 3425, 3423, -1,
3533, 3423, 3534, -1,
3534, 3423, 3422, -1,
3534, 3422, 3535, -1,
3535, 3422, 3420, -1,
3535, 3420, 3536, -1,
3536, 3420, 3419, -1,
3536, 3419, 3537, -1,
3537, 3419, 3455, -1,
3537, 3455, 3538, -1,
3538, 3455, 3454, -1,
3538, 3454, 3539, -1,
3539, 3454, 3458, -1,
3539, 3458, 3540, -1,
3540, 3458, 3457, -1,
3540, 3457, 3492, -1,
3492, 3457, 3461, -1,
2664, 2662, 3541, -1,
3509, 3510, 3541, -1,
2661, 2659, 3542, -1,
3507, 3508, 3542, -1,
2658, 2656, 3543, -1,
3505, 3506, 3543, -1,
2655, 2649, 3544, -1,
3503, 3504, 3544, -1,
2648, 2712, 3545, -1,
3501, 3502, 3545, -1,
2714, 2715, 3546, -1,
3499, 3500, 3546, -1,
2717, 2718, 3547, -1,
3497, 3498, 3547, -1,
2720, 2721, 3548, -1,
3495, 3496, 3548, -1,
2723, 2724, 3549, -1,
3493, 3494, 3549, -1,
2726, 2727, 3550, -1,
3550, 2727, 2729, -1,
2729, 3551, 3550, -1,
3550, 3551, 3540, -1,
3550, 3540, 3492, -1,
3492, 3493, 3550, -1,
3550, 3493, 3549, -1,
3550, 3549, 2726, -1,
2726, 3549, 2724, -1,
3494, 3495, 3549, -1,
3549, 3495, 3548, -1,
3549, 3548, 2723, -1,
2723, 3548, 2721, -1,
3496, 3497, 3548, -1,
3548, 3497, 3547, -1,
3548, 3547, 2720, -1,
2720, 3547, 2718, -1,
3498, 3499, 3547, -1,
3547, 3499, 3546, -1,
3547, 3546, 2717, -1,
2717, 3546, 2715, -1,
3500, 3501, 3546, -1,
3546, 3501, 3545, -1,
3546, 3545, 2714, -1,
2714, 3545, 2712, -1,
3502, 3503, 3545, -1,
3545, 3503, 3544, -1,
3545, 3544, 2648, -1,
2648, 3544, 2649, -1,
3504, 3505, 3544, -1,
3544, 3505, 3543, -1,
3544, 3543, 2655, -1,
2655, 3543, 2656, -1,
3506, 3507, 3543, -1,
3543, 3507, 3542, -1,
3543, 3542, 2658, -1,
2658, 3542, 2659, -1,
3508, 3509, 3542, -1,
3542, 3509, 3541, -1,
3542, 3541, 2661, -1,
2661, 3541, 2662, -1,
3510, 3511, 3541, -1,
3541, 3511, 3552, -1,
3541, 3552, 2664, -1,
3553, 2667, 3552, -1,
3552, 2667, 2665, -1,
3552, 2665, 2664, -1,
3511, 3512, 3552, -1,
3552, 3512, 3513, -1,
3552, 3513, 3553, -1,
3554, 2670, 3553, -1,
3553, 2670, 2668, -1,
3553, 2668, 2667, -1,
3513, 3514, 3553, -1,
3553, 3514, 3515, -1,
3553, 3515, 3554, -1,
3555, 2673, 3554, -1,
3554, 2673, 2671, -1,
3554, 2671, 2670, -1,
3515, 3516, 3554, -1,
3554, 3516, 3517, -1,
3554, 3517, 3555, -1,
3556, 2676, 3555, -1,
3555, 2676, 2674, -1,
3555, 2674, 2673, -1,
3517, 3518, 3555, -1,
3555, 3518, 3519, -1,
3555, 3519, 3556, -1,
2682, 2680, 3557, -1,
3557, 2680, 2679, -1,
3557, 2679, 3556, -1,
3556, 2679, 2677, -1,
3556, 2677, 2676, -1,
3522, 3557, 3521, -1,
3521, 3557, 3556, -1,
3521, 3556, 3520, -1,
3520, 3556, 3519, -1,
3522, 3523, 3557, -1,
3557, 3523, 3558, -1,
3557, 3558, 2682, -1,
2682, 3558, 2683, -1,
2683, 3558, 2691, -1,
2691, 3558, 3559, -1,
2691, 3559, 2690, -1,
3526, 3559, 3525, -1,
3525, 3559, 3558, -1,
3525, 3558, 3524, -1,
3524, 3558, 3523, -1,
3526, 3527, 3559, -1,
3559, 3527, 3528, -1,
3559, 3528, 3560, -1,
3561, 2744, 3560, -1,
3560, 2744, 2745, -1,
3560, 2745, 3559, -1,
3559, 2745, 2688, -1,
3559, 2688, 2690, -1,
3528, 3529, 3560, -1,
3560, 3529, 3530, -1,
3560, 3530, 3561, -1,
3562, 2741, 3561, -1,
3561, 2741, 2742, -1,
3561, 2742, 2744, -1,
3530, 3531, 3561, -1,
3561, 3531, 3532, -1,
3561, 3532, 3562, -1,
3563, 2738, 3562, -1,
3562, 2738, 2739, -1,
3562, 2739, 2741, -1,
3532, 3533, 3562, -1,
3562, 3533, 3534, -1,
3562, 3534, 3563, -1,
3564, 2735, 3563, -1,
3563, 2735, 2736, -1,
3563, 2736, 2738, -1,
3534, 3535, 3563, -1,
3563, 3535, 3536, -1,
3563, 3536, 3564, -1,
2729, 2730, 3551, -1,
3551, 2730, 2732, -1,
3551, 2732, 3564, -1,
3564, 2732, 2733, -1,
3564, 2733, 2735, -1,
3536, 3537, 3564, -1,
3564, 3537, 3538, -1,
3564, 3538, 3551, -1,
3551, 3538, 3539, -1,
3551, 3539, 3540, -1,
3565, 3566, 3567, -1,
3568, 3569, 3570, -1,
3570, 3569, 3571, -1,
3572, 3573, 3574, -1,
3574, 3573, 3575, -1,
3574, 3575, 3576, -1,
3576, 3575, 3577, -1,
3576, 3577, 3578, -1,
3578, 3577, 3579, -1,
3578, 3579, 3580, -1,
3580, 3579, 3581, -1,
3580, 3581, 3582, -1,
3582, 3581, 3583, -1,
3582, 3583, 3584, -1,
3584, 3583, 3585, -1,
3584, 3585, 3586, -1,
3586, 3585, 3587, -1,
3586, 3587, 3588, -1,
3588, 3587, 3589, -1,
3588, 3589, 3590, -1,
3590, 3589, 3565, -1,
3590, 3565, 3591, -1,
3591, 3565, 3567, -1,
3592, 3593, 3594, -1,
3592, 3594, 3595, -1,
3596, 3597, 3572, -1,
3572, 3597, 3598, -1,
3572, 3598, 3573, -1,
3594, 3599, 3595, -1,
3595, 3599, 3600, -1,
3595, 3600, 3601, -1,
3600, 3602, 3601, -1,
3601, 3602, 3603, -1,
3601, 3603, 3604, -1,
3603, 3605, 3604, -1,
3604, 3605, 3606, -1,
3604, 3606, 3607, -1,
3606, 3608, 3607, -1,
3607, 3608, 3609, -1,
3607, 3609, 3610, -1,
3609, 3611, 3610, -1,
3610, 3611, 3612, -1,
3610, 3612, 3613, -1,
3612, 3614, 3613, -1,
3613, 3614, 3615, -1,
3613, 3615, 3616, -1,
3615, 3617, 3616, -1,
3616, 3617, 3618, -1,
3616, 3618, 3619, -1,
3618, 3620, 3619, -1,
3619, 3620, 3621, -1,
3619, 3621, 3622, -1,
3621, 3623, 3622, -1,
3622, 3623, 3624, -1,
3622, 3624, 3625, -1,
3624, 3626, 3625, -1,
3625, 3626, 3627, -1,
3625, 3627, 3571, -1,
3571, 3627, 3628, -1,
3571, 3628, 3570, -1,
3592, 3597, 3593, -1,
3593, 3597, 3596, -1,
3593, 3596, 3629, -1,
3629, 3596, 3630, -1,
3629, 3630, 3631, -1,
3631, 3630, 3632, -1,
3632, 3630, 3633, -1,
3632, 3633, 3634, -1,
3634, 3633, 3635, -1,
3635, 3633, 3636, -1,
3635, 3636, 3637, -1,
3637, 3636, 3638, -1,
3638, 3636, 3639, -1,
3638, 3639, 3640, -1,
3640, 3639, 3641, -1,
3641, 3639, 3642, -1,
3641, 3642, 3643, -1,
3643, 3642, 3644, -1,
3644, 3642, 3645, -1,
3644, 3645, 3646, -1,
3646, 3645, 3647, -1,
3647, 3645, 3648, -1,
3647, 3648, 3649, -1,
3649, 3648, 3650, -1,
3650, 3648, 3651, -1,
3650, 3651, 3652, -1,
3652, 3651, 3653, -1,
3653, 3651, 3654, -1,
3653, 3654, 3655, -1,
3655, 3654, 3656, -1,
3656, 3654, 3657, -1,
3656, 3657, 3658, -1,
3658, 3657, 3659, -1,
3659, 3657, 3660, -1,
3659, 3660, 3661, -1,
3661, 3660, 3662, -1,
3662, 3660, 3567, -1,
3662, 3567, 3568, -1,
3568, 3567, 3566, -1,
3568, 3566, 3569, -1,
3663, 3664, 3665, -1,
3665, 3664, 3666, -1,
3665, 3666, 3667, -1,
3668, 3669, 3665, -1,
3665, 3669, 3670, -1,
3665, 3670, 3663, -1,
3671, 3672, 3665, -1,
3665, 3672, 3673, -1,
3665, 3673, 3668, -1,
3674, 3675, 3665, -1,
3665, 3675, 3676, -1,
3665, 3676, 3671, -1,
3677, 3678, 3665, -1,
3665, 3678, 3679, -1,
3665, 3679, 3674, -1,
3680, 3681, 3665, -1,
3665, 3681, 3682, -1,
3665, 3682, 3677, -1,
3683, 3684, 3665, -1,
3665, 3684, 3685, -1,
3665, 3685, 3680, -1,
3667, 3686, 3665, -1,
3665, 3686, 3687, -1,
3665, 3687, 3683, -1,
3688, 3689, 3690, -1,
3691, 3692, 3689, -1,
3689, 3692, 3693, -1,
3689, 3693, 3690, -1,
3694, 3695, 3691, -1,
3691, 3695, 3696, -1,
3691, 3696, 3692, -1,
3697, 3698, 3694, -1,
3694, 3698, 3699, -1,
3694, 3699, 3695, -1,
3700, 3701, 3697, -1,
3697, 3701, 3702, -1,
3697, 3702, 3698, -1,
3703, 3704, 3700, -1,
3700, 3704, 3705, -1,
3700, 3705, 3701, -1,
3706, 3707, 3703, -1,
3703, 3707, 3708, -1,
3703, 3708, 3704, -1,
3709, 3710, 3706, -1,
3706, 3710, 3711, -1,
3706, 3711, 3707, -1,
3712, 3713, 3709, -1,
3709, 3713, 3714, -1,
3709, 3714, 3710, -1,
3715, 3716, 3712, -1,
3712, 3716, 3717, -1,
3712, 3717, 3713, -1,
3718, 3719, 3715, -1,
3715, 3719, 3720, -1,
3715, 3720, 3716, -1,
3721, 3722, 3718, -1,
3718, 3722, 3723, -1,
3718, 3723, 3719, -1,
3724, 3725, 3721, -1,
3721, 3725, 3726, -1,
3721, 3726, 3722, -1,
3727, 3728, 3724, -1,
3724, 3728, 3729, -1,
3724, 3729, 3725, -1,
3730, 3731, 3727, -1,
3727, 3731, 3732, -1,
3727, 3732, 3728, -1,
3733, 3734, 3730, -1,
3730, 3734, 3735, -1,
3730, 3735, 3731, -1,
3736, 3737, 3733, -1,
3733, 3737, 3738, -1,
3733, 3738, 3734, -1,
3739, 3740, 3736, -1,
3736, 3740, 3741, -1,
3736, 3741, 3737, -1,
3742, 3743, 3739, -1,
3739, 3743, 3744, -1,
3739, 3744, 3740, -1,
3745, 3746, 3742, -1,
3742, 3746, 3747, -1,
3742, 3747, 3743, -1,
3748, 3749, 3745, -1,
3745, 3749, 3750, -1,
3745, 3750, 3746, -1,
3751, 3752, 3748, -1,
3748, 3752, 3753, -1,
3748, 3753, 3749, -1,
3754, 3755, 3751, -1,
3751, 3755, 3756, -1,
3751, 3756, 3752, -1,
3690, 3757, 3688, -1,
3688, 3757, 3758, -1,
3688, 3758, 3754, -1,
3754, 3758, 3759, -1,
3754, 3759, 3755, -1,
3760, 3761, 3762, -1,
3762, 3761, 3763, -1,
3762, 3763, 3764, -1,
3764, 3763, 3765, -1,
3764, 3765, 3766, -1,
3766, 3765, 3767, -1,
3766, 3767, 3768, -1,
3768, 3767, 3769, -1,
3768, 3769, 3770, -1,
3770, 3769, 3771, -1,
3770, 3771, 3772, -1,
3772, 3771, 3773, -1,
3772, 3773, 3774, -1,
3774, 3773, 3775, -1,
3774, 3775, 3776, -1,
3776, 3775, 3777, -1,
3776, 3777, 3778, -1,
3778, 3777, 3779, -1,
3778, 3779, 3780, -1,
3780, 3779, 3781, -1,
3780, 3781, 3782, -1,
3782, 3781, 3783, -1,
3782, 3783, 3784, -1,
3784, 3783, 3785, -1,
3784, 3785, 3786, -1,
3786, 3785, 3787, -1,
3786, 3787, 3788, -1,
3788, 3787, 3789, -1,
3788, 3789, 3790, -1,
3790, 3789, 3791, -1,
3790, 3791, 3792, -1,
3792, 3791, 3793, -1,
3792, 3793, 3794, -1,
3794, 3793, 3795, -1,
3794, 3795, 3796, -1,
3796, 3795, 3797, -1,
3796, 3797, 3798, -1,
3798, 3797, 3799, -1,
3798, 3799, 3800, -1,
3800, 3799, 3801, -1,
3800, 3801, 3802, -1,
3802, 3801, 3803, -1,
3802, 3803, 3804, -1,
3804, 3803, 3805, -1,
3804, 3805, 3806, -1,
3806, 3805, 3807, -1,
3806, 3807, 3760, -1,
3760, 3807, 3761, -1,
3761, 3808, 3763, -1,
3763, 3808, 3809, -1,
3763, 3809, 3765, -1,
3765, 3809, 3810, -1,
3765, 3810, 3767, -1,
3767, 3810, 3811, -1,
3767, 3811, 3769, -1,
3769, 3811, 3812, -1,
3769, 3812, 3771, -1,
3771, 3812, 3813, -1,
3771, 3813, 3773, -1,
3773, 3813, 3814, -1,
3773, 3814, 3775, -1,
3775, 3814, 3815, -1,
3775, 3815, 3777, -1,
3777, 3815, 3816, -1,
3777, 3816, 3779, -1,
3779, 3816, 3817, -1,
3779, 3817, 3781, -1,
3781, 3817, 3818, -1,
3781, 3818, 3783, -1,
3783, 3818, 3819, -1,
3783, 3819, 3785, -1,
3785, 3819, 3820, -1,
3785, 3820, 3787, -1,
3787, 3820, 3821, -1,
3787, 3821, 3789, -1,
3789, 3821, 3822, -1,
3789, 3822, 3791, -1,
3791, 3822, 3823, -1,
3791, 3823, 3793, -1,
3793, 3823, 3824, -1,
3793, 3824, 3795, -1,
3795, 3824, 3825, -1,
3795, 3825, 3797, -1,
3797, 3825, 3826, -1,
3797, 3826, 3799, -1,
3799, 3826, 3827, -1,
3799, 3827, 3801, -1,
3801, 3827, 3828, -1,
3801, 3828, 3803, -1,
3803, 3828, 3829, -1,
3803, 3829, 3805, -1,
3805, 3829, 3830, -1,
3805, 3830, 3807, -1,
3807, 3830, 3831, -1,
3807, 3831, 3761, -1,
3761, 3831, 3808, -1,
3808, 3832, 3809, -1,
3809, 3832, 3833, -1,
3809, 3833, 3810, -1,
3810, 3833, 3834, -1,
3810, 3834, 3811, -1,
3811, 3834, 3835, -1,
3811, 3835, 3812, -1,
3812, 3835, 3836, -1,
3812, 3836, 3813, -1,
3813, 3836, 3837, -1,
3813, 3837, 3814, -1,
3814, 3837, 3838, -1,
3814, 3838, 3815, -1,
3815, 3838, 3839, -1,
3815, 3839, 3816, -1,
3816, 3839, 3840, -1,
3816, 3840, 3817, -1,
3817, 3840, 3841, -1,
3817, 3841, 3818, -1,
3818, 3841, 3842, -1,
3818, 3842, 3819, -1,
3819, 3842, 3843, -1,
3819, 3843, 3820, -1,
3820, 3843, 3844, -1,
3820, 3844, 3821, -1,
3821, 3844, 3845, -1,
3821, 3845, 3822, -1,
3822, 3845, 3846, -1,
3822, 3846, 3823, -1,
3823, 3846, 3847, -1,
3823, 3847, 3824, -1,
3824, 3847, 3848, -1,
3824, 3848, 3825, -1,
3825, 3848, 3849, -1,
3825, 3849, 3826, -1,
3826, 3849, 3850, -1,
3826, 3850, 3827, -1,
3827, 3850, 3851, -1,
3827, 3851, 3828, -1,
3828, 3851, 3852, -1,
3828, 3852, 3829, -1,
3829, 3852, 3853, -1,
3829, 3853, 3830, -1,
3830, 3853, 3854, -1,
3830, 3854, 3831, -1,
3831, 3854, 3855, -1,
3831, 3855, 3808, -1,
3808, 3855, 3832, -1,
3832, 3856, 3833, -1,
3833, 3856, 3857, -1,
3833, 3857, 3834, -1,
3834, 3857, 3858, -1,
3834, 3858, 3835, -1,
3835, 3858, 3859, -1,
3835, 3859, 3836, -1,
3836, 3859, 3860, -1,
3836, 3860, 3837, -1,
3837, 3860, 3861, -1,
3837, 3861, 3838, -1,
3838, 3861, 3862, -1,
3838, 3862, 3839, -1,
3839, 3862, 3863, -1,
3839, 3863, 3840, -1,
3840, 3863, 3864, -1,
3840, 3864, 3841, -1,
3841, 3864, 3865, -1,
3841, 3865, 3842, -1,
3842, 3865, 3866, -1,
3842, 3866, 3843, -1,
3843, 3866, 3867, -1,
3843, 3867, 3844, -1,
3844, 3867, 3868, -1,
3844, 3868, 3845, -1,
3845, 3868, 3869, -1,
3845, 3869, 3846, -1,
3846, 3869, 3870, -1,
3846, 3870, 3847, -1,
3847, 3870, 3871, -1,
3847, 3871, 3848, -1,
3848, 3871, 3872, -1,
3848, 3872, 3849, -1,
3849, 3872, 3873, -1,
3849, 3873, 3850, -1,
3850, 3873, 3874, -1,
3850, 3874, 3851, -1,
3851, 3874, 3875, -1,
3851, 3875, 3852, -1,
3852, 3875, 3876, -1,
3852, 3876, 3853, -1,
3853, 3876, 3877, -1,
3853, 3877, 3854, -1,
3854, 3877, 3878, -1,
3854, 3878, 3855, -1,
3855, 3878, 3879, -1,
3855, 3879, 3832, -1,
3832, 3879, 3856, -1,
3856, 3880, 3857, -1,
3857, 3880, 3881, -1,
3857, 3881, 3858, -1,
3858, 3881, 3882, -1,
3858, 3882, 3859, -1,
3859, 3882, 3883, -1,
3859, 3883, 3860, -1,
3860, 3883, 3884, -1,
3860, 3884, 3861, -1,
3861, 3884, 3885, -1,
3861, 3885, 3862, -1,
3862, 3885, 3886, -1,
3862, 3886, 3863, -1,
3863, 3886, 3887, -1,
3863, 3887, 3864, -1,
3864, 3887, 3888, -1,
3864, 3888, 3865, -1,
3865, 3888, 3889, -1,
3865, 3889, 3866, -1,
3866, 3889, 3890, -1,
3866, 3890, 3867, -1,
3867, 3890, 3891, -1,
3867, 3891, 3868, -1,
3868, 3891, 3892, -1,
3868, 3892, 3869, -1,
3869, 3892, 3893, -1,
3869, 3893, 3870, -1,
3870, 3893, 3894, -1,
3870, 3894, 3871, -1,
3871, 3894, 3895, -1,
3871, 3895, 3872, -1,
3872, 3895, 3896, -1,
3872, 3896, 3873, -1,
3873, 3896, 3897, -1,
3873, 3897, 3874, -1,
3874, 3897, 3898, -1,
3874, 3898, 3875, -1,
3875, 3898, 3899, -1,
3875, 3899, 3876, -1,
3876, 3899, 3900, -1,
3876, 3900, 3877, -1,
3877, 3900, 3901, -1,
3877, 3901, 3878, -1,
3878, 3901, 3902, -1,
3878, 3902, 3879, -1,
3879, 3902, 3903, -1,
3879, 3903, 3856, -1,
3856, 3903, 3880, -1,
3880, 3703, 3881, -1,
3881, 3703, 3700, -1,
3881, 3700, 3882, -1,
3882, 3700, 3697, -1,
3882, 3697, 3883, -1,
3883, 3697, 3694, -1,
3883, 3694, 3884, -1,
3884, 3694, 3691, -1,
3884, 3691, 3885, -1,
3885, 3691, 3689, -1,
3885, 3689, 3886, -1,
3886, 3689, 3688, -1,
3886, 3688, 3887, -1,
3887, 3688, 3754, -1,
3887, 3754, 3888, -1,
3888, 3754, 3751, -1,
3888, 3751, 3889, -1,
3889, 3751, 3748, -1,
3889, 3748, 3890, -1,
3890, 3748, 3745, -1,
3890, 3745, 3891, -1,
3891, 3745, 3742, -1,
3891, 3742, 3892, -1,
3892, 3742, 3739, -1,
3892, 3739, 3893, -1,
3893, 3739, 3736, -1,
3893, 3736, 3894, -1,
3894, 3736, 3733, -1,
3894, 3733, 3895, -1,
3895, 3733, 3730, -1,
3895, 3730, 3896, -1,
3896, 3730, 3727, -1,
3896, 3727, 3897, -1,
3897, 3727, 3724, -1,
3897, 3724, 3898, -1,
3898, 3724, 3721, -1,
3898, 3721, 3899, -1,
3899, 3721, 3718, -1,
3899, 3718, 3900, -1,
3900, 3718, 3715, -1,
3900, 3715, 3901, -1,
3901, 3715, 3712, -1,
3901, 3712, 3902, -1,
3902, 3712, 3709, -1,
3902, 3709, 3903, -1,
3903, 3709, 3706, -1,
3903, 3706, 3880, -1,
3880, 3706, 3703, -1,
3904, 3762, 3905, -1,
3905, 3762, 3764, -1,
3905, 3764, 3906, -1,
3906, 3764, 3766, -1,
3906, 3766, 3907, -1,
3907, 3766, 3768, -1,
3907, 3768, 3908, -1,
3908, 3768, 3770, -1,
3908, 3770, 3909, -1,
3909, 3770, 3772, -1,
3909, 3772, 3910, -1,
3910, 3772, 3774, -1,
3910, 3774, 3911, -1,
3911, 3774, 3776, -1,
3911, 3776, 3912, -1,
3912, 3776, 3778, -1,
3912, 3778, 3913, -1,
3913, 3778, 3780, -1,
3913, 3780, 3914, -1,
3914, 3780, 3782, -1,
3914, 3782, 3915, -1,
3915, 3782, 3784, -1,
3915, 3784, 3916, -1,
3916, 3784, 3786, -1,
3916, 3786, 3917, -1,
3917, 3786, 3788, -1,
3917, 3788, 3918, -1,
3918, 3788, 3790, -1,
3918, 3790, 3919, -1,
3919, 3790, 3792, -1,
3919, 3792, 3920, -1,
3920, 3792, 3794, -1,
3920, 3794, 3921, -1,
3921, 3794, 3796, -1,
3921, 3796, 3922, -1,
3922, 3796, 3798, -1,
3922, 3798, 3923, -1,
3923, 3798, 3800, -1,
3923, 3800, 3924, -1,
3924, 3800, 3802, -1,
3924, 3802, 3925, -1,
3925, 3802, 3804, -1,
3925, 3804, 3926, -1,
3926, 3804, 3806, -1,
3926, 3806, 3927, -1,
3927, 3806, 3760, -1,
3927, 3760, 3904, -1,
3904, 3760, 3762, -1,
3928, 3929, 3930, -1,
3930, 3929, 3931, -1,
3930, 3931, 3932, -1,
3932, 3931, 3933, -1,
3932, 3933, 3934, -1,
3934, 3933, 3935, -1,
3934, 3935, 3936, -1,
3936, 3935, 3937, -1,
3936, 3937, 3938, -1,
3938, 3937, 3939, -1,
3938, 3939, 3940, -1,
3940, 3939, 3941, -1,
3940, 3941, 3942, -1,
3942, 3941, 3943, -1,
3942, 3943, 3944, -1,
3944, 3943, 3945, -1,
3944, 3945, 3946, -1,
3946, 3945, 3947, -1,
3946, 3947, 3948, -1,
3948, 3947, 3949, -1,
3948, 3949, 3950, -1,
3950, 3949, 3951, -1,
3950, 3951, 3952, -1,
3952, 3951, 3953, -1,
3952, 3953, 3954, -1,
3954, 3953, 3955, -1,
3954, 3955, 3956, -1,
3956, 3955, 3957, -1,
3956, 3957, 3958, -1,
3958, 3957, 3959, -1,
3958, 3959, 3960, -1,
3960, 3959, 3961, -1,
3960, 3961, 3962, -1,
3962, 3961, 3963, -1,
3962, 3963, 3964, -1,
3964, 3963, 3965, -1,
3964, 3965, 3966, -1,
3966, 3965, 3967, -1,
3966, 3967, 3968, -1,
3968, 3967, 3969, -1,
3968, 3969, 3970, -1,
3970, 3969, 3971, -1,
3970, 3971, 3972, -1,
3972, 3971, 3973, -1,
3972, 3973, 3974, -1,
3974, 3973, 3975, -1,
3974, 3975, 3928, -1,
3928, 3975, 3929, -1,
3929, 3976, 3931, -1,
3931, 3976, 3977, -1,
3931, 3977, 3933, -1,
3933, 3977, 3978, -1,
3933, 3978, 3935, -1,
3935, 3978, 3979, -1,
3935, 3979, 3937, -1,
3937, 3979, 3980, -1,
3937, 3980, 3939, -1,
3939, 3980, 3981, -1,
3939, 3981, 3941, -1,
3941, 3981, 3982, -1,
3941, 3982, 3943, -1,
3943, 3982, 3983, -1,
3943, 3983, 3945, -1,
3945, 3983, 3984, -1,
3945, 3984, 3947, -1,
3947, 3984, 3985, -1,
3947, 3985, 3949, -1,
3949, 3985, 3986, -1,
3949, 3986, 3951, -1,
3951, 3986, 3987, -1,
3951, 3987, 3953, -1,
3953, 3987, 3988, -1,
3953, 3988, 3955, -1,
3955, 3988, 3989, -1,
3955, 3989, 3957, -1,
3957, 3989, 3990, -1,
3957, 3990, 3959, -1,
3959, 3990, 3991, -1,
3959, 3991, 3961, -1,
3961, 3991, 3992, -1,
3961, 3992, 3963, -1,
3963, 3992, 3993, -1,
3963, 3993, 3965, -1,
3965, 3993, 3994, -1,
3965, 3994, 3967, -1,
3967, 3994, 3995, -1,
3967, 3995, 3969, -1,
3969, 3995, 3996, -1,
3969, 3996, 3971, -1,
3971, 3996, 3997, -1,
3971, 3997, 3973, -1,
3973, 3997, 3998, -1,
3973, 3998, 3975, -1,
3975, 3998, 3999, -1,
3975, 3999, 3929, -1,
3929, 3999, 3976, -1,
3976, 4000, 3977, -1,
3977, 4000, 4001, -1,
3977, 4001, 3978, -1,
3978, 4001, 4002, -1,
3978, 4002, 3979, -1,
3979, 4002, 4003, -1,
3979, 4003, 3980, -1,
3980, 4003, 4004, -1,
3980, 4004, 3981, -1,
3981, 4004, 4005, -1,
3981, 4005, 3982, -1,
3982, 4005, 4006, -1,
3982, 4006, 3983, -1,
3983, 4006, 4007, -1,
3983, 4007, 3984, -1,
3984, 4007, 4008, -1,
3984, 4008, 3985, -1,
3985, 4008, 4009, -1,
3985, 4009, 3986, -1,
3986, 4009, 4010, -1,
3986, 4010, 3987, -1,
3987, 4010, 4011, -1,
3987, 4011, 3988, -1,
3988, 4011, 4012, -1,
3988, 4012, 3989, -1,
3989, 4012, 4013, -1,
3989, 4013, 3990, -1,
3990, 4013, 4014, -1,
3990, 4014, 3991, -1,
3991, 4014, 4015, -1,
3991, 4015, 3992, -1,
3992, 4015, 4016, -1,
3992, 4016, 3993, -1,
3993, 4016, 4017, -1,
3993, 4017, 3994, -1,
3994, 4017, 4018, -1,
3994, 4018, 3995, -1,
3995, 4018, 4019, -1,
3995, 4019, 3996, -1,
3996, 4019, 4020, -1,
3996, 4020, 3997, -1,
3997, 4020, 4021, -1,
3997, 4021, 3998, -1,
3998, 4021, 4022, -1,
3998, 4022, 3999, -1,
3999, 4022, 4023, -1,
3999, 4023, 3976, -1,
3976, 4023, 4000, -1,
4000, 4024, 4001, -1,
4001, 4024, 4025, -1,
4001, 4025, 4002, -1,
4002, 4025, 4026, -1,
4002, 4026, 4003, -1,
4003, 4026, 4027, -1,
4003, 4027, 4004, -1,
4004, 4027, 4028, -1,
4004, 4028, 4005, -1,
4005, 4028, 4029, -1,
4005, 4029, 4006, -1,
4006, 4029, 4030, -1,
4006, 4030, 4007, -1,
4007, 4030, 4031, -1,
4007, 4031, 4008, -1,
4008, 4031, 4032, -1,
4008, 4032, 4009, -1,
4009, 4032, 4033, -1,
4009, 4033, 4010, -1,
4010, 4033, 4034, -1,
4010, 4034, 4011, -1,
4011, 4034, 4035, -1,
4011, 4035, 4012, -1,
4012, 4035, 4036, -1,
4012, 4036, 4013, -1,
4013, 4036, 4037, -1,
4013, 4037, 4014, -1,
4014, 4037, 4038, -1,
4014, 4038, 4015, -1,
4015, 4038, 4039, -1,
4015, 4039, 4016, -1,
4016, 4039, 4040, -1,
4016, 4040, 4017, -1,
4017, 4040, 4041, -1,
4017, 4041, 4018, -1,
4018, 4041, 4042, -1,
4018, 4042, 4019, -1,
4019, 4042, 4043, -1,
4019, 4043, 4020, -1,
4020, 4043, 4044, -1,
4020, 4044, 4021, -1,
4021, 4044, 4045, -1,
4021, 4045, 4022, -1,
4022, 4045, 4046, -1,
4022, 4046, 4023, -1,
4023, 4046, 4047, -1,
4023, 4047, 4000, -1,
4000, 4047, 4024, -1,
4024, 4048, 4025, -1,
4025, 4048, 4049, -1,
4025, 4049, 4026, -1,
4026, 4049, 4050, -1,
4026, 4050, 4027, -1,
4027, 4050, 4051, -1,
4027, 4051, 4028, -1,
4028, 4051, 4052, -1,
4028, 4052, 4029, -1,
4029, 4052, 4053, -1,
4029, 4053, 4030, -1,
4030, 4053, 4054, -1,
4030, 4054, 4031, -1,
4031, 4054, 4055, -1,
4031, 4055, 4032, -1,
4032, 4055, 4056, -1,
4032, 4056, 4033, -1,
4033, 4056, 4057, -1,
4033, 4057, 4034, -1,
4034, 4057, 4058, -1,
4034, 4058, 4035, -1,
4035, 4058, 4059, -1,
4035, 4059, 4036, -1,
4036, 4059, 4060, -1,
4036, 4060, 4037, -1,
4037, 4060, 4061, -1,
4037, 4061, 4038, -1,
4038, 4061, 4062, -1,
4038, 4062, 4039, -1,
4039, 4062, 4063, -1,
4039, 4063, 4040, -1,
4040, 4063, 4064, -1,
4040, 4064, 4041, -1,
4041, 4064, 4065, -1,
4041, 4065, 4042, -1,
4042, 4065, 4066, -1,
4042, 4066, 4043, -1,
4043, 4066, 4067, -1,
4043, 4067, 4044, -1,
4044, 4067, 4068, -1,
4044, 4068, 4045, -1,
4045, 4068, 4069, -1,
4045, 4069, 4046, -1,
4046, 4069, 4070, -1,
4046, 4070, 4047, -1,
4047, 4070, 4071, -1,
4047, 4071, 4024, -1,
4024, 4071, 4048, -1,
4048, 3916, 4049, -1,
4049, 3916, 3917, -1,
4049, 3917, 4050, -1,
4050, 3917, 3918, -1,
4050, 3918, 4051, -1,
4051, 3918, 3919, -1,
4051, 3919, 4052, -1,
4052, 3919, 3920, -1,
4052, 3920, 4053, -1,
4053, 3920, 3921, -1,
4053, 3921, 4054, -1,
4054, 3921, 3922, -1,
4054, 3922, 4055, -1,
4055, 3922, 3923, -1,
4055, 3923, 4056, -1,
4056, 3923, 3924, -1,
4056, 3924, 4057, -1,
4057, 3924, 3925, -1,
4057, 3925, 4058, -1,
4058, 3925, 3926, -1,
4058, 3926, 4059, -1,
4059, 3926, 3927, -1,
4059, 3927, 4060, -1,
4060, 3927, 3904, -1,
4060, 3904, 4061, -1,
4061, 3904, 3905, -1,
4061, 3905, 4062, -1,
4062, 3905, 3906, -1,
4062, 3906, 4063, -1,
4063, 3906, 3907, -1,
4063, 3907, 4064, -1,
4064, 3907, 3908, -1,
4064, 3908, 4065, -1,
4065, 3908, 3909, -1,
4065, 3909, 4066, -1,
4066, 3909, 3910, -1,
4066, 3910, 4067, -1,
4067, 3910, 3911, -1,
4067, 3911, 4068, -1,
4068, 3911, 3912, -1,
4068, 3912, 4069, -1,
4069, 3912, 3913, -1,
4069, 3913, 4070, -1,
4070, 3913, 3914, -1,
4070, 3914, 4071, -1,
4071, 3914, 3915, -1,
4071, 3915, 4048, -1,
4048, 3915, 3916, -1,
4072, 3966, 4073, -1,
4073, 3966, 3968, -1,
4073, 3968, 4074, -1,
4074, 3968, 3970, -1,
4074, 3970, 4075, -1,
4075, 3970, 3972, -1,
4075, 3972, 4076, -1,
4076, 3972, 3974, -1,
4076, 3974, 4077, -1,
4077, 3974, 3928, -1,
4077, 3928, 4078, -1,
4078, 3928, 3930, -1,
4078, 3930, 4079, -1,
4079, 3930, 3932, -1,
4079, 3932, 4080, -1,
4080, 3932, 3934, -1,
4080, 3934, 4081, -1,
4081, 3934, 3936, -1,
4081, 3936, 4082, -1,
4082, 3936, 3938, -1,
4082, 3938, 4083, -1,
4083, 3938, 3940, -1,
4083, 3940, 4084, -1,
4084, 3940, 3942, -1,
4084, 3942, 4085, -1,
4085, 3942, 3944, -1,
4085, 3944, 4086, -1,
4086, 3944, 3946, -1,
4086, 3946, 4087, -1,
4087, 3946, 3948, -1,
4087, 3948, 4088, -1,
4088, 3948, 3950, -1,
4088, 3950, 4089, -1,
4089, 3950, 3952, -1,
4089, 3952, 4090, -1,
4090, 3952, 3954, -1,
4090, 3954, 4091, -1,
4091, 3954, 3956, -1,
4091, 3956, 4092, -1,
4092, 3956, 3958, -1,
4092, 3958, 4093, -1,
4093, 3958, 3960, -1,
4093, 3960, 4094, -1,
4094, 3960, 3962, -1,
4094, 3962, 4095, -1,
4095, 3962, 3964, -1,
4095, 3964, 4072, -1,
4072, 3964, 3966, -1,
4096, 4097, 4098, -1,
4098, 4097, 4099, -1,
4098, 4099, 4100, -1,
4100, 4099, 4101, -1,
4100, 4101, 4102, -1,
4102, 4101, 4103, -1,
4102, 4103, 4104, -1,
4104, 4103, 4105, -1,
4104, 4105, 4106, -1,
4106, 4105, 4107, -1,
4106, 4107, 4108, -1,
4108, 4107, 4109, -1,
4108, 4109, 4110, -1,
4110, 4109, 4111, -1,
4110, 4111, 4112, -1,
4112, 4111, 4113, -1,
4112, 4113, 4114, -1,
4114, 4113, 4115, -1,
4114, 4115, 4116, -1,
4116, 4115, 4117, -1,
4116, 4117, 4118, -1,
4118, 4117, 4119, -1,
4118, 4119, 4120, -1,
4120, 4119, 4121, -1,
4120, 4121, 4122, -1,
4122, 4121, 4123, -1,
4122, 4123, 4124, -1,
4124, 4123, 4125, -1,
4124, 4125, 4126, -1,
4126, 4125, 4127, -1,
4126, 4127, 4128, -1,
4128, 4127, 4129, -1,
4128, 4129, 4130, -1,
4130, 4129, 4131, -1,
4130, 4131, 4132, -1,
4132, 4131, 4133, -1,
4132, 4133, 4134, -1,
4134, 4133, 4135, -1,
4134, 4135, 4136, -1,
4136, 4135, 4137, -1,
4136, 4137, 4138, -1,
4138, 4137, 4139, -1,
4138, 4139, 4140, -1,
4140, 4139, 4141, -1,
4140, 4141, 4142, -1,
4142, 4141, 4143, -1,
4142, 4143, 4096, -1,
4096, 4143, 4097, -1,
4097, 4144, 4099, -1,
4099, 4144, 4145, -1,
4099, 4145, 4101, -1,
4101, 4145, 4146, -1,
4101, 4146, 4103, -1,
4103, 4146, 4147, -1,
4103, 4147, 4105, -1,
4105, 4147, 4148, -1,
4105, 4148, 4107, -1,
4107, 4148, 4149, -1,
4107, 4149, 4109, -1,
4109, 4149, 4150, -1,
4109, 4150, 4111, -1,
4111, 4150, 4151, -1,
4111, 4151, 4113, -1,
4113, 4151, 4152, -1,
4113, 4152, 4115, -1,
4115, 4152, 4153, -1,
4115, 4153, 4117, -1,
4117, 4153, 4154, -1,
4117, 4154, 4119, -1,
4119, 4154, 4155, -1,
4119, 4155, 4121, -1,
4121, 4155, 4156, -1,
4121, 4156, 4123, -1,
4123, 4156, 4157, -1,
4123, 4157, 4125, -1,
4125, 4157, 4158, -1,
4125, 4158, 4127, -1,
4127, 4158, 4159, -1,
4127, 4159, 4129, -1,
4129, 4159, 4160, -1,
4129, 4160, 4131, -1,
4131, 4160, 4161, -1,
4131, 4161, 4133, -1,
4133, 4161, 4162, -1,
4133, 4162, 4135, -1,
4135, 4162, 4163, -1,
4135, 4163, 4137, -1,
4137, 4163, 4164, -1,
4137, 4164, 4139, -1,
4139, 4164, 4165, -1,
4139, 4165, 4141, -1,
4141, 4165, 4166, -1,
4141, 4166, 4143, -1,
4143, 4166, 4167, -1,
4143, 4167, 4097, -1,
4097, 4167, 4144, -1,
4144, 4168, 4145, -1,
4145, 4168, 4169, -1,
4145, 4169, 4146, -1,
4146, 4169, 4170, -1,
4146, 4170, 4147, -1,
4147, 4170, 4171, -1,
4147, 4171, 4148, -1,
4148, 4171, 4172, -1,
4148, 4172, 4149, -1,
4149, 4172, 4173, -1,
4149, 4173, 4150, -1,
4150, 4173, 4174, -1,
4150, 4174, 4151, -1,
4151, 4174, 4175, -1,
4151, 4175, 4152, -1,
4152, 4175, 4176, -1,
4152, 4176, 4153, -1,
4153, 4176, 4177, -1,
4153, 4177, 4154, -1,
4154, 4177, 4178, -1,
4154, 4178, 4155, -1,
4155, 4178, 4179, -1,
4155, 4179, 4156, -1,
4156, 4179, 4180, -1,
4156, 4180, 4157, -1,
4157, 4180, 4181, -1,
4157, 4181, 4158, -1,
4158, 4181, 4182, -1,
4158, 4182, 4159, -1,
4159, 4182, 4183, -1,
4159, 4183, 4160, -1,
4160, 4183, 4184, -1,
4160, 4184, 4161, -1,
4161, 4184, 4185, -1,
4161, 4185, 4162, -1,
4162, 4185, 4186, -1,
4162, 4186, 4163, -1,
4163, 4186, 4187, -1,
4163, 4187, 4164, -1,
4164, 4187, 4188, -1,
4164, 4188, 4165, -1,
4165, 4188, 4189, -1,
4165, 4189, 4166, -1,
4166, 4189, 4190, -1,
4166, 4190, 4167, -1,
4167, 4190, 4191, -1,
4167, 4191, 4144, -1,
4144, 4191, 4168, -1,
4168, 4192, 4169, -1,
4169, 4192, 4193, -1,
4169, 4193, 4170, -1,
4170, 4193, 4194, -1,
4170, 4194, 4171, -1,
4171, 4194, 4195, -1,
4171, 4195, 4172, -1,
4172, 4195, 4196, -1,
4172, 4196, 4173, -1,
4173, 4196, 4197, -1,
4173, 4197, 4174, -1,
4174, 4197, 4198, -1,
4174, 4198, 4175, -1,
4175, 4198, 4199, -1,
4175, 4199, 4176, -1,
4176, 4199, 4200, -1,
4176, 4200, 4177, -1,
4177, 4200, 4201, -1,
4177, 4201, 4178, -1,
4178, 4201, 4202, -1,
4178, 4202, 4179, -1,
4179, 4202, 4203, -1,
4179, 4203, 4180, -1,
4180, 4203, 4204, -1,
4180, 4204, 4181, -1,
4181, 4204, 4205, -1,
4181, 4205, 4182, -1,
4182, 4205, 4206, -1,
4182, 4206, 4183, -1,
4183, 4206, 4207, -1,
4183, 4207, 4184, -1,
4184, 4207, 4208, -1,
4184, 4208, 4185, -1,
4185, 4208, 4209, -1,
4185, 4209, 4186, -1,
4186, 4209, 4210, -1,
4186, 4210, 4187, -1,
4187, 4210, 4211, -1,
4187, 4211, 4188, -1,
4188, 4211, 4212, -1,
4188, 4212, 4189, -1,
4189, 4212, 4213, -1,
4189, 4213, 4190, -1,
4190, 4213, 4214, -1,
4190, 4214, 4191, -1,
4191, 4214, 4215, -1,
4191, 4215, 4168, -1,
4168, 4215, 4192, -1,
4192, 4216, 4193, -1,
4193, 4216, 4217, -1,
4193, 4217, 4194, -1,
4194, 4217, 4218, -1,
4194, 4218, 4195, -1,
4195, 4218, 4219, -1,
4195, 4219, 4196, -1,
4196, 4219, 4220, -1,
4196, 4220, 4197, -1,
4197, 4220, 4221, -1,
4197, 4221, 4198, -1,
4198, 4221, 4222, -1,
4198, 4222, 4199, -1,
4199, 4222, 4223, -1,
4199, 4223, 4200, -1,
4200, 4223, 4224, -1,
4200, 4224, 4201, -1,
4201, 4224, 4225, -1,
4201, 4225, 4202, -1,
4202, 4225, 4226, -1,
4202, 4226, 4203, -1,
4203, 4226, 4227, -1,
4203, 4227, 4204, -1,
4204, 4227, 4228, -1,
4204, 4228, 4205, -1,
4205, 4228, 4229, -1,
4205, 4229, 4206, -1,
4206, 4229, 4230, -1,
4206, 4230, 4207, -1,
4207, 4230, 4231, -1,
4207, 4231, 4208, -1,
4208, 4231, 4232, -1,
4208, 4232, 4209, -1,
4209, 4232, 4233, -1,
4209, 4233, 4210, -1,
4210, 4233, 4234, -1,
4210, 4234, 4211, -1,
4211, 4234, 4235, -1,
4211, 4235, 4212, -1,
4212, 4235, 4236, -1,
4212, 4236, 4213, -1,
4213, 4236, 4237, -1,
4213, 4237, 4214, -1,
4214, 4237, 4238, -1,
4214, 4238, 4215, -1,
4215, 4238, 4239, -1,
4215, 4239, 4192, -1,
4192, 4239, 4216, -1,
4216, 4240, 4217, -1,
4217, 4240, 4241, -1,
4217, 4241, 4218, -1,
4218, 4241, 4242, -1,
4218, 4242, 4219, -1,
4219, 4242, 4243, -1,
4219, 4243, 4220, -1,
4220, 4243, 4244, -1,
4220, 4244, 4221, -1,
4221, 4244, 4245, -1,
4221, 4245, 4222, -1,
4222, 4245, 4246, -1,
4222, 4246, 4223, -1,
4223, 4246, 4247, -1,
4223, 4247, 4224, -1,
4224, 4247, 4248, -1,
4224, 4248, 4225, -1,
4225, 4248, 4249, -1,
4225, 4249, 4226, -1,
4226, 4249, 4250, -1,
4226, 4250, 4227, -1,
4227, 4250, 4251, -1,
4227, 4251, 4228, -1,
4228, 4251, 4252, -1,
4228, 4252, 4229, -1,
4229, 4252, 4253, -1,
4229, 4253, 4230, -1,
4230, 4253, 4254, -1,
4230, 4254, 4231, -1,
4231, 4254, 4255, -1,
4231, 4255, 4232, -1,
4232, 4255, 4256, -1,
4232, 4256, 4233, -1,
4233, 4256, 4257, -1,
4233, 4257, 4234, -1,
4234, 4257, 4258, -1,
4234, 4258, 4235, -1,
4235, 4258, 4259, -1,
4235, 4259, 4236, -1,
4236, 4259, 4260, -1,
4236, 4260, 4237, -1,
4237, 4260, 4261, -1,
4237, 4261, 4238, -1,
4238, 4261, 4262, -1,
4238, 4262, 4239, -1,
4239, 4262, 4263, -1,
4239, 4263, 4216, -1,
4216, 4263, 4240, -1,
4240, 4264, 4241, -1,
4241, 4264, 4265, -1,
4241, 4265, 4242, -1,
4242, 4265, 4266, -1,
4242, 4266, 4243, -1,
4243, 4266, 4267, -1,
4243, 4267, 4244, -1,
4244, 4267, 4268, -1,
4244, 4268, 4245, -1,
4245, 4268, 4269, -1,
4245, 4269, 4246, -1,
4246, 4269, 4270, -1,
4246, 4270, 4247, -1,
4247, 4270, 4271, -1,
4247, 4271, 4248, -1,
4248, 4271, 4272, -1,
4248, 4272, 4249, -1,
4249, 4272, 4273, -1,
4249, 4273, 4250, -1,
4250, 4273, 4274, -1,
4250, 4274, 4251, -1,
4251, 4274, 4275, -1,
4251, 4275, 4252, -1,
4252, 4275, 4276, -1,
4252, 4276, 4253, -1,
4253, 4276, 4277, -1,
4253, 4277, 4254, -1,
4254, 4277, 4278, -1,
4254, 4278, 4255, -1,
4255, 4278, 4279, -1,
4255, 4279, 4256, -1,
4256, 4279, 4280, -1,
4256, 4280, 4257, -1,
4257, 4280, 4281, -1,
4257, 4281, 4258, -1,
4258, 4281, 4282, -1,
4258, 4282, 4259, -1,
4259, 4282, 4283, -1,
4259, 4283, 4260, -1,
4260, 4283, 4284, -1,
4260, 4284, 4261, -1,
4261, 4284, 4285, -1,
4261, 4285, 4262, -1,
4262, 4285, 4286, -1,
4262, 4286, 4263, -1,
4263, 4286, 4287, -1,
4263, 4287, 4240, -1,
4240, 4287, 4264, -1,
4264, 4288, 4265, -1,
4265, 4288, 4289, -1,
4265, 4289, 4266, -1,
4266, 4289, 4290, -1,
4266, 4290, 4267, -1,
4267, 4290, 4291, -1,
4267, 4291, 4268, -1,
4268, 4291, 4292, -1,
4268, 4292, 4269, -1,
4269, 4292, 4293, -1,
4269, 4293, 4270, -1,
4270, 4293, 4294, -1,
4270, 4294, 4271, -1,
4271, 4294, 4295, -1,
4271, 4295, 4272, -1,
4272, 4295, 4296, -1,
4272, 4296, 4273, -1,
4273, 4296, 4297, -1,
4273, 4297, 4274, -1,
4274, 4297, 4298, -1,
4274, 4298, 4275, -1,
4275, 4298, 4299, -1,
4275, 4299, 4276, -1,
4276, 4299, 4300, -1,
4276, 4300, 4277, -1,
4277, 4300, 4301, -1,
4277, 4301, 4278, -1,
4278, 4301, 4302, -1,
4278, 4302, 4279, -1,
4279, 4302, 4303, -1,
4279, 4303, 4280, -1,
4280, 4303, 4304, -1,
4280, 4304, 4281, -1,
4281, 4304, 4305, -1,
4281, 4305, 4282, -1,
4282, 4305, 4306, -1,
4282, 4306, 4283, -1,
4283, 4306, 4307, -1,
4283, 4307, 4284, -1,
4284, 4307, 4308, -1,
4284, 4308, 4285, -1,
4285, 4308, 4309, -1,
4285, 4309, 4286, -1,
4286, 4309, 4310, -1,
4286, 4310, 4287, -1,
4287, 4310, 4311, -1,
4287, 4311, 4264, -1,
4264, 4311, 4288, -1,
4288, 4312, 4289, -1,
4289, 4312, 4313, -1,
4289, 4313, 4290, -1,
4290, 4313, 4314, -1,
4290, 4314, 4291, -1,
4291, 4314, 4315, -1,
4291, 4315, 4292, -1,
4292, 4315, 4316, -1,
4292, 4316, 4293, -1,
4293, 4316, 4317, -1,
4293, 4317, 4294, -1,
4294, 4317, 4318, -1,
4294, 4318, 4295, -1,
4295, 4318, 4319, -1,
4295, 4319, 4296, -1,
4296, 4319, 4320, -1,
4296, 4320, 4297, -1,
4297, 4320, 4321, -1,
4297, 4321, 4298, -1,
4298, 4321, 4322, -1,
4298, 4322, 4299, -1,
4299, 4322, 4323, -1,
4299, 4323, 4300, -1,
4300, 4323, 4324, -1,
4300, 4324, 4301, -1,
4301, 4324, 4325, -1,
4301, 4325, 4302, -1,
4302, 4325, 4326, -1,
4302, 4326, 4303, -1,
4303, 4326, 4327, -1,
4303, 4327, 4304, -1,
4304, 4327, 4328, -1,
4304, 4328, 4305, -1,
4305, 4328, 4329, -1,
4305, 4329, 4306, -1,
4306, 4329, 4330, -1,
4306, 4330, 4307, -1,
4307, 4330, 4331, -1,
4307, 4331, 4308, -1,
4308, 4331, 4332, -1,
4308, 4332, 4309, -1,
4309, 4332, 4333, -1,
4309, 4333, 4310, -1,
4310, 4333, 4334, -1,
4310, 4334, 4311, -1,
4311, 4334, 4335, -1,
4311, 4335, 4288, -1,
4288, 4335, 4312, -1,
4312, 4090, 4313, -1,
4313, 4090, 4091, -1,
4313, 4091, 4314, -1,
4314, 4091, 4092, -1,
4314, 4092, 4315, -1,
4315, 4092, 4093, -1,
4315, 4093, 4316, -1,
4316, 4093, 4094, -1,
4316, 4094, 4317, -1,
4317, 4094, 4095, -1,
4317, 4095, 4318, -1,
4318, 4095, 4072, -1,
4318, 4072, 4319, -1,
4319, 4072, 4073, -1,
4319, 4073, 4320, -1,
4320, 4073, 4074, -1,
4320, 4074, 4321, -1,
4321, 4074, 4075, -1,
4321, 4075, 4322, -1,
4322, 4075, 4076, -1,
4322, 4076, 4323, -1,
4323, 4076, 4077, -1,
4323, 4077, 4324, -1,
4324, 4077, 4078, -1,
4324, 4078, 4325, -1,
4325, 4078, 4079, -1,
4325, 4079, 4326, -1,
4326, 4079, 4080, -1,
4326, 4080, 4327, -1,
4327, 4080, 4081, -1,
4327, 4081, 4328, -1,
4328, 4081, 4082, -1,
4328, 4082, 4329, -1,
4329, 4082, 4083, -1,
4329, 4083, 4330, -1,
4330, 4083, 4084, -1,
4330, 4084, 4331, -1,
4331, 4084, 4085, -1,
4331, 4085, 4332, -1,
4332, 4085, 4086, -1,
4332, 4086, 4333, -1,
4333, 4086, 4087, -1,
4333, 4087, 4334, -1,
4334, 4087, 4088, -1,
4334, 4088, 4335, -1,
4335, 4088, 4089, -1,
4335, 4089, 4312, -1,
4312, 4089, 4090, -1,
3679, 4098, 3674, -1,
3674, 4098, 4100, -1,
3674, 4100, 3675, -1,
3675, 4100, 4102, -1,
3675, 4102, 3676, -1,
3676, 4102, 4104, -1,
3676, 4104, 3671, -1,
3671, 4104, 4106, -1,
3671, 4106, 3672, -1,
3672, 4106, 4108, -1,
3672, 4108, 3673, -1,
3673, 4108, 4110, -1,
3673, 4110, 3668, -1,
3668, 4110, 4112, -1,
3668, 4112, 3669, -1,
3669, 4112, 4114, -1,
3669, 4114, 3670, -1,
3670, 4114, 4116, -1,
3670, 4116, 3663, -1,
3663, 4116, 4118, -1,
3663, 4118, 3664, -1,
3664, 4118, 4120, -1,
3664, 4120, 3666, -1,
3666, 4120, 4122, -1,
3666, 4122, 3667, -1,
3667, 4122, 4124, -1,
3667, 4124, 3686, -1,
3686, 4124, 4126, -1,
3686, 4126, 3687, -1,
3687, 4126, 4128, -1,
3687, 4128, 3683, -1,
3683, 4128, 4130, -1,
3683, 4130, 3684, -1,
3684, 4130, 4132, -1,
3684, 4132, 3685, -1,
3685, 4132, 4134, -1,
3685, 4134, 3680, -1,
3680, 4134, 4136, -1,
3680, 4136, 3681, -1,
3681, 4136, 4138, -1,
3681, 4138, 3682, -1,
3682, 4138, 4140, -1,
3682, 4140, 3677, -1,
3677, 4140, 4142, -1,
3677, 4142, 3678, -1,
3678, 4142, 4096, -1,
3678, 4096, 3679, -1,
3679, 4096, 4098, -1,
4336, 4337, 4338, -1,
3699, 3698, 4338, -1,
4339, 4340, 4341, -1,
3696, 3695, 4341, -1,
4342, 4343, 4344, -1,
3693, 3692, 4344, -1,
3757, 3690, 4345, -1,
4346, 4347, 4348, -1,
3759, 3758, 4348, -1,
4349, 4350, 4351, -1,
3756, 3755, 4351, -1,
4352, 4353, 4354, -1,
3753, 3752, 4354, -1,
4355, 4356, 4357, -1,
3750, 3749, 4357, -1,
4358, 4359, 4360, -1,
3747, 3746, 4360, -1,
4361, 4362, 4363, -1,
4363, 4362, 4364, -1,
4364, 4365, 4363, -1,
4363, 4365, 3744, -1,
4363, 3744, 3743, -1,
3743, 3747, 4363, -1,
4363, 3747, 4360, -1,
4363, 4360, 4361, -1,
4361, 4360, 4359, -1,
3746, 3750, 4360, -1,
4360, 3750, 4357, -1,
4360, 4357, 4358, -1,
4358, 4357, 4356, -1,
3749, 3753, 4357, -1,
4357, 3753, 4354, -1,
4357, 4354, 4355, -1,
4355, 4354, 4353, -1,
3752, 3756, 4354, -1,
4354, 3756, 4351, -1,
4354, 4351, 4352, -1,
4352, 4351, 4350, -1,
3755, 3759, 4351, -1,
4351, 3759, 4348, -1,
4351, 4348, 4349, -1,
4349, 4348, 4347, -1,
4366, 4367, 4345, -1,
4345, 4367, 4368, -1,
3758, 3757, 4348, -1,
4348, 3757, 4345, -1,
4348, 4345, 4346, -1,
4346, 4345, 4368, -1,
3690, 3693, 4345, -1,
4345, 3693, 4344, -1,
4345, 4344, 4366, -1,
4366, 4344, 4343, -1,
3692, 3696, 4344, -1,
4344, 3696, 4341, -1,
4344, 4341, 4342, -1,
4342, 4341, 4340, -1,
3695, 3699, 4341, -1,
4341, 3699, 4338, -1,
4341, 4338, 4339, -1,
4339, 4338, 4337, -1,
3698, 3702, 4338, -1,
4338, 3702, 4369, -1,
4338, 4369, 4336, -1,
4370, 4371, 4369, -1,
4369, 4371, 4372, -1,
4369, 4372, 4336, -1,
3702, 3701, 4369, -1,
4369, 3701, 3705, -1,
4369, 3705, 4370, -1,
4373, 4374, 4370, -1,
4370, 4374, 4375, -1,
4370, 4375, 4371, -1,
3705, 3704, 4370, -1,
4370, 3704, 3708, -1,
4370, 3708, 4373, -1,
4376, 4377, 4373, -1,
4373, 4377, 4378, -1,
4373, 4378, 4374, -1,
3708, 3707, 4373, -1,
4373, 3707, 3711, -1,
4373, 3711, 4376, -1,
4379, 4380, 4376, -1,
4376, 4380, 4381, -1,
4376, 4381, 4377, -1,
3711, 3710, 4376, -1,
4376, 3710, 3714, -1,
4376, 3714, 4379, -1,
4382, 4383, 4379, -1,
4379, 4383, 4384, -1,
4379, 4384, 4380, -1,
3714, 3713, 4379, -1,
4379, 3713, 3717, -1,
4379, 3717, 4382, -1,
4385, 4386, 4382, -1,
4382, 4386, 4387, -1,
4382, 4387, 4383, -1,
3717, 3716, 4382, -1,
4382, 3716, 3720, -1,
4382, 3720, 4385, -1,
4388, 4389, 4385, -1,
4385, 4389, 4390, -1,
4385, 4390, 4386, -1,
3720, 3719, 4385, -1,
4385, 3719, 3723, -1,
4385, 3723, 4388, -1,
4391, 4392, 4388, -1,
4388, 4392, 4393, -1,
4388, 4393, 4389, -1,
3723, 3722, 4388, -1,
4388, 3722, 3726, -1,
4388, 3726, 4391, -1,
4394, 4395, 4391, -1,
4391, 4395, 4396, -1,
4391, 4396, 4392, -1,
3726, 3725, 4391, -1,
4391, 3725, 3729, -1,
4391, 3729, 4394, -1,
4397, 4398, 4394, -1,
4394, 4398, 4399, -1,
4394, 4399, 4395, -1,
3729, 3728, 4394, -1,
4394, 3728, 3732, -1,
4394, 3732, 4397, -1,
4400, 4401, 4397, -1,
4397, 4401, 4402, -1,
4397, 4402, 4398, -1,
3732, 3731, 4397, -1,
4397, 3731, 3735, -1,
4397, 3735, 4400, -1,
4403, 4404, 4400, -1,
4400, 4404, 4405, -1,
4400, 4405, 4401, -1,
3735, 3734, 4400, -1,
4400, 3734, 3738, -1,
4400, 3738, 4403, -1,
4364, 4406, 4365, -1,
4365, 4406, 4407, -1,
4365, 4407, 4403, -1,
4403, 4407, 4408, -1,
4403, 4408, 4404, -1,
3738, 3737, 4403, -1,
4403, 3737, 3741, -1,
4403, 3741, 4365, -1,
4365, 3741, 3740, -1,
4365, 3740, 3744, -1,
4362, 4409, 4364, -1,
4364, 4409, 4410, -1,
4364, 4410, 4406, -1,
4406, 4410, 4411, -1,
4406, 4411, 4407, -1,
4407, 4411, 4412, -1,
4407, 4412, 4408, -1,
4408, 4412, 4413, -1,
4408, 4413, 4404, -1,
4404, 4413, 4414, -1,
4404, 4414, 4405, -1,
4405, 4414, 4415, -1,
4405, 4415, 4401, -1,
4401, 4415, 4416, -1,
4401, 4416, 4402, -1,
4402, 4416, 4417, -1,
4402, 4417, 4398, -1,
4398, 4417, 4418, -1,
4398, 4418, 4399, -1,
4399, 4418, 4419, -1,
4399, 4419, 4395, -1,
4395, 4419, 4420, -1,
4395, 4420, 4396, -1,
4396, 4420, 4421, -1,
4396, 4421, 4392, -1,
4392, 4421, 4422, -1,
4392, 4422, 4393, -1,
4393, 4422, 4423, -1,
4393, 4423, 4389, -1,
4389, 4423, 4424, -1,
4389, 4424, 4390, -1,
4390, 4424, 4425, -1,
4390, 4425, 4386, -1,
4386, 4425, 4426, -1,
4386, 4426, 4387, -1,
4387, 4426, 4427, -1,
4387, 4427, 4383, -1,
4383, 4427, 4428, -1,
4383, 4428, 4384, -1,
4384, 4428, 4429, -1,
4384, 4429, 4380, -1,
4380, 4429, 4430, -1,
4380, 4430, 4381, -1,
4381, 4430, 4431, -1,
4381, 4431, 4377, -1,
4377, 4431, 4432, -1,
4377, 4432, 4378, -1,
4378, 4432, 4433, -1,
4378, 4433, 4374, -1,
4374, 4433, 4434, -1,
4374, 4434, 4375, -1,
4375, 4434, 4435, -1,
4375, 4435, 4371, -1,
4371, 4435, 4436, -1,
4371, 4436, 4372, -1,
4372, 4436, 4437, -1,
4372, 4437, 4336, -1,
4336, 4437, 4438, -1,
4336, 4438, 4337, -1,
4337, 4438, 4439, -1,
4337, 4439, 4339, -1,
4339, 4439, 4440, -1,
4339, 4440, 4340, -1,
4340, 4440, 4441, -1,
4340, 4441, 4342, -1,
4342, 4441, 4442, -1,
4342, 4442, 4343, -1,
4343, 4442, 4443, -1,
4343, 4443, 4366, -1,
4366, 4443, 4444, -1,
4366, 4444, 4367, -1,
4367, 4444, 4445, -1,
4367, 4445, 4368, -1,
4368, 4445, 4446, -1,
4368, 4446, 4346, -1,
4346, 4446, 4447, -1,
4346, 4447, 4347, -1,
4347, 4447, 4448, -1,
4347, 4448, 4349, -1,
4349, 4448, 4449, -1,
4349, 4449, 4350, -1,
4350, 4449, 4450, -1,
4350, 4450, 4352, -1,
4352, 4450, 4451, -1,
4352, 4451, 4353, -1,
4353, 4451, 4452, -1,
4353, 4452, 4355, -1,
4355, 4452, 4453, -1,
4355, 4453, 4356, -1,
4356, 4453, 4454, -1,
4356, 4454, 4358, -1,
4358, 4454, 4455, -1,
4358, 4455, 4359, -1,
4359, 4455, 4456, -1,
4359, 4456, 4361, -1,
4361, 4456, 4457, -1,
4361, 4457, 4362, -1,
4362, 4457, 4409, -1,
3652, 3653, 4458, -1,
4416, 4415, 4458, -1,
3655, 3656, 4459, -1,
4418, 4417, 4459, -1,
3658, 3659, 4460, -1,
4420, 4419, 4460, -1,
3661, 3662, 4461, -1,
4422, 4421, 4461, -1,
3568, 3570, 4462, -1,
4424, 4423, 4462, -1,
3628, 3627, 4463, -1,
4426, 4425, 4463, -1,
3626, 3624, 4464, -1,
4428, 4427, 4464, -1,
3623, 3621, 4465, -1,
4430, 4429, 4465, -1,
3620, 3618, 4466, -1,
4432, 4431, 4466, -1,
3617, 3615, 4467, -1,
4467, 3615, 3614, -1,
3614, 4468, 4467, -1,
4467, 4468, 4434, -1,
4467, 4434, 4433, -1,
4433, 4432, 4467, -1,
4467, 4432, 4466, -1,
4467, 4466, 3617, -1,
3617, 4466, 3618, -1,
4431, 4430, 4466, -1,
4466, 4430, 4465, -1,
4466, 4465, 3620, -1,
3620, 4465, 3621, -1,
4429, 4428, 4465, -1,
4465, 4428, 4464, -1,
4465, 4464, 3623, -1,
3623, 4464, 3624, -1,
4427, 4426, 4464, -1,
4464, 4426, 4463, -1,
4464, 4463, 3626, -1,
3626, 4463, 3627, -1,
4425, 4424, 4463, -1,
4463, 4424, 4462, -1,
4463, 4462, 3628, -1,
3628, 4462, 3570, -1,
4423, 4422, 4462, -1,
4462, 4422, 4461, -1,
4462, 4461, 3568, -1,
3568, 4461, 3662, -1,
4421, 4420, 4461, -1,
4461, 4420, 4460, -1,
4461, 4460, 3661, -1,
3661, 4460, 3659, -1,
4419, 4418, 4460, -1,
4460, 4418, 4459, -1,
4460, 4459, 3658, -1,
3658, 4459, 3656, -1,
4417, 4416, 4459, -1,
4459, 4416, 4458, -1,
4459, 4458, 3655, -1,
3655, 4458, 3653, -1,
4415, 4414, 4458, -1,
4458, 4414, 4469, -1,
4458, 4469, 3652, -1,
4470, 3649, 4469, -1,
4469, 3649, 3650, -1,
4469, 3650, 3652, -1,
4414, 4413, 4469, -1,
4469, 4413, 4412, -1,
4469, 4412, 4470, -1,
4471, 3646, 4470, -1,
4470, 3646, 3647, -1,
4470, 3647, 3649, -1,
4412, 4411, 4470, -1,
4470, 4411, 4410, -1,
4470, 4410, 4471, -1,
4472, 3643, 4471, -1,
4471, 3643, 3644, -1,
4471, 3644, 3646, -1,
4410, 4409, 4471, -1,
4471, 4409, 4457, -1,
4471, 4457, 4472, -1,
4473, 3640, 4472, -1,
4472, 3640, 3641, -1,
4472, 3641, 3643, -1,
4457, 4456, 4472, -1,
4472, 4456, 4455, -1,
4472, 4455, 4473, -1,
3634, 3635, 4474, -1,
4474, 3635, 3637, -1,
4474, 3637, 4473, -1,
4473, 3637, 3638, -1,
4473, 3638, 3640, -1,
4452, 4474, 4453, -1,
4453, 4474, 4473, -1,
4453, 4473, 4454, -1,
4454, 4473, 4455, -1,
4452, 4451, 4474, -1,
4474, 4451, 4475, -1,
4474, 4475, 3634, -1,
3634, 4475, 3632, -1,
3632, 4475, 3631, -1,
3631, 4475, 4476, -1,
3631, 4476, 3629, -1,
4448, 4476, 4449, -1,
4449, 4476, 4475, -1,
4449, 4475, 4450, -1,
4450, 4475, 4451, -1,
4448, 4447, 4476, -1,
4476, 4447, 4446, -1,
4476, 4446, 4477, -1,
4478, 3599, 4477, -1,
4477, 3599, 3594, -1,
4477, 3594, 4476, -1,
4476, 3594, 3593, -1,
4476, 3593, 3629, -1,
4446, 4445, 4477, -1,
4477, 4445, 4444, -1,
4477, 4444, 4478, -1,
4479, 3602, 4478, -1,
4478, 3602, 3600, -1,
4478, 3600, 3599, -1,
4444, 4443, 4478, -1,
4478, 4443, 4442, -1,
4478, 4442, 4479, -1,
4480, 3605, 4479, -1,
4479, 3605, 3603, -1,
4479, 3603, 3602, -1,
4442, 4441, 4479, -1,
4479, 4441, 4440, -1,
4479, 4440, 4480, -1,
4481, 3608, 4480, -1,
4480, 3608, 3606, -1,
4480, 3606, 3605, -1,
4440, 4439, 4480, -1,
4480, 4439, 4438, -1,
4480, 4438, 4481, -1,
3614, 3612, 4468, -1,
4468, 3612, 3611, -1,
4468, 3611, 4481, -1,
4481, 3611, 3609, -1,
4481, 3609, 3608, -1,
4438, 4437, 4481, -1,
4481, 4437, 4436, -1,
4481, 4436, 4468, -1,
4468, 4436, 4435, -1,
4468, 4435, 4434, -1,
4482, 4483, 4484, -1,
4484, 4483, 4485, -1,
4484, 4485, 4486, -1,
4487, 4488, 4489, -1,
4489, 4488, 4490, -1,
4489, 4490, 4491, -1,
4491, 4490, 4492, -1,
4491, 4492, 4493, -1,
4493, 4492, 4494, -1,
4495, 4496, 4497, -1,
4497, 4496, 4498, -1,
4497, 4498, 4499, -1,
4499, 4498, 4500, -1,
4499, 4500, 4501, -1,
4501, 4500, 4502, -1,
4501, 4502, 4503, -1,
4503, 4502, 4504, -1,
4503, 4504, 4505, -1,
4505, 4504, 4506, -1,
4505, 4506, 4507, -1,
4507, 4506, 4508, -1,
4507, 4508, 4487, -1,
4487, 4508, 4509, -1,
4487, 4509, 4488, -1,
4510, 4511, 4512, -1,
4510, 4512, 4513, -1,
4514, 4515, 4495, -1,
4495, 4515, 4516, -1,
4495, 4516, 4496, -1,
4512, 4517, 4513, -1,
4513, 4517, 4518, -1,
4513, 4518, 4519, -1,
4518, 4520, 4519, -1,
4519, 4520, 4521, -1,
4519, 4521, 4522, -1,
4521, 4523, 4522, -1,
4522, 4523, 4524, -1,
4522, 4524, 4525, -1,
4524, 4526, 4525, -1,
4525, 4526, 4527, -1,
4525, 4527, 4528, -1,
4527, 4529, 4528, -1,
4528, 4529, 4530, -1,
4528, 4530, 4531, -1,
4530, 4532, 4531, -1,
4531, 4532, 4533, -1,
4531, 4533, 4534, -1,
4533, 4535, 4534, -1,
4534, 4535, 4536, -1,
4534, 4536, 4537, -1,
4536, 4538, 4537, -1,
4537, 4538, 4539, -1,
4537, 4539, 4540, -1,
4539, 4541, 4540, -1,
4540, 4541, 4542, -1,
4540, 4542, 4543, -1,
4542, 4544, 4543, -1,
4543, 4544, 4545, -1,
4543, 4545, 4482, -1,
4482, 4545, 4546, -1,
4482, 4546, 4483, -1,
4514, 4547, 4548, -1,
4510, 4515, 4511, -1,
4511, 4515, 4514, -1,
4511, 4514, 4549, -1,
4549, 4514, 4548, -1,
4550, 4551, 4552, -1,
4552, 4553, 4550, -1,
4550, 4553, 4554, -1,
4550, 4554, 4547, -1,
4547, 4554, 4555, -1,
4547, 4555, 4548, -1,
4556, 4557, 4558, -1,
4558, 4559, 4556, -1,
4556, 4559, 4560, -1,
4556, 4560, 4551, -1,
4551, 4560, 4561, -1,
4551, 4561, 4552, -1,
4562, 4563, 4564, -1,
4564, 4565, 4562, -1,
4562, 4565, 4566, -1,
4562, 4566, 4557, -1,
4557, 4566, 4567, -1,
4557, 4567, 4558, -1,
4568, 4569, 4570, -1,
4570, 4571, 4568, -1,
4568, 4571, 4572, -1,
4568, 4572, 4563, -1,
4563, 4572, 4573, -1,
4563, 4573, 4564, -1,
4574, 4575, 4576, -1,
4576, 4577, 4574, -1,
4574, 4577, 4578, -1,
4574, 4578, 4569, -1,
4569, 4578, 4579, -1,
4569, 4579, 4570, -1,
4492, 4486, 4494, -1,
4494, 4486, 4485, -1,
4494, 4485, 4575, -1,
4575, 4485, 4580, -1,
4575, 4580, 4576, -1,
4581, 4582, 4583, -1,
4583, 4582, 4584, -1,
4583, 4584, 4585, -1,
4586, 4587, 4583, -1,
4583, 4587, 4588, -1,
4583, 4588, 4581, -1,
4589, 4590, 4583, -1,
4583, 4590, 4591, -1,
4583, 4591, 4586, -1,
4592, 4593, 4583, -1,
4583, 4593, 4594, -1,
4583, 4594, 4589, -1,
4595, 4596, 4583, -1,
4583, 4596, 4597, -1,
4583, 4597, 4592, -1,
4598, 4599, 4583, -1,
4583, 4599, 4600, -1,
4583, 4600, 4595, -1,
4601, 4602, 4583, -1,
4583, 4602, 4603, -1,
4583, 4603, 4598, -1,
4585, 4604, 4583, -1,
4583, 4604, 4605, -1,
4583, 4605, 4601, -1,
4606, 4607, 4608, -1,
4609, 4610, 4608, -1,
4608, 4610, 4611, -1,
4608, 4611, 4606, -1,
4612, 4613, 4609, -1,
4609, 4613, 4614, -1,
4609, 4614, 4610, -1,
4615, 4616, 4612, -1,
4612, 4616, 4617, -1,
4612, 4617, 4613, -1,
4618, 4619, 4615, -1,
4615, 4619, 4620, -1,
4615, 4620, 4616, -1,
4621, 4622, 4618, -1,
4618, 4622, 4623, -1,
4618, 4623, 4619, -1,
4624, 4625, 4621, -1,
4621, 4625, 4626, -1,
4621, 4626, 4622, -1,
4627, 4628, 4624, -1,
4624, 4628, 4629, -1,
4624, 4629, 4625, -1,
4630, 4631, 4627, -1,
4627, 4631, 4632, -1,
4627, 4632, 4628, -1,
4633, 4634, 4630, -1,
4630, 4634, 4635, -1,
4630, 4635, 4631, -1,
4636, 4637, 4633, -1,
4633, 4637, 4638, -1,
4633, 4638, 4634, -1,
4639, 4640, 4636, -1,
4636, 4640, 4641, -1,
4636, 4641, 4637, -1,
4642, 4643, 4639, -1,
4639, 4643, 4644, -1,
4639, 4644, 4640, -1,
4645, 4646, 4642, -1,
4642, 4646, 4647, -1,
4642, 4647, 4643, -1,
4648, 4649, 4645, -1,
4645, 4649, 4650, -1,
4645, 4650, 4646, -1,
4651, 4652, 4648, -1,
4648, 4652, 4653, -1,
4648, 4653, 4649, -1,
4654, 4655, 4651, -1,
4651, 4655, 4656, -1,
4651, 4656, 4652, -1,
4657, 4658, 4654, -1,
4654, 4658, 4659, -1,
4654, 4659, 4655, -1,
4660, 4661, 4657, -1,
4657, 4661, 4662, -1,
4657, 4662, 4658, -1,
4663, 4664, 4660, -1,
4660, 4664, 4665, -1,
4660, 4665, 4661, -1,
4666, 4667, 4663, -1,
4663, 4667, 4668, -1,
4663, 4668, 4664, -1,
4669, 4670, 4666, -1,
4666, 4670, 4671, -1,
4666, 4671, 4667, -1,
4672, 4673, 4669, -1,
4669, 4673, 4674, -1,
4669, 4674, 4670, -1,
4606, 4675, 4607, -1,
4607, 4675, 4676, -1,
4607, 4676, 4672, -1,
4672, 4676, 4677, -1,
4672, 4677, 4673, -1,
4678, 4679, 4680, -1,
4680, 4679, 4681, -1,
4680, 4681, 4682, -1,
4682, 4681, 4683, -1,
4682, 4683, 4684, -1,
4684, 4683, 4685, -1,
4684, 4685, 4686, -1,
4686, 4685, 4687, -1,
4686, 4687, 4688, -1,
4688, 4687, 4689, -1,
4688, 4689, 4690, -1,
4690, 4689, 4691, -1,
4690, 4691, 4692, -1,
4692, 4691, 4693, -1,
4692, 4693, 4694, -1,
4694, 4693, 4695, -1,
4694, 4695, 4696, -1,
4696, 4695, 4697, -1,
4696, 4697, 4698, -1,
4698, 4697, 4699, -1,
4698, 4699, 4700, -1,
4700, 4699, 4701, -1,
4700, 4701, 4702, -1,
4702, 4701, 4703, -1,
4702, 4703, 4704, -1,
4704, 4703, 4705, -1,
4704, 4705, 4706, -1,
4706, 4705, 4707, -1,
4706, 4707, 4708, -1,
4708, 4707, 4709, -1,
4708, 4709, 4710, -1,
4710, 4709, 4711, -1,
4710, 4711, 4712, -1,
4712, 4711, 4713, -1,
4712, 4713, 4714, -1,
4714, 4713, 4715, -1,
4714, 4715, 4716, -1,
4716, 4715, 4717, -1,
4716, 4717, 4718, -1,
4718, 4717, 4719, -1,
4718, 4719, 4720, -1,
4720, 4719, 4721, -1,
4720, 4721, 4722, -1,
4722, 4721, 4723, -1,
4722, 4723, 4724, -1,
4724, 4723, 4725, -1,
4724, 4725, 4678, -1,
4678, 4725, 4679, -1,
4679, 4726, 4681, -1,
4681, 4726, 4727, -1,
4681, 4727, 4683, -1,
4683, 4727, 4728, -1,
4683, 4728, 4685, -1,
4685, 4728, 4729, -1,
4685, 4729, 4687, -1,
4687, 4729, 4730, -1,
4687, 4730, 4689, -1,
4689, 4730, 4731, -1,
4689, 4731, 4691, -1,
4691, 4731, 4732, -1,
4691, 4732, 4693, -1,
4693, 4732, 4733, -1,
4693, 4733, 4695, -1,
4695, 4733, 4734, -1,
4695, 4734, 4697, -1,
4697, 4734, 4735, -1,
4697, 4735, 4699, -1,
4699, 4735, 4736, -1,
4699, 4736, 4701, -1,
4701, 4736, 4737, -1,
4701, 4737, 4703, -1,
4703, 4737, 4738, -1,
4703, 4738, 4705, -1,
4705, 4738, 4739, -1,
4705, 4739, 4707, -1,
4707, 4739, 4740, -1,
4707, 4740, 4709, -1,
4709, 4740, 4741, -1,
4709, 4741, 4711, -1,
4711, 4741, 4742, -1,
4711, 4742, 4713, -1,
4713, 4742, 4743, -1,
4713, 4743, 4715, -1,
4715, 4743, 4744, -1,
4715, 4744, 4717, -1,
4717, 4744, 4745, -1,
4717, 4745, 4719, -1,
4719, 4745, 4746, -1,
4719, 4746, 4721, -1,
4721, 4746, 4747, -1,
4721, 4747, 4723, -1,
4723, 4747, 4748, -1,
4723, 4748, 4725, -1,
4725, 4748, 4749, -1,
4725, 4749, 4679, -1,
4679, 4749, 4726, -1,
4726, 4750, 4727, -1,
4727, 4750, 4751, -1,
4727, 4751, 4728, -1,
4728, 4751, 4752, -1,
4728, 4752, 4729, -1,
4729, 4752, 4753, -1,
4729, 4753, 4730, -1,
4730, 4753, 4754, -1,
4730, 4754, 4731, -1,
4731, 4754, 4755, -1,
4731, 4755, 4732, -1,
4732, 4755, 4756, -1,
4732, 4756, 4733, -1,
4733, 4756, 4757, -1,
4733, 4757, 4734, -1,
4734, 4757, 4758, -1,
4734, 4758, 4735, -1,
4735, 4758, 4759, -1,
4735, 4759, 4736, -1,
4736, 4759, 4760, -1,
4736, 4760, 4737, -1,
4737, 4760, 4761, -1,
4737, 4761, 4738, -1,
4738, 4761, 4762, -1,
4738, 4762, 4739, -1,
4739, 4762, 4763, -1,
4739, 4763, 4740, -1,
4740, 4763, 4764, -1,
4740, 4764, 4741, -1,
4741, 4764, 4765, -1,
4741, 4765, 4742, -1,
4742, 4765, 4766, -1,
4742, 4766, 4743, -1,
4743, 4766, 4767, -1,
4743, 4767, 4744, -1,
4744, 4767, 4768, -1,
4744, 4768, 4745, -1,
4745, 4768, 4769, -1,
4745, 4769, 4746, -1,
4746, 4769, 4770, -1,
4746, 4770, 4747, -1,
4747, 4770, 4771, -1,
4747, 4771, 4748, -1,
4748, 4771, 4772, -1,
4748, 4772, 4749, -1,
4749, 4772, 4773, -1,
4749, 4773, 4726, -1,
4726, 4773, 4750, -1,
4750, 4774, 4751, -1,
4751, 4774, 4775, -1,
4751, 4775, 4752, -1,
4752, 4775, 4776, -1,
4752, 4776, 4753, -1,
4753, 4776, 4777, -1,
4753, 4777, 4754, -1,
4754, 4777, 4778, -1,
4754, 4778, 4755, -1,
4755, 4778, 4779, -1,
4755, 4779, 4756, -1,
4756, 4779, 4780, -1,
4756, 4780, 4757, -1,
4757, 4780, 4781, -1,
4757, 4781, 4758, -1,
4758, 4781, 4782, -1,
4758, 4782, 4759, -1,
4759, 4782, 4783, -1,
4759, 4783, 4760, -1,
4760, 4783, 4784, -1,
4760, 4784, 4761, -1,
4761, 4784, 4785, -1,
4761, 4785, 4762, -1,
4762, 4785, 4786, -1,
4762, 4786, 4763, -1,
4763, 4786, 4787, -1,
4763, 4787, 4764, -1,
4764, 4787, 4788, -1,
4764, 4788, 4765, -1,
4765, 4788, 4789, -1,
4765, 4789, 4766, -1,
4766, 4789, 4790, -1,
4766, 4790, 4767, -1,
4767, 4790, 4791, -1,
4767, 4791, 4768, -1,
4768, 4791, 4792, -1,
4768, 4792, 4769, -1,
4769, 4792, 4793, -1,
4769, 4793, 4770, -1,
4770, 4793, 4794, -1,
4770, 4794, 4771, -1,
4771, 4794, 4795, -1,
4771, 4795, 4772, -1,
4772, 4795, 4796, -1,
4772, 4796, 4773, -1,
4773, 4796, 4797, -1,
4773, 4797, 4750, -1,
4750, 4797, 4774, -1,
4774, 4798, 4775, -1,
4775, 4798, 4799, -1,
4775, 4799, 4776, -1,
4776, 4799, 4800, -1,
4776, 4800, 4777, -1,
4777, 4800, 4801, -1,
4777, 4801, 4778, -1,
4778, 4801, 4802, -1,
4778, 4802, 4779, -1,
4779, 4802, 4803, -1,
4779, 4803, 4780, -1,
4780, 4803, 4804, -1,
4780, 4804, 4781, -1,
4781, 4804, 4805, -1,
4781, 4805, 4782, -1,
4782, 4805, 4806, -1,
4782, 4806, 4783, -1,
4783, 4806, 4807, -1,
4783, 4807, 4784, -1,
4784, 4807, 4808, -1,
4784, 4808, 4785, -1,
4785, 4808, 4809, -1,
4785, 4809, 4786, -1,
4786, 4809, 4810, -1,
4786, 4810, 4787, -1,
4787, 4810, 4811, -1,
4787, 4811, 4788, -1,
4788, 4811, 4812, -1,
4788, 4812, 4789, -1,
4789, 4812, 4813, -1,
4789, 4813, 4790, -1,
4790, 4813, 4814, -1,
4790, 4814, 4791, -1,
4791, 4814, 4815, -1,
4791, 4815, 4792, -1,
4792, 4815, 4816, -1,
4792, 4816, 4793, -1,
4793, 4816, 4817, -1,
4793, 4817, 4794, -1,
4794, 4817, 4818, -1,
4794, 4818, 4795, -1,
4795, 4818, 4819, -1,
4795, 4819, 4796, -1,
4796, 4819, 4820, -1,
4796, 4820, 4797, -1,
4797, 4820, 4821, -1,
4797, 4821, 4774, -1,
4774, 4821, 4798, -1,
4798, 4621, 4799, -1,
4799, 4621, 4618, -1,
4799, 4618, 4800, -1,
4800, 4618, 4615, -1,
4800, 4615, 4801, -1,
4801, 4615, 4612, -1,
4801, 4612, 4802, -1,
4802, 4612, 4609, -1,
4802, 4609, 4803, -1,
4803, 4609, 4608, -1,
4803, 4608, 4804, -1,
4804, 4608, 4607, -1,
4804, 4607, 4805, -1,
4805, 4607, 4672, -1,
4805, 4672, 4806, -1,
4806, 4672, 4669, -1,
4806, 4669, 4807, -1,
4807, 4669, 4666, -1,
4807, 4666, 4808, -1,
4808, 4666, 4663, -1,
4808, 4663, 4809, -1,
4809, 4663, 4660, -1,
4809, 4660, 4810, -1,
4810, 4660, 4657, -1,
4810, 4657, 4811, -1,
4811, 4657, 4654, -1,
4811, 4654, 4812, -1,
4812, 4654, 4651, -1,
4812, 4651, 4813, -1,
4813, 4651, 4648, -1,
4813, 4648, 4814, -1,
4814, 4648, 4645, -1,
4814, 4645, 4815, -1,
4815, 4645, 4642, -1,
4815, 4642, 4816, -1,
4816, 4642, 4639, -1,
4816, 4639, 4817, -1,
4817, 4639, 4636, -1,
4817, 4636, 4818, -1,
4818, 4636, 4633, -1,
4818, 4633, 4819, -1,
4819, 4633, 4630, -1,
4819, 4630, 4820, -1,
4820, 4630, 4627, -1,
4820, 4627, 4821, -1,
4821, 4627, 4624, -1,
4821, 4624, 4798, -1,
4798, 4624, 4621, -1,
4822, 4680, 4823, -1,
4823, 4680, 4682, -1,
4823, 4682, 4824, -1,
4824, 4682, 4684, -1,
4824, 4684, 4825, -1,
4825, 4684, 4686, -1,
4825, 4686, 4826, -1,
4826, 4686, 4688, -1,
4826, 4688, 4827, -1,
4827, 4688, 4690, -1,
4827, 4690, 4828, -1,
4828, 4690, 4692, -1,
4828, 4692, 4829, -1,
4829, 4692, 4694, -1,
4829, 4694, 4830, -1,
4830, 4694, 4696, -1,
4830, 4696, 4831, -1,
4831, 4696, 4698, -1,
4831, 4698, 4832, -1,
4832, 4698, 4700, -1,
4832, 4700, 4833, -1,
4833, 4700, 4702, -1,
4833, 4702, 4834, -1,
4834, 4702, 4704, -1,
4834, 4704, 4835, -1,
4835, 4704, 4706, -1,
4835, 4706, 4836, -1,
4836, 4706, 4708, -1,
4836, 4708, 4837, -1,
4837, 4708, 4710, -1,
4837, 4710, 4838, -1,
4838, 4710, 4712, -1,
4838, 4712, 4839, -1,
4839, 4712, 4714, -1,
4839, 4714, 4840, -1,
4840, 4714, 4716, -1,
4840, 4716, 4841, -1,
4841, 4716, 4718, -1,
4841, 4718, 4842, -1,
4842, 4718, 4720, -1,
4842, 4720, 4843, -1,
4843, 4720, 4722, -1,
4843, 4722, 4844, -1,
4844, 4722, 4724, -1,
4844, 4724, 4845, -1,
4845, 4724, 4678, -1,
4845, 4678, 4822, -1,
4822, 4678, 4680, -1,
4846, 4847, 4848, -1,
4848, 4847, 4849, -1,
4848, 4849, 4850, -1,
4850, 4849, 4851, -1,
4850, 4851, 4852, -1,
4852, 4851, 4853, -1,
4852, 4853, 4854, -1,
4854, 4853, 4855, -1,
4854, 4855, 4856, -1,
4856, 4855, 4857, -1,
4856, 4857, 4858, -1,
4858, 4857, 4859, -1,
4858, 4859, 4860, -1,
4860, 4859, 4861, -1,
4860, 4861, 4862, -1,
4862, 4861, 4863, -1,
4862, 4863, 4864, -1,
4864, 4863, 4865, -1,
4864, 4865, 4866, -1,
4866, 4865, 4867, -1,
4866, 4867, 4868, -1,
4868, 4867, 4869, -1,
4868, 4869, 4870, -1,
4870, 4869, 4871, -1,
4870, 4871, 4872, -1,
4872, 4871, 4873, -1,
4872, 4873, 4874, -1,
4874, 4873, 4875, -1,
4874, 4875, 4876, -1,
4876, 4875, 4877, -1,
4876, 4877, 4878, -1,
4878, 4877, 4879, -1,
4878, 4879, 4880, -1,
4880, 4879, 4881, -1,
4880, 4881, 4882, -1,
4882, 4881, 4883, -1,
4882, 4883, 4884, -1,
4884, 4883, 4885, -1,
4884, 4885, 4886, -1,
4886, 4885, 4887, -1,
4886, 4887, 4888, -1,
4888, 4887, 4889, -1,
4888, 4889, 4890, -1,
4890, 4889, 4891, -1,
4890, 4891, 4892, -1,
4892, 4891, 4893, -1,
4892, 4893, 4846, -1,
4846, 4893, 4847, -1,
4847, 4894, 4849, -1,
4849, 4894, 4895, -1,
4849, 4895, 4851, -1,
4851, 4895, 4896, -1,
4851, 4896, 4853, -1,
4853, 4896, 4897, -1,
4853, 4897, 4855, -1,
4855, 4897, 4898, -1,
4855, 4898, 4857, -1,
4857, 4898, 4899, -1,
4857, 4899, 4859, -1,
4859, 4899, 4900, -1,
4859, 4900, 4861, -1,
4861, 4900, 4901, -1,
4861, 4901, 4863, -1,
4863, 4901, 4902, -1,
4863, 4902, 4865, -1,
4865, 4902, 4903, -1,
4865, 4903, 4867, -1,
4867, 4903, 4904, -1,
4867, 4904, 4869, -1,
4869, 4904, 4905, -1,
4869, 4905, 4871, -1,
4871, 4905, 4906, -1,
4871, 4906, 4873, -1,
4873, 4906, 4907, -1,
4873, 4907, 4875, -1,
4875, 4907, 4908, -1,
4875, 4908, 4877, -1,
4877, 4908, 4909, -1,
4877, 4909, 4879, -1,
4879, 4909, 4910, -1,
4879, 4910, 4881, -1,
4881, 4910, 4911, -1,
4881, 4911, 4883, -1,
4883, 4911, 4912, -1,
4883, 4912, 4885, -1,
4885, 4912, 4913, -1,
4885, 4913, 4887, -1,
4887, 4913, 4914, -1,
4887, 4914, 4889, -1,
4889, 4914, 4915, -1,
4889, 4915, 4891, -1,
4891, 4915, 4916, -1,
4891, 4916, 4893, -1,
4893, 4916, 4917, -1,
4893, 4917, 4847, -1,
4847, 4917, 4894, -1,
4894, 4918, 4895, -1,
4895, 4918, 4919, -1,
4895, 4919, 4896, -1,
4896, 4919, 4920, -1,
4896, 4920, 4897, -1,
4897, 4920, 4921, -1,
4897, 4921, 4898, -1,
4898, 4921, 4922, -1,
4898, 4922, 4899, -1,
4899, 4922, 4923, -1,
4899, 4923, 4900, -1,
4900, 4923, 4924, -1,
4900, 4924, 4901, -1,
4901, 4924, 4925, -1,
4901, 4925, 4902, -1,
4902, 4925, 4926, -1,
4902, 4926, 4903, -1,
4903, 4926, 4927, -1,
4903, 4927, 4904, -1,
4904, 4927, 4928, -1,
4904, 4928, 4905, -1,
4905, 4928, 4929, -1,
4905, 4929, 4906, -1,
4906, 4929, 4930, -1,
4906, 4930, 4907, -1,
4907, 4930, 4931, -1,
4907, 4931, 4908, -1,
4908, 4931, 4932, -1,
4908, 4932, 4909, -1,
4909, 4932, 4933, -1,
4909, 4933, 4910, -1,
4910, 4933, 4934, -1,
4910, 4934, 4911, -1,
4911, 4934, 4935, -1,
4911, 4935, 4912, -1,
4912, 4935, 4936, -1,
4912, 4936, 4913, -1,
4913, 4936, 4937, -1,
4913, 4937, 4914, -1,
4914, 4937, 4938, -1,
4914, 4938, 4915, -1,
4915, 4938, 4939, -1,
4915, 4939, 4916, -1,
4916, 4939, 4940, -1,
4916, 4940, 4917, -1,
4917, 4940, 4941, -1,
4917, 4941, 4894, -1,
4894, 4941, 4918, -1,
4918, 4942, 4919, -1,
4919, 4942, 4943, -1,
4919, 4943, 4920, -1,
4920, 4943, 4944, -1,
4920, 4944, 4921, -1,
4921, 4944, 4945, -1,
4921, 4945, 4922, -1,
4922, 4945, 4946, -1,
4922, 4946, 4923, -1,
4923, 4946, 4947, -1,
4923, 4947, 4924, -1,
4924, 4947, 4948, -1,
4924, 4948, 4925, -1,
4925, 4948, 4949, -1,
4925, 4949, 4926, -1,
4926, 4949, 4950, -1,
4926, 4950, 4927, -1,
4927, 4950, 4951, -1,
4927, 4951, 4928, -1,
4928, 4951, 4952, -1,
4928, 4952, 4929, -1,
4929, 4952, 4953, -1,
4929, 4953, 4930, -1,
4930, 4953, 4954, -1,
4930, 4954, 4931, -1,
4931, 4954, 4955, -1,
4931, 4955, 4932, -1,
4932, 4955, 4956, -1,
4932, 4956, 4933, -1,
4933, 4956, 4957, -1,
4933, 4957, 4934, -1,
4934, 4957, 4958, -1,
4934, 4958, 4935, -1,
4935, 4958, 4959, -1,
4935, 4959, 4936, -1,
4936, 4959, 4960, -1,
4936, 4960, 4937, -1,
4937, 4960, 4961, -1,
4937, 4961, 4938, -1,
4938, 4961, 4962, -1,
4938, 4962, 4939, -1,
4939, 4962, 4963, -1,
4939, 4963, 4940, -1,
4940, 4963, 4964, -1,
4940, 4964, 4941, -1,
4941, 4964, 4965, -1,
4941, 4965, 4918, -1,
4918, 4965, 4942, -1,
4942, 4966, 4943, -1,
4943, 4966, 4967, -1,
4943, 4967, 4944, -1,
4944, 4967, 4968, -1,
4944, 4968, 4945, -1,
4945, 4968, 4969, -1,
4945, 4969, 4946, -1,
4946, 4969, 4970, -1,
4946, 4970, 4947, -1,
4947, 4970, 4971, -1,
4947, 4971, 4948, -1,
4948, 4971, 4972, -1,
4948, 4972, 4949, -1,
4949, 4972, 4973, -1,
4949, 4973, 4950, -1,
4950, 4973, 4974, -1,
4950, 4974, 4951, -1,
4951, 4974, 4975, -1,
4951, 4975, 4952, -1,
4952, 4975, 4976, -1,
4952, 4976, 4953, -1,
4953, 4976, 4977, -1,
4953, 4977, 4954, -1,
4954, 4977, 4978, -1,
4954, 4978, 4955, -1,
4955, 4978, 4979, -1,
4955, 4979, 4956, -1,
4956, 4979, 4980, -1,
4956, 4980, 4957, -1,
4957, 4980, 4981, -1,
4957, 4981, 4958, -1,
4958, 4981, 4982, -1,
4958, 4982, 4959, -1,
4959, 4982, 4983, -1,
4959, 4983, 4960, -1,
4960, 4983, 4984, -1,
4960, 4984, 4961, -1,
4961, 4984, 4985, -1,
4961, 4985, 4962, -1,
4962, 4985, 4986, -1,
4962, 4986, 4963, -1,
4963, 4986, 4987, -1,
4963, 4987, 4964, -1,
4964, 4987, 4988, -1,
4964, 4988, 4965, -1,
4965, 4988, 4989, -1,
4965, 4989, 4942, -1,
4942, 4989, 4966, -1,
4966, 4834, 4967, -1,
4967, 4834, 4835, -1,
4967, 4835, 4968, -1,
4968, 4835, 4836, -1,
4968, 4836, 4969, -1,
4969, 4836, 4837, -1,
4969, 4837, 4970, -1,
4970, 4837, 4838, -1,
4970, 4838, 4971, -1,
4971, 4838, 4839, -1,
4971, 4839, 4972, -1,
4972, 4839, 4840, -1,
4972, 4840, 4973, -1,
4973, 4840, 4841, -1,
4973, 4841, 4974, -1,
4974, 4841, 4842, -1,
4974, 4842, 4975, -1,
4975, 4842, 4843, -1,
4975, 4843, 4976, -1,
4976, 4843, 4844, -1,
4976, 4844, 4977, -1,
4977, 4844, 4845, -1,
4977, 4845, 4978, -1,
4978, 4845, 4822, -1,
4978, 4822, 4979, -1,
4979, 4822, 4823, -1,
4979, 4823, 4980, -1,
4980, 4823, 4824, -1,
4980, 4824, 4981, -1,
4981, 4824, 4825, -1,
4981, 4825, 4982, -1,
4982, 4825, 4826, -1,
4982, 4826, 4983, -1,
4983, 4826, 4827, -1,
4983, 4827, 4984, -1,
4984, 4827, 4828, -1,
4984, 4828, 4985, -1,
4985, 4828, 4829, -1,
4985, 4829, 4986, -1,
4986, 4829, 4830, -1,
4986, 4830, 4987, -1,
4987, 4830, 4831, -1,
4987, 4831, 4988, -1,
4988, 4831, 4832, -1,
4988, 4832, 4989, -1,
4989, 4832, 4833, -1,
4989, 4833, 4966, -1,
4966, 4833, 4834, -1,
4990, 4884, 4991, -1,
4991, 4884, 4886, -1,
4991, 4886, 4992, -1,
4992, 4886, 4888, -1,
4992, 4888, 4993, -1,
4993, 4888, 4890, -1,
4993, 4890, 4994, -1,
4994, 4890, 4892, -1,
4994, 4892, 4995, -1,
4995, 4892, 4846, -1,
4995, 4846, 4996, -1,
4996, 4846, 4848, -1,
4996, 4848, 4997, -1,
4997, 4848, 4850, -1,
4997, 4850, 4998, -1,
4998, 4850, 4852, -1,
4998, 4852, 4999, -1,
4999, 4852, 4854, -1,
4999, 4854, 5000, -1,
5000, 4854, 4856, -1,
5000, 4856, 5001, -1,
5001, 4856, 4858, -1,
5001, 4858, 5002, -1,
5002, 4858, 4860, -1,
5002, 4860, 5003, -1,
5003, 4860, 4862, -1,
5003, 4862, 5004, -1,
5004, 4862, 4864, -1,
5004, 4864, 5005, -1,
5005, 4864, 4866, -1,
5005, 4866, 5006, -1,
5006, 4866, 4868, -1,
5006, 4868, 5007, -1,
5007, 4868, 4870, -1,
5007, 4870, 5008, -1,
5008, 4870, 4872, -1,
5008, 4872, 5009, -1,
5009, 4872, 4874, -1,
5009, 4874, 5010, -1,
5010, 4874, 4876, -1,
5010, 4876, 5011, -1,
5011, 4876, 4878, -1,
5011, 4878, 5012, -1,
5012, 4878, 4880, -1,
5012, 4880, 5013, -1,
5013, 4880, 4882, -1,
5013, 4882, 4990, -1,
4990, 4882, 4884, -1,
5014, 5015, 5016, -1,
5016, 5015, 5017, -1,
5016, 5017, 5018, -1,
5018, 5017, 5019, -1,
5018, 5019, 5020, -1,
5020, 5019, 5021, -1,
5020, 5021, 5022, -1,
5022, 5021, 5023, -1,
5022, 5023, 5024, -1,
5024, 5023, 5025, -1,
5024, 5025, 5026, -1,
5026, 5025, 5027, -1,
5026, 5027, 5028, -1,
5028, 5027, 5029, -1,
5028, 5029, 5030, -1,
5030, 5029, 5031, -1,
5030, 5031, 5032, -1,
5032, 5031, 5033, -1,
5032, 5033, 5034, -1,
5034, 5033, 5035, -1,
5034, 5035, 5036, -1,
5036, 5035, 5037, -1,
5036, 5037, 5038, -1,
5038, 5037, 5039, -1,
5038, 5039, 5040, -1,
5040, 5039, 5041, -1,
5040, 5041, 5042, -1,
5042, 5041, 5043, -1,
5042, 5043, 5044, -1,
5044, 5043, 5045, -1,
5044, 5045, 5046, -1,
5046, 5045, 5047, -1,
5046, 5047, 5048, -1,
5048, 5047, 5049, -1,
5048, 5049, 5050, -1,
5050, 5049, 5051, -1,
5050, 5051, 5052, -1,
5052, 5051, 5053, -1,
5052, 5053, 5054, -1,
5054, 5053, 5055, -1,
5054, 5055, 5056, -1,
5056, 5055, 5057, -1,
5056, 5057, 5058, -1,
5058, 5057, 5059, -1,
5058, 5059, 5060, -1,
5060, 5059, 5061, -1,
5060, 5061, 5014, -1,
5014, 5061, 5015, -1,
5015, 5062, 5017, -1,
5017, 5062, 5063, -1,
5017, 5063, 5019, -1,
5019, 5063, 5064, -1,
5019, 5064, 5021, -1,
5021, 5064, 5065, -1,
5021, 5065, 5023, -1,
5023, 5065, 5066, -1,
5023, 5066, 5025, -1,
5025, 5066, 5067, -1,
5025, 5067, 5027, -1,
5027, 5067, 5068, -1,
5027, 5068, 5029, -1,
5029, 5068, 5069, -1,
5029, 5069, 5031, -1,
5031, 5069, 5070, -1,
5031, 5070, 5033, -1,
5033, 5070, 5071, -1,
5033, 5071, 5035, -1,
5035, 5071, 5072, -1,
5035, 5072, 5037, -1,
5037, 5072, 5073, -1,
5037, 5073, 5039, -1,
5039, 5073, 5074, -1,
5039, 5074, 5041, -1,
5041, 5074, 5075, -1,
5041, 5075, 5043, -1,
5043, 5075, 5076, -1,
5043, 5076, 5045, -1,
5045, 5076, 5077, -1,
5045, 5077, 5047, -1,
5047, 5077, 5078, -1,
5047, 5078, 5049, -1,
5049, 5078, 5079, -1,
5049, 5079, 5051, -1,
5051, 5079, 5080, -1,
5051, 5080, 5053, -1,
5053, 5080, 5081, -1,
5053, 5081, 5055, -1,
5055, 5081, 5082, -1,
5055, 5082, 5057, -1,
5057, 5082, 5083, -1,
5057, 5083, 5059, -1,
5059, 5083, 5084, -1,
5059, 5084, 5061, -1,
5061, 5084, 5085, -1,
5061, 5085, 5015, -1,
5015, 5085, 5062, -1,
5062, 5086, 5063, -1,
5063, 5086, 5087, -1,
5063, 5087, 5064, -1,
5064, 5087, 5088, -1,
5064, 5088, 5065, -1,
5065, 5088, 5089, -1,
5065, 5089, 5066, -1,
5066, 5089, 5090, -1,
5066, 5090, 5067, -1,
5067, 5090, 5091, -1,
5067, 5091, 5068, -1,
5068, 5091, 5092, -1,
5068, 5092, 5069, -1,
5069, 5092, 5093, -1,
5069, 5093, 5070, -1,
5070, 5093, 5094, -1,
5070, 5094, 5071, -1,
5071, 5094, 5095, -1,
5071, 5095, 5072, -1,
5072, 5095, 5096, -1,
5072, 5096, 5073, -1,
5073, 5096, 5097, -1,
5073, 5097, 5074, -1,
5074, 5097, 5098, -1,
5074, 5098, 5075, -1,
5075, 5098, 5099, -1,
5075, 5099, 5076, -1,
5076, 5099, 5100, -1,
5076, 5100, 5077, -1,
5077, 5100, 5101, -1,
5077, 5101, 5078, -1,
5078, 5101, 5102, -1,
5078, 5102, 5079, -1,
5079, 5102, 5103, -1,
5079, 5103, 5080, -1,
5080, 5103, 5104, -1,
5080, 5104, 5081, -1,
5081, 5104, 5105, -1,
5081, 5105, 5082, -1,
5082, 5105, 5106, -1,
5082, 5106, 5083, -1,
5083, 5106, 5107, -1,
5083, 5107, 5084, -1,
5084, 5107, 5108, -1,
5084, 5108, 5085, -1,
5085, 5108, 5109, -1,
5085, 5109, 5062, -1,
5062, 5109, 5086, -1,
5086, 5110, 5087, -1,
5087, 5110, 5111, -1,
5087, 5111, 5088, -1,
5088, 5111, 5112, -1,
5088, 5112, 5089, -1,
5089, 5112, 5113, -1,
5089, 5113, 5090, -1,
5090, 5113, 5114, -1,
5090, 5114, 5091, -1,
5091, 5114, 5115, -1,
5091, 5115, 5092, -1,
5092, 5115, 5116, -1,
5092, 5116, 5093, -1,
5093, 5116, 5117, -1,
5093, 5117, 5094, -1,
5094, 5117, 5118, -1,
5094, 5118, 5095, -1,
5095, 5118, 5119, -1,
5095, 5119, 5096, -1,
5096, 5119, 5120, -1,
5096, 5120, 5097, -1,
5097, 5120, 5121, -1,
5097, 5121, 5098, -1,
5098, 5121, 5122, -1,
5098, 5122, 5099, -1,
5099, 5122, 5123, -1,
5099, 5123, 5100, -1,
5100, 5123, 5124, -1,
5100, 5124, 5101, -1,
5101, 5124, 5125, -1,
5101, 5125, 5102, -1,
5102, 5125, 5126, -1,
5102, 5126, 5103, -1,
5103, 5126, 5127, -1,
5103, 5127, 5104, -1,
5104, 5127, 5128, -1,
5104, 5128, 5105, -1,
5105, 5128, 5129, -1,
5105, 5129, 5106, -1,
5106, 5129, 5130, -1,
5106, 5130, 5107, -1,
5107, 5130, 5131, -1,
5107, 5131, 5108, -1,
5108, 5131, 5132, -1,
5108, 5132, 5109, -1,
5109, 5132, 5133, -1,
5109, 5133, 5086, -1,
5086, 5133, 5110, -1,
5110, 5134, 5111, -1,
5111, 5134, 5135, -1,
5111, 5135, 5112, -1,
5112, 5135, 5136, -1,
5112, 5136, 5113, -1,
5113, 5136, 5137, -1,
5113, 5137, 5114, -1,
5114, 5137, 5138, -1,
5114, 5138, 5115, -1,
5115, 5138, 5139, -1,
5115, 5139, 5116, -1,
5116, 5139, 5140, -1,
5116, 5140, 5117, -1,
5117, 5140, 5141, -1,
5117, 5141, 5118, -1,
5118, 5141, 5142, -1,
5118, 5142, 5119, -1,
5119, 5142, 5143, -1,
5119, 5143, 5120, -1,
5120, 5143, 5144, -1,
5120, 5144, 5121, -1,
5121, 5144, 5145, -1,
5121, 5145, 5122, -1,
5122, 5145, 5146, -1,
5122, 5146, 5123, -1,
5123, 5146, 5147, -1,
5123, 5147, 5124, -1,
5124, 5147, 5148, -1,
5124, 5148, 5125, -1,
5125, 5148, 5149, -1,
5125, 5149, 5126, -1,
5126, 5149, 5150, -1,
5126, 5150, 5127, -1,
5127, 5150, 5151, -1,
5127, 5151, 5128, -1,
5128, 5151, 5152, -1,
5128, 5152, 5129, -1,
5129, 5152, 5153, -1,
5129, 5153, 5130, -1,
5130, 5153, 5154, -1,
5130, 5154, 5131, -1,
5131, 5154, 5155, -1,
5131, 5155, 5132, -1,
5132, 5155, 5156, -1,
5132, 5156, 5133, -1,
5133, 5156, 5157, -1,
5133, 5157, 5110, -1,
5110, 5157, 5134, -1,
5134, 5158, 5135, -1,
5135, 5158, 5159, -1,
5135, 5159, 5136, -1,
5136, 5159, 5160, -1,
5136, 5160, 5137, -1,
5137, 5160, 5161, -1,
5137, 5161, 5138, -1,
5138, 5161, 5162, -1,
5138, 5162, 5139, -1,
5139, 5162, 5163, -1,
5139, 5163, 5140, -1,
5140, 5163, 5164, -1,
5140, 5164, 5141, -1,
5141, 5164, 5165, -1,
5141, 5165, 5142, -1,
5142, 5165, 5166, -1,
5142, 5166, 5143, -1,
5143, 5166, 5167, -1,
5143, 5167, 5144, -1,
5144, 5167, 5168, -1,
5144, 5168, 5145, -1,
5145, 5168, 5169, -1,
5145, 5169, 5146, -1,
5146, 5169, 5170, -1,
5146, 5170, 5147, -1,
5147, 5170, 5171, -1,
5147, 5171, 5148, -1,
5148, 5171, 5172, -1,
5148, 5172, 5149, -1,
5149, 5172, 5173, -1,
5149, 5173, 5150, -1,
5150, 5173, 5174, -1,
5150, 5174, 5151, -1,
5151, 5174, 5175, -1,
5151, 5175, 5152, -1,
5152, 5175, 5176, -1,
5152, 5176, 5153, -1,
5153, 5176, 5177, -1,
5153, 5177, 5154, -1,
5154, 5177, 5178, -1,
5154, 5178, 5155, -1,
5155, 5178, 5179, -1,
5155, 5179, 5156, -1,
5156, 5179, 5180, -1,
5156, 5180, 5157, -1,
5157, 5180, 5181, -1,
5157, 5181, 5134, -1,
5134, 5181, 5158, -1,
5158, 5182, 5159, -1,
5159, 5182, 5183, -1,
5159, 5183, 5160, -1,
5160, 5183, 5184, -1,
5160, 5184, 5161, -1,
5161, 5184, 5185, -1,
5161, 5185, 5162, -1,
5162, 5185, 5186, -1,
5162, 5186, 5163, -1,
5163, 5186, 5187, -1,
5163, 5187, 5164, -1,
5164, 5187, 5188, -1,
5164, 5188, 5165, -1,
5165, 5188, 5189, -1,
5165, 5189, 5166, -1,
5166, 5189, 5190, -1,
5166, 5190, 5167, -1,
5167, 5190, 5191, -1,
5167, 5191, 5168, -1,
5168, 5191, 5192, -1,
5168, 5192, 5169, -1,
5169, 5192, 5193, -1,
5169, 5193, 5170, -1,
5170, 5193, 5194, -1,
5170, 5194, 5171, -1,
5171, 5194, 5195, -1,
5171, 5195, 5172, -1,
5172, 5195, 5196, -1,
5172, 5196, 5173, -1,
5173, 5196, 5197, -1,
5173, 5197, 5174, -1,
5174, 5197, 5198, -1,
5174, 5198, 5175, -1,
5175, 5198, 5199, -1,
5175, 5199, 5176, -1,
5176, 5199, 5200, -1,
5176, 5200, 5177, -1,
5177, 5200, 5201, -1,
5177, 5201, 5178, -1,
5178, 5201, 5202, -1,
5178, 5202, 5179, -1,
5179, 5202, 5203, -1,
5179, 5203, 5180, -1,
5180, 5203, 5204, -1,
5180, 5204, 5181, -1,
5181, 5204, 5205, -1,
5181, 5205, 5158, -1,
5158, 5205, 5182, -1,
5182, 5206, 5183, -1,
5183, 5206, 5207, -1,
5183, 5207, 5184, -1,
5184, 5207, 5208, -1,
5184, 5208, 5185, -1,
5185, 5208, 5209, -1,
5185, 5209, 5186, -1,
5186, 5209, 5210, -1,
5186, 5210, 5187, -1,
5187, 5210, 5211, -1,
5187, 5211, 5188, -1,
5188, 5211, 5212, -1,
5188, 5212, 5189, -1,
5189, 5212, 5213, -1,
5189, 5213, 5190, -1,
5190, 5213, 5214, -1,
5190, 5214, 5191, -1,
5191, 5214, 5215, -1,
5191, 5215, 5192, -1,
5192, 5215, 5216, -1,
5192, 5216, 5193, -1,
5193, 5216, 5217, -1,
5193, 5217, 5194, -1,
5194, 5217, 5218, -1,
5194, 5218, 5195, -1,
5195, 5218, 5219, -1,
5195, 5219, 5196, -1,
5196, 5219, 5220, -1,
5196, 5220, 5197, -1,
5197, 5220, 5221, -1,
5197, 5221, 5198, -1,
5198, 5221, 5222, -1,
5198, 5222, 5199, -1,
5199, 5222, 5223, -1,
5199, 5223, 5200, -1,
5200, 5223, 5224, -1,
5200, 5224, 5201, -1,
5201, 5224, 5225, -1,
5201, 5225, 5202, -1,
5202, 5225, 5226, -1,
5202, 5226, 5203, -1,
5203, 5226, 5227, -1,
5203, 5227, 5204, -1,
5204, 5227, 5228, -1,
5204, 5228, 5205, -1,
5205, 5228, 5229, -1,
5205, 5229, 5182, -1,
5182, 5229, 5206, -1,
5206, 5230, 5207, -1,
5207, 5230, 5231, -1,
5207, 5231, 5208, -1,
5208, 5231, 5232, -1,
5208, 5232, 5209, -1,
5209, 5232, 5233, -1,
5209, 5233, 5210, -1,
5210, 5233, 5234, -1,
5210, 5234, 5211, -1,
5211, 5234, 5235, -1,
5211, 5235, 5212, -1,
5212, 5235, 5236, -1,
5212, 5236, 5213, -1,
5213, 5236, 5237, -1,
5213, 5237, 5214, -1,
5214, 5237, 5238, -1,
5214, 5238, 5215, -1,
5215, 5238, 5239, -1,
5215, 5239, 5216, -1,
5216, 5239, 5240, -1,
5216, 5240, 5217, -1,
5217, 5240, 5241, -1,
5217, 5241, 5218, -1,
5218, 5241, 5242, -1,
5218, 5242, 5219, -1,
5219, 5242, 5243, -1,
5219, 5243, 5220, -1,
5220, 5243, 5244, -1,
5220, 5244, 5221, -1,
5221, 5244, 5245, -1,
5221, 5245, 5222, -1,
5222, 5245, 5246, -1,
5222, 5246, 5223, -1,
5223, 5246, 5247, -1,
5223, 5247, 5224, -1,
5224, 5247, 5248, -1,
5224, 5248, 5225, -1,
5225, 5248, 5249, -1,
5225, 5249, 5226, -1,
5226, 5249, 5250, -1,
5226, 5250, 5227, -1,
5227, 5250, 5251, -1,
5227, 5251, 5228, -1,
5228, 5251, 5252, -1,
5228, 5252, 5229, -1,
5229, 5252, 5253, -1,
5229, 5253, 5206, -1,
5206, 5253, 5230, -1,
5230, 5008, 5231, -1,
5231, 5008, 5009, -1,
5231, 5009, 5232, -1,
5232, 5009, 5010, -1,
5232, 5010, 5233, -1,
5233, 5010, 5011, -1,
5233, 5011, 5234, -1,
5234, 5011, 5012, -1,
5234, 5012, 5235, -1,
5235, 5012, 5013, -1,
5235, 5013, 5236, -1,
5236, 5013, 4990, -1,
5236, 4990, 5237, -1,
5237, 4990, 4991, -1,
5237, 4991, 5238, -1,
5238, 4991, 4992, -1,
5238, 4992, 5239, -1,
5239, 4992, 4993, -1,
5239, 4993, 5240, -1,
5240, 4993, 4994, -1,
5240, 4994, 5241, -1,
5241, 4994, 4995, -1,
5241, 4995, 5242, -1,
5242, 4995, 4996, -1,
5242, 4996, 5243, -1,
5243, 4996, 4997, -1,
5243, 4997, 5244, -1,
5244, 4997, 4998, -1,
5244, 4998, 5245, -1,
5245, 4998, 4999, -1,
5245, 4999, 5246, -1,
5246, 4999, 5000, -1,
5246, 5000, 5247, -1,
5247, 5000, 5001, -1,
5247, 5001, 5248, -1,
5248, 5001, 5002, -1,
5248, 5002, 5249, -1,
5249, 5002, 5003, -1,
5249, 5003, 5250, -1,
5250, 5003, 5004, -1,
5250, 5004, 5251, -1,
5251, 5004, 5005, -1,
5251, 5005, 5252, -1,
5252, 5005, 5006, -1,
5252, 5006, 5253, -1,
5253, 5006, 5007, -1,
5253, 5007, 5230, -1,
5230, 5007, 5008, -1,
4597, 5016, 4592, -1,
4592, 5016, 5018, -1,
4592, 5018, 4593, -1,
4593, 5018, 5020, -1,
4593, 5020, 4594, -1,
4594, 5020, 5022, -1,
4594, 5022, 4589, -1,
4589, 5022, 5024, -1,
4589, 5024, 4590, -1,
4590, 5024, 5026, -1,
4590, 5026, 4591, -1,
4591, 5026, 5028, -1,
4591, 5028, 4586, -1,
4586, 5028, 5030, -1,
4586, 5030, 4587, -1,
4587, 5030, 5032, -1,
4587, 5032, 4588, -1,
4588, 5032, 5034, -1,
4588, 5034, 4581, -1,
4581, 5034, 5036, -1,
4581, 5036, 4582, -1,
4582, 5036, 5038, -1,
4582, 5038, 4584, -1,
4584, 5038, 5040, -1,
4584, 5040, 4585, -1,
4585, 5040, 5042, -1,
4585, 5042, 4604, -1,
4604, 5042, 5044, -1,
4604, 5044, 4605, -1,
4605, 5044, 5046, -1,
4605, 5046, 4601, -1,
4601, 5046, 5048, -1,
4601, 5048, 4602, -1,
4602, 5048, 5050, -1,
4602, 5050, 4603, -1,
4603, 5050, 5052, -1,
4603, 5052, 4598, -1,
4598, 5052, 5054, -1,
4598, 5054, 4599, -1,
4599, 5054, 5056, -1,
4599, 5056, 4600, -1,
4600, 5056, 5058, -1,
4600, 5058, 4595, -1,
4595, 5058, 5060, -1,
4595, 5060, 4596, -1,
4596, 5060, 5014, -1,
4596, 5014, 4597, -1,
4597, 5014, 5016, -1,
5254, 5255, 5256, -1,
4623, 4622, 5256, -1,
5257, 5258, 5259, -1,
4620, 4619, 5259, -1,
5260, 5261, 5262, -1,
5263, 5264, 5265, -1,
4674, 4673, 5265, -1,
4671, 4670, 5266, -1,
5267, 5268, 5269, -1,
4650, 4649, 5269, -1,
5270, 5271, 5272, -1,
4647, 4646, 5272, -1,
5273, 5274, 5275, -1,
4644, 4643, 5275, -1,
5276, 5277, 5278, -1,
4641, 4640, 5278, -1,
5279, 5280, 5281, -1,
4638, 4637, 5281, -1,
5282, 5283, 5284, -1,
4635, 4634, 5284, -1,
5285, 5286, 5287, -1,
4632, 4631, 5287, -1,
5286, 5288, 5287, -1,
5287, 5288, 5289, -1,
5287, 5289, 4632, -1,
4631, 4635, 5287, -1,
5287, 4635, 5284, -1,
5287, 5284, 5285, -1,
5285, 5284, 5283, -1,
4634, 4638, 5284, -1,
5284, 4638, 5281, -1,
5284, 5281, 5282, -1,
5282, 5281, 5280, -1,
4637, 4641, 5281, -1,
5281, 4641, 5278, -1,
5281, 5278, 5279, -1,
5279, 5278, 5277, -1,
4640, 4644, 5278, -1,
5278, 4644, 5275, -1,
5278, 5275, 5276, -1,
5276, 5275, 5274, -1,
4643, 4647, 5275, -1,
5275, 4647, 5272, -1,
5275, 5272, 5273, -1,
5273, 5272, 5271, -1,
4646, 4650, 5272, -1,
5272, 4650, 5269, -1,
5272, 5269, 5270, -1,
5270, 5269, 5268, -1,
4649, 4653, 5269, -1,
5269, 4653, 5290, -1,
5269, 5290, 5267, -1,
5291, 5292, 5290, -1,
5290, 5292, 5293, -1,
5290, 5293, 5267, -1,
4655, 5291, 4656, -1,
4656, 5291, 5290, -1,
4656, 5290, 4652, -1,
4652, 5290, 4653, -1,
5294, 5295, 5291, -1,
5291, 5295, 5296, -1,
5291, 5296, 5292, -1,
4655, 4659, 5291, -1,
5291, 4659, 5297, -1,
5291, 5297, 5294, -1,
4661, 5298, 4662, -1,
4662, 5298, 5297, -1,
4662, 5297, 4658, -1,
4658, 5297, 4659, -1,
5299, 5300, 5298, -1,
5298, 5300, 5301, -1,
5298, 5301, 5297, -1,
5297, 5301, 5302, -1,
5297, 5302, 5294, -1,
4661, 4665, 5298, -1,
5298, 4665, 5303, -1,
5298, 5303, 5299, -1,
4667, 5304, 4668, -1,
4668, 5304, 5303, -1,
4668, 5303, 4664, -1,
4664, 5303, 4665, -1,
5305, 5306, 5304, -1,
5304, 5306, 5307, -1,
5304, 5307, 5303, -1,
5303, 5307, 5308, -1,
5303, 5308, 5299, -1,
4667, 4671, 5304, -1,
5304, 4671, 5266, -1,
5304, 5266, 5305, -1,
5305, 5266, 5309, -1,
4670, 4674, 5266, -1,
5266, 4674, 5265, -1,
5266, 5265, 5309, -1,
5309, 5265, 5264, -1,
4673, 4677, 5265, -1,
5265, 4677, 5262, -1,
5265, 5262, 5263, -1,
5263, 5262, 5261, -1,
4677, 4676, 5262, -1,
5262, 4676, 4675, -1,
5262, 4675, 5310, -1,
5311, 5312, 5310, -1,
5310, 5312, 5313, -1,
5310, 5313, 5262, -1,
5262, 5313, 5314, -1,
5262, 5314, 5260, -1,
4675, 4606, 5310, -1,
5310, 4606, 4611, -1,
5310, 4611, 5311, -1,
5315, 5316, 5311, -1,
5311, 5316, 5317, -1,
5311, 5317, 5312, -1,
4611, 4610, 5311, -1,
5311, 4610, 4614, -1,
5311, 4614, 5315, -1,
5318, 5319, 5320, -1,
5320, 5319, 5321, -1,
5320, 5321, 5315, -1,
5315, 5321, 5322, -1,
5315, 5322, 5316, -1,
4616, 5320, 4617, -1,
4617, 5320, 5315, -1,
4617, 5315, 4613, -1,
4613, 5315, 4614, -1,
4616, 4620, 5320, -1,
5320, 4620, 5259, -1,
5320, 5259, 5318, -1,
5318, 5259, 5258, -1,
4619, 4623, 5259, -1,
5259, 4623, 5256, -1,
5259, 5256, 5257, -1,
5257, 5256, 5255, -1,
4622, 4626, 5256, -1,
5256, 4626, 5323, -1,
5256, 5323, 5254, -1,
5288, 5324, 5289, -1,
5289, 5324, 5325, -1,
5289, 5325, 5323, -1,
5323, 5325, 5326, -1,
5323, 5326, 5254, -1,
4626, 4625, 5323, -1,
5323, 4625, 4629, -1,
5323, 4629, 5289, -1,
5289, 4629, 4628, -1,
5289, 4628, 4632, -1,
5301, 5327, 5302, -1,
5302, 5327, 5328, -1,
5302, 5328, 5294, -1,
5294, 5328, 5329, -1,
5294, 5329, 5295, -1,
5295, 5329, 5330, -1,
5295, 5330, 5296, -1,
5296, 5330, 5331, -1,
5296, 5331, 5292, -1,
5292, 5331, 5332, -1,
5292, 5332, 5293, -1,
5293, 5332, 5333, -1,
5293, 5333, 5267, -1,
5267, 5333, 5334, -1,
5267, 5334, 5268, -1,
5268, 5334, 5335, -1,
5268, 5335, 5270, -1,
5270, 5335, 5336, -1,
5270, 5336, 5271, -1,
5271, 5336, 5337, -1,
5271, 5337, 5273, -1,
5273, 5337, 5338, -1,
5273, 5338, 5274, -1,
5274, 5338, 5339, -1,
5274, 5339, 5276, -1,
5276, 5339, 5340, -1,
5276, 5340, 5277, -1,
5277, 5340, 5341, -1,
5277, 5341, 5279, -1,
5279, 5341, 5342, -1,
5279, 5342, 5280, -1,
5280, 5342, 5343, -1,
5280, 5343, 5282, -1,
5282, 5343, 5344, -1,
5282, 5344, 5283, -1,
5283, 5344, 5345, -1,
5283, 5345, 5285, -1,
5285, 5345, 5346, -1,
5285, 5346, 5286, -1,
5286, 5346, 5347, -1,
5286, 5347, 5288, -1,
5288, 5347, 5348, -1,
5288, 5348, 5324, -1,
5324, 5348, 5349, -1,
5324, 5349, 5325, -1,
5325, 5349, 5350, -1,
5325, 5350, 5326, -1,
5326, 5350, 5351, -1,
5326, 5351, 5254, -1,
5254, 5351, 5352, -1,
5254, 5352, 5255, -1,
5255, 5352, 5353, -1,
5255, 5353, 5257, -1,
5257, 5353, 5354, -1,
5257, 5354, 5258, -1,
5258, 5354, 5355, -1,
5258, 5355, 5318, -1,
5318, 5355, 5356, -1,
5318, 5356, 5319, -1,
5319, 5356, 5357, -1,
5319, 5357, 5321, -1,
5321, 5357, 5358, -1,
5321, 5358, 5322, -1,
5322, 5358, 5359, -1,
5322, 5359, 5316, -1,
5316, 5359, 5360, -1,
5316, 5360, 5317, -1,
5317, 5360, 5361, -1,
5317, 5361, 5312, -1,
5312, 5361, 5362, -1,
5312, 5362, 5313, -1,
5313, 5362, 5363, -1,
5313, 5363, 5314, -1,
5314, 5363, 5364, -1,
5314, 5364, 5260, -1,
5260, 5364, 5365, -1,
5260, 5365, 5261, -1,
5261, 5365, 5366, -1,
5261, 5366, 5263, -1,
5263, 5366, 5367, -1,
5263, 5367, 5264, -1,
5264, 5367, 5368, -1,
5264, 5368, 5309, -1,
5309, 5368, 5369, -1,
5309, 5369, 5305, -1,
5305, 5369, 5370, -1,
5305, 5370, 5306, -1,
5306, 5370, 5371, -1,
5306, 5371, 5307, -1,
5307, 5371, 5372, -1,
5307, 5372, 5308, -1,
5308, 5372, 5373, -1,
5308, 5373, 5299, -1,
5299, 5373, 5374, -1,
5299, 5374, 5300, -1,
5300, 5374, 5375, -1,
5300, 5375, 5301, -1,
5301, 5375, 5327, -1,
4566, 4565, 5376, -1,
5330, 5329, 5376, -1,
4564, 4573, 5377, -1,
5332, 5331, 5377, -1,
4546, 4545, 5378, -1,
5344, 5343, 5378, -1,
4544, 4542, 5379, -1,
5346, 5345, 5379, -1,
4541, 4539, 5380, -1,
5348, 5347, 5380, -1,
4538, 4536, 5381, -1,
5350, 5349, 5381, -1,
4535, 4533, 5382, -1,
5352, 5351, 5382, -1,
4532, 4530, 5383, -1,
5354, 5353, 5383, -1,
4529, 4527, 5384, -1,
5356, 5355, 5384, -1,
4526, 4524, 5385, -1,
5358, 5357, 5385, -1,
4523, 4521, 5386, -1,
5360, 5359, 5386, -1,
4520, 4518, 5387, -1,
5362, 5361, 5387, -1,
5364, 5363, 5388, -1,
4554, 4553, 5389, -1,
5371, 5370, 5389, -1,
4552, 4561, 5390, -1,
5373, 5372, 5390, -1,
4561, 4560, 5390, -1,
5390, 4560, 5391, -1,
5390, 5391, 5373, -1,
5372, 5371, 5390, -1,
5390, 5371, 5389, -1,
5390, 5389, 4552, -1,
4552, 5389, 4553, -1,
5370, 5369, 5389, -1,
5389, 5369, 5392, -1,
5389, 5392, 4554, -1,
5393, 4548, 5392, -1,
5392, 4548, 4555, -1,
5392, 4555, 4554, -1,
4517, 4512, 5388, -1,
5388, 4512, 4511, -1,
5388, 4511, 5393, -1,
5393, 4511, 4549, -1,
5393, 4549, 4548, -1,
5369, 5368, 5392, -1,
5392, 5368, 5367, -1,
5392, 5367, 5393, -1,
5393, 5367, 5366, -1,
5393, 5366, 5388, -1,
5388, 5366, 5365, -1,
5388, 5365, 5364, -1,
5363, 5362, 5388, -1,
5388, 5362, 5387, -1,
5388, 5387, 4517, -1,
4517, 5387, 4518, -1,
5361, 5360, 5387, -1,
5387, 5360, 5386, -1,
5387, 5386, 4520, -1,
4520, 5386, 4521, -1,
5359, 5358, 5386, -1,
5386, 5358, 5385, -1,
5386, 5385, 4523, -1,
4523, 5385, 4524, -1,
5357, 5356, 5385, -1,
5385, 5356, 5384, -1,
5385, 5384, 4526, -1,
4526, 5384, 4527, -1,
5355, 5354, 5384, -1,
5384, 5354, 5383, -1,
5384, 5383, 4529, -1,
4529, 5383, 4530, -1,
5353, 5352, 5383, -1,
5383, 5352, 5382, -1,
5383, 5382, 4532, -1,
4532, 5382, 4533, -1,
5351, 5350, 5382, -1,
5382, 5350, 5381, -1,
5382, 5381, 4535, -1,
4535, 5381, 4536, -1,
5349, 5348, 5381, -1,
5381, 5348, 5380, -1,
5381, 5380, 4538, -1,
4538, 5380, 4539, -1,
5347, 5346, 5380, -1,
5380, 5346, 5379, -1,
5380, 5379, 4541, -1,
4541, 5379, 4542, -1,
5345, 5344, 5379, -1,
5379, 5344, 5378, -1,
5379, 5378, 4544, -1,
4544, 5378, 4545, -1,
5343, 5342, 5378, -1,
5378, 5342, 5394, -1,
5378, 5394, 4546, -1,
5395, 4485, 5394, -1,
5394, 4485, 4483, -1,
5394, 4483, 4546, -1,
5342, 5341, 5394, -1,
5394, 5341, 5340, -1,
5394, 5340, 5395, -1,
5396, 4576, 5395, -1,
5395, 4576, 4580, -1,
5395, 4580, 4485, -1,
5340, 5339, 5395, -1,
5395, 5339, 5338, -1,
5395, 5338, 5396, -1,
5397, 4578, 5396, -1,
5396, 4578, 4577, -1,
5396, 4577, 4576, -1,
5338, 5337, 5396, -1,
5396, 5337, 5336, -1,
5396, 5336, 5397, -1,
4572, 4571, 5398, -1,
5398, 4571, 4570, -1,
5398, 4570, 5397, -1,
5397, 4570, 4579, -1,
5397, 4579, 4578, -1,
5333, 5398, 5334, -1,
5334, 5398, 5397, -1,
5334, 5397, 5335, -1,
5335, 5397, 5336, -1,
5333, 5332, 5398, -1,
5398, 5332, 5377, -1,
5398, 5377, 4572, -1,
4572, 5377, 4573, -1,
5331, 5330, 5377, -1,
5377, 5330, 5376, -1,
5377, 5376, 4564, -1,
4564, 5376, 4565, -1,
5329, 5328, 5376, -1,
5376, 5328, 5399, -1,
5376, 5399, 4566, -1,
4560, 4559, 5391, -1,
5391, 4559, 4558, -1,
5391, 4558, 5399, -1,
5399, 4558, 4567, -1,
5399, 4567, 4566, -1,
5328, 5327, 5399, -1,
5399, 5327, 5375, -1,
5399, 5375, 5391, -1,
5391, 5375, 5374, -1,
5391, 5374, 5373, -1,
5400, 5401, 5402, -1,
5402, 5401, 5403, -1,
5402, 5403, 5404, -1,
5405, 5406, 5402, -1,
5402, 5406, 5407, -1,
5402, 5407, 5400, -1,
5408, 5409, 5402, -1,
5402, 5409, 5410, -1,
5402, 5410, 5405, -1,
5411, 5412, 5402, -1,
5402, 5412, 5413, -1,
5402, 5413, 5408, -1,
5414, 5415, 5402, -1,
5402, 5415, 5416, -1,
5402, 5416, 5411, -1,
5417, 5418, 5402, -1,
5402, 5418, 5419, -1,
5402, 5419, 5414, -1,
5420, 5421, 5402, -1,
5402, 5421, 5422, -1,
5402, 5422, 5417, -1,
5404, 5423, 5402, -1,
5402, 5423, 5424, -1,
5402, 5424, 5420, -1,
5425, 5426, 5427, -1,
5428, 5429, 5427, -1,
5427, 5429, 5430, -1,
5427, 5430, 5425, -1,
5431, 5432, 5428, -1,
5428, 5432, 5433, -1,
5428, 5433, 5429, -1,
5434, 5435, 5431, -1,
5431, 5435, 5436, -1,
5431, 5436, 5432, -1,
5437, 5438, 5434, -1,
5434, 5438, 5439, -1,
5434, 5439, 5435, -1,
5440, 5441, 5437, -1,
5437, 5441, 5442, -1,
5437, 5442, 5438, -1,
5443, 5444, 5440, -1,
5440, 5444, 5445, -1,
5440, 5445, 5441, -1,
5446, 5447, 5443, -1,
5443, 5447, 5448, -1,
5443, 5448, 5444, -1,
5449, 5450, 5446, -1,
5446, 5450, 5451, -1,
5446, 5451, 5447, -1,
5452, 5453, 5449, -1,
5449, 5453, 5454, -1,
5449, 5454, 5450, -1,
5455, 5456, 5452, -1,
5452, 5456, 5457, -1,
5452, 5457, 5453, -1,
5458, 5459, 5455, -1,
5455, 5459, 5460, -1,
5455, 5460, 5456, -1,
5461, 5462, 5458, -1,
5458, 5462, 5463, -1,
5458, 5463, 5459, -1,
5464, 5465, 5461, -1,
5461, 5465, 5466, -1,
5461, 5466, 5462, -1,
5467, 5468, 5464, -1,
5464, 5468, 5469, -1,
5464, 5469, 5465, -1,
5470, 5471, 5467, -1,
5467, 5471, 5472, -1,
5467, 5472, 5468, -1,
5473, 5474, 5470, -1,
5470, 5474, 5475, -1,
5470, 5475, 5471, -1,
5476, 5477, 5473, -1,
5473, 5477, 5478, -1,
5473, 5478, 5474, -1,
5479, 5480, 5476, -1,
5476, 5480, 5481, -1,
5476, 5481, 5477, -1,
5482, 5483, 5479, -1,
5479, 5483, 5484, -1,
5479, 5484, 5480, -1,
5485, 5486, 5482, -1,
5482, 5486, 5487, -1,
5482, 5487, 5483, -1,
5488, 5489, 5485, -1,
5485, 5489, 5490, -1,
5485, 5490, 5486, -1,
5491, 5492, 5488, -1,
5488, 5492, 5493, -1,
5488, 5493, 5489, -1,
5425, 5494, 5426, -1,
5426, 5494, 5495, -1,
5426, 5495, 5491, -1,
5491, 5495, 5496, -1,
5491, 5496, 5492, -1,
5497, 5498, 5499, -1,
5499, 5498, 5500, -1,
5499, 5500, 5501, -1,
5501, 5500, 5502, -1,
5501, 5502, 5503, -1,
5503, 5502, 5504, -1,
5503, 5504, 5505, -1,
5505, 5504, 5506, -1,
5505, 5506, 5507, -1,
5507, 5506, 5508, -1,
5507, 5508, 5509, -1,
5509, 5508, 5510, -1,
5509, 5510, 5511, -1,
5511, 5510, 5512, -1,
5511, 5512, 5513, -1,
5513, 5512, 5514, -1,
5513, 5514, 5515, -1,
5515, 5514, 5516, -1,
5515, 5516, 5517, -1,
5517, 5516, 5518, -1,
5517, 5518, 5519, -1,
5519, 5518, 5520, -1,
5519, 5520, 5521, -1,
5521, 5520, 5522, -1,
5521, 5522, 5523, -1,
5523, 5522, 5524, -1,
5523, 5524, 5525, -1,
5525, 5524, 5526, -1,
5525, 5526, 5527, -1,
5527, 5526, 5528, -1,
5527, 5528, 5529, -1,
5529, 5528, 5530, -1,
5529, 5530, 5531, -1,
5531, 5530, 5532, -1,
5531, 5532, 5533, -1,
5533, 5532, 5534, -1,
5533, 5534, 5535, -1,
5535, 5534, 5536, -1,
5535, 5536, 5537, -1,
5537, 5536, 5538, -1,
5537, 5538, 5539, -1,
5539, 5538, 5540, -1,
5539, 5540, 5541, -1,
5541, 5540, 5542, -1,
5541, 5542, 5543, -1,
5543, 5542, 5544, -1,
5543, 5544, 5497, -1,
5497, 5544, 5498, -1,
5498, 5545, 5500, -1,
5500, 5545, 5546, -1,
5500, 5546, 5502, -1,
5502, 5546, 5547, -1,
5502, 5547, 5504, -1,
5504, 5547, 5548, -1,
5504, 5548, 5506, -1,
5506, 5548, 5549, -1,
5506, 5549, 5508, -1,
5508, 5549, 5550, -1,
5508, 5550, 5510, -1,
5510, 5550, 5551, -1,
5510, 5551, 5512, -1,
5512, 5551, 5552, -1,
5512, 5552, 5514, -1,
5514, 5552, 5553, -1,
5514, 5553, 5516, -1,
5516, 5553, 5554, -1,
5516, 5554, 5518, -1,
5518, 5554, 5555, -1,
5518, 5555, 5520, -1,
5520, 5555, 5556, -1,
5520, 5556, 5522, -1,
5522, 5556, 5557, -1,
5522, 5557, 5524, -1,
5524, 5557, 5558, -1,
5524, 5558, 5526, -1,
5526, 5558, 5559, -1,
5526, 5559, 5528, -1,
5528, 5559, 5560, -1,
5528, 5560, 5530, -1,
5530, 5560, 5561, -1,
5530, 5561, 5532, -1,
5532, 5561, 5562, -1,
5532, 5562, 5534, -1,
5534, 5562, 5563, -1,
5534, 5563, 5536, -1,
5536, 5563, 5564, -1,
5536, 5564, 5538, -1,
5538, 5564, 5565, -1,
5538, 5565, 5540, -1,
5540, 5565, 5566, -1,
5540, 5566, 5542, -1,
5542, 5566, 5567, -1,
5542, 5567, 5544, -1,
5544, 5567, 5568, -1,
5544, 5568, 5498, -1,
5498, 5568, 5545, -1,
5545, 5569, 5546, -1,
5546, 5569, 5570, -1,
5546, 5570, 5547, -1,
5547, 5570, 5571, -1,
5547, 5571, 5548, -1,
5548, 5571, 5572, -1,
5548, 5572, 5549, -1,
5549, 5572, 5573, -1,
5549, 5573, 5550, -1,
5550, 5573, 5574, -1,
5550, 5574, 5551, -1,
5551, 5574, 5575, -1,
5551, 5575, 5552, -1,
5552, 5575, 5576, -1,
5552, 5576, 5553, -1,
5553, 5576, 5577, -1,
5553, 5577, 5554, -1,
5554, 5577, 5578, -1,
5554, 5578, 5555, -1,
5555, 5578, 5579, -1,
5555, 5579, 5556, -1,
5556, 5579, 5580, -1,
5556, 5580, 5557, -1,
5557, 5580, 5581, -1,
5557, 5581, 5558, -1,
5558, 5581, 5582, -1,
5558, 5582, 5559, -1,
5559, 5582, 5583, -1,
5559, 5583, 5560, -1,
5560, 5583, 5584, -1,
5560, 5584, 5561, -1,
5561, 5584, 5585, -1,
5561, 5585, 5562, -1,
5562, 5585, 5586, -1,
5562, 5586, 5563, -1,
5563, 5586, 5587, -1,
5563, 5587, 5564, -1,
5564, 5587, 5588, -1,
5564, 5588, 5565, -1,
5565, 5588, 5589, -1,
5565, 5589, 5566, -1,
5566, 5589, 5590, -1,
5566, 5590, 5567, -1,
5567, 5590, 5591, -1,
5567, 5591, 5568, -1,
5568, 5591, 5592, -1,
5568, 5592, 5545, -1,
5545, 5592, 5569, -1,
5569, 5593, 5570, -1,
5570, 5593, 5594, -1,
5570, 5594, 5571, -1,
5571, 5594, 5595, -1,
5571, 5595, 5572, -1,
5572, 5595, 5596, -1,
5572, 5596, 5573, -1,
5573, 5596, 5597, -1,
5573, 5597, 5574, -1,
5574, 5597, 5598, -1,
5574, 5598, 5575, -1,
5575, 5598, 5599, -1,
5575, 5599, 5576, -1,
5576, 5599, 5600, -1,
5576, 5600, 5577, -1,
5577, 5600, 5601, -1,
5577, 5601, 5578, -1,
5578, 5601, 5602, -1,
5578, 5602, 5579, -1,
5579, 5602, 5603, -1,
5579, 5603, 5580, -1,
5580, 5603, 5604, -1,
5580, 5604, 5581, -1,
5581, 5604, 5605, -1,
5581, 5605, 5582, -1,
5582, 5605, 5606, -1,
5582, 5606, 5583, -1,
5583, 5606, 5607, -1,
5583, 5607, 5584, -1,
5584, 5607, 5608, -1,
5584, 5608, 5585, -1,
5585, 5608, 5609, -1,
5585, 5609, 5586, -1,
5586, 5609, 5610, -1,
5586, 5610, 5587, -1,
5587, 5610, 5611, -1,
5587, 5611, 5588, -1,
5588, 5611, 5612, -1,
5588, 5612, 5589, -1,
5589, 5612, 5613, -1,
5589, 5613, 5590, -1,
5590, 5613, 5614, -1,
5590, 5614, 5591, -1,
5591, 5614, 5615, -1,
5591, 5615, 5592, -1,
5592, 5615, 5616, -1,
5592, 5616, 5569, -1,
5569, 5616, 5593, -1,
5593, 5617, 5594, -1,
5594, 5617, 5618, -1,
5594, 5618, 5595, -1,
5595, 5618, 5619, -1,
5595, 5619, 5596, -1,
5596, 5619, 5620, -1,
5596, 5620, 5597, -1,
5597, 5620, 5621, -1,
5597, 5621, 5598, -1,
5598, 5621, 5622, -1,
5598, 5622, 5599, -1,
5599, 5622, 5623, -1,
5599, 5623, 5600, -1,
5600, 5623, 5624, -1,
5600, 5624, 5601, -1,
5601, 5624, 5625, -1,
5601, 5625, 5602, -1,
5602, 5625, 5626, -1,
5602, 5626, 5603, -1,
5603, 5626, 5627, -1,
5603, 5627, 5604, -1,
5604, 5627, 5628, -1,
5604, 5628, 5605, -1,
5605, 5628, 5629, -1,
5605, 5629, 5606, -1,
5606, 5629, 5630, -1,
5606, 5630, 5607, -1,
5607, 5630, 5631, -1,
5607, 5631, 5608, -1,
5608, 5631, 5632, -1,
5608, 5632, 5609, -1,
5609, 5632, 5633, -1,
5609, 5633, 5610, -1,
5610, 5633, 5634, -1,
5610, 5634, 5611, -1,
5611, 5634, 5635, -1,
5611, 5635, 5612, -1,
5612, 5635, 5636, -1,
5612, 5636, 5613, -1,
5613, 5636, 5637, -1,
5613, 5637, 5614, -1,
5614, 5637, 5638, -1,
5614, 5638, 5615, -1,
5615, 5638, 5639, -1,
5615, 5639, 5616, -1,
5616, 5639, 5640, -1,
5616, 5640, 5593, -1,
5593, 5640, 5617, -1,
5617, 5440, 5618, -1,
5618, 5440, 5437, -1,
5618, 5437, 5619, -1,
5619, 5437, 5434, -1,
5619, 5434, 5620, -1,
5620, 5434, 5431, -1,
5620, 5431, 5621, -1,
5621, 5431, 5428, -1,
5621, 5428, 5622, -1,
5622, 5428, 5427, -1,
5622, 5427, 5623, -1,
5623, 5427, 5426, -1,
5623, 5426, 5624, -1,
5624, 5426, 5491, -1,
5624, 5491, 5625, -1,
5625, 5491, 5488, -1,
5625, 5488, 5626, -1,
5626, 5488, 5485, -1,
5626, 5485, 5627, -1,
5627, 5485, 5482, -1,
5627, 5482, 5628, -1,
5628, 5482, 5479, -1,
5628, 5479, 5629, -1,
5629, 5479, 5476, -1,
5629, 5476, 5630, -1,
5630, 5476, 5473, -1,
5630, 5473, 5631, -1,
5631, 5473, 5470, -1,
5631, 5470, 5632, -1,
5632, 5470, 5467, -1,
5632, 5467, 5633, -1,
5633, 5467, 5464, -1,
5633, 5464, 5634, -1,
5634, 5464, 5461, -1,
5634, 5461, 5635, -1,
5635, 5461, 5458, -1,
5635, 5458, 5636, -1,
5636, 5458, 5455, -1,
5636, 5455, 5637, -1,
5637, 5455, 5452, -1,
5637, 5452, 5638, -1,
5638, 5452, 5449, -1,
5638, 5449, 5639, -1,
5639, 5449, 5446, -1,
5639, 5446, 5640, -1,
5640, 5446, 5443, -1,
5640, 5443, 5617, -1,
5617, 5443, 5440, -1,
5641, 5499, 5642, -1,
5642, 5499, 5501, -1,
5642, 5501, 5643, -1,
5643, 5501, 5503, -1,
5643, 5503, 5644, -1,
5644, 5503, 5505, -1,
5644, 5505, 5645, -1,
5645, 5505, 5507, -1,
5645, 5507, 5646, -1,
5646, 5507, 5509, -1,
5646, 5509, 5647, -1,
5647, 5509, 5511, -1,
5647, 5511, 5648, -1,
5648, 5511, 5513, -1,
5648, 5513, 5649, -1,
5649, 5513, 5515, -1,
5649, 5515, 5650, -1,
5650, 5515, 5517, -1,
5650, 5517, 5651, -1,
5651, 5517, 5519, -1,
5651, 5519, 5652, -1,
5652, 5519, 5521, -1,
5652, 5521, 5653, -1,
5653, 5521, 5523, -1,
5653, 5523, 5654, -1,
5654, 5523, 5525, -1,
5654, 5525, 5655, -1,
5655, 5525, 5527, -1,
5655, 5527, 5656, -1,
5656, 5527, 5529, -1,
5656, 5529, 5657, -1,
5657, 5529, 5531, -1,
5657, 5531, 5658, -1,
5658, 5531, 5533, -1,
5658, 5533, 5659, -1,
5659, 5533, 5535, -1,
5659, 5535, 5660, -1,
5660, 5535, 5537, -1,
5660, 5537, 5661, -1,
5661, 5537, 5539, -1,
5661, 5539, 5662, -1,
5662, 5539, 5541, -1,
5662, 5541, 5663, -1,
5663, 5541, 5543, -1,
5663, 5543, 5664, -1,
5664, 5543, 5497, -1,
5664, 5497, 5641, -1,
5641, 5497, 5499, -1,
5665, 5666, 5667, -1,
5667, 5666, 5668, -1,
5667, 5668, 5669, -1,
5669, 5668, 5670, -1,
5669, 5670, 5671, -1,
5671, 5670, 5672, -1,
5671, 5672, 5673, -1,
5673, 5672, 5674, -1,
5673, 5674, 5675, -1,
5675, 5674, 5676, -1,
5675, 5676, 5677, -1,
5677, 5676, 5678, -1,
5677, 5678, 5679, -1,
5679, 5678, 5680, -1,
5679, 5680, 5681, -1,
5681, 5680, 5682, -1,
5681, 5682, 5683, -1,
5683, 5682, 5684, -1,
5683, 5684, 5685, -1,
5685, 5684, 5686, -1,
5685, 5686, 5687, -1,
5687, 5686, 5688, -1,
5687, 5688, 5689, -1,
5689, 5688, 5690, -1,
5689, 5690, 5691, -1,
5691, 5690, 5692, -1,
5691, 5692, 5693, -1,
5693, 5692, 5694, -1,
5693, 5694, 5695, -1,
5695, 5694, 5696, -1,
5695, 5696, 5697, -1,
5697, 5696, 5698, -1,
5697, 5698, 5699, -1,
5699, 5698, 5700, -1,
5699, 5700, 5701, -1,
5701, 5700, 5702, -1,
5701, 5702, 5703, -1,
5703, 5702, 5704, -1,
5703, 5704, 5705, -1,
5705, 5704, 5706, -1,
5705, 5706, 5707, -1,
5707, 5706, 5708, -1,
5707, 5708, 5709, -1,
5709, 5708, 5710, -1,
5709, 5710, 5711, -1,
5711, 5710, 5712, -1,
5711, 5712, 5665, -1,
5665, 5712, 5666, -1,
5666, 5713, 5668, -1,
5668, 5713, 5714, -1,
5668, 5714, 5670, -1,
5670, 5714, 5715, -1,
5670, 5715, 5672, -1,
5672, 5715, 5716, -1,
5672, 5716, 5674, -1,
5674, 5716, 5717, -1,
5674, 5717, 5676, -1,
5676, 5717, 5718, -1,
5676, 5718, 5678, -1,
5678, 5718, 5719, -1,
5678, 5719, 5680, -1,
5680, 5719, 5720, -1,
5680, 5720, 5682, -1,
5682, 5720, 5721, -1,
5682, 5721, 5684, -1,
5684, 5721, 5722, -1,
5684, 5722, 5686, -1,
5686, 5722, 5723, -1,
5686, 5723, 5688, -1,
5688, 5723, 5724, -1,
5688, 5724, 5690, -1,
5690, 5724, 5725, -1,
5690, 5725, 5692, -1,
5692, 5725, 5726, -1,
5692, 5726, 5694, -1,
5694, 5726, 5727, -1,
5694, 5727, 5696, -1,
5696, 5727, 5728, -1,
5696, 5728, 5698, -1,
5698, 5728, 5729, -1,
5698, 5729, 5700, -1,
5700, 5729, 5730, -1,
5700, 5730, 5702, -1,
5702, 5730, 5731, -1,
5702, 5731, 5704, -1,
5704, 5731, 5732, -1,
5704, 5732, 5706, -1,
5706, 5732, 5733, -1,
5706, 5733, 5708, -1,
5708, 5733, 5734, -1,
5708, 5734, 5710, -1,
5710, 5734, 5735, -1,
5710, 5735, 5712, -1,
5712, 5735, 5736, -1,
5712, 5736, 5666, -1,
5666, 5736, 5713, -1,
5713, 5737, 5714, -1,
5714, 5737, 5738, -1,
5714, 5738, 5715, -1,
5715, 5738, 5739, -1,
5715, 5739, 5716, -1,
5716, 5739, 5740, -1,
5716, 5740, 5717, -1,
5717, 5740, 5741, -1,
5717, 5741, 5718, -1,
5718, 5741, 5742, -1,
5718, 5742, 5719, -1,
5719, 5742, 5743, -1,
5719, 5743, 5720, -1,
5720, 5743, 5744, -1,
5720, 5744, 5721, -1,
5721, 5744, 5745, -1,
5721, 5745, 5722, -1,
5722, 5745, 5746, -1,
5722, 5746, 5723, -1,
5723, 5746, 5747, -1,
5723, 5747, 5724, -1,
5724, 5747, 5748, -1,
5724, 5748, 5725, -1,
5725, 5748, 5749, -1,
5725, 5749, 5726, -1,
5726, 5749, 5750, -1,
5726, 5750, 5727, -1,
5727, 5750, 5751, -1,
5727, 5751, 5728, -1,
5728, 5751, 5752, -1,
5728, 5752, 5729, -1,
5729, 5752, 5753, -1,
5729, 5753, 5730, -1,
5730, 5753, 5754, -1,
5730, 5754, 5731, -1,
5731, 5754, 5755, -1,
5731, 5755, 5732, -1,
5732, 5755, 5756, -1,
5732, 5756, 5733, -1,
5733, 5756, 5757, -1,
5733, 5757, 5734, -1,
5734, 5757, 5758, -1,
5734, 5758, 5735, -1,
5735, 5758, 5759, -1,
5735, 5759, 5736, -1,
5736, 5759, 5760, -1,
5736, 5760, 5713, -1,
5713, 5760, 5737, -1,
5737, 5761, 5738, -1,
5738, 5761, 5762, -1,
5738, 5762, 5739, -1,
5739, 5762, 5763, -1,
5739, 5763, 5740, -1,
5740, 5763, 5764, -1,
5740, 5764, 5741, -1,
5741, 5764, 5765, -1,
5741, 5765, 5742, -1,
5742, 5765, 5766, -1,
5742, 5766, 5743, -1,
5743, 5766, 5767, -1,
5743, 5767, 5744, -1,
5744, 5767, 5768, -1,
5744, 5768, 5745, -1,
5745, 5768, 5769, -1,
5745, 5769, 5746, -1,
5746, 5769, 5770, -1,
5746, 5770, 5747, -1,
5747, 5770, 5771, -1,
5747, 5771, 5748, -1,
5748, 5771, 5772, -1,
5748, 5772, 5749, -1,
5749, 5772, 5773, -1,
5749, 5773, 5750, -1,
5750, 5773, 5774, -1,
5750, 5774, 5751, -1,
5751, 5774, 5775, -1,
5751, 5775, 5752, -1,
5752, 5775, 5776, -1,
5752, 5776, 5753, -1,
5753, 5776, 5777, -1,
5753, 5777, 5754, -1,
5754, 5777, 5778, -1,
5754, 5778, 5755, -1,
5755, 5778, 5779, -1,
5755, 5779, 5756, -1,
5756, 5779, 5780, -1,
5756, 5780, 5757, -1,
5757, 5780, 5781, -1,
5757, 5781, 5758, -1,
5758, 5781, 5782, -1,
5758, 5782, 5759, -1,
5759, 5782, 5783, -1,
5759, 5783, 5760, -1,
5760, 5783, 5784, -1,
5760, 5784, 5737, -1,
5737, 5784, 5761, -1,
5761, 5785, 5762, -1,
5762, 5785, 5786, -1,
5762, 5786, 5763, -1,
5763, 5786, 5787, -1,
5763, 5787, 5764, -1,
5764, 5787, 5788, -1,
5764, 5788, 5765, -1,
5765, 5788, 5789, -1,
5765, 5789, 5766, -1,
5766, 5789, 5790, -1,
5766, 5790, 5767, -1,
5767, 5790, 5791, -1,
5767, 5791, 5768, -1,
5768, 5791, 5792, -1,
5768, 5792, 5769, -1,
5769, 5792, 5793, -1,
5769, 5793, 5770, -1,
5770, 5793, 5794, -1,
5770, 5794, 5771, -1,
5771, 5794, 5795, -1,
5771, 5795, 5772, -1,
5772, 5795, 5796, -1,
5772, 5796, 5773, -1,
5773, 5796, 5797, -1,
5773, 5797, 5774, -1,
5774, 5797, 5798, -1,
5774, 5798, 5775, -1,
5775, 5798, 5799, -1,
5775, 5799, 5776, -1,
5776, 5799, 5800, -1,
5776, 5800, 5777, -1,
5777, 5800, 5801, -1,
5777, 5801, 5778, -1,
5778, 5801, 5802, -1,
5778, 5802, 5779, -1,
5779, 5802, 5803, -1,
5779, 5803, 5780, -1,
5780, 5803, 5804, -1,
5780, 5804, 5781, -1,
5781, 5804, 5805, -1,
5781, 5805, 5782, -1,
5782, 5805, 5806, -1,
5782, 5806, 5783, -1,
5783, 5806, 5807, -1,
5783, 5807, 5784, -1,
5784, 5807, 5808, -1,
5784, 5808, 5761, -1,
5761, 5808, 5785, -1,
5785, 5653, 5786, -1,
5786, 5653, 5654, -1,
5786, 5654, 5787, -1,
5787, 5654, 5655, -1,
5787, 5655, 5788, -1,
5788, 5655, 5656, -1,
5788, 5656, 5789, -1,
5789, 5656, 5657, -1,
5789, 5657, 5790, -1,
5790, 5657, 5658, -1,
5790, 5658, 5791, -1,
5791, 5658, 5659, -1,
5791, 5659, 5792, -1,
5792, 5659, 5660, -1,
5792, 5660, 5793, -1,
5793, 5660, 5661, -1,
5793, 5661, 5794, -1,
5794, 5661, 5662, -1,
5794, 5662, 5795, -1,
5795, 5662, 5663, -1,
5795, 5663, 5796, -1,
5796, 5663, 5664, -1,
5796, 5664, 5797, -1,
5797, 5664, 5641, -1,
5797, 5641, 5798, -1,
5798, 5641, 5642, -1,
5798, 5642, 5799, -1,
5799, 5642, 5643, -1,
5799, 5643, 5800, -1,
5800, 5643, 5644, -1,
5800, 5644, 5801, -1,
5801, 5644, 5645, -1,
5801, 5645, 5802, -1,
5802, 5645, 5646, -1,
5802, 5646, 5803, -1,
5803, 5646, 5647, -1,
5803, 5647, 5804, -1,
5804, 5647, 5648, -1,
5804, 5648, 5805, -1,
5805, 5648, 5649, -1,
5805, 5649, 5806, -1,
5806, 5649, 5650, -1,
5806, 5650, 5807, -1,
5807, 5650, 5651, -1,
5807, 5651, 5808, -1,
5808, 5651, 5652, -1,
5808, 5652, 5785, -1,
5785, 5652, 5653, -1,
5809, 5703, 5810, -1,
5810, 5703, 5705, -1,
5810, 5705, 5811, -1,
5811, 5705, 5707, -1,
5811, 5707, 5812, -1,
5812, 5707, 5709, -1,
5812, 5709, 5813, -1,
5813, 5709, 5711, -1,
5813, 5711, 5814, -1,
5814, 5711, 5665, -1,
5814, 5665, 5815, -1,
5815, 5665, 5667, -1,
5815, 5667, 5816, -1,
5816, 5667, 5669, -1,
5816, 5669, 5817, -1,
5817, 5669, 5671, -1,
5817, 5671, 5818, -1,
5818, 5671, 5673, -1,
5818, 5673, 5819, -1,
5819, 5673, 5675, -1,
5819, 5675, 5820, -1,
5820, 5675, 5677, -1,
5820, 5677, 5821, -1,
5821, 5677, 5679, -1,
5821, 5679, 5822, -1,
5822, 5679, 5681, -1,
5822, 5681, 5823, -1,
5823, 5681, 5683, -1,
5823, 5683, 5824, -1,
5824, 5683, 5685, -1,
5824, 5685, 5825, -1,
5825, 5685, 5687, -1,
5825, 5687, 5826, -1,
5826, 5687, 5689, -1,
5826, 5689, 5827, -1,
5827, 5689, 5691, -1,
5827, 5691, 5828, -1,
5828, 5691, 5693, -1,
5828, 5693, 5829, -1,
5829, 5693, 5695, -1,
5829, 5695, 5830, -1,
5830, 5695, 5697, -1,
5830, 5697, 5831, -1,
5831, 5697, 5699, -1,
5831, 5699, 5832, -1,
5832, 5699, 5701, -1,
5832, 5701, 5809, -1,
5809, 5701, 5703, -1,
5833, 5834, 5835, -1,
5835, 5834, 5836, -1,
5835, 5836, 5837, -1,
5837, 5836, 5838, -1,
5837, 5838, 5839, -1,
5839, 5838, 5840, -1,
5839, 5840, 5841, -1,
5841, 5840, 5842, -1,
5841, 5842, 5843, -1,
5843, 5842, 5844, -1,
5843, 5844, 5845, -1,
5845, 5844, 5846, -1,
5845, 5846, 5847, -1,
5847, 5846, 5848, -1,
5847, 5848, 5849, -1,
5849, 5848, 5850, -1,
5849, 5850, 5851, -1,
5851, 5850, 5852, -1,
5851, 5852, 5853, -1,
5853, 5852, 5854, -1,
5853, 5854, 5855, -1,
5855, 5854, 5856, -1,
5855, 5856, 5857, -1,
5857, 5856, 5858, -1,
5857, 5858, 5859, -1,
5859, 5858, 5860, -1,
5859, 5860, 5861, -1,
5861, 5860, 5862, -1,
5861, 5862, 5863, -1,
5863, 5862, 5864, -1,
5863, 5864, 5865, -1,
5865, 5864, 5866, -1,
5865, 5866, 5867, -1,
5867, 5866, 5868, -1,
5867, 5868, 5869, -1,
5869, 5868, 5870, -1,
5869, 5870, 5871, -1,
5871, 5870, 5872, -1,
5871, 5872, 5873, -1,
5873, 5872, 5874, -1,
5873, 5874, 5875, -1,
5875, 5874, 5876, -1,
5875, 5876, 5877, -1,
5877, 5876, 5878, -1,
5877, 5878, 5879, -1,
5879, 5878, 5880, -1,
5879, 5880, 5833, -1,
5833, 5880, 5834, -1,
5834, 5881, 5836, -1,
5836, 5881, 5882, -1,
5836, 5882, 5838, -1,
5838, 5882, 5883, -1,
5838, 5883, 5840, -1,
5840, 5883, 5884, -1,
5840, 5884, 5842, -1,
5842, 5884, 5885, -1,
5842, 5885, 5844, -1,
5844, 5885, 5886, -1,
5844, 5886, 5846, -1,
5846, 5886, 5887, -1,
5846, 5887, 5848, -1,
5848, 5887, 5888, -1,
5848, 5888, 5850, -1,
5850, 5888, 5889, -1,
5850, 5889, 5852, -1,
5852, 5889, 5890, -1,
5852, 5890, 5854, -1,
5854, 5890, 5891, -1,
5854, 5891, 5856, -1,
5856, 5891, 5892, -1,
5856, 5892, 5858, -1,
5858, 5892, 5893, -1,
5858, 5893, 5860, -1,
5860, 5893, 5894, -1,
5860, 5894, 5862, -1,
5862, 5894, 5895, -1,
5862, 5895, 5864, -1,
5864, 5895, 5896, -1,
5864, 5896, 5866, -1,
5866, 5896, 5897, -1,
5866, 5897, 5868, -1,
5868, 5897, 5898, -1,
5868, 5898, 5870, -1,
5870, 5898, 5899, -1,
5870, 5899, 5872, -1,
5872, 5899, 5900, -1,
5872, 5900, 5874, -1,
5874, 5900, 5901, -1,
5874, 5901, 5876, -1,
5876, 5901, 5902, -1,
5876, 5902, 5878, -1,
5878, 5902, 5903, -1,
5878, 5903, 5880, -1,
5880, 5903, 5904, -1,
5880, 5904, 5834, -1,
5834, 5904, 5881, -1,
5881, 5905, 5882, -1,
5882, 5905, 5906, -1,
5882, 5906, 5883, -1,
5883, 5906, 5907, -1,
5883, 5907, 5884, -1,
5884, 5907, 5908, -1,
5884, 5908, 5885, -1,
5885, 5908, 5909, -1,
5885, 5909, 5886, -1,
5886, 5909, 5910, -1,
5886, 5910, 5887, -1,
5887, 5910, 5911, -1,
5887, 5911, 5888, -1,
5888, 5911, 5912, -1,
5888, 5912, 5889, -1,
5889, 5912, 5913, -1,
5889, 5913, 5890, -1,
5890, 5913, 5914, -1,
5890, 5914, 5891, -1,
5891, 5914, 5915, -1,
5891, 5915, 5892, -1,
5892, 5915, 5916, -1,
5892, 5916, 5893, -1,
5893, 5916, 5917, -1,
5893, 5917, 5894, -1,
5894, 5917, 5918, -1,
5894, 5918, 5895, -1,
5895, 5918, 5919, -1,
5895, 5919, 5896, -1,
5896, 5919, 5920, -1,
5896, 5920, 5897, -1,
5897, 5920, 5921, -1,
5897, 5921, 5898, -1,
5898, 5921, 5922, -1,
5898, 5922, 5899, -1,
5899, 5922, 5923, -1,
5899, 5923, 5900, -1,
5900, 5923, 5924, -1,
5900, 5924, 5901, -1,
5901, 5924, 5925, -1,
5901, 5925, 5902, -1,
5902, 5925, 5926, -1,
5902, 5926, 5903, -1,
5903, 5926, 5927, -1,
5903, 5927, 5904, -1,
5904, 5927, 5928, -1,
5904, 5928, 5881, -1,
5881, 5928, 5905, -1,
5905, 5929, 5906, -1,
5906, 5929, 5930, -1,
5906, 5930, 5907, -1,
5907, 5930, 5931, -1,
5907, 5931, 5908, -1,
5908, 5931, 5932, -1,
5908, 5932, 5909, -1,
5909, 5932, 5933, -1,
5909, 5933, 5910, -1,
5910, 5933, 5934, -1,
5910, 5934, 5911, -1,
5911, 5934, 5935, -1,
5911, 5935, 5912, -1,
5912, 5935, 5936, -1,
5912, 5936, 5913, -1,
5913, 5936, 5937, -1,
5913, 5937, 5914, -1,
5914, 5937, 5938, -1,
5914, 5938, 5915, -1,
5915, 5938, 5939, -1,
5915, 5939, 5916, -1,
5916, 5939, 5940, -1,
5916, 5940, 5917, -1,
5917, 5940, 5941, -1,
5917, 5941, 5918, -1,
5918, 5941, 5942, -1,
5918, 5942, 5919, -1,
5919, 5942, 5943, -1,
5919, 5943, 5920, -1,
5920, 5943, 5944, -1,
5920, 5944, 5921, -1,
5921, 5944, 5945, -1,
5921, 5945, 5922, -1,
5922, 5945, 5946, -1,
5922, 5946, 5923, -1,
5923, 5946, 5947, -1,
5923, 5947, 5924, -1,
5924, 5947, 5948, -1,
5924, 5948, 5925, -1,
5925, 5948, 5949, -1,
5925, 5949, 5926, -1,
5926, 5949, 5950, -1,
5926, 5950, 5927, -1,
5927, 5950, 5951, -1,
5927, 5951, 5928, -1,
5928, 5951, 5952, -1,
5928, 5952, 5905, -1,
5905, 5952, 5929, -1,
5929, 5953, 5930, -1,
5930, 5953, 5954, -1,
5930, 5954, 5931, -1,
5931, 5954, 5955, -1,
5931, 5955, 5932, -1,
5932, 5955, 5956, -1,
5932, 5956, 5933, -1,
5933, 5956, 5957, -1,
5933, 5957, 5934, -1,
5934, 5957, 5958, -1,
5934, 5958, 5935, -1,
5935, 5958, 5959, -1,
5935, 5959, 5936, -1,
5936, 5959, 5960, -1,
5936, 5960, 5937, -1,
5937, 5960, 5961, -1,
5937, 5961, 5938, -1,
5938, 5961, 5962, -1,
5938, 5962, 5939, -1,
5939, 5962, 5963, -1,
5939, 5963, 5940, -1,
5940, 5963, 5964, -1,
5940, 5964, 5941, -1,
5941, 5964, 5965, -1,
5941, 5965, 5942, -1,
5942, 5965, 5966, -1,
5942, 5966, 5943, -1,
5943, 5966, 5967, -1,
5943, 5967, 5944, -1,
5944, 5967, 5968, -1,
5944, 5968, 5945, -1,
5945, 5968, 5969, -1,
5945, 5969, 5946, -1,
5946, 5969, 5970, -1,
5946, 5970, 5947, -1,
5947, 5970, 5971, -1,
5947, 5971, 5948, -1,
5948, 5971, 5972, -1,
5948, 5972, 5949, -1,
5949, 5972, 5973, -1,
5949, 5973, 5950, -1,
5950, 5973, 5974, -1,
5950, 5974, 5951, -1,
5951, 5974, 5975, -1,
5951, 5975, 5952, -1,
5952, 5975, 5976, -1,
5952, 5976, 5929, -1,
5929, 5976, 5953, -1,
5953, 5977, 5954, -1,
5954, 5977, 5978, -1,
5954, 5978, 5955, -1,
5955, 5978, 5979, -1,
5955, 5979, 5956, -1,
5956, 5979, 5980, -1,
5956, 5980, 5957, -1,
5957, 5980, 5981, -1,
5957, 5981, 5958, -1,
5958, 5981, 5982, -1,
5958, 5982, 5959, -1,
5959, 5982, 5983, -1,
5959, 5983, 5960, -1,
5960, 5983, 5984, -1,
5960, 5984, 5961, -1,
5961, 5984, 5985, -1,
5961, 5985, 5962, -1,
5962, 5985, 5986, -1,
5962, 5986, 5963, -1,
5963, 5986, 5987, -1,
5963, 5987, 5964, -1,
5964, 5987, 5988, -1,
5964, 5988, 5965, -1,
5965, 5988, 5989, -1,
5965, 5989, 5966, -1,
5966, 5989, 5990, -1,
5966, 5990, 5967, -1,
5967, 5990, 5991, -1,
5967, 5991, 5968, -1,
5968, 5991, 5992, -1,
5968, 5992, 5969, -1,
5969, 5992, 5993, -1,
5969, 5993, 5970, -1,
5970, 5993, 5994, -1,
5970, 5994, 5971, -1,
5971, 5994, 5995, -1,
5971, 5995, 5972, -1,
5972, 5995, 5996, -1,
5972, 5996, 5973, -1,
5973, 5996, 5997, -1,
5973, 5997, 5974, -1,
5974, 5997, 5998, -1,
5974, 5998, 5975, -1,
5975, 5998, 5999, -1,
5975, 5999, 5976, -1,
5976, 5999, 6000, -1,
5976, 6000, 5953, -1,
5953, 6000, 5977, -1,
5977, 6001, 5978, -1,
5978, 6001, 6002, -1,
5978, 6002, 5979, -1,
5979, 6002, 6003, -1,
5979, 6003, 5980, -1,
5980, 6003, 6004, -1,
5980, 6004, 5981, -1,
5981, 6004, 6005, -1,
5981, 6005, 5982, -1,
5982, 6005, 6006, -1,
5982, 6006, 5983, -1,
5983, 6006, 6007, -1,
5983, 6007, 5984, -1,
5984, 6007, 6008, -1,
5984, 6008, 5985, -1,
5985, 6008, 6009, -1,
5985, 6009, 5986, -1,
5986, 6009, 6010, -1,
5986, 6010, 5987, -1,
5987, 6010, 6011, -1,
5987, 6011, 5988, -1,
5988, 6011, 6012, -1,
5988, 6012, 5989, -1,
5989, 6012, 6013, -1,
5989, 6013, 5990, -1,
5990, 6013, 6014, -1,
5990, 6014, 5991, -1,
5991, 6014, 6015, -1,
5991, 6015, 5992, -1,
5992, 6015, 6016, -1,
5992, 6016, 5993, -1,
5993, 6016, 6017, -1,
5993, 6017, 5994, -1,
5994, 6017, 6018, -1,
5994, 6018, 5995, -1,
5995, 6018, 6019, -1,
5995, 6019, 5996, -1,
5996, 6019, 6020, -1,
5996, 6020, 5997, -1,
5997, 6020, 6021, -1,
5997, 6021, 5998, -1,
5998, 6021, 6022, -1,
5998, 6022, 5999, -1,
5999, 6022, 6023, -1,
5999, 6023, 6000, -1,
6000, 6023, 6024, -1,
6000, 6024, 5977, -1,
5977, 6024, 6001, -1,
6001, 6025, 6002, -1,
6002, 6025, 6026, -1,
6002, 6026, 6003, -1,
6003, 6026, 6027, -1,
6003, 6027, 6004, -1,
6004, 6027, 6028, -1,
6004, 6028, 6005, -1,
6005, 6028, 6029, -1,
6005, 6029, 6006, -1,
6006, 6029, 6030, -1,
6006, 6030, 6007, -1,
6007, 6030, 6031, -1,
6007, 6031, 6008, -1,
6008, 6031, 6032, -1,
6008, 6032, 6009, -1,
6009, 6032, 6033, -1,
6009, 6033, 6010, -1,
6010, 6033, 6034, -1,
6010, 6034, 6011, -1,
6011, 6034, 6035, -1,
6011, 6035, 6012, -1,
6012, 6035, 6036, -1,
6012, 6036, 6013, -1,
6013, 6036, 6037, -1,
6013, 6037, 6014, -1,
6014, 6037, 6038, -1,
6014, 6038, 6015, -1,
6015, 6038, 6039, -1,
6015, 6039, 6016, -1,
6016, 6039, 6040, -1,
6016, 6040, 6017, -1,
6017, 6040, 6041, -1,
6017, 6041, 6018, -1,
6018, 6041, 6042, -1,
6018, 6042, 6019, -1,
6019, 6042, 6043, -1,
6019, 6043, 6020, -1,
6020, 6043, 6044, -1,
6020, 6044, 6021, -1,
6021, 6044, 6045, -1,
6021, 6045, 6022, -1,
6022, 6045, 6046, -1,
6022, 6046, 6023, -1,
6023, 6046, 6047, -1,
6023, 6047, 6024, -1,
6024, 6047, 6048, -1,
6024, 6048, 6001, -1,
6001, 6048, 6025, -1,
6025, 6049, 6026, -1,
6026, 6049, 6050, -1,
6026, 6050, 6027, -1,
6027, 6050, 6051, -1,
6027, 6051, 6028, -1,
6028, 6051, 6052, -1,
6028, 6052, 6029, -1,
6029, 6052, 6053, -1,
6029, 6053, 6030, -1,
6030, 6053, 6054, -1,
6030, 6054, 6031, -1,
6031, 6054, 6055, -1,
6031, 6055, 6032, -1,
6032, 6055, 6056, -1,
6032, 6056, 6033, -1,
6033, 6056, 6057, -1,
6033, 6057, 6034, -1,
6034, 6057, 6058, -1,
6034, 6058, 6035, -1,
6035, 6058, 6059, -1,
6035, 6059, 6036, -1,
6036, 6059, 6060, -1,
6036, 6060, 6037, -1,
6037, 6060, 6061, -1,
6037, 6061, 6038, -1,
6038, 6061, 6062, -1,
6038, 6062, 6039, -1,
6039, 6062, 6063, -1,
6039, 6063, 6040, -1,
6040, 6063, 6064, -1,
6040, 6064, 6041, -1,
6041, 6064, 6065, -1,
6041, 6065, 6042, -1,
6042, 6065, 6066, -1,
6042, 6066, 6043, -1,
6043, 6066, 6067, -1,
6043, 6067, 6044, -1,
6044, 6067, 6068, -1,
6044, 6068, 6045, -1,
6045, 6068, 6069, -1,
6045, 6069, 6046, -1,
6046, 6069, 6070, -1,
6046, 6070, 6047, -1,
6047, 6070, 6071, -1,
6047, 6071, 6048, -1,
6048, 6071, 6072, -1,
6048, 6072, 6025, -1,
6025, 6072, 6049, -1,
6049, 5827, 6050, -1,
6050, 5827, 5828, -1,
6050, 5828, 6051, -1,
6051, 5828, 5829, -1,
6051, 5829, 6052, -1,
6052, 5829, 5830, -1,
6052, 5830, 6053, -1,
6053, 5830, 5831, -1,
6053, 5831, 6054, -1,
6054, 5831, 5832, -1,
6054, 5832, 6055, -1,
6055, 5832, 5809, -1,
6055, 5809, 6056, -1,
6056, 5809, 5810, -1,
6056, 5810, 6057, -1,
6057, 5810, 5811, -1,
6057, 5811, 6058, -1,
6058, 5811, 5812, -1,
6058, 5812, 6059, -1,
6059, 5812, 5813, -1,
6059, 5813, 6060, -1,
6060, 5813, 5814, -1,
6060, 5814, 6061, -1,
6061, 5814, 5815, -1,
6061, 5815, 6062, -1,
6062, 5815, 5816, -1,
6062, 5816, 6063, -1,
6063, 5816, 5817, -1,
6063, 5817, 6064, -1,
6064, 5817, 5818, -1,
6064, 5818, 6065, -1,
6065, 5818, 5819, -1,
6065, 5819, 6066, -1,
6066, 5819, 5820, -1,
6066, 5820, 6067, -1,
6067, 5820, 5821, -1,
6067, 5821, 6068, -1,
6068, 5821, 5822, -1,
6068, 5822, 6069, -1,
6069, 5822, 5823, -1,
6069, 5823, 6070, -1,
6070, 5823, 5824, -1,
6070, 5824, 6071, -1,
6071, 5824, 5825, -1,
6071, 5825, 6072, -1,
6072, 5825, 5826, -1,
6072, 5826, 6049, -1,
6049, 5826, 5827, -1,
5416, 5835, 5411, -1,
5411, 5835, 5837, -1,
5411, 5837, 5412, -1,
5412, 5837, 5839, -1,
5412, 5839, 5413, -1,
5413, 5839, 5841, -1,
5413, 5841, 5408, -1,
5408, 5841, 5843, -1,
5408, 5843, 5409, -1,
5409, 5843, 5845, -1,
5409, 5845, 5410, -1,
5410, 5845, 5847, -1,
5410, 5847, 5405, -1,
5405, 5847, 5849, -1,
5405, 5849, 5406, -1,
5406, 5849, 5851, -1,
5406, 5851, 5407, -1,
5407, 5851, 5853, -1,
5407, 5853, 5400, -1,
5400, 5853, 5855, -1,
5400, 5855, 5401, -1,
5401, 5855, 5857, -1,
5401, 5857, 5403, -1,
5403, 5857, 5859, -1,
5403, 5859, 5404, -1,
5404, 5859, 5861, -1,
5404, 5861, 5423, -1,
5423, 5861, 5863, -1,
5423, 5863, 5424, -1,
5424, 5863, 5865, -1,
5424, 5865, 5420, -1,
5420, 5865, 5867, -1,
5420, 5867, 5421, -1,
5421, 5867, 5869, -1,
5421, 5869, 5422, -1,
5422, 5869, 5871, -1,
5422, 5871, 5417, -1,
5417, 5871, 5873, -1,
5417, 5873, 5418, -1,
5418, 5873, 5875, -1,
5418, 5875, 5419, -1,
5419, 5875, 5877, -1,
5419, 5877, 5414, -1,
5414, 5877, 5879, -1,
5414, 5879, 5415, -1,
5415, 5879, 5833, -1,
5415, 5833, 5416, -1,
5416, 5833, 5835, -1,
6073, 6074, 6075, -1,
6076, 6077, 6074, -1,
6074, 6077, 6078, -1,
6074, 6078, 6075, -1,
6079, 6080, 6081, -1,
6081, 6080, 6082, -1,
6081, 6082, 6083, -1,
6083, 6082, 6084, -1,
6083, 6084, 6085, -1,
6085, 6084, 6086, -1,
6085, 6086, 6087, -1,
6087, 6086, 6088, -1,
6087, 6088, 6089, -1,
6089, 6088, 6090, -1,
6089, 6090, 6091, -1,
6091, 6090, 6092, -1,
6092, 6090, 6093, -1,
6092, 6093, 6094, -1,
6094, 6093, 6095, -1,
6094, 6095, 6096, -1,
6096, 6095, 6097, -1,
6096, 6097, 6098, -1,
6098, 6097, 6099, -1,
6098, 6099, 6100, -1,
6100, 6099, 6101, -1,
6100, 6101, 6102, -1,
6103, 6104, 6105, -1,
6105, 6104, 6106, -1,
6102, 6101, 6106, -1,
6106, 6101, 6107, -1,
6106, 6107, 6105, -1,
6105, 6108, 6103, -1,
6103, 6108, 6109, -1,
6103, 6109, 6110, -1,
6109, 6111, 6110, -1,
6110, 6111, 6112, -1,
6110, 6112, 6113, -1,
6112, 6114, 6113, -1,
6113, 6114, 6115, -1,
6113, 6115, 6116, -1,
6115, 6117, 6116, -1,
6116, 6117, 6118, -1,
6116, 6118, 6119, -1,
6118, 6120, 6119, -1,
6119, 6120, 6121, -1,
6119, 6121, 6122, -1,
6121, 6123, 6122, -1,
6122, 6123, 6124, -1,
6122, 6124, 6125, -1,
6124, 6126, 6125, -1,
6125, 6126, 6127, -1,
6125, 6127, 6128, -1,
6127, 6129, 6128, -1,
6128, 6129, 6130, -1,
6128, 6130, 6131, -1,
6130, 6132, 6131, -1,
6131, 6132, 6133, -1,
6131, 6133, 6134, -1,
6133, 6135, 6134, -1,
6134, 6135, 6136, -1,
6134, 6136, 6076, -1,
6076, 6136, 6137, -1,
6076, 6137, 6077, -1,
6081, 6073, 6079, -1,
6079, 6073, 6075, -1,
6079, 6075, 6138, -1,
6075, 6139, 6138, -1,
6138, 6139, 6140, -1,
6138, 6140, 6141, -1,
6140, 6142, 6141, -1,
6141, 6142, 6143, -1,
6141, 6143, 6144, -1,
6143, 6145, 6144, -1,
6144, 6145, 6146, -1,
6144, 6146, 6147, -1,
6146, 6148, 6147, -1,
6147, 6148, 6149, -1,
6147, 6149, 6150, -1,
6149, 6151, 6150, -1,
6150, 6151, 6152, -1,
6150, 6152, 6153, -1,
6152, 6154, 6153, -1,
6153, 6154, 6155, -1,
6153, 6155, 6156, -1,
6155, 6157, 6156, -1,
6156, 6157, 6158, -1,
6156, 6158, 6159, -1,
6158, 6160, 6159, -1,
6159, 6160, 6161, -1,
6159, 6161, 6162, -1,
6161, 6163, 6162, -1,
6162, 6163, 6164, -1,
6162, 6164, 6165, -1,
6164, 6166, 6165, -1,
6165, 6166, 6167, -1,
6165, 6167, 6168, -1,
6167, 6169, 6168, -1,
6168, 6169, 6170, -1,
6168, 6170, 6107, -1,
6107, 6170, 6171, -1,
6107, 6171, 6105, -1,
6172, 6173, 6174, -1,
6174, 6173, 6120, -1,
6175, 6176, 6174, -1,
6174, 6176, 6177, -1,
6174, 6177, 6172, -1,
6120, 6118, 6174, -1,
6174, 6118, 6117, -1,
6174, 6117, 6175, -1,
6178, 6179, 6180, -1,
6180, 6179, 6181, -1,
6180, 6181, 6175, -1,
6175, 6181, 6182, -1,
6175, 6182, 6176, -1,
6117, 6115, 6175, -1,
6175, 6115, 6114, -1,
6175, 6114, 6180, -1,
6180, 6114, 6112, -1,
6112, 6111, 6180, -1,
6180, 6111, 6183, -1,
6180, 6183, 6178, -1,
6178, 6183, 6184, -1,
6185, 6186, 6183, -1,
6183, 6186, 6187, -1,
6183, 6187, 6184, -1,
6111, 6109, 6183, -1,
6183, 6109, 6108, -1,
6183, 6108, 6185, -1,
6188, 6189, 6185, -1,
6185, 6189, 6190, -1,
6185, 6190, 6186, -1,
6108, 6105, 6185, -1,
6185, 6105, 6171, -1,
6185, 6171, 6188, -1,
6191, 6192, 6188, -1,
6188, 6192, 6193, -1,
6188, 6193, 6189, -1,
6171, 6170, 6188, -1,
6188, 6170, 6169, -1,
6188, 6169, 6191, -1,
6194, 6195, 6191, -1,
6191, 6195, 6196, -1,
6191, 6196, 6192, -1,
6169, 6167, 6191, -1,
6191, 6167, 6166, -1,
6191, 6166, 6194, -1,
6197, 6198, 6194, -1,
6194, 6198, 6199, -1,
6194, 6199, 6195, -1,
6166, 6164, 6194, -1,
6194, 6164, 6163, -1,
6194, 6163, 6197, -1,
6200, 6201, 6197, -1,
6197, 6201, 6202, -1,
6197, 6202, 6198, -1,
6163, 6161, 6197, -1,
6197, 6161, 6160, -1,
6197, 6160, 6200, -1,
6203, 6204, 6200, -1,
6200, 6204, 6205, -1,
6200, 6205, 6201, -1,
6160, 6158, 6200, -1,
6200, 6158, 6157, -1,
6200, 6157, 6203, -1,
6206, 6207, 6203, -1,
6203, 6207, 6208, -1,
6203, 6208, 6204, -1,
6157, 6155, 6203, -1,
6203, 6155, 6154, -1,
6203, 6154, 6206, -1,
6209, 6210, 6206, -1,
6206, 6210, 6211, -1,
6206, 6211, 6207, -1,
6154, 6152, 6206, -1,
6206, 6152, 6151, -1,
6206, 6151, 6209, -1,
6212, 6213, 6209, -1,
6209, 6213, 6214, -1,
6209, 6214, 6210, -1,
6151, 6149, 6209, -1,
6209, 6149, 6148, -1,
6209, 6148, 6212, -1,
6215, 6216, 6212, -1,
6212, 6216, 6217, -1,
6212, 6217, 6213, -1,
6148, 6146, 6212, -1,
6212, 6146, 6145, -1,
6212, 6145, 6215, -1,
6218, 6219, 6215, -1,
6215, 6219, 6220, -1,
6215, 6220, 6216, -1,
6145, 6143, 6215, -1,
6215, 6143, 6142, -1,
6215, 6142, 6218, -1,
6221, 6222, 6218, -1,
6218, 6222, 6223, -1,
6218, 6223, 6219, -1,
6142, 6140, 6218, -1,
6218, 6140, 6139, -1,
6218, 6139, 6221, -1,
6224, 6225, 6221, -1,
6221, 6225, 6226, -1,
6221, 6226, 6222, -1,
6139, 6075, 6221, -1,
6221, 6075, 6078, -1,
6221, 6078, 6224, -1,
6227, 6228, 6224, -1,
6224, 6228, 6229, -1,
6224, 6229, 6225, -1,
6078, 6077, 6224, -1,
6224, 6077, 6137, -1,
6224, 6137, 6227, -1,
6230, 6231, 6227, -1,
6227, 6231, 6232, -1,
6227, 6232, 6228, -1,
6137, 6136, 6227, -1,
6227, 6136, 6135, -1,
6227, 6135, 6230, -1,
6233, 6234, 6230, -1,
6230, 6234, 6235, -1,
6230, 6235, 6231, -1,
6135, 6133, 6230, -1,
6230, 6133, 6132, -1,
6230, 6132, 6233, -1,
6236, 6237, 6233, -1,
6233, 6237, 6238, -1,
6233, 6238, 6234, -1,
6132, 6130, 6233, -1,
6233, 6130, 6129, -1,
6233, 6129, 6236, -1,
6239, 6240, 6236, -1,
6236, 6240, 6241, -1,
6236, 6241, 6237, -1,
6129, 6127, 6236, -1,
6236, 6127, 6126, -1,
6236, 6126, 6239, -1,
6172, 6242, 6173, -1,
6173, 6242, 6243, -1,
6173, 6243, 6239, -1,
6239, 6243, 6244, -1,
6239, 6244, 6240, -1,
6126, 6124, 6239, -1,
6239, 6124, 6123, -1,
6239, 6123, 6173, -1,
6173, 6123, 6121, -1,
6173, 6121, 6120, -1,
6245, 6244, 6246, -1,
6246, 6244, 6243, -1,
6246, 6243, 6247, -1,
6247, 6243, 6242, -1,
6247, 6242, 6248, -1,
6248, 6242, 6172, -1,
6248, 6172, 6249, -1,
6249, 6172, 6177, -1,
6249, 6177, 6250, -1,
6250, 6177, 6176, -1,
6250, 6176, 6251, -1,
6251, 6176, 6182, -1,
6251, 6182, 6252, -1,
6252, 6182, 6181, -1,
6252, 6181, 6253, -1,
6253, 6181, 6179, -1,
6253, 6179, 6254, -1,
6254, 6179, 6178, -1,
6254, 6178, 6255, -1,
6255, 6178, 6184, -1,
6255, 6184, 6256, -1,
6256, 6184, 6187, -1,
6256, 6187, 6257, -1,
6257, 6187, 6186, -1,
6257, 6186, 6258, -1,
6258, 6186, 6190, -1,
6258, 6190, 6259, -1,
6259, 6190, 6189, -1,
6259, 6189, 6260, -1,
6260, 6189, 6193, -1,
6260, 6193, 6261, -1,
6261, 6193, 6192, -1,
6261, 6192, 6262, -1,
6262, 6192, 6196, -1,
6262, 6196, 6263, -1,
6263, 6196, 6195, -1,
6263, 6195, 6264, -1,
6264, 6195, 6199, -1,
6264, 6199, 6265, -1,
6265, 6199, 6198, -1,
6265, 6198, 6266, -1,
6266, 6198, 6202, -1,
6266, 6202, 6267, -1,
6267, 6202, 6201, -1,
6267, 6201, 6268, -1,
6268, 6201, 6205, -1,
6268, 6205, 6269, -1,
6269, 6205, 6204, -1,
6269, 6204, 6270, -1,
6270, 6204, 6208, -1,
6270, 6208, 6271, -1,
6271, 6208, 6207, -1,
6271, 6207, 6272, -1,
6272, 6207, 6211, -1,
6272, 6211, 6273, -1,
6273, 6211, 6210, -1,
6273, 6210, 6274, -1,
6274, 6210, 6214, -1,
6274, 6214, 6275, -1,
6275, 6214, 6213, -1,
6275, 6213, 6276, -1,
6276, 6213, 6217, -1,
6276, 6217, 6277, -1,
6277, 6217, 6216, -1,
6277, 6216, 6278, -1,
6278, 6216, 6220, -1,
6278, 6220, 6279, -1,
6279, 6220, 6219, -1,
6279, 6219, 6280, -1,
6280, 6219, 6223, -1,
6280, 6223, 6281, -1,
6281, 6223, 6222, -1,
6281, 6222, 6282, -1,
6282, 6222, 6226, -1,
6282, 6226, 6283, -1,
6283, 6226, 6225, -1,
6283, 6225, 6284, -1,
6284, 6225, 6229, -1,
6284, 6229, 6285, -1,
6285, 6229, 6228, -1,
6285, 6228, 6286, -1,
6286, 6228, 6232, -1,
6286, 6232, 6287, -1,
6287, 6232, 6231, -1,
6287, 6231, 6288, -1,
6288, 6231, 6235, -1,
6288, 6235, 6289, -1,
6289, 6235, 6234, -1,
6289, 6234, 6290, -1,
6290, 6234, 6238, -1,
6290, 6238, 6291, -1,
6291, 6238, 6237, -1,
6291, 6237, 6292, -1,
6292, 6237, 6241, -1,
6292, 6241, 6293, -1,
6293, 6241, 6240, -1,
6293, 6240, 6245, -1,
6245, 6240, 6244, -1,
5454, 5453, 6294, -1,
6285, 6286, 6294, -1,
5457, 5456, 6295, -1,
6283, 6284, 6295, -1,
5460, 5459, 6296, -1,
6281, 6282, 6296, -1,
5475, 6297, 6298, -1,
6298, 6297, 6273, -1,
6299, 5472, 6298, -1,
6298, 5472, 5471, -1,
6298, 5471, 5475, -1,
6273, 6274, 6298, -1,
6298, 6274, 6275, -1,
6298, 6275, 6299, -1,
6300, 5469, 6299, -1,
6299, 5469, 5468, -1,
6299, 5468, 5472, -1,
6275, 6276, 6299, -1,
6299, 6276, 6277, -1,
6299, 6277, 6300, -1,
5463, 5462, 6301, -1,
6301, 5462, 5466, -1,
6301, 5466, 6300, -1,
6300, 5466, 5465, -1,
6300, 5465, 5469, -1,
6280, 6301, 6279, -1,
6279, 6301, 6300, -1,
6279, 6300, 6278, -1,
6278, 6300, 6277, -1,
6280, 6281, 6301, -1,
6301, 6281, 6296, -1,
6301, 6296, 5463, -1,
5463, 6296, 5459, -1,
6282, 6283, 6296, -1,
6296, 6283, 6295, -1,
6296, 6295, 5460, -1,
5460, 6295, 5456, -1,
6284, 6285, 6295, -1,
6295, 6285, 6294, -1,
6295, 6294, 5457, -1,
5457, 6294, 5453, -1,
6286, 6287, 6294, -1,
6294, 6287, 6302, -1,
6294, 6302, 5454, -1,
6303, 5451, 6302, -1,
6302, 5451, 5450, -1,
6302, 5450, 5454, -1,
6287, 6288, 6302, -1,
6302, 6288, 6289, -1,
6302, 6289, 6303, -1,
6304, 5448, 6303, -1,
6303, 5448, 5447, -1,
6303, 5447, 5451, -1,
6289, 6290, 6303, -1,
6303, 6290, 6291, -1,
6303, 6291, 6304, -1,
6305, 5445, 6304, -1,
6304, 5445, 5444, -1,
6304, 5444, 5448, -1,
6291, 6292, 6304, -1,
6304, 6292, 6293, -1,
6304, 6293, 6305, -1,
6306, 5442, 6305, -1,
6305, 5442, 5441, -1,
6305, 5441, 5445, -1,
6293, 6245, 6305, -1,
6305, 6245, 6246, -1,
6305, 6246, 6306, -1,
6307, 5439, 6306, -1,
6306, 5439, 5438, -1,
6306, 5438, 5442, -1,
6246, 6247, 6306, -1,
6306, 6247, 6248, -1,
6306, 6248, 6307, -1,
6308, 5436, 6307, -1,
6307, 5436, 5435, -1,
6307, 5435, 5439, -1,
6248, 6249, 6307, -1,
6307, 6249, 6250, -1,
6307, 6250, 6308, -1,
6309, 5433, 6308, -1,
6308, 5433, 5432, -1,
6308, 5432, 5436, -1,
6250, 6251, 6308, -1,
6308, 6251, 6252, -1,
6308, 6252, 6309, -1,
6310, 5430, 6309, -1,
6309, 5430, 5429, -1,
6309, 5429, 5433, -1,
6255, 6310, 6254, -1,
6254, 6310, 6309, -1,
6254, 6309, 6253, -1,
6253, 6309, 6252, -1,
6311, 5494, 6310, -1,
6310, 5494, 5425, -1,
6310, 5425, 5430, -1,
6255, 6256, 6310, -1,
6310, 6256, 6257, -1,
6310, 6257, 6311, -1,
6312, 5496, 6311, -1,
6311, 5496, 5495, -1,
6311, 5495, 5494, -1,
6257, 6258, 6311, -1,
6311, 6258, 6259, -1,
6311, 6259, 6312, -1,
6313, 5493, 6312, -1,
6312, 5493, 5492, -1,
6312, 5492, 5496, -1,
6259, 6260, 6312, -1,
6312, 6260, 6261, -1,
6312, 6261, 6313, -1,
6314, 5490, 6313, -1,
6313, 5490, 5489, -1,
6313, 5489, 5493, -1,
6261, 6262, 6313, -1,
6313, 6262, 6263, -1,
6313, 6263, 6314, -1,
6315, 5487, 6314, -1,
6314, 5487, 5486, -1,
6314, 5486, 5490, -1,
6263, 6264, 6314, -1,
6314, 6264, 6265, -1,
6314, 6265, 6315, -1,
6316, 5484, 6315, -1,
6315, 5484, 5483, -1,
6315, 5483, 5487, -1,
6265, 6266, 6315, -1,
6315, 6266, 6267, -1,
6315, 6267, 6316, -1,
6317, 5481, 6316, -1,
6316, 5481, 5480, -1,
6316, 5480, 5484, -1,
6267, 6268, 6316, -1,
6316, 6268, 6269, -1,
6316, 6269, 6317, -1,
5475, 5474, 6297, -1,
6297, 5474, 5478, -1,
6297, 5478, 6317, -1,
6317, 5478, 5477, -1,
6317, 5477, 5481, -1,
6269, 6270, 6317, -1,
6317, 6270, 6271, -1,
6317, 6271, 6297, -1,
6297, 6271, 6272, -1,
6297, 6272, 6273, -1,
6318, 6319, 6320, -1,
6320, 6319, 6321, -1,
6322, 6323, 6324, -1,
6324, 6323, 6325, -1,
6324, 6325, 6321, -1,
6321, 6325, 6326, -1,
6321, 6326, 6320, -1,
6327, 6328, 6329, -1,
6330, 6331, 6332, -1,
6332, 6333, 6330, -1,
6330, 6333, 6334, -1,
6330, 6334, 6328, -1,
6328, 6334, 6335, -1,
6328, 6335, 6329, -1,
6336, 6337, 6338, -1,
6338, 6337, 6339, -1,
6338, 6339, 6340, -1,
6340, 6339, 6327, -1,
6340, 6327, 6341, -1,
6341, 6327, 6329, -1,
6341, 6329, 6342, -1,
6336, 6343, 6337, -1,
6337, 6343, 6344, -1,
6337, 6344, 6345, -1,
6346, 6323, 6347, -1,
6347, 6323, 6322, -1,
6347, 6322, 6348, -1,
6348, 6322, 6345, -1,
6348, 6345, 6349, -1,
6349, 6345, 6344, -1,
6350, 6351, 6352, -1,
6352, 6351, 6353, -1,
6354, 6355, 6356, -1,
6356, 6355, 6357, -1,
6356, 6357, 6353, -1,
6353, 6357, 6358, -1,
6353, 6358, 6352, -1,
6359, 6360, 6361, -1,
6362, 6363, 6364, -1,
6364, 6365, 6362, -1,
6362, 6365, 6366, -1,
6362, 6366, 6360, -1,
6360, 6366, 6367, -1,
6360, 6367, 6361, -1,
6368, 6369, 6370, -1,
6370, 6369, 6371, -1,
6370, 6371, 6372, -1,
6372, 6371, 6359, -1,
6372, 6359, 6373, -1,
6373, 6359, 6361, -1,
6373, 6361, 6374, -1,
6368, 6375, 6369, -1,
6369, 6375, 6376, -1,
6369, 6376, 6377, -1,
6378, 6355, 6379, -1,
6379, 6355, 6354, -1,
6379, 6354, 6380, -1,
6380, 6354, 6377, -1,
6380, 6377, 6381, -1,
6381, 6377, 6376, -1,
6360, 6353, 6362, -1,
6362, 6353, 6351, -1,
6362, 6351, 6363, -1,
6360, 6359, 6353, -1,
6353, 6359, 6371, -1,
6353, 6371, 6369, -1,
6369, 6377, 6353, -1,
6353, 6377, 6354, -1,
6353, 6354, 6356, -1,
6328, 6321, 6330, -1,
6330, 6321, 6319, -1,
6330, 6319, 6331, -1,
6328, 6327, 6321, -1,
6321, 6327, 6339, -1,
6321, 6339, 6337, -1,
6337, 6345, 6321, -1,
6321, 6345, 6322, -1,
6321, 6322, 6324, -1,
6382, 6383, 6384, -1,
6384, 6383, 6350, -1,
6378, 6385, 6355, -1,
6355, 6385, 6384, -1,
6355, 6384, 6357, -1,
6350, 6352, 6384, -1,
6384, 6352, 6358, -1,
6384, 6358, 6357, -1,
6386, 6387, 6374, -1,
6374, 6361, 6386, -1,
6386, 6361, 6367, -1,
6386, 6367, 6366, -1,
6388, 6389, 6364, -1,
6364, 6389, 6386, -1,
6364, 6386, 6365, -1,
6365, 6386, 6366, -1,
6390, 6391, 6392, -1,
6392, 6391, 6318, -1,
6346, 6393, 6323, -1,
6323, 6393, 6392, -1,
6323, 6392, 6325, -1,
6318, 6320, 6392, -1,
6392, 6320, 6326, -1,
6392, 6326, 6325, -1,
6394, 6395, 6342, -1,
6342, 6329, 6394, -1,
6394, 6329, 6335, -1,
6394, 6335, 6334, -1,
6396, 6397, 6332, -1,
6332, 6397, 6394, -1,
6332, 6394, 6333, -1,
6333, 6394, 6334, -1,
6398, 6399, 6400, -1,
6398, 6400, 6401, -1,
6401, 6400, 6402, -1,
6401, 6402, 6403, -1,
6402, 6404, 6403, -1,
6403, 6404, 6405, -1,
6403, 6405, 6406, -1,
6406, 6405, 6407, -1,
6406, 6407, 6408, -1,
6408, 6407, 6409, -1,
6408, 6409, 6410, -1,
6409, 6411, 6410, -1,
6410, 6411, 6412, -1,
6410, 6412, 6413, -1,
6412, 6414, 6413, -1,
6413, 6414, 6415, -1,
6413, 6415, 6416, -1,
6386, 6389, 6417, -1,
6386, 6417, 6418, -1,
6418, 6417, 6419, -1,
6418, 6419, 6420, -1,
6420, 6419, 6421, -1,
6420, 6421, 6422, -1,
6421, 6423, 6422, -1,
6422, 6423, 6424, -1,
6422, 6424, 6425, -1,
6425, 6424, 6426, -1,
6425, 6426, 6427, -1,
6427, 6426, 6428, -1,
6427, 6428, 6429, -1,
6429, 6428, 6382, -1,
6429, 6382, 6384, -1,
6430, 6431, 6432, -1,
6430, 6432, 6433, -1,
6433, 6432, 6434, -1,
6433, 6434, 6435, -1,
6434, 6436, 6435, -1,
6435, 6436, 6437, -1,
6435, 6437, 6438, -1,
6438, 6437, 6439, -1,
6438, 6439, 6440, -1,
6440, 6439, 6441, -1,
6440, 6441, 6442, -1,
6442, 6441, 6443, -1,
6442, 6443, 6444, -1,
6445, 6446, 6447, -1,
6447, 6446, 6444, -1,
6447, 6444, 6448, -1,
6448, 6444, 6443, -1,
6394, 6397, 6449, -1,
6394, 6449, 6450, -1,
6449, 6451, 6450, -1,
6450, 6451, 6452, -1,
6450, 6452, 6453, -1,
6453, 6452, 6454, -1,
6453, 6454, 6455, -1,
6455, 6454, 6456, -1,
6455, 6456, 6457, -1,
6457, 6456, 6458, -1,
6457, 6458, 6459, -1,
6459, 6458, 6460, -1,
6459, 6460, 6461, -1,
6461, 6460, 6390, -1,
6461, 6390, 6392, -1,
6378, 6379, 6385, -1,
6385, 6379, 6462, -1,
6379, 6380, 6462, -1,
6462, 6380, 6381, -1,
6462, 6381, 6463, -1,
6381, 6376, 6463, -1,
6463, 6376, 6375, -1,
6463, 6375, 6464, -1,
6464, 6375, 6368, -1,
6464, 6368, 6465, -1,
6465, 6368, 6370, -1,
6465, 6370, 6466, -1,
6374, 6387, 6373, -1,
6373, 6387, 6466, -1,
6373, 6466, 6372, -1,
6372, 6466, 6370, -1,
6467, 6468, 6469, -1,
6469, 6468, 6470, -1,
6468, 6471, 6470, -1,
6470, 6471, 6472, -1,
6470, 6472, 6473, -1,
6472, 6474, 6473, -1,
6473, 6474, 6475, -1,
6473, 6475, 6476, -1,
6476, 6475, 6477, -1,
6476, 6477, 6478, -1,
6478, 6477, 6479, -1,
6478, 6479, 6480, -1,
6481, 6482, 6483, -1,
6483, 6482, 6480, -1,
6483, 6480, 6484, -1,
6484, 6480, 6479, -1,
6482, 6398, 6480, -1,
6480, 6398, 6401, -1,
6480, 6401, 6478, -1,
6478, 6401, 6403, -1,
6478, 6403, 6476, -1,
6416, 6469, 6413, -1,
6413, 6469, 6470, -1,
6413, 6470, 6410, -1,
6410, 6470, 6473, -1,
6410, 6473, 6408, -1,
6408, 6473, 6476, -1,
6408, 6476, 6406, -1,
6406, 6476, 6403, -1,
6387, 6386, 6466, -1,
6466, 6386, 6418, -1,
6466, 6418, 6465, -1,
6465, 6418, 6420, -1,
6465, 6420, 6464, -1,
6384, 6385, 6429, -1,
6429, 6385, 6462, -1,
6429, 6462, 6427, -1,
6427, 6462, 6463, -1,
6427, 6463, 6425, -1,
6425, 6463, 6464, -1,
6425, 6464, 6422, -1,
6422, 6464, 6420, -1,
6346, 6347, 6393, -1,
6393, 6347, 6485, -1,
6347, 6348, 6485, -1,
6485, 6348, 6349, -1,
6485, 6349, 6486, -1,
6349, 6344, 6486, -1,
6486, 6344, 6343, -1,
6486, 6343, 6487, -1,
6487, 6343, 6336, -1,
6487, 6336, 6488, -1,
6488, 6336, 6338, -1,
6488, 6338, 6489, -1,
6342, 6395, 6341, -1,
6341, 6395, 6489, -1,
6341, 6489, 6340, -1,
6340, 6489, 6338, -1,
6490, 6491, 6492, -1,
6492, 6491, 6493, -1,
6491, 6494, 6493, -1,
6493, 6494, 6495, -1,
6493, 6495, 6496, -1,
6495, 6497, 6496, -1,
6496, 6497, 6498, -1,
6496, 6498, 6499, -1,
6499, 6498, 6500, -1,
6499, 6500, 6501, -1,
6501, 6500, 6502, -1,
6501, 6502, 6503, -1,
6504, 6505, 6506, -1,
6506, 6505, 6503, -1,
6506, 6503, 6507, -1,
6507, 6503, 6502, -1,
6395, 6394, 6489, -1,
6489, 6394, 6450, -1,
6489, 6450, 6488, -1,
6488, 6450, 6453, -1,
6488, 6453, 6487, -1,
6392, 6393, 6461, -1,
6461, 6393, 6485, -1,
6461, 6485, 6459, -1,
6459, 6485, 6486, -1,
6459, 6486, 6457, -1,
6457, 6486, 6487, -1,
6457, 6487, 6455, -1,
6455, 6487, 6453, -1,
6505, 6430, 6503, -1,
6503, 6430, 6433, -1,
6503, 6433, 6501, -1,
6501, 6433, 6435, -1,
6501, 6435, 6499, -1,
6446, 6492, 6444, -1,
6444, 6492, 6493, -1,
6444, 6493, 6442, -1,
6442, 6493, 6496, -1,
6442, 6496, 6440, -1,
6440, 6496, 6499, -1,
6440, 6499, 6438, -1,
6438, 6499, 6435, -1,
6508, 6509, 6510, -1,
6510, 6509, 6511, -1,
6512, 6513, 6514, -1,
6514, 6513, 6515, -1,
6514, 6515, 6511, -1,
6511, 6515, 6516, -1,
6511, 6516, 6510, -1,
6517, 6518, 6519, -1,
6520, 6521, 6522, -1,
6522, 6523, 6520, -1,
6520, 6523, 6524, -1,
6520, 6524, 6518, -1,
6518, 6524, 6525, -1,
6518, 6525, 6519, -1,
6500, 6526, 6502, -1,
6502, 6526, 6527, -1,
6502, 6527, 6507, -1,
6507, 6527, 6517, -1,
6507, 6517, 6506, -1,
6506, 6517, 6519, -1,
6506, 6519, 6504, -1,
6500, 6498, 6526, -1,
6526, 6498, 6497, -1,
6526, 6497, 6528, -1,
6490, 6513, 6491, -1,
6491, 6513, 6512, -1,
6491, 6512, 6494, -1,
6494, 6512, 6528, -1,
6494, 6528, 6495, -1,
6495, 6528, 6497, -1,
6529, 6530, 6531, -1,
6531, 6530, 6532, -1,
6533, 6534, 6535, -1,
6535, 6534, 6536, -1,
6535, 6536, 6532, -1,
6532, 6536, 6537, -1,
6532, 6537, 6531, -1,
6538, 6539, 6540, -1,
6541, 6542, 6543, -1,
6543, 6544, 6541, -1,
6541, 6544, 6545, -1,
6541, 6545, 6539, -1,
6539, 6545, 6546, -1,
6539, 6546, 6540, -1,
6477, 6547, 6479, -1,
6479, 6547, 6548, -1,
6479, 6548, 6484, -1,
6484, 6548, 6538, -1,
6484, 6538, 6483, -1,
6483, 6538, 6540, -1,
6483, 6540, 6481, -1,
6477, 6475, 6547, -1,
6547, 6475, 6474, -1,
6547, 6474, 6549, -1,
6467, 6534, 6468, -1,
6468, 6534, 6533, -1,
6468, 6533, 6471, -1,
6471, 6533, 6549, -1,
6471, 6549, 6472, -1,
6472, 6549, 6474, -1,
6550, 6551, 6552, -1,
6552, 6551, 6553, -1,
6552, 6553, 6554, -1,
6555, 6556, 6557, -1,
6557, 6556, 6558, -1,
6559, 6560, 6561, -1,
6559, 6561, 6558, -1,
6558, 6561, 6562, -1,
6558, 6562, 6557, -1,
6563, 6564, 6565, -1,
6565, 6564, 6566, -1,
6567, 6568, 6569, -1,
6569, 6568, 6570, -1,
6569, 6570, 6571, -1,
6572, 6573, 6574, -1,
6574, 6573, 6575, -1,
6574, 6575, 6576, -1,
6577, 6578, 6579, -1,
6579, 6578, 6580, -1,
6581, 6582, 6583, -1,
6583, 6582, 6584, -1,
6585, 6586, 6587, -1,
6587, 6586, 6588, -1,
6589, 6590, 6591, -1,
6591, 6590, 6586, -1,
6591, 6586, 6592, -1,
6592, 6586, 6585, -1,
6593, 6594, 6595, -1,
6583, 6596, 6581, -1,
6581, 6596, 6597, -1,
6581, 6597, 6598, -1,
6599, 6600, 6601, -1,
6601, 6600, 6587, -1,
6602, 6603, 6598, -1,
6598, 6603, 6604, -1,
6598, 6604, 6581, -1,
6581, 6604, 6605, -1,
6606, 6607, 6588, -1,
6588, 6607, 6608, -1,
6588, 6608, 6587, -1,
6587, 6608, 6609, -1,
6610, 6611, 6605, -1,
6605, 6611, 6612, -1,
6605, 6612, 6581, -1,
6581, 6612, 6613, -1,
6614, 6615, 6609, -1,
6609, 6615, 6616, -1,
6609, 6616, 6587, -1,
6587, 6616, 6617, -1,
6618, 6619, 6617, -1,
6617, 6619, 6620, -1,
6617, 6620, 6587, -1,
6587, 6620, 6621, -1,
6595, 6622, 6593, -1,
6593, 6622, 6581, -1,
6593, 6581, 6623, -1,
6623, 6581, 6613, -1,
6623, 6613, 6624, -1,
6624, 6613, 6625, -1,
6626, 6627, 6621, -1,
6621, 6627, 6628, -1,
6621, 6628, 6587, -1,
6587, 6628, 6629, -1,
6630, 6631, 6629, -1,
6629, 6631, 6632, -1,
6629, 6632, 6587, -1,
6587, 6632, 6633, -1,
6622, 6601, 6581, -1,
6581, 6601, 6587, -1,
6581, 6587, 6634, -1,
6634, 6587, 6633, -1,
6634, 6633, 6635, -1,
6635, 6633, 6636, -1,
6637, 6638, 6599, -1,
6599, 6638, 6600, -1,
6595, 6594, 6639, -1,
6639, 6594, 6640, -1,
6624, 6625, 6641, -1,
6641, 6625, 6642, -1,
6611, 6610, 6643, -1,
6643, 6610, 6644, -1,
6603, 6602, 6645, -1,
6645, 6602, 6646, -1,
6596, 6583, 6647, -1,
6647, 6583, 6648, -1,
6649, 6650, 6651, -1,
6651, 6650, 6652, -1,
6653, 6654, 6655, -1,
6655, 6654, 6656, -1,
6657, 6658, 6659, -1,
6659, 6658, 6660, -1,
6661, 6662, 6663, -1,
6663, 6662, 6664, -1,
6665, 6666, 6667, -1,
6667, 6666, 6668, -1,
6669, 6670, 6671, -1,
6671, 6670, 6672, -1,
6673, 6674, 6675, -1,
6675, 6674, 6676, -1,
6677, 6678, 6679, -1,
6679, 6678, 6680, -1,
6681, 6682, 6683, -1,
6683, 6682, 6684, -1,
6685, 6686, 6687, -1,
6687, 6686, 6688, -1,
6671, 6672, 6689, -1,
6689, 6672, 6690, -1,
6691, 6692, 6673, -1,
6673, 6692, 6674, -1,
6693, 6694, 6677, -1,
6677, 6694, 6678, -1,
6695, 6696, 6681, -1,
6681, 6696, 6682, -1,
6697, 6698, 6685, -1,
6685, 6698, 6686, -1,
6608, 6699, 6609, -1,
6609, 6699, 6700, -1,
6701, 6617, 6702, -1,
6702, 6617, 6616, -1,
6703, 6621, 6704, -1,
6704, 6621, 6620, -1,
6705, 6629, 6706, -1,
6706, 6629, 6628, -1,
6707, 6633, 6708, -1,
6708, 6633, 6632, -1,
6699, 6709, 6700, -1,
6700, 6709, 6710, -1,
6711, 6701, 6712, -1,
6712, 6701, 6702, -1,
6713, 6703, 6714, -1,
6714, 6703, 6704, -1,
6715, 6705, 6716, -1,
6716, 6705, 6706, -1,
6717, 6707, 6718, -1,
6718, 6707, 6708, -1,
6719, 6720, 6592, -1,
6592, 6720, 6591, -1,
6721, 6722, 6723, -1,
6723, 6722, 6724, -1,
6725, 6726, 6727, -1,
6727, 6726, 6728, -1,
6727, 6728, 6729, -1,
6729, 6728, 6730, -1,
6731, 6732, 6733, -1,
6734, 6588, 6733, -1,
6733, 6588, 6586, -1,
6733, 6586, 6731, -1,
6733, 6735, 6734, -1,
6734, 6735, 6736, -1,
6737, 6738, 6739, -1,
6739, 6738, 6740, -1,
6739, 6740, 6741, -1,
471, 472, 6742, -1,
6742, 472, 473, -1,
6742, 473, 6740, -1,
6740, 473, 474, -1,
6740, 474, 6741, -1,
6555, 6743, 6556, -1,
6556, 6743, 6744, -1,
6745, 6744, 6743, -1,
6743, 6746, 6745, -1,
6745, 6746, 6747, -1,
6745, 6747, 6748, -1,
6748, 6747, 6749, -1,
6748, 6749, 6750, -1,
6750, 6749, 9, -1,
9, 6749, 10, -1,
10, 6749, 6751, -1,
10, 6751, 6746, -1,
6746, 6751, 6752, -1,
6746, 6752, 6747, -1,
6582, 6753, 6754, -1,
6590, 6589, 6755, -1,
6756, 6584, 6582, -1,
6757, 6758, 6759, -1,
539, 6754, 30, -1,
30, 6754, 6760, -1,
30, 6760, 32, -1,
6760, 6761, 32, -1,
32, 6761, 6762, -1,
32, 6762, 6763, -1,
539, 538, 6754, -1,
6754, 538, 546, -1,
6754, 546, 545, -1,
6764, 6765, 6759, -1,
6759, 6765, 32, -1,
6759, 32, 6757, -1,
6757, 32, 6763, -1,
6766, 6746, 6767, -1,
6767, 6746, 6765, -1,
6767, 6765, 6768, -1,
6768, 6765, 6769, -1,
6768, 6769, 6770, -1,
6771, 6769, 6772, -1,
6772, 6769, 6765, -1,
6772, 6765, 6773, -1,
6773, 6765, 6764, -1,
545, 544, 6754, -1,
6754, 544, 543, -1,
6754, 543, 542, -1,
6766, 6590, 6746, -1,
6746, 6590, 6755, -1,
6746, 6755, 10, -1,
10, 6755, 6756, -1,
10, 6756, 11, -1,
11, 6756, 6582, -1,
11, 6582, 540, -1,
540, 6582, 6754, -1,
540, 6754, 541, -1,
541, 6754, 542, -1,
6753, 6582, 6774, -1,
6774, 6582, 6581, -1,
6762, 6761, 6775, -1,
6581, 6776, 6774, -1,
6774, 6776, 6777, -1,
6774, 6777, 6775, -1,
6775, 6777, 6778, -1,
6775, 6778, 6762, -1,
6779, 6711, 6712, -1,
6780, 6781, 6782, -1,
6782, 6781, 6783, -1,
6782, 6783, 6784, -1,
6710, 6709, 6785, -1,
6785, 6709, 6786, -1,
6717, 6718, 6780, -1,
6780, 6718, 6787, -1,
6780, 6787, 6781, -1,
6781, 6787, 6788, -1,
6715, 6716, 6788, -1,
6788, 6716, 6789, -1,
6788, 6789, 6781, -1,
6781, 6789, 6790, -1,
6712, 6791, 6779, -1,
6779, 6791, 6781, -1,
6779, 6781, 6792, -1,
6792, 6781, 6790, -1,
6792, 6790, 6714, -1,
6714, 6790, 6713, -1,
6736, 6735, 6793, -1,
6793, 6735, 6794, -1,
6793, 6794, 6786, -1,
6786, 6794, 6781, -1,
6786, 6781, 6785, -1,
6785, 6781, 6791, -1,
6732, 6731, 6795, -1,
6795, 6731, 6796, -1,
6776, 6797, 6777, -1,
6777, 6797, 6798, -1,
6799, 6800, 6801, -1,
6801, 6800, 6802, -1,
6557, 6803, 6555, -1,
6555, 6803, 6743, -1,
6803, 6804, 6743, -1,
6743, 6804, 6805, -1,
6743, 6805, 6806, -1,
6765, 6746, 6807, -1,
6807, 6746, 6743, -1,
6807, 6743, 6808, -1,
6808, 6743, 6806, -1,
6809, 6810, 6811, -1,
6811, 6810, 6812, -1,
6813, 6814, 6815, -1,
6815, 6814, 6816, -1,
6817, 6809, 6818, -1,
6818, 6809, 6811, -1,
6814, 6819, 6816, -1,
6816, 6819, 6820, -1,
6821, 6822, 6800, -1,
6800, 6822, 6823, -1,
6800, 6823, 6802, -1,
6802, 6823, 6824, -1,
6802, 6824, 6825, -1,
6810, 6826, 6812, -1,
6812, 6826, 6827, -1,
6828, 6813, 6829, -1,
6829, 6813, 6815, -1,
6830, 6831, 6801, -1,
6801, 6831, 6832, -1,
6801, 6832, 6799, -1,
6799, 6832, 6833, -1,
6799, 6833, 6834, -1,
6765, 6807, 6835, -1,
6835, 6836, 6765, -1,
6765, 6836, 6837, -1,
6765, 6837, 6838, -1,
6838, 6839, 6765, -1,
6765, 6839, 6840, -1,
6765, 6840, 32, -1,
6840, 6841, 32, -1,
32, 6841, 6842, -1,
32, 6842, 6843, -1,
6844, 73, 59, -1,
59, 50, 6844, -1,
6844, 50, 54, -1,
6844, 54, 37, -1,
6843, 6845, 32, -1,
32, 6845, 6844, -1,
32, 6844, 35, -1,
35, 6844, 37, -1,
6846, 6847, 6848, -1,
466, 465, 6849, -1,
6836, 6835, 6850, -1,
6451, 6449, 6847, -1,
6445, 6447, 6851, -1,
1452, 6737, 6739, -1,
6852, 6853, 6854, -1,
6855, 6856, 6857, -1,
6858, 6859, 6860, -1,
6842, 6841, 6831, -1,
6861, 6862, 6822, -1,
6831, 6841, 6832, -1,
6832, 6841, 6840, -1,
6832, 6840, 6833, -1,
6833, 6840, 6839, -1,
6833, 6839, 6834, -1,
6834, 6839, 6838, -1,
6834, 6838, 6821, -1,
6822, 6862, 6823, -1,
6823, 6862, 6863, -1,
6823, 6863, 6824, -1,
6824, 6863, 6864, -1,
6824, 6864, 6825, -1,
6825, 6864, 6865, -1,
6825, 6865, 6830, -1,
6866, 6867, 6868, -1,
6831, 6830, 6842, -1,
6842, 6830, 6865, -1,
6842, 6865, 6843, -1,
6843, 6865, 6869, -1,
6843, 6869, 6845, -1,
6870, 6871, 6872, -1,
6873, 6874, 6875, -1,
6875, 6874, 6876, -1,
6875, 6876, 6877, -1,
6877, 6876, 6878, -1,
6877, 6878, 6879, -1,
6879, 6878, 6880, -1,
6879, 6880, 6881, -1,
6881, 6880, 6882, -1,
6881, 6882, 6883, -1,
6883, 6882, 6884, -1,
6883, 6884, 6885, -1,
6885, 6884, 6886, -1,
6887, 6888, 6636, -1,
6636, 6888, 6635, -1,
6635, 6888, 6889, -1,
6635, 6889, 6860, -1,
6860, 6889, 6890, -1,
6860, 6890, 6858, -1,
6859, 6858, 6891, -1,
6891, 6858, 6892, -1,
6891, 6892, 6893, -1,
6893, 6892, 6894, -1,
6893, 6894, 6895, -1,
6631, 6630, 6896, -1,
6896, 6630, 6897, -1,
6636, 6898, 6887, -1,
6887, 6898, 6895, -1,
6887, 6895, 6899, -1,
6899, 6895, 6894, -1,
6899, 6894, 6900, -1,
6900, 6894, 6901, -1,
6901, 6894, 6902, -1,
6901, 6902, 6903, -1,
6627, 6626, 6904, -1,
6630, 6905, 6897, -1,
6897, 6905, 6903, -1,
6897, 6903, 6906, -1,
6906, 6903, 6902, -1,
6906, 6902, 6907, -1,
6908, 6909, 6910, -1,
6618, 6911, 6619, -1,
6619, 6911, 6904, -1,
6619, 6904, 6908, -1,
6908, 6904, 6626, -1,
6908, 6626, 6909, -1,
6907, 6902, 6912, -1,
6912, 6902, 6913, -1,
6912, 6913, 6910, -1,
6910, 6913, 6855, -1,
6910, 6855, 6908, -1,
6908, 6855, 6857, -1,
6908, 6857, 6619, -1,
6914, 6915, 6916, -1,
6614, 6917, 6615, -1,
6615, 6917, 6911, -1,
6615, 6911, 6914, -1,
6914, 6911, 6618, -1,
6914, 6618, 6915, -1,
6856, 6855, 6918, -1,
6918, 6855, 6913, -1,
6918, 6913, 6919, -1,
6919, 6913, 6920, -1,
6919, 6920, 6916, -1,
6916, 6920, 6852, -1,
6916, 6852, 6914, -1,
6914, 6852, 6854, -1,
6914, 6854, 6615, -1,
6921, 6922, 6923, -1,
6924, 6925, 6926, -1,
6606, 6927, 6607, -1,
6607, 6927, 6917, -1,
6607, 6917, 6921, -1,
6921, 6917, 6614, -1,
6921, 6614, 6922, -1,
6853, 6852, 6928, -1,
6928, 6852, 6920, -1,
6928, 6920, 6929, -1,
6929, 6920, 6930, -1,
6929, 6930, 6923, -1,
6923, 6930, 6931, -1,
6923, 6931, 6921, -1,
6921, 6931, 6932, -1,
6921, 6932, 6607, -1,
1461, 6889, 1463, -1,
1463, 6889, 1465, -1,
1461, 1459, 6933, -1,
1459, 1457, 6933, -1,
6933, 1457, 1455, -1,
6933, 1455, 1453, -1,
1448, 1450, 6889, -1,
6889, 1450, 1466, -1,
6889, 1466, 1465, -1,
2425, 1441, 2427, -1,
2427, 1441, 1444, -1,
2427, 1444, 6889, -1,
6889, 1444, 1446, -1,
6889, 1446, 1448, -1,
6579, 6580, 2422, -1,
2422, 6580, 1441, -1,
2422, 1441, 2423, -1,
2423, 1441, 2425, -1,
2418, 2420, 6888, -1,
2420, 2432, 6888, -1,
6888, 2432, 2431, -1,
6888, 2431, 6889, -1,
6889, 2431, 2429, -1,
6889, 2429, 2427, -1,
2410, 2412, 6896, -1,
6896, 2412, 2414, -1,
6896, 2414, 2416, -1,
2416, 2418, 6896, -1,
6896, 2418, 6888, -1,
6896, 6888, 6631, -1,
6631, 6888, 6887, -1,
6631, 6887, 6934, -1,
6934, 6887, 6899, -1,
6934, 6899, 6935, -1,
6935, 6899, 6900, -1,
2410, 6896, 2407, -1,
2407, 6896, 6574, -1,
2407, 6574, 6576, -1,
2703, 2701, 6896, -1,
2685, 2709, 6904, -1,
6904, 2709, 2707, -1,
6904, 2707, 2705, -1,
6896, 2695, 2693, -1,
2701, 2699, 6896, -1,
6896, 2699, 2697, -1,
6896, 2697, 2695, -1,
2705, 2703, 6904, -1,
6904, 2703, 6896, -1,
6904, 6896, 6627, -1,
6627, 6896, 6897, -1,
6627, 6897, 6936, -1,
6936, 6897, 6906, -1,
6936, 6906, 6937, -1,
6937, 6906, 6907, -1,
6552, 6554, 6904, -1,
6904, 6554, 2686, -1,
6904, 2686, 2685, -1,
6572, 6574, 2652, -1,
2652, 6574, 6896, -1,
2652, 6896, 2692, -1,
2692, 6896, 2693, -1,
3565, 3589, 6911, -1,
6911, 3589, 3587, -1,
6911, 3587, 3585, -1,
3577, 3575, 6904, -1,
6904, 3575, 3573, -1,
3585, 3583, 6911, -1,
6911, 3583, 3581, -1,
6911, 3581, 6904, -1,
6904, 3581, 3579, -1,
6904, 3579, 3577, -1,
3565, 6911, 3566, -1,
3566, 6911, 6569, -1,
3566, 6569, 6571, -1,
3573, 3598, 6904, -1,
6904, 3598, 3597, -1,
6904, 3597, 6552, -1,
6552, 3597, 6550, -1,
6917, 4508, 4506, -1,
4498, 4496, 6911, -1,
4506, 4504, 6917, -1,
6917, 4504, 4502, -1,
6917, 4502, 6911, -1,
6911, 4502, 4500, -1,
6911, 4500, 4498, -1,
6567, 6569, 4515, -1,
4515, 6569, 6911, -1,
4515, 6911, 4516, -1,
4516, 6911, 4496, -1,
4490, 4488, 6917, -1,
6917, 4488, 4509, -1,
6917, 4509, 4508, -1,
4490, 6917, 4492, -1,
4492, 6917, 6096, -1,
4492, 6096, 4486, -1,
4486, 6096, 6098, -1,
4486, 6098, 6100, -1,
6565, 6566, 6106, -1,
6106, 6566, 4486, -1,
6106, 4486, 6102, -1,
6102, 4486, 6100, -1,
6089, 6091, 6927, -1,
6927, 6091, 6092, -1,
6927, 6092, 6917, -1,
6917, 6092, 6094, -1,
6917, 6094, 6096, -1,
6081, 6083, 6938, -1,
6938, 6083, 6085, -1,
6938, 6085, 6087, -1,
6081, 6938, 6073, -1,
6073, 6938, 6561, -1,
6073, 6561, 6560, -1,
6434, 6939, 6436, -1,
6436, 6939, 6870, -1,
6436, 6870, 6437, -1,
6437, 6870, 6439, -1,
6441, 6850, 6443, -1,
6443, 6850, 6851, -1,
6443, 6851, 6448, -1,
6448, 6851, 6447, -1,
6434, 6432, 6939, -1,
6939, 6432, 6431, -1,
6939, 6431, 6940, -1,
6940, 6431, 6941, -1,
6940, 6941, 6942, -1,
6942, 6941, 6943, -1,
6942, 6943, 6805, -1,
6805, 6943, 6944, -1,
6805, 6944, 6806, -1,
6806, 6944, 6445, -1,
6449, 6397, 6804, -1,
6804, 6397, 6805, -1,
6805, 6397, 6396, -1,
6805, 6396, 6942, -1,
6942, 6396, 6945, -1,
6942, 6945, 6940, -1,
6945, 6391, 6940, -1,
6940, 6391, 6390, -1,
6940, 6390, 6846, -1,
6846, 6390, 6460, -1,
6451, 6847, 6452, -1,
6460, 6458, 6846, -1,
6846, 6458, 6456, -1,
6846, 6456, 6847, -1,
6847, 6456, 6454, -1,
6847, 6454, 6452, -1,
6402, 72, 6404, -1,
6404, 72, 74, -1,
6404, 74, 6405, -1,
6405, 74, 6946, -1,
6405, 6946, 6407, -1,
6407, 6946, 6409, -1,
6409, 6946, 6411, -1,
6411, 6946, 6868, -1,
6411, 6868, 6412, -1,
6412, 6868, 6947, -1,
6412, 6947, 6414, -1,
6402, 6400, 72, -1,
72, 6400, 6399, -1,
72, 6399, 69, -1,
69, 6399, 6948, -1,
69, 6948, 6949, -1,
6949, 6948, 6950, -1,
6949, 6950, 6951, -1,
6951, 6950, 6952, -1,
6951, 6952, 6947, -1,
6947, 6952, 6415, -1,
6947, 6415, 6414, -1,
6419, 6953, 6421, -1,
6421, 6953, 6849, -1,
6421, 6849, 6423, -1,
6423, 6849, 6424, -1,
6428, 459, 458, -1,
6424, 6849, 6426, -1,
6426, 6849, 465, -1,
6426, 465, 464, -1,
6419, 6417, 6953, -1,
6953, 6417, 6389, -1,
6953, 6389, 6951, -1,
6951, 6389, 6388, -1,
6951, 6388, 6949, -1,
6949, 6388, 6954, -1,
6949, 6954, 69, -1,
69, 6954, 6383, -1,
69, 6383, 68, -1,
68, 6383, 6382, -1,
68, 6382, 479, -1,
479, 6382, 6428, -1,
479, 6428, 457, -1,
457, 6428, 458, -1,
464, 462, 6426, -1,
6426, 462, 461, -1,
6426, 461, 6428, -1,
6428, 461, 460, -1,
6428, 460, 459, -1,
6869, 6866, 6845, -1,
6845, 6866, 6868, -1,
6845, 6868, 6844, -1,
6844, 6868, 6946, -1,
6844, 6946, 73, -1,
73, 6946, 74, -1,
6822, 6821, 6861, -1,
6861, 6821, 6838, -1,
6861, 6838, 6955, -1,
6955, 6838, 6837, -1,
6955, 6837, 6872, -1,
6872, 6837, 6836, -1,
6872, 6836, 6870, -1,
6870, 6836, 6850, -1,
6870, 6850, 6439, -1,
6439, 6850, 6441, -1,
6874, 6956, 6876, -1,
6876, 6956, 6930, -1,
6876, 6930, 6878, -1,
6878, 6930, 6920, -1,
6878, 6920, 6880, -1,
6880, 6920, 6913, -1,
6880, 6913, 6882, -1,
6882, 6913, 6902, -1,
6882, 6902, 6884, -1,
6884, 6902, 6894, -1,
6884, 6894, 6886, -1,
6886, 6894, 6892, -1,
6445, 6851, 6806, -1,
6806, 6851, 6850, -1,
6806, 6850, 6808, -1,
6808, 6850, 6835, -1,
6808, 6835, 6807, -1,
6846, 6957, 6940, -1,
6940, 6957, 6956, -1,
6940, 6956, 6939, -1,
6939, 6956, 6874, -1,
6939, 6874, 6870, -1,
6870, 6874, 6873, -1,
6870, 6873, 6871, -1,
6953, 6933, 6849, -1,
6849, 6933, 6958, -1,
6849, 6958, 466, -1,
466, 6958, 3, -1,
1461, 6933, 6889, -1,
6889, 6933, 6953, -1,
6889, 6953, 6890, -1,
6890, 6953, 6951, -1,
6890, 6951, 6858, -1,
6858, 6951, 6947, -1,
6858, 6947, 6892, -1,
6892, 6947, 6868, -1,
6892, 6868, 6886, -1,
6886, 6868, 6867, -1,
6886, 6867, 6885, -1,
6087, 6089, 6938, -1,
6938, 6089, 6927, -1,
6938, 6927, 6924, -1,
6924, 6927, 6606, -1,
6924, 6606, 6925, -1,
6848, 6938, 6846, -1,
6846, 6938, 6924, -1,
6846, 6924, 6957, -1,
6957, 6924, 6926, -1,
6957, 6926, 6956, -1,
6956, 6926, 6959, -1,
6956, 6959, 6930, -1,
6930, 6959, 6960, -1,
6930, 6960, 6931, -1,
6931, 6960, 6961, -1,
6931, 6961, 6932, -1,
6829, 6820, 474, -1,
474, 6820, 6741, -1,
474, 4, 6829, -1,
6829, 4, 3, -1,
6829, 3, 6828, -1,
6828, 3, 6958, -1,
6828, 6958, 6819, -1,
1453, 1452, 6933, -1,
6933, 1452, 6739, -1,
6933, 6739, 6958, -1,
6958, 6739, 6741, -1,
6958, 6741, 6819, -1,
6819, 6741, 6820, -1,
6817, 6561, 6826, -1,
6826, 6561, 6938, -1,
6826, 6938, 6827, -1,
6827, 6938, 6848, -1,
6827, 6848, 6818, -1,
6818, 6848, 6562, -1,
6818, 6562, 6817, -1,
6817, 6562, 6561, -1,
6449, 6804, 6847, -1,
6847, 6804, 6803, -1,
6847, 6803, 6848, -1,
6848, 6803, 6557, -1,
6848, 6557, 6562, -1,
6750, 9, 6742, -1,
6742, 9, 6, -1,
6, 315, 6742, -1,
6742, 315, 317, -1,
6742, 317, 471, -1,
6800, 6799, 6821, -1,
6821, 6799, 6834, -1,
6801, 6802, 6830, -1,
6830, 6802, 6825, -1,
6810, 6809, 6826, -1,
6826, 6809, 6817, -1,
6814, 6813, 6819, -1,
6819, 6813, 6828, -1,
6815, 6816, 6829, -1,
6829, 6816, 6820, -1,
6811, 6812, 6818, -1,
6818, 6812, 6827, -1,
6590, 6766, 6586, -1,
6586, 6766, 6962, -1,
6731, 6586, 6796, -1,
6796, 6586, 6962, -1,
6796, 6962, 6963, -1,
6963, 6962, 6964, -1,
6963, 6964, 6769, -1,
6769, 6964, 6770, -1,
6797, 6776, 6965, -1,
6965, 6776, 6581, -1,
6965, 6581, 6966, -1,
6966, 6581, 6634, -1,
6778, 6967, 6762, -1,
6762, 6967, 6763, -1,
6967, 6778, 6798, -1,
6798, 6778, 6777, -1,
6968, 6963, 6771, -1,
6771, 6963, 6769, -1,
6963, 6968, 6796, -1,
6796, 6968, 6795, -1,
6591, 6720, 6589, -1,
6589, 6720, 6755, -1,
6647, 6648, 6756, -1,
6755, 6720, 6756, -1,
6756, 6720, 6719, -1,
6637, 6651, 6652, -1,
6639, 6640, 6756, -1,
6652, 6639, 6637, -1,
6637, 6639, 6756, -1,
6637, 6756, 6638, -1,
6638, 6756, 6719, -1,
6638, 6719, 6724, -1,
6724, 6719, 6723, -1,
6642, 6659, 6660, -1,
6643, 6644, 6756, -1,
6660, 6643, 6642, -1,
6642, 6643, 6756, -1,
6642, 6756, 6641, -1,
6641, 6756, 6640, -1,
6641, 6640, 6656, -1,
6656, 6640, 6655, -1,
6646, 6667, 6668, -1,
6668, 6647, 6646, -1,
6646, 6647, 6756, -1,
6646, 6756, 6645, -1,
6645, 6756, 6644, -1,
6645, 6644, 6664, -1,
6664, 6644, 6663, -1,
6648, 6583, 6756, -1,
6756, 6583, 6584, -1,
6969, 6772, 6970, -1,
6970, 6772, 6773, -1,
6735, 6733, 6732, -1,
6795, 6968, 6732, -1,
6732, 6968, 6794, -1,
6732, 6794, 6735, -1,
6968, 6771, 6969, -1,
6969, 6771, 6772, -1,
6872, 6871, 6794, -1,
6968, 6969, 6794, -1,
6794, 6969, 6971, -1,
6794, 6971, 6872, -1,
6783, 6965, 6784, -1,
6784, 6965, 6966, -1,
6967, 6798, 6797, -1,
6867, 6866, 6781, -1,
6781, 6866, 6972, -1,
6781, 6972, 6973, -1,
6757, 6763, 6973, -1,
6973, 6763, 6967, -1,
6973, 6967, 6781, -1,
6781, 6967, 6797, -1,
6781, 6797, 6783, -1,
6783, 6797, 6965, -1,
6974, 6758, 6973, -1,
6973, 6758, 6757, -1,
6759, 6758, 6975, -1,
6975, 6758, 6974, -1,
6872, 6971, 6955, -1,
6955, 6971, 6976, -1,
6975, 6865, 6864, -1,
6865, 6975, 6869, -1,
6869, 6975, 6972, -1,
6869, 6972, 6866, -1,
6864, 6863, 6975, -1,
6975, 6863, 6862, -1,
6975, 6862, 6976, -1,
6976, 6862, 6861, -1,
6976, 6861, 6955, -1,
6976, 6970, 6764, -1,
6764, 6970, 6773, -1,
6969, 6970, 6971, -1,
6971, 6970, 6976, -1,
6871, 6873, 6794, -1,
6794, 6873, 6875, -1,
6875, 6877, 6794, -1,
6794, 6877, 6879, -1,
6794, 6879, 6781, -1,
6781, 6879, 6881, -1,
6881, 6883, 6781, -1,
6781, 6883, 6885, -1,
6781, 6885, 6867, -1,
6973, 6972, 6974, -1,
6974, 6972, 6975, -1,
6759, 6975, 6764, -1,
6764, 6975, 6976, -1,
6774, 6977, 6753, -1,
6753, 6977, 6754, -1,
6977, 6978, 6754, -1,
6754, 6978, 6760, -1,
6978, 6775, 6760, -1,
6760, 6775, 6761, -1,
6775, 6978, 6774, -1,
6774, 6978, 6977, -1,
6979, 6962, 6767, -1,
6767, 6962, 6766, -1,
6964, 6980, 6770, -1,
6770, 6980, 6768, -1,
6980, 6979, 6768, -1,
6768, 6979, 6767, -1,
6980, 6964, 6979, -1,
6979, 6964, 6962, -1,
6128, 6131, 6981, -1,
1471, 1474, 6982, -1,
6982, 1474, 1477, -1,
6982, 1477, 1480, -1,
6131, 6134, 6981, -1,
6981, 6134, 6076, -1,
6981, 6076, 6558, -1,
6558, 6076, 6074, -1,
6558, 6074, 6559, -1,
6740, 6738, 6982, -1,
6982, 6738, 1469, -1,
6982, 1469, 1471, -1,
2437, 2440, 1439, -1,
1439, 2440, 2443, -1,
1489, 2663, 2666, -1,
1480, 1483, 6982, -1,
6982, 1483, 1486, -1,
6982, 1486, 6981, -1,
6981, 1486, 1489, -1,
6981, 1489, 2669, -1,
2669, 1489, 2666, -1,
3601, 3604, 2689, -1,
6578, 6577, 1439, -1,
1439, 6577, 2435, -1,
1439, 2435, 2437, -1,
2443, 2446, 1439, -1,
1439, 2446, 2449, -1,
1439, 2449, 1437, -1,
1437, 2449, 2452, -1,
1437, 2452, 1498, -1,
1498, 2452, 2455, -1,
2455, 2458, 1498, -1,
1498, 2458, 2461, -1,
1498, 2461, 2464, -1,
3601, 2689, 3595, -1,
2675, 2678, 4528, -1,
2675, 4528, 2672, -1,
1489, 1492, 2663, -1,
2663, 1492, 1495, -1,
2663, 1495, 2660, -1,
2660, 1495, 2657, -1,
2672, 4528, 2669, -1,
2669, 4528, 4531, -1,
2669, 4531, 6981, -1,
6981, 4531, 4534, -1,
6981, 4534, 4537, -1,
3604, 3607, 2689, -1,
2689, 3607, 3610, -1,
2689, 3610, 2684, -1,
2684, 3610, 3613, -1,
2684, 3613, 2681, -1,
2681, 3613, 3616, -1,
3616, 3619, 2681, -1,
2681, 3619, 3622, -1,
2681, 3622, 3625, -1,
6553, 6551, 2689, -1,
2689, 6551, 3592, -1,
2689, 3592, 3595, -1,
4519, 4522, 2678, -1,
2678, 4522, 4525, -1,
2678, 4525, 4528, -1,
6103, 6110, 4484, -1,
4484, 6110, 6113, -1,
4537, 4540, 6981, -1,
6981, 4540, 4543, -1,
6981, 4543, 4482, -1,
6575, 6573, 2405, -1,
2405, 6573, 2650, -1,
2405, 2650, 2403, -1,
6113, 6116, 4484, -1,
4484, 6116, 6119, -1,
4484, 6119, 4482, -1,
4482, 6119, 6122, -1,
4482, 6122, 6981, -1,
6981, 6122, 6125, -1,
6981, 6125, 6128, -1,
2657, 1495, 2651, -1,
2651, 1495, 1498, -1,
2651, 1498, 2650, -1,
2650, 1498, 2464, -1,
2650, 2464, 2403, -1,
6564, 6563, 4484, -1,
4484, 6563, 6104, -1,
4484, 6104, 6103, -1,
6570, 6568, 3569, -1,
3569, 6568, 4510, -1,
3569, 4510, 3571, -1,
4519, 2678, 4513, -1,
4513, 2678, 2681, -1,
4513, 2681, 4510, -1,
4510, 2681, 3625, -1,
4510, 3625, 3571, -1,
6981, 6983, 6982, -1,
6982, 6983, 6984, -1,
6983, 6726, 6725, -1,
6725, 6670, 6983, -1,
6983, 6670, 6669, -1,
6983, 6669, 6675, -1,
6675, 6676, 6983, -1,
6983, 6676, 6679, -1,
6983, 6679, 6984, -1,
6984, 6679, 6680, -1,
6680, 6683, 6984, -1,
6984, 6683, 6684, -1,
6984, 6684, 6687, -1,
6687, 6688, 6984, -1,
6984, 6688, 6985, -1,
6984, 6985, 6986, -1,
6987, 6988, 6985, -1,
6985, 6988, 6986, -1,
6989, 6990, 6987, -1,
6987, 6990, 6988, -1,
6990, 6989, 6748, -1,
6748, 6989, 6698, -1,
6698, 6697, 6748, -1,
6748, 6697, 6696, -1,
6748, 6696, 6695, -1,
6695, 6694, 6748, -1,
6748, 6694, 6693, -1,
6748, 6693, 6745, -1,
6693, 6692, 6745, -1,
6745, 6692, 6691, -1,
6745, 6691, 6689, -1,
6689, 6690, 6745, -1,
6745, 6690, 6729, -1,
6745, 6729, 6730, -1,
6744, 6745, 6730, -1,
6728, 6726, 6983, -1,
6730, 6728, 6744, -1,
6744, 6728, 6983, -1,
6744, 6983, 6556, -1,
6556, 6983, 6981, -1,
6556, 6981, 6558, -1,
6988, 6990, 6748, -1,
6742, 6740, 6982, -1,
6984, 6986, 6988, -1,
6982, 6984, 6742, -1,
6742, 6984, 6988, -1,
6742, 6988, 6750, -1,
6750, 6988, 6748, -1,
6991, 6992, 6749, -1,
6749, 6992, 6751, -1,
6992, 6993, 6751, -1,
6751, 6993, 6752, -1,
6993, 6994, 6752, -1,
6752, 6994, 6747, -1,
6994, 6991, 6747, -1,
6747, 6991, 6749, -1,
6994, 6993, 6991, -1,
6991, 6993, 6992, -1,
6960, 6959, 6786, -1,
6786, 6959, 6793, -1,
6588, 6734, 6736, -1,
6606, 6588, 6925, -1,
6925, 6588, 6736, -1,
6925, 6736, 6926, -1,
6926, 6736, 6793, -1,
6926, 6793, 6959, -1,
6608, 6607, 6932, -1,
6960, 6786, 6961, -1,
6961, 6786, 6709, -1,
6961, 6709, 6932, -1,
6932, 6709, 6699, -1,
6932, 6699, 6608, -1,
6995, 6725, 6727, -1,
6719, 6592, 6723, -1,
6723, 6592, 6585, -1,
6723, 6585, 6721, -1,
6721, 6585, 6995, -1,
6721, 6995, 6729, -1,
6729, 6995, 6727, -1,
6672, 6670, 6690, -1,
6690, 6670, 6996, -1,
6600, 6638, 6587, -1,
6587, 6638, 6724, -1,
6587, 6724, 6996, -1,
6996, 6724, 6722, -1,
6996, 6722, 6690, -1,
6996, 6670, 6995, -1,
6995, 6670, 6725, -1,
6995, 6585, 6996, -1,
6996, 6585, 6587, -1,
6690, 6722, 6729, -1,
6729, 6722, 6721, -1,
6891, 6893, 6782, -1,
6782, 6893, 6780, -1,
6633, 6707, 6717, -1,
6636, 6633, 6898, -1,
6898, 6633, 6717, -1,
6898, 6717, 6895, -1,
6895, 6717, 6780, -1,
6895, 6780, 6893, -1,
6634, 6635, 6860, -1,
6891, 6782, 6859, -1,
6859, 6782, 6784, -1,
6859, 6784, 6860, -1,
6860, 6784, 6966, -1,
6860, 6966, 6634, -1,
6900, 6901, 6787, -1,
6787, 6901, 6788, -1,
6629, 6705, 6715, -1,
6630, 6629, 6905, -1,
6905, 6629, 6715, -1,
6905, 6715, 6903, -1,
6903, 6715, 6788, -1,
6903, 6788, 6901, -1,
6632, 6631, 6934, -1,
6900, 6787, 6935, -1,
6935, 6787, 6718, -1,
6935, 6718, 6934, -1,
6934, 6718, 6708, -1,
6934, 6708, 6632, -1,
6907, 6912, 6789, -1,
6789, 6912, 6790, -1,
6621, 6703, 6713, -1,
6626, 6621, 6909, -1,
6909, 6621, 6713, -1,
6909, 6713, 6910, -1,
6910, 6713, 6790, -1,
6910, 6790, 6912, -1,
6628, 6627, 6936, -1,
6907, 6789, 6937, -1,
6937, 6789, 6716, -1,
6937, 6716, 6936, -1,
6936, 6716, 6706, -1,
6936, 6706, 6628, -1,
6918, 6919, 6792, -1,
6792, 6919, 6779, -1,
6617, 6701, 6711, -1,
6618, 6617, 6915, -1,
6915, 6617, 6711, -1,
6915, 6711, 6916, -1,
6916, 6711, 6779, -1,
6916, 6779, 6919, -1,
6620, 6619, 6857, -1,
6918, 6792, 6856, -1,
6856, 6792, 6714, -1,
6856, 6714, 6857, -1,
6857, 6714, 6704, -1,
6857, 6704, 6620, -1,
6928, 6929, 6791, -1,
6791, 6929, 6785, -1,
6609, 6700, 6710, -1,
6614, 6609, 6922, -1,
6922, 6609, 6710, -1,
6922, 6710, 6923, -1,
6923, 6710, 6785, -1,
6923, 6785, 6929, -1,
6616, 6615, 6854, -1,
6928, 6791, 6853, -1,
6853, 6791, 6712, -1,
6853, 6712, 6854, -1,
6854, 6712, 6702, -1,
6854, 6702, 6616, -1,
6997, 6688, 6686, -1,
6646, 6602, 6667, -1,
6667, 6602, 6598, -1,
6667, 6598, 6665, -1,
6665, 6598, 6997, -1,
6665, 6997, 6698, -1,
6698, 6997, 6686, -1,
6987, 6985, 6989, -1,
6989, 6985, 6998, -1,
6596, 6647, 6597, -1,
6597, 6647, 6668, -1,
6597, 6668, 6998, -1,
6998, 6668, 6666, -1,
6998, 6666, 6989, -1,
6998, 6985, 6997, -1,
6997, 6985, 6688, -1,
6999, 6684, 6682, -1,
6644, 6610, 6663, -1,
6663, 6610, 6605, -1,
6663, 6605, 6661, -1,
6661, 6605, 6999, -1,
6661, 6999, 6696, -1,
6696, 6999, 6682, -1,
6685, 6687, 6697, -1,
6697, 6687, 7000, -1,
6603, 6645, 6604, -1,
6604, 6645, 6664, -1,
6604, 6664, 7000, -1,
7000, 6664, 6662, -1,
7000, 6662, 6697, -1,
7000, 6687, 6999, -1,
6999, 6687, 6684, -1,
7001, 6680, 6678, -1,
6642, 6625, 6659, -1,
6659, 6625, 6613, -1,
6659, 6613, 6657, -1,
6657, 6613, 7001, -1,
6657, 7001, 6694, -1,
6694, 7001, 6678, -1,
6681, 6683, 6695, -1,
6695, 6683, 7002, -1,
6611, 6643, 6612, -1,
6612, 6643, 6660, -1,
6612, 6660, 7002, -1,
7002, 6660, 6658, -1,
7002, 6658, 6695, -1,
7002, 6683, 7001, -1,
7001, 6683, 6680, -1,
7003, 6676, 6674, -1,
6640, 6594, 6655, -1,
6655, 6594, 6593, -1,
6655, 6593, 6653, -1,
6653, 6593, 7003, -1,
6653, 7003, 6692, -1,
6692, 7003, 6674, -1,
6677, 6679, 6693, -1,
6693, 6679, 7004, -1,
6624, 6641, 6623, -1,
6623, 6641, 6656, -1,
6623, 6656, 7004, -1,
7004, 6656, 6654, -1,
7004, 6654, 6693, -1,
7004, 6679, 7003, -1,
7003, 6679, 6676, -1,
7005, 6669, 6671, -1,
6637, 6599, 6651, -1,
6651, 6599, 6601, -1,
6651, 6601, 6649, -1,
6649, 6601, 7005, -1,
6649, 7005, 6689, -1,
6689, 7005, 6671, -1,
6673, 6675, 6691, -1,
6691, 6675, 7006, -1,
6595, 6639, 6622, -1,
6622, 6639, 6652, -1,
6622, 6652, 7006, -1,
7006, 6652, 6650, -1,
7006, 6650, 6691, -1,
7006, 6675, 7005, -1,
7005, 6675, 6669, -1,
7005, 6601, 7006, -1,
7006, 6601, 6622, -1,
7003, 6593, 7004, -1,
7004, 6593, 6623, -1,
7001, 6613, 7002, -1,
7002, 6613, 6612, -1,
6999, 6605, 7000, -1,
7000, 6605, 6604, -1,
6997, 6598, 6998, -1,
6998, 6598, 6597, -1,
6691, 6650, 6689, -1,
6689, 6650, 6649, -1,
6693, 6654, 6692, -1,
6692, 6654, 6653, -1,
6695, 6658, 6694, -1,
6694, 6658, 6657, -1,
6697, 6662, 6696, -1,
6696, 6662, 6661, -1,
6989, 6666, 6698, -1,
6698, 6666, 6665, -1,
1441, 6580, 1439, -1,
1439, 6580, 6578, -1,
6737, 1452, 6738, -1,
6738, 1452, 1469, -1,
2407, 6576, 2405, -1,
2405, 6576, 6575, -1,
6579, 2422, 6577, -1,
6577, 2422, 2435, -1,
3566, 6571, 3569, -1,
3569, 6571, 6570, -1,
6550, 3597, 6551, -1,
6551, 3597, 3592, -1,
4486, 6566, 4484, -1,
4484, 6566, 6564, -1,
6567, 4515, 6568, -1,
6568, 4515, 4510, -1,
6073, 6560, 6074, -1,
6074, 6560, 6559, -1,
6565, 6106, 6563, -1,
6563, 6106, 6104, -1,
2686, 6554, 2689, -1,
2689, 6554, 6553, -1,
6572, 2652, 6573, -1,
6573, 2652, 2650, -1,
6532, 6530, 6542, -1,
6542, 6541, 6532, -1,
6532, 6541, 6539, -1,
6532, 6539, 6538, -1,
6547, 6549, 6533, -1,
6538, 6548, 6532, -1,
6532, 6548, 6547, -1,
6532, 6547, 6535, -1,
6535, 6547, 6533, -1,
6518, 6511, 6520, -1,
6520, 6511, 6509, -1,
6520, 6509, 6521, -1,
6518, 6517, 6511, -1,
6511, 6517, 6527, -1,
6511, 6527, 6526, -1,
6526, 6528, 6511, -1,
6511, 6528, 6512, -1,
6511, 6512, 6514, -1,
6398, 6482, 6481, -1,
6481, 6540, 6398, -1,
6398, 6540, 6546, -1,
6398, 6546, 6545, -1,
6948, 6399, 6543, -1,
6543, 6399, 6398, -1,
6543, 6398, 6544, -1,
6544, 6398, 6545, -1,
6415, 6952, 6416, -1,
6416, 6952, 6529, -1,
6467, 6469, 6534, -1,
6534, 6469, 6416, -1,
6534, 6416, 6536, -1,
6529, 6531, 6416, -1,
6416, 6531, 6537, -1,
6416, 6537, 6536, -1,
6430, 6505, 6504, -1,
6504, 6519, 6430, -1,
6430, 6519, 6525, -1,
6430, 6525, 6524, -1,
6941, 6431, 6522, -1,
6522, 6431, 6430, -1,
6522, 6430, 6523, -1,
6523, 6430, 6524, -1,
6445, 6944, 6446, -1,
6446, 6944, 6508, -1,
6490, 6492, 6513, -1,
6513, 6492, 6446, -1,
6513, 6446, 6515, -1,
6508, 6510, 6446, -1,
6446, 6510, 6516, -1,
6446, 6516, 6515, -1,
6945, 6396, 6332, -1,
6391, 6945, 6318, -1,
6318, 6945, 6332, -1,
6318, 6332, 6319, -1,
6319, 6332, 6331, -1,
6508, 6944, 6943, -1,
6521, 6509, 6522, -1,
6522, 6509, 6508, -1,
6522, 6508, 6941, -1,
6941, 6508, 6943, -1,
6350, 6383, 6954, -1,
6351, 6350, 6363, -1,
6363, 6350, 6954, -1,
6363, 6954, 6364, -1,
6364, 6954, 6388, -1,
6543, 6542, 6530, -1,
6948, 6543, 6950, -1,
6950, 6543, 6530, -1,
6950, 6530, 6952, -1,
6952, 6530, 6529, -1,
2411, 2409, 7007, -1,
7007, 2409, 2408, -1,
7007, 2408, 2468, -1,
2417, 2415, 7007, -1,
7007, 2415, 2413, -1,
7007, 2413, 2411, -1,
2430, 2421, 7007, -1,
7007, 2421, 2419, -1,
7007, 2419, 2417, -1,
2424, 2426, 7007, -1,
7007, 2426, 2428, -1,
7007, 2428, 2430, -1,
2495, 2498, 7007, -1,
7007, 2498, 2433, -1,
7007, 2433, 2424, -1,
2486, 2489, 7007, -1,
7007, 2489, 2492, -1,
7007, 2492, 2495, -1,
2477, 2480, 7007, -1,
7007, 2480, 2483, -1,
7007, 2483, 2486, -1,
2468, 2471, 7007, -1,
7007, 2471, 2474, -1,
7007, 2474, 2477, -1,
1445, 1443, 7008, -1,
7008, 1443, 1442, -1,
7008, 1442, 1502, -1,
1451, 1449, 7008, -1,
7008, 1449, 1447, -1,
7008, 1447, 1445, -1,
1460, 1462, 7008, -1,
7008, 1462, 1464, -1,
7008, 1464, 1451, -1,
1454, 1456, 7008, -1,
7008, 1456, 1458, -1,
7008, 1458, 1460, -1,
1529, 1532, 7008, -1,
7008, 1532, 1467, -1,
7008, 1467, 1454, -1,
1520, 1523, 7008, -1,
7008, 1523, 1526, -1,
7008, 1526, 1529, -1,
1511, 1514, 7008, -1,
7008, 1514, 1517, -1,
7008, 1517, 1520, -1,
1502, 1505, 7008, -1,
7008, 1505, 1508, -1,
7008, 1508, 1511, -1,
3590, 3591, 7009, -1,
7009, 3591, 3567, -1,
7009, 3567, 3660, -1,
3584, 3586, 7009, -1,
7009, 3586, 3588, -1,
7009, 3588, 3590, -1,
3578, 3580, 7009, -1,
7009, 3580, 3582, -1,
7009, 3582, 3584, -1,
3572, 3574, 7009, -1,
7009, 3574, 3576, -1,
7009, 3576, 3578, -1,
3633, 3630, 7009, -1,
7009, 3630, 3596, -1,
7009, 3596, 3572, -1,
3642, 3639, 7009, -1,
7009, 3639, 3636, -1,
7009, 3636, 3633, -1,
3651, 3648, 7009, -1,
7009, 3648, 3645, -1,
7009, 3645, 3642, -1,
3660, 3657, 7009, -1,
7009, 3657, 3654, -1,
7009, 3654, 3651, -1,
2710, 2711, 7010, -1,
7010, 2711, 2687, -1,
7010, 2687, 2743, -1,
2704, 2706, 7010, -1,
7010, 2706, 2708, -1,
7010, 2708, 2710, -1,
2698, 2700, 7010, -1,
7010, 2700, 2702, -1,
7010, 2702, 2704, -1,
2653, 2694, 7010, -1,
7010, 2694, 2696, -1,
7010, 2696, 2698, -1,
2716, 2713, 7010, -1,
7010, 2713, 2654, -1,
7010, 2654, 2653, -1,
2725, 2722, 7010, -1,
7010, 2722, 2719, -1,
7010, 2719, 2716, -1,
2734, 2731, 7010, -1,
7010, 2731, 2728, -1,
7010, 2728, 2725, -1,
2743, 2740, 7010, -1,
7010, 2740, 2737, -1,
7010, 2737, 2734, -1,
6082, 6080, 7011, -1,
7011, 6080, 6079, -1,
7011, 6079, 6138, -1,
6088, 6086, 7011, -1,
7011, 6086, 6084, -1,
7011, 6084, 6082, -1,
6095, 6093, 7011, -1,
7011, 6093, 6090, -1,
7011, 6090, 6088, -1,
6101, 6099, 7011, -1,
7011, 6099, 6097, -1,
7011, 6097, 6095, -1,
6165, 6168, 7011, -1,
7011, 6168, 6107, -1,
7011, 6107, 6101, -1,
6156, 6159, 7011, -1,
7011, 6159, 6162, -1,
7011, 6162, 6165, -1,
6147, 6150, 7011, -1,
7011, 6150, 6153, -1,
7011, 6153, 6156, -1,
6138, 6141, 7011, -1,
7011, 6141, 6144, -1,
7011, 6144, 6147, -1,
4491, 4493, 7012, -1,
7012, 4493, 4494, -1,
7012, 4494, 4575, -1,
4507, 4487, 7012, -1,
7012, 4487, 4489, -1,
7012, 4489, 4491, -1,
4501, 4503, 7012, -1,
7012, 4503, 4505, -1,
7012, 4505, 4507, -1,
4495, 4497, 7012, -1,
7012, 4497, 4499, -1,
7012, 4499, 4501, -1,
4550, 4547, 7012, -1,
7012, 4547, 4514, -1,
7012, 4514, 4495, -1,
4557, 4556, 7012, -1,
7012, 4556, 4551, -1,
7012, 4551, 4550, -1,
4568, 4563, 7012, -1,
7012, 4563, 4562, -1,
7012, 4562, 4557, -1,
4575, 4574, 7012, -1,
7012, 4574, 4569, -1,
7012, 4569, 4568, -1,
7013, 7014, 2, -1,
2, 7014, 518, -1,
7015, 7013, 1, -1,
1, 7013, 2, -1,
7016, 7015, 0, -1,
0, 7015, 1, -1,
7017, 7016, 517, -1,
517, 7016, 0, -1,
7018, 7017, 516, -1,
516, 7017, 517, -1,
7014, 7018, 518, -1,
518, 7018, 516, -1,
7016, 7017, 7015, -1,
7015, 7017, 7018, -1,
7015, 7018, 7013, -1,
7013, 7018, 7014, -1,
373, 7019, 7020, -1,
7021, 371, 372, -1,
7021, 372, 7022, -1,
372, 377, 7022, -1,
7022, 377, 376, -1,
7022, 376, 7020, -1,
7020, 376, 374, -1,
7020, 374, 373, -1,
7023, 7019, 322, -1,
322, 7019, 373, -1,
7023, 322, 320, -1,
7023, 320, 7024, -1,
320, 336, 7024, -1,
7024, 336, 335, -1,
7024, 335, 7025, -1,
7025, 335, 339, -1,
7025, 339, 7026, -1,
7026, 339, 338, -1,
7026, 338, 7027, -1,
7027, 338, 337, -1,
7027, 337, 7028, -1,
7028, 337, 342, -1,
7028, 342, 7029, -1,
7029, 342, 341, -1,
7029, 341, 7030, -1,
7030, 341, 340, -1,
7030, 340, 7031, -1,
7031, 340, 334, -1,
7031, 334, 7032, -1,
7032, 334, 333, -1,
7032, 333, 7033, -1,
7033, 333, 332, -1,
7033, 332, 7034, -1,
7034, 332, 331, -1,
7034, 331, 7035, -1,
7035, 331, 330, -1,
7035, 330, 7036, -1,
7036, 330, 329, -1,
7036, 329, 7037, -1,
7037, 329, 328, -1,
7037, 328, 7038, -1,
7038, 328, 327, -1,
7038, 327, 7039, -1,
7039, 327, 326, -1,
7039, 326, 7040, -1,
7040, 326, 325, -1,
7040, 325, 7041, -1,
7041, 325, 319, -1,
7041, 319, 7042, -1,
321, 7043, 7044, -1,
7042, 319, 318, -1,
7042, 318, 7045, -1,
7045, 318, 324, -1,
7045, 324, 7044, -1,
7044, 324, 323, -1,
7044, 323, 321, -1,
7046, 7043, 347, -1,
347, 7043, 321, -1,
7046, 347, 346, -1,
7046, 346, 7047, -1,
547, 7048, 343, -1,
343, 7048, 7047, -1,
343, 7047, 344, -1,
344, 7047, 346, -1,
7048, 547, 537, -1,
7048, 537, 7049, -1,
537, 353, 7049, -1,
7049, 353, 352, -1,
7049, 352, 7050, -1,
7050, 352, 351, -1,
7050, 351, 7051, -1,
7051, 351, 350, -1,
7051, 350, 7052, -1,
7052, 350, 349, -1,
7052, 349, 7053, -1,
7053, 349, 356, -1,
7053, 356, 7054, -1,
356, 355, 7054, -1,
7054, 355, 361, -1,
7054, 361, 7055, -1,
7055, 361, 360, -1,
7055, 360, 7056, -1,
7056, 360, 358, -1,
7056, 358, 7057, -1,
7057, 358, 357, -1,
7057, 357, 7058, -1,
357, 367, 7058, -1,
7058, 367, 366, -1,
7058, 366, 7059, -1,
7059, 366, 365, -1,
7059, 365, 7060, -1,
371, 7021, 7061, -1,
7060, 365, 363, -1,
7060, 363, 7062, -1,
7062, 363, 362, -1,
7062, 362, 7063, -1,
7063, 362, 368, -1,
7063, 368, 7061, -1,
7061, 368, 370, -1,
7061, 370, 371, -1,
7039, 7040, 7049, -1,
7035, 7036, 7053, -1,
7053, 7036, 7052, -1,
7049, 7040, 7048, -1,
7040, 7041, 7048, -1,
7048, 7041, 7042, -1,
7048, 7042, 7047, -1,
7047, 7042, 7045, -1,
7047, 7045, 7046, -1,
7046, 7045, 7044, -1,
7046, 7044, 7043, -1,
7019, 7023, 7020, -1,
7020, 7023, 7024, -1,
7020, 7024, 7022, -1,
7022, 7024, 7025, -1,
7022, 7025, 7021, -1,
7021, 7025, 7026, -1,
7021, 7026, 7061, -1,
7061, 7026, 7027, -1,
7061, 7027, 7063, -1,
7063, 7027, 7028, -1,
7063, 7028, 7062, -1,
7062, 7028, 7029, -1,
7062, 7029, 7060, -1,
7060, 7029, 7030, -1,
7060, 7030, 7059, -1,
7059, 7030, 7031, -1,
7059, 7031, 7058, -1,
7056, 7034, 7055, -1,
7055, 7034, 7035, -1,
7055, 7035, 7054, -1,
7054, 7035, 7053, -1,
7036, 7037, 7052, -1,
7052, 7037, 7038, -1,
7052, 7038, 7051, -1,
7051, 7038, 7039, -1,
7051, 7039, 7050, -1,
7050, 7039, 7049, -1,
7058, 7031, 7057, -1,
7057, 7031, 7032, -1,
7057, 7032, 7056, -1,
7056, 7032, 7033, -1,
7056, 7033, 7034, -1,
7064, 7065, 300, -1,
300, 7065, 311, -1,
296, 7066, 298, -1,
298, 7066, 7064, -1,
298, 7064, 300, -1,
7067, 7066, 295, -1,
295, 7066, 296, -1,
299, 7068, 297, -1,
297, 7068, 7067, -1,
297, 7067, 295, -1,
7069, 7068, 301, -1,
301, 7068, 299, -1,
305, 7070, 303, -1,
303, 7070, 7069, -1,
303, 7069, 301, -1,
7071, 7070, 306, -1,
306, 7070, 305, -1,
302, 7072, 304, -1,
304, 7072, 7071, -1,
304, 7071, 306, -1,
7073, 7072, 293, -1,
293, 7072, 302, -1,
313, 7074, 294, -1,
294, 7074, 7073, -1,
294, 7073, 293, -1,
7075, 7074, 307, -1,
307, 7074, 313, -1,
311, 7065, 312, -1,
312, 7065, 7075, -1,
312, 7075, 307, -1,
7075, 7065, 7064, -1,
7064, 7066, 7075, -1,
7075, 7066, 7067, -1,
7075, 7067, 7074, -1,
7072, 7073, 7071, -1,
7071, 7073, 7074, -1,
7071, 7074, 7070, -1,
7070, 7074, 7067, -1,
7070, 7067, 7069, -1,
7069, 7067, 7068, -1,
7076, 7077, 7078, -1,
7078, 7077, 7079, -1,
7078, 7079, 7080, -1,
7080, 7079, 7081, -1,
7080, 7081, 7082, -1,
7082, 7081, 7083, -1,
7082, 7083, 7084, -1,
7084, 7083, 7085, -1,
7084, 7085, 7086, -1,
7086, 7085, 7087, -1,
7086, 7087, 7088, -1,
7087, 7089, 7088, -1,
7088, 7089, 7090, -1,
7088, 7090, 7091, -1,
7091, 7090, 7092, -1,
7091, 7092, 7093, -1,
7093, 7092, 7094, -1,
7093, 7094, 7095, -1,
7095, 7094, 7096, -1,
7095, 7096, 7097, -1,
7097, 7096, 7098, -1,
7097, 7098, 7099, -1,
7099, 7098, 7100, -1,
7099, 7100, 7101, -1,
7101, 7100, 7102, -1,
7101, 7102, 7103, -1,
7103, 7102, 7104, -1,
7103, 7104, 7105, -1,
7105, 7104, 7106, -1,
7105, 7106, 7107, -1,
7107, 7106, 7108, -1,
7107, 7108, 7109, -1,
7109, 7108, 7110, -1,
7109, 7110, 7076, -1,
7076, 7110, 7111, -1,
7076, 7111, 7077, -1,
7082, 7084, 531, -1,
531, 7084, 532, -1,
7082, 531, 530, -1,
7082, 530, 7080, -1,
7080, 530, 526, -1,
7080, 526, 7078, -1,
7078, 526, 525, -1,
7078, 525, 7076, -1,
7076, 525, 524, -1,
7076, 524, 7109, -1,
7109, 524, 523, -1,
7109, 523, 7107, -1,
7107, 523, 522, -1,
7107, 522, 7105, -1,
7105, 522, 521, -1,
7105, 521, 7103, -1,
7103, 521, 520, -1,
7103, 520, 7101, -1,
7101, 520, 519, -1,
7101, 519, 7099, -1,
7099, 519, 535, -1,
7099, 535, 7097, -1,
7097, 535, 534, -1,
7097, 534, 7095, -1,
7095, 534, 529, -1,
7095, 529, 7093, -1,
7093, 529, 528, -1,
7093, 528, 7091, -1,
7091, 528, 527, -1,
7091, 527, 7088, -1,
7086, 7088, 533, -1,
533, 7088, 527, -1,
7084, 7086, 532, -1,
532, 7086, 533, -1,
7089, 7087, 7112, -1,
7112, 7087, 7113, -1,
7087, 7085, 7113, -1,
7113, 7085, 7114, -1,
7085, 7083, 7114, -1,
7114, 7083, 7115, -1,
7111, 7116, 7117, -1,
7111, 7117, 7077, -1,
7077, 7117, 7118, -1,
7077, 7118, 7079, -1,
7079, 7118, 7119, -1,
7079, 7119, 7081, -1,
7081, 7119, 7115, -1,
7081, 7115, 7083, -1,
7104, 7120, 7121, -1,
7104, 7121, 7106, -1,
7106, 7121, 7122, -1,
7106, 7122, 7108, -1,
7108, 7122, 7123, -1,
7108, 7123, 7110, -1,
7110, 7123, 7116, -1,
7110, 7116, 7111, -1,
7096, 7124, 7125, -1,
7096, 7125, 7098, -1,
7098, 7125, 7126, -1,
7098, 7126, 7100, -1,
7100, 7126, 7127, -1,
7100, 7127, 7102, -1,
7102, 7127, 7120, -1,
7102, 7120, 7104, -1,
7089, 7112, 7128, -1,
7089, 7128, 7090, -1,
7090, 7128, 7129, -1,
7090, 7129, 7092, -1,
7092, 7129, 7130, -1,
7092, 7130, 7094, -1,
7094, 7130, 7124, -1,
7094, 7124, 7096, -1,
7113, 7114, 7112, -1,
7112, 7114, 7115, -1,
7112, 7115, 7128, -1,
7128, 7115, 7119, -1,
7128, 7119, 7118, -1,
7118, 7117, 7128, -1,
7128, 7117, 7116, -1,
7128, 7116, 7123, -1,
7120, 7124, 7121, -1,
7121, 7124, 7130, -1,
7123, 7122, 7128, -1,
7128, 7122, 7121, -1,
7128, 7121, 7129, -1,
7129, 7121, 7130, -1,
7127, 7126, 7120, -1,
7120, 7126, 7125, -1,
7120, 7125, 7124, -1,
7131, 7132, 7133, -1,
7133, 7132, 7134, -1,
7135, 7136, 7131, -1,
7131, 7136, 7137, -1,
7131, 7137, 7132, -1,
7132, 7137, 7138, -1,
7135, 7139, 7136, -1,
7136, 7139, 7140, -1,
7136, 7140, 7141, -1,
7141, 7140, 7142, -1,
7141, 7142, 7143, -1,
7143, 7144, 7141, -1,
7141, 7144, 7133, -1,
7141, 7133, 7145, -1,
7145, 7133, 7134, -1,
7145, 7134, 7146, -1,
7141, 7145, 281, -1,
281, 7145, 276, -1,
7136, 7141, 290, -1,
290, 7141, 281, -1,
287, 7137, 289, -1,
289, 7137, 7136, -1,
289, 7136, 290, -1,
7138, 7137, 285, -1,
285, 7137, 287, -1,
7132, 7138, 284, -1,
284, 7138, 285, -1,
278, 7134, 279, -1,
279, 7134, 7132, -1,
279, 7132, 284, -1,
7146, 7134, 277, -1,
277, 7134, 278, -1,
7145, 7146, 276, -1,
276, 7146, 277, -1,
7131, 7133, 7147, -1,
7147, 7133, 7148, -1,
7133, 7144, 7148, -1,
7148, 7144, 7149, -1,
7142, 7150, 7151, -1,
7142, 7151, 7143, -1,
7143, 7151, 7149, -1,
7143, 7149, 7144, -1,
7142, 7140, 7150, -1,
7150, 7140, 7152, -1,
7135, 7153, 7154, -1,
7135, 7154, 7139, -1,
7139, 7154, 7152, -1,
7139, 7152, 7140, -1,
7135, 7131, 7153, -1,
7153, 7131, 7147, -1,
7150, 7152, 7151, -1,
7151, 7152, 7154, -1,
7151, 7154, 7149, -1,
7149, 7154, 7153, -1,
7149, 7153, 7148, -1,
7148, 7153, 7147, -1,
7155, 7156, 483, -1,
483, 7156, 484, -1,
7157, 7155, 486, -1,
486, 7155, 483, -1,
7158, 7157, 485, -1,
485, 7157, 486, -1,
7159, 7158, 487, -1,
487, 7158, 485, -1,
7160, 7159, 488, -1,
488, 7159, 487, -1,
7161, 7160, 489, -1,
489, 7160, 488, -1,
7162, 7161, 490, -1,
490, 7161, 489, -1,
7163, 7162, 482, -1,
482, 7162, 490, -1,
7164, 7163, 480, -1,
480, 7163, 482, -1,
7165, 7164, 475, -1,
475, 7164, 480, -1,
7166, 7165, 476, -1,
476, 7165, 475, -1,
7156, 7166, 484, -1,
484, 7166, 476, -1,
7166, 7156, 7155, -1,
7155, 7157, 7166, -1,
7166, 7157, 7158, -1,
7166, 7158, 7165, -1,
7163, 7164, 7162, -1,
7162, 7164, 7165, -1,
7162, 7165, 7161, -1,
7161, 7165, 7158, -1,
7161, 7158, 7160, -1,
7160, 7158, 7159, -1,
7167, 7168, 7169, -1,
7169, 7168, 7170, -1,
7170, 7168, 7171, -1,
7170, 7171, 7172, -1,
7173, 7174, 7175, -1,
7176, 7177, 7178, -1,
7178, 7177, 7179, -1,
7180, 7181, 7174, -1,
7174, 7181, 7177, -1,
7174, 7177, 7175, -1,
7175, 7177, 7176, -1,
7182, 7183, 7184, -1,
7184, 7183, 7185, -1,
7171, 7179, 7172, -1,
7172, 7179, 7177, -1,
7172, 7177, 7186, -1,
7186, 7177, 7187, -1,
7186, 7187, 7188, -1,
7188, 7187, 7189, -1,
7188, 7189, 7190, -1,
7190, 7189, 7191, -1,
7190, 7191, 7185, -1,
7185, 7191, 7192, -1,
7185, 7192, 7184, -1,
7193, 7194, 7195, -1,
7195, 7194, 7196, -1,
7195, 7196, 7197, -1,
7197, 7196, 7198, -1,
7197, 7198, 7199, -1,
7199, 7198, 7200, -1,
7199, 7200, 7182, -1,
7182, 7200, 7201, -1,
7182, 7201, 7183, -1,
7175, 7202, 7173, -1,
7173, 7202, 7203, -1,
7173, 7203, 7204, -1,
7204, 7203, 7205, -1,
7204, 7205, 7206, -1,
7206, 7205, 7207, -1,
7206, 7207, 7208, -1,
7208, 7207, 7209, -1,
7208, 7209, 7210, -1,
7210, 7209, 7211, -1,
7210, 7211, 7212, -1,
7212, 7211, 7213, -1,
7212, 7213, 7214, -1,
7214, 7213, 7215, -1,
7214, 7215, 7216, -1,
7216, 7215, 7217, -1,
7216, 7217, 7218, -1,
7218, 7217, 7219, -1,
7167, 7169, 7220, -1,
7220, 7169, 7221, -1,
7220, 7221, 7222, -1,
7222, 7221, 7223, -1,
7222, 7223, 7224, -1,
7224, 7223, 7225, -1,
7224, 7225, 7226, -1,
7226, 7225, 7227, -1,
7226, 7227, 7228, -1,
7228, 7227, 7229, -1,
7228, 7229, 7230, -1,
7230, 7229, 7231, -1,
7230, 7231, 7232, -1,
7232, 7231, 7233, -1,
7232, 7233, 7219, -1,
7219, 7233, 7234, -1,
7219, 7234, 7218, -1,
7199, 416, 415, -1,
7199, 415, 7197, -1,
7197, 415, 414, -1,
7197, 414, 7195, -1,
7195, 414, 404, -1,
7195, 404, 7193, -1,
7194, 7193, 379, -1,
379, 7193, 404, -1,
7194, 379, 391, -1,
7194, 391, 7196, -1,
7196, 391, 392, -1,
7196, 392, 7198, -1,
7198, 392, 385, -1,
7198, 385, 7200, -1,
7200, 385, 384, -1,
7200, 384, 7201, -1,
7201, 384, 418, -1,
7201, 418, 7183, -1,
7183, 418, 417, -1,
7183, 417, 7185, -1,
7185, 417, 411, -1,
7185, 411, 7190, -1,
7190, 411, 410, -1,
7190, 410, 7188, -1,
7188, 410, 409, -1,
7188, 409, 7186, -1,
7186, 409, 408, -1,
7186, 408, 7172, -1,
7170, 7172, 386, -1,
386, 7172, 408, -1,
7170, 386, 390, -1,
7170, 390, 7169, -1,
7169, 390, 389, -1,
7169, 389, 7221, -1,
7221, 389, 378, -1,
7221, 378, 7223, -1,
7223, 378, 380, -1,
7223, 380, 7225, -1,
7225, 380, 381, -1,
7225, 381, 7227, -1,
7227, 381, 403, -1,
7227, 403, 7229, -1,
7229, 403, 402, -1,
7229, 402, 7231, -1,
7231, 402, 401, -1,
7231, 401, 7233, -1,
7233, 401, 400, -1,
7233, 400, 7234, -1,
7234, 400, 398, -1,
7234, 398, 7218, -1,
423, 7212, 424, -1,
424, 7212, 7214, -1,
424, 7214, 425, -1,
425, 7214, 7216, -1,
425, 7216, 397, -1,
397, 7216, 7218, -1,
397, 7218, 398, -1,
7212, 423, 420, -1,
7212, 420, 7210, -1,
7210, 420, 419, -1,
7210, 419, 7208, -1,
419, 468, 7208, -1,
7208, 468, 396, -1,
7208, 396, 7206, -1,
7206, 396, 395, -1,
7206, 395, 7204, -1,
7204, 395, 394, -1,
7204, 394, 7173, -1,
7174, 7173, 393, -1,
393, 7173, 394, -1,
7180, 7174, 383, -1,
383, 7174, 393, -1,
7181, 7180, 382, -1,
382, 7180, 383, -1,
7177, 7181, 388, -1,
388, 7181, 382, -1,
7177, 388, 387, -1,
7177, 387, 7187, -1,
7187, 387, 413, -1,
7187, 413, 7189, -1,
7189, 413, 412, -1,
7189, 412, 7191, -1,
7191, 412, 407, -1,
7191, 407, 7192, -1,
7192, 407, 406, -1,
7192, 406, 7184, -1,
7184, 406, 405, -1,
7184, 405, 7182, -1,
7182, 405, 416, -1,
7182, 416, 7199, -1,
7220, 7235, 7236, -1,
7220, 7236, 7167, -1,
7167, 7236, 7237, -1,
7167, 7237, 7168, -1,
7168, 7237, 7238, -1,
7168, 7238, 7171, -1,
7228, 7239, 7240, -1,
7228, 7240, 7226, -1,
7226, 7240, 7241, -1,
7226, 7241, 7224, -1,
7224, 7241, 7242, -1,
7224, 7242, 7222, -1,
7222, 7242, 7235, -1,
7222, 7235, 7220, -1,
7217, 7243, 7244, -1,
7217, 7244, 7219, -1,
7219, 7244, 7245, -1,
7219, 7245, 7232, -1,
7232, 7245, 7246, -1,
7232, 7246, 7230, -1,
7230, 7246, 7239, -1,
7230, 7239, 7228, -1,
7211, 7247, 7248, -1,
7211, 7248, 7213, -1,
7213, 7248, 7249, -1,
7213, 7249, 7215, -1,
7215, 7249, 7243, -1,
7215, 7243, 7217, -1,
7203, 7250, 7251, -1,
7203, 7251, 7205, -1,
7205, 7251, 7252, -1,
7205, 7252, 7207, -1,
7207, 7252, 7253, -1,
7207, 7253, 7209, -1,
7209, 7253, 7247, -1,
7209, 7247, 7211, -1,
7178, 7254, 7255, -1,
7178, 7255, 7176, -1,
7176, 7255, 7256, -1,
7176, 7256, 7175, -1,
7175, 7256, 7257, -1,
7175, 7257, 7202, -1,
7202, 7257, 7250, -1,
7202, 7250, 7203, -1,
7178, 7179, 7254, -1,
7254, 7179, 7258, -1,
7179, 7171, 7258, -1,
7258, 7171, 7238, -1,
7255, 7254, 7235, -1,
7254, 7258, 7238, -1,
7238, 7237, 7254, -1,
7254, 7237, 7236, -1,
7254, 7236, 7235, -1,
7255, 7235, 7256, -1,
7256, 7235, 7242, -1,
7256, 7242, 7257, -1,
7244, 7243, 7251, -1,
7244, 7251, 7245, -1,
7252, 7251, 7253, -1,
7253, 7251, 7247, -1,
7242, 7241, 7257, -1,
7257, 7241, 7240, -1,
7257, 7240, 7250, -1,
7250, 7240, 7239, -1,
7250, 7239, 7251, -1,
7251, 7239, 7246, -1,
7251, 7246, 7245, -1,
7243, 7249, 7251, -1,
7251, 7249, 7248, -1,
7251, 7248, 7247, -1,
207, 7259, 7260, -1,
7261, 261, 258, -1,
7261, 258, 7262, -1,
7262, 258, 209, -1,
7262, 209, 7260, -1,
7260, 209, 208, -1,
7260, 208, 207, -1,
7263, 7259, 218, -1,
218, 7259, 207, -1,
7264, 7263, 216, -1,
216, 7263, 218, -1,
439, 7265, 213, -1,
213, 7265, 7264, -1,
213, 7264, 214, -1,
214, 7264, 216, -1,
7265, 439, 13, -1,
7265, 13, 7266, -1,
13, 12, 7266, -1,
7266, 12, 239, -1,
7266, 239, 7267, -1,
7267, 239, 238, -1,
7267, 238, 7268, -1,
7268, 238, 229, -1,
7268, 229, 7269, -1,
7269, 229, 228, -1,
7269, 228, 7270, -1,
7270, 228, 227, -1,
7270, 227, 7271, -1,
7271, 227, 237, -1,
7271, 237, 7272, -1,
7272, 237, 236, -1,
7272, 236, 7273, -1,
7273, 236, 235, -1,
7273, 235, 7274, -1,
7274, 235, 234, -1,
7274, 234, 7275, -1,
7275, 234, 254, -1,
7275, 254, 7276, -1,
7276, 254, 253, -1,
7276, 253, 7277, -1,
7277, 253, 251, -1,
7277, 251, 7278, -1,
7278, 251, 249, -1,
7278, 249, 7279, -1,
7279, 249, 248, -1,
7279, 248, 7280, -1,
7280, 248, 247, -1,
7280, 247, 7281, -1,
7281, 247, 246, -1,
7281, 246, 7282, -1,
7282, 246, 245, -1,
7282, 245, 7283, -1,
7283, 245, 242, -1,
7283, 242, 7284, -1,
7284, 242, 257, -1,
7284, 257, 7285, -1,
7285, 257, 256, -1,
7285, 256, 7286, -1,
7286, 256, 255, -1,
7286, 255, 7287, -1,
7287, 255, 244, -1,
7287, 244, 7288, -1,
7288, 244, 243, -1,
7288, 243, 7289, -1,
7289, 243, 241, -1,
7289, 241, 7290, -1,
7290, 241, 240, -1,
7290, 240, 7291, -1,
7291, 240, 250, -1,
7291, 250, 7292, -1,
7292, 250, 252, -1,
7292, 252, 7293, -1,
7293, 252, 220, -1,
7293, 220, 7294, -1,
7295, 7294, 219, -1,
219, 7294, 220, -1,
7295, 219, 233, -1,
7295, 233, 7296, -1,
7296, 233, 231, -1,
7296, 231, 7297, -1,
7297, 231, 230, -1,
7297, 230, 7298, -1,
7298, 230, 222, -1,
7298, 222, 7299, -1,
7299, 222, 221, -1,
7299, 221, 7300, -1,
7301, 7300, 226, -1,
226, 7300, 221, -1,
226, 225, 7301, -1,
7301, 225, 224, -1,
7301, 224, 7302, -1,
7302, 224, 203, -1,
7302, 203, 7303, -1,
7303, 203, 202, -1,
7303, 202, 7304, -1,
7304, 202, 206, -1,
7304, 206, 7305, -1,
7305, 206, 205, -1,
7305, 205, 7306, -1,
7306, 205, 211, -1,
7306, 211, 7307, -1,
259, 7308, 7309, -1,
7307, 211, 212, -1,
7307, 212, 7310, -1,
7310, 212, 210, -1,
7310, 210, 7309, -1,
7309, 210, 260, -1,
7309, 260, 259, -1,
7308, 259, 263, -1,
7308, 263, 7311, -1,
7311, 263, 274, -1,
7311, 274, 7312, -1,
7312, 274, 273, -1,
7312, 273, 7313, -1,
7313, 273, 272, -1,
7313, 272, 7314, -1,
7314, 272, 266, -1,
7314, 266, 7315, -1,
7315, 266, 265, -1,
7315, 265, 7316, -1,
7316, 265, 271, -1,
7316, 271, 7317, -1,
7317, 271, 270, -1,
7317, 270, 7318, -1,
7318, 270, 269, -1,
7318, 269, 7319, -1,
7319, 269, 268, -1,
7319, 268, 7320, -1,
7320, 268, 267, -1,
7320, 267, 7321, -1,
7321, 267, 264, -1,
7321, 264, 7322, -1,
7322, 264, 262, -1,
7322, 262, 7323, -1,
7323, 262, 261, -1,
7323, 261, 7261, -1,
7287, 7288, 7299, -1,
7299, 7288, 7298, -1,
7311, 7278, 7308, -1,
7308, 7278, 7279, -1,
7267, 7268, 7319, -1,
7319, 7268, 7269, -1,
7319, 7269, 7318, -1,
7318, 7269, 7270, -1,
7318, 7270, 7317, -1,
7317, 7270, 7271, -1,
7317, 7271, 7316, -1,
7316, 7271, 7272, -1,
7316, 7272, 7315, -1,
7315, 7272, 7273, -1,
7315, 7273, 7314, -1,
7314, 7273, 7274, -1,
7314, 7274, 7313, -1,
7313, 7274, 7275, -1,
7313, 7275, 7312, -1,
7312, 7275, 7276, -1,
7312, 7276, 7311, -1,
7311, 7276, 7277, -1,
7311, 7277, 7278, -1,
7265, 7261, 7264, -1,
7264, 7261, 7262, -1,
7264, 7262, 7263, -1,
7263, 7262, 7260, -1,
7263, 7260, 7259, -1,
7288, 7289, 7298, -1,
7298, 7289, 7290, -1,
7298, 7290, 7297, -1,
7297, 7290, 7291, -1,
7297, 7291, 7296, -1,
7296, 7291, 7292, -1,
7296, 7292, 7295, -1,
7295, 7292, 7293, -1,
7295, 7293, 7294, -1,
7319, 7320, 7267, -1,
7267, 7320, 7321, -1,
7267, 7321, 7266, -1,
7266, 7321, 7322, -1,
7266, 7322, 7265, -1,
7265, 7322, 7323, -1,
7265, 7323, 7261, -1,
7299, 7300, 7287, -1,
7287, 7300, 7301, -1,
7287, 7301, 7286, -1,
7286, 7301, 7302, -1,
7286, 7302, 7285, -1,
7285, 7302, 7303, -1,
7285, 7303, 7284, -1,
7284, 7303, 7304, -1,
7284, 7304, 7283, -1,
7283, 7304, 7305, -1,
7283, 7305, 7282, -1,
7282, 7305, 7306, -1,
7282, 7306, 7281, -1,
7281, 7306, 7307, -1,
7281, 7307, 7280, -1,
7280, 7307, 7310, -1,
7280, 7310, 7279, -1,
7279, 7310, 7309, -1,
7279, 7309, 7308, -1,
7324, 7325, 198, -1,
198, 7325, 196, -1,
7326, 7324, 200, -1,
200, 7324, 198, -1,
7326, 200, 201, -1,
7326, 201, 7327, -1,
7327, 201, 195, -1,
7327, 195, 7328, -1,
7329, 7328, 194, -1,
194, 7328, 195, -1,
7330, 7329, 193, -1,
193, 7329, 194, -1,
429, 7331, 199, -1,
199, 7331, 7330, -1,
199, 7330, 193, -1,
7332, 7331, 428, -1,
428, 7331, 429, -1,
430, 7333, 427, -1,
427, 7333, 7332, -1,
427, 7332, 428, -1,
432, 7334, 431, -1,
431, 7334, 7333, -1,
431, 7333, 430, -1,
7335, 7334, 438, -1,
438, 7334, 432, -1,
438, 437, 7335, -1,
7335, 437, 436, -1,
7335, 436, 7336, -1,
7336, 436, 449, -1,
7336, 449, 7337, -1,
7337, 449, 448, -1,
7337, 448, 7338, -1,
7338, 448, 442, -1,
7338, 442, 7339, -1,
7339, 442, 441, -1,
7339, 441, 7340, -1,
7340, 441, 435, -1,
7340, 435, 7341, -1,
7342, 7341, 434, -1,
434, 7341, 435, -1,
7342, 434, 447, -1,
7342, 447, 7343, -1,
7343, 447, 446, -1,
7343, 446, 7344, -1,
7344, 446, 444, -1,
7344, 444, 7345, -1,
7345, 444, 443, -1,
7345, 443, 7346, -1,
443, 456, 7346, -1,
7346, 456, 455, -1,
7346, 455, 7347, -1,
7347, 455, 454, -1,
7347, 454, 7348, -1,
7348, 454, 451, -1,
7348, 451, 7349, -1,
7349, 451, 450, -1,
7349, 450, 7350, -1,
196, 7325, 453, -1,
453, 7325, 7350, -1,
453, 7350, 450, -1,
7327, 7328, 7350, -1,
7325, 7324, 7350, -1,
7350, 7324, 7326, -1,
7350, 7326, 7327, -1,
7331, 7332, 7330, -1,
7330, 7332, 7333, -1,
7330, 7333, 7329, -1,
7341, 7342, 7340, -1,
7340, 7342, 7343, -1,
7340, 7343, 7339, -1,
7339, 7343, 7344, -1,
7339, 7344, 7338, -1,
7338, 7344, 7345, -1,
7338, 7345, 7337, -1,
7337, 7345, 7346, -1,
7337, 7346, 7336, -1,
7328, 7329, 7350, -1,
7350, 7329, 7333, -1,
7350, 7333, 7349, -1,
7333, 7334, 7349, -1,
7349, 7334, 7335, -1,
7349, 7335, 7348, -1,
7348, 7335, 7336, -1,
7348, 7336, 7347, -1,
7347, 7336, 7346, -1,
7351, 7352, 174, -1,
174, 7352, 175, -1,
181, 7353, 183, -1,
183, 7353, 7351, -1,
183, 7351, 174, -1,
7354, 7353, 180, -1,
180, 7353, 181, -1,
184, 7355, 182, -1,
182, 7355, 7354, -1,
182, 7354, 180, -1,
7356, 7355, 185, -1,
185, 7355, 184, -1,
187, 7357, 189, -1,
189, 7357, 7356, -1,
189, 7356, 185, -1,
7358, 7357, 186, -1,
186, 7357, 187, -1,
179, 7359, 188, -1,
188, 7359, 7358, -1,
188, 7358, 186, -1,
7360, 7359, 178, -1,
178, 7359, 179, -1,
15, 7361, 16, -1,
16, 7361, 7360, -1,
16, 7360, 178, -1,
7362, 7361, 192, -1,
192, 7361, 15, -1,
175, 7352, 191, -1,
191, 7352, 7362, -1,
191, 7362, 192, -1,
7362, 7352, 7351, -1,
7351, 7353, 7362, -1,
7362, 7353, 7354, -1,
7362, 7354, 7361, -1,
7359, 7360, 7358, -1,
7358, 7360, 7361, -1,
7358, 7361, 7357, -1,
7357, 7361, 7354, -1,
7357, 7354, 7356, -1,
7356, 7354, 7355, -1,
7363, 7364, 7365, -1,
7365, 7364, 7366, -1,
7365, 7366, 7367, -1,
7367, 7366, 7368, -1,
7367, 7368, 7369, -1,
7369, 7368, 7370, -1,
7369, 7370, 7371, -1,
7371, 7370, 7372, -1,
7371, 7372, 7373, -1,
7373, 7372, 7374, -1,
7373, 7374, 7375, -1,
7374, 7376, 7375, -1,
7375, 7376, 7377, -1,
7375, 7377, 7378, -1,
7378, 7377, 7379, -1,
7378, 7379, 7380, -1,
7380, 7379, 7381, -1,
7380, 7381, 7382, -1,
7382, 7381, 7383, -1,
7382, 7383, 7384, -1,
7384, 7383, 7385, -1,
7384, 7385, 7386, -1,
7386, 7385, 7387, -1,
7386, 7387, 7388, -1,
7388, 7387, 7389, -1,
7388, 7389, 7390, -1,
7390, 7389, 7391, -1,
7390, 7391, 7392, -1,
7392, 7391, 7393, -1,
7392, 7393, 7394, -1,
7394, 7393, 7395, -1,
7394, 7395, 7396, -1,
7396, 7395, 7397, -1,
7396, 7397, 7363, -1,
7363, 7397, 7398, -1,
7363, 7398, 7364, -1,
7369, 7371, 502, -1,
502, 7371, 491, -1,
7369, 502, 501, -1,
7369, 501, 7367, -1,
7367, 501, 500, -1,
7367, 500, 7365, -1,
7365, 500, 494, -1,
7365, 494, 7363, -1,
7363, 494, 493, -1,
7363, 493, 7396, -1,
7396, 493, 492, -1,
7396, 492, 7394, -1,
7394, 492, 499, -1,
7394, 499, 7392, -1,
7392, 499, 498, -1,
7392, 498, 7390, -1,
7390, 498, 496, -1,
7390, 496, 7388, -1,
7388, 496, 495, -1,
7388, 495, 7386, -1,
7386, 495, 508, -1,
7386, 508, 7384, -1,
7384, 508, 507, -1,
7384, 507, 7382, -1,
7382, 507, 506, -1,
7382, 506, 7380, -1,
7380, 506, 505, -1,
7380, 505, 7378, -1,
7378, 505, 504, -1,
7378, 504, 7375, -1,
7373, 7375, 503, -1,
503, 7375, 504, -1,
7371, 7373, 491, -1,
491, 7373, 503, -1,
7376, 7374, 7399, -1,
7399, 7374, 7400, -1,
7374, 7372, 7400, -1,
7400, 7372, 7401, -1,
7372, 7370, 7401, -1,
7401, 7370, 7402, -1,
7398, 7403, 7404, -1,
7398, 7404, 7364, -1,
7364, 7404, 7405, -1,
7364, 7405, 7366, -1,
7366, 7405, 7406, -1,
7366, 7406, 7368, -1,
7368, 7406, 7402, -1,
7368, 7402, 7370, -1,
7391, 7407, 7408, -1,
7391, 7408, 7393, -1,
7393, 7408, 7409, -1,
7393, 7409, 7395, -1,
7395, 7409, 7410, -1,
7395, 7410, 7397, -1,
7397, 7410, 7403, -1,
7397, 7403, 7398, -1,
7383, 7411, 7412, -1,
7383, 7412, 7385, -1,
7385, 7412, 7413, -1,
7385, 7413, 7387, -1,
7387, 7413, 7414, -1,
7387, 7414, 7389, -1,
7389, 7414, 7407, -1,
7389, 7407, 7391, -1,
7376, 7399, 7415, -1,
7376, 7415, 7377, -1,
7377, 7415, 7416, -1,
7377, 7416, 7379, -1,
7379, 7416, 7417, -1,
7379, 7417, 7381, -1,
7381, 7417, 7411, -1,
7381, 7411, 7383, -1,
7400, 7401, 7399, -1,
7399, 7401, 7402, -1,
7399, 7402, 7415, -1,
7415, 7402, 7406, -1,
7415, 7406, 7405, -1,
7405, 7404, 7415, -1,
7415, 7404, 7403, -1,
7415, 7403, 7410, -1,
7407, 7411, 7408, -1,
7408, 7411, 7417, -1,
7410, 7409, 7415, -1,
7415, 7409, 7408, -1,
7415, 7408, 7416, -1,
7416, 7408, 7417, -1,
7414, 7413, 7407, -1,
7407, 7413, 7412, -1,
7407, 7412, 7411, -1,
7418, 7419, 7420, -1,
7420, 7419, 7421, -1,
7422, 7423, 7418, -1,
7418, 7423, 7424, -1,
7418, 7424, 7419, -1,
7419, 7424, 7425, -1,
7422, 7426, 7423, -1,
7423, 7426, 7427, -1,
7423, 7427, 7428, -1,
7428, 7427, 7429, -1,
7428, 7429, 7430, -1,
7430, 7431, 7428, -1,
7428, 7431, 7420, -1,
7428, 7420, 7432, -1,
7432, 7420, 7421, -1,
7432, 7421, 7433, -1,
7428, 7432, 515, -1,
515, 7432, 536, -1,
7423, 7428, 514, -1,
514, 7428, 515, -1,
7424, 7423, 510, -1,
510, 7423, 514, -1,
7425, 7424, 509, -1,
509, 7424, 510, -1,
7419, 7425, 513, -1,
513, 7425, 509, -1,
7421, 7419, 512, -1,
512, 7419, 513, -1,
7433, 7421, 511, -1,
511, 7421, 512, -1,
7432, 7433, 536, -1,
536, 7433, 511, -1,
7418, 7420, 7434, -1,
7434, 7420, 7435, -1,
7420, 7431, 7435, -1,
7435, 7431, 7436, -1,
7429, 7437, 7438, -1,
7429, 7438, 7430, -1,
7430, 7438, 7436, -1,
7430, 7436, 7431, -1,
7429, 7427, 7437, -1,
7437, 7427, 7439, -1,
7422, 7440, 7441, -1,
7422, 7441, 7426, -1,
7426, 7441, 7439, -1,
7426, 7439, 7427, -1,
7422, 7418, 7440, -1,
7440, 7418, 7434, -1,
7437, 7439, 7438, -1,
7438, 7439, 7441, -1,
7438, 7441, 7436, -1,
7436, 7441, 7440, -1,
7436, 7440, 7435, -1,
7435, 7440, 7434, -1,
7442, 7443, 7444, -1,
7445, 7446, 7447, -1,
7448, 7449, 7450, -1,
7451, 7452, 7453, -1,
7454, 7455, 7444, -1,
7444, 7455, 7456, -1,
7444, 7456, 7442, -1,
7447, 7446, 7457, -1,
7458, 7459, 7460, -1,
7460, 7459, 7461, -1,
7460, 7461, 7462, -1,
7462, 7461, 7463, -1,
7462, 7463, 7450, -1,
7450, 7463, 7464, -1,
7450, 7464, 7448, -1,
7465, 7443, 7466, -1,
7466, 7443, 7467, -1,
7466, 7467, 7468, -1,
7469, 7470, 7461, -1,
7461, 7470, 7471, -1,
7461, 7471, 7463, -1,
7463, 7471, 7472, -1,
7463, 7472, 7473, -1,
7474, 7475, 7476, -1,
7476, 7475, 7477, -1,
7476, 7477, 7478, -1,
7478, 7477, 7479, -1,
7478, 7479, 7480, -1,
7480, 7479, 7481, -1,
7451, 7453, 7482, -1,
7482, 7453, 7483, -1,
7482, 7483, 7484, -1,
7484, 7483, 7485, -1,
7484, 7485, 7486, -1,
7446, 7487, 7457, -1,
7457, 7487, 7488, -1,
7457, 7488, 7489, -1,
7489, 7488, 7490, -1,
7489, 7490, 7451, -1,
7451, 7490, 7491, -1,
7451, 7491, 7452, -1,
7492, 7444, 7493, -1,
7493, 7444, 7443, -1,
7493, 7443, 7494, -1,
7494, 7443, 7465, -1,
7467, 7495, 7468, -1,
7468, 7495, 7496, -1,
7468, 7496, 7497, -1,
7497, 7496, 7498, -1,
7497, 7498, 7499, -1,
7499, 7498, 7500, -1,
7499, 7500, 7501, -1,
7501, 7500, 7463, -1,
7501, 7463, 7502, -1,
7502, 7463, 7473, -1,
7503, 7504, 7505, -1,
7505, 7504, 7506, -1,
7505, 7506, 7507, -1,
7507, 7506, 7508, -1,
7507, 7508, 7509, -1,
7509, 7508, 7510, -1,
7509, 7510, 7511, -1,
7511, 7510, 7512, -1,
7511, 7512, 7513, -1,
7479, 7514, 7481, -1,
7481, 7514, 7515, -1,
7481, 7515, 7516, -1,
7516, 7515, 7517, -1,
7516, 7517, 7518, -1,
7518, 7517, 7519, -1,
7518, 7519, 7520, -1,
7520, 7519, 7521, -1,
7520, 7521, 7522, -1,
7522, 7521, 7523, -1,
7522, 7523, 7524, -1,
7524, 7523, 7525, -1,
7524, 7525, 7503, -1,
7503, 7525, 7526, -1,
7503, 7526, 7504, -1,
7527, 7528, 7529, -1,
7529, 7528, 7530, -1,
7529, 7530, 7476, -1,
7476, 7530, 7531, -1,
7476, 7531, 7474, -1,
7532, 7533, 7534, -1,
7534, 7533, 7535, -1,
7534, 7535, 7536, -1,
7536, 7535, 7537, -1,
7536, 7537, 7538, -1,
7538, 7537, 7539, -1,
7538, 7539, 7540, -1,
7540, 7539, 7541, -1,
7540, 7541, 7454, -1,
7454, 7541, 7542, -1,
7454, 7542, 7455, -1,
7492, 7543, 7444, -1,
7444, 7543, 7544, -1,
7444, 7544, 7545, -1,
7545, 7544, 7546, -1,
7545, 7546, 7547, -1,
7547, 7546, 7548, -1,
7547, 7548, 7549, -1,
7549, 7548, 7550, -1,
7549, 7550, 7551, -1,
7551, 7550, 7552, -1,
7551, 7552, 7553, -1,
7553, 7552, 7554, -1,
7553, 7554, 7555, -1,
7555, 7554, 7556, -1,
7555, 7556, 7557, -1,
7557, 7556, 7558, -1,
7557, 7558, 7559, -1,
7559, 7558, 7560, -1,
7559, 7560, 7461, -1,
7461, 7560, 7561, -1,
7461, 7561, 7469, -1,
7486, 7485, 7562, -1,
7562, 7485, 7563, -1,
7562, 7563, 7564, -1,
7564, 7563, 7565, -1,
7564, 7565, 7566, -1,
7566, 7565, 7567, -1,
7566, 7567, 7568, -1,
7568, 7567, 7569, -1,
7568, 7569, 7527, -1,
7527, 7569, 7570, -1,
7527, 7570, 7528, -1,
7447, 7571, 7445, -1,
7445, 7571, 7572, -1,
7445, 7572, 7573, -1,
7573, 7572, 7574, -1,
7573, 7574, 7575, -1,
7575, 7574, 7576, -1,
7575, 7576, 7532, -1,
7532, 7576, 7577, -1,
7532, 7577, 7533, -1,
7578, 7579, 7580, -1,
7512, 7581, 7513, -1,
7513, 7581, 7578, -1,
7513, 7578, 7582, -1,
7582, 7578, 7580, -1,
7583, 7584, 7578, -1,
7578, 7584, 7585, -1,
7578, 7585, 7579, -1,
7586, 7587, 7588, -1,
7587, 7589, 7588, -1,
7588, 7589, 7590, -1,
7588, 7590, 7591, -1,
7583, 7578, 7588, -1,
7588, 7578, 7592, -1,
7588, 7592, 7586, -1,
7520, 84, 83, -1,
7520, 83, 7518, -1,
7518, 83, 173, -1,
7518, 173, 7516, -1,
173, 172, 7516, -1,
7516, 172, 171, -1,
7516, 171, 7481, -1,
171, 19, 7481, -1,
7481, 19, 18, -1,
7481, 18, 7480, -1,
7480, 18, 27, -1,
7480, 27, 7478, -1,
7478, 27, 26, -1,
7478, 26, 7476, -1,
7476, 26, 25, -1,
7476, 25, 7529, -1,
7529, 25, 24, -1,
7529, 24, 7527, -1,
7527, 24, 23, -1,
7527, 23, 7568, -1,
23, 22, 7568, -1,
7568, 22, 29, -1,
7568, 29, 7566, -1,
7566, 29, 28, -1,
7566, 28, 7564, -1,
36, 7484, 34, -1,
34, 7484, 7486, -1,
34, 7486, 33, -1,
33, 7486, 7562, -1,
33, 7562, 31, -1,
31, 7562, 7564, -1,
31, 7564, 28, -1,
7484, 36, 43, -1,
7484, 43, 7482, -1,
7482, 43, 45, -1,
7482, 45, 7451, -1,
7451, 45, 44, -1,
7451, 44, 7489, -1,
7489, 44, 42, -1,
7489, 42, 7457, -1,
7457, 42, 41, -1,
7457, 41, 7447, -1,
7447, 41, 47, -1,
7447, 47, 7571, -1,
7571, 47, 46, -1,
7571, 46, 7572, -1,
7572, 46, 40, -1,
7572, 40, 7574, -1,
55, 7535, 7533, -1,
7574, 40, 39, -1,
7574, 39, 7576, -1,
7576, 39, 38, -1,
7576, 38, 7577, -1,
38, 58, 7577, -1,
7577, 58, 57, -1,
7577, 57, 7533, -1,
7533, 57, 56, -1,
7533, 56, 55, -1,
7535, 55, 53, -1,
7535, 53, 7537, -1,
7537, 53, 52, -1,
7537, 52, 7539, -1,
7539, 52, 49, -1,
7539, 49, 7541, -1,
7541, 49, 48, -1,
7541, 48, 7542, -1,
7542, 48, 51, -1,
7542, 51, 7455, -1,
7455, 51, 63, -1,
7455, 63, 7456, -1,
7456, 63, 64, -1,
7456, 64, 7442, -1,
64, 65, 7442, -1,
7442, 65, 62, -1,
7442, 62, 7443, -1,
7443, 62, 61, -1,
7443, 61, 7467, -1,
7467, 61, 60, -1,
7467, 60, 7495, -1,
60, 75, 7495, -1,
7495, 75, 76, -1,
7495, 76, 7496, -1,
7496, 76, 71, -1,
7496, 71, 7498, -1,
133, 7462, 7450, -1,
7498, 71, 70, -1,
7498, 70, 7500, -1,
7500, 70, 67, -1,
7500, 67, 7463, -1,
67, 82, 7463, -1,
7463, 82, 81, -1,
7463, 81, 7464, -1,
7464, 81, 80, -1,
7464, 80, 7448, -1,
7448, 80, 79, -1,
7448, 79, 7449, -1,
7449, 79, 78, -1,
7449, 78, 7450, -1,
7450, 78, 132, -1,
7450, 132, 133, -1,
7460, 7462, 119, -1,
119, 7462, 133, -1,
7458, 7460, 88, -1,
88, 7460, 119, -1,
7459, 7458, 92, -1,
92, 7458, 88, -1,
7461, 7459, 91, -1,
91, 7459, 92, -1,
7461, 91, 93, -1,
7461, 93, 7559, -1,
7559, 93, 94, -1,
7559, 94, 7557, -1,
7557, 94, 116, -1,
7557, 116, 7555, -1,
7555, 116, 115, -1,
7555, 115, 7553, -1,
7553, 115, 114, -1,
7553, 114, 7551, -1,
7551, 114, 110, -1,
7551, 110, 7549, -1,
7549, 110, 111, -1,
7549, 111, 7547, -1,
7547, 111, 107, -1,
7547, 107, 7545, -1,
7545, 107, 109, -1,
7545, 109, 7444, -1,
7444, 109, 108, -1,
7444, 108, 7454, -1,
7454, 108, 106, -1,
7454, 106, 7540, -1,
7540, 106, 105, -1,
7540, 105, 7538, -1,
7538, 105, 113, -1,
7538, 113, 7536, -1,
7536, 113, 112, -1,
7536, 112, 7534, -1,
7532, 7534, 100, -1,
100, 7534, 112, -1,
100, 144, 7532, -1,
7532, 144, 143, -1,
7532, 143, 7575, -1,
7575, 143, 156, -1,
7575, 156, 7573, -1,
156, 170, 7573, -1,
7573, 170, 169, -1,
7573, 169, 7445, -1,
7445, 169, 168, -1,
7445, 168, 7446, -1,
7446, 168, 162, -1,
7446, 162, 7487, -1,
7487, 162, 161, -1,
7487, 161, 7488, -1,
7488, 161, 160, -1,
7488, 160, 7490, -1,
7490, 160, 157, -1,
7490, 157, 7491, -1,
7491, 157, 152, -1,
7491, 152, 7452, -1,
7452, 152, 155, -1,
7452, 155, 7453, -1,
7453, 155, 163, -1,
7453, 163, 7483, -1,
7483, 163, 165, -1,
7483, 165, 7485, -1,
7485, 165, 167, -1,
7485, 167, 7563, -1,
7563, 167, 166, -1,
7563, 166, 7565, -1,
142, 7474, 158, -1,
158, 7474, 7531, -1,
158, 7531, 159, -1,
159, 7531, 7530, -1,
159, 7530, 150, -1,
150, 7530, 7528, -1,
150, 7528, 151, -1,
151, 7528, 7570, -1,
151, 7570, 153, -1,
153, 7570, 7569, -1,
153, 7569, 154, -1,
154, 7569, 7567, -1,
154, 7567, 164, -1,
164, 7567, 7565, -1,
164, 7565, 166, -1,
7475, 7474, 145, -1,
145, 7474, 142, -1,
7475, 145, 149, -1,
7475, 149, 7477, -1,
7477, 149, 148, -1,
7477, 148, 7479, -1,
7479, 148, 147, -1,
7479, 147, 7514, -1,
7514, 147, 146, -1,
7514, 146, 7515, -1,
7515, 146, 99, -1,
7515, 99, 7517, -1,
99, 98, 7517, -1,
7517, 98, 97, -1,
7517, 97, 7519, -1,
7519, 97, 125, -1,
7519, 125, 7521, -1,
7521, 125, 124, -1,
7521, 124, 7523, -1,
7523, 124, 123, -1,
7523, 123, 7525, -1,
7525, 123, 122, -1,
7525, 122, 7526, -1,
7526, 122, 141, -1,
7526, 141, 7504, -1,
7504, 141, 140, -1,
7504, 140, 7506, -1,
7506, 140, 139, -1,
7506, 139, 7508, -1,
7508, 139, 138, -1,
7508, 138, 7510, -1,
7512, 7510, 137, -1,
137, 7510, 138, -1,
7512, 137, 104, -1,
7512, 104, 7581, -1,
7581, 104, 103, -1,
7581, 103, 7578, -1,
7578, 103, 102, -1,
7578, 102, 7592, -1,
7592, 102, 87, -1,
7592, 87, 7586, -1,
7586, 87, 86, -1,
7586, 86, 7587, -1,
7587, 86, 95, -1,
7587, 95, 7589, -1,
7589, 95, 121, -1,
7589, 121, 7590, -1,
7590, 121, 120, -1,
7590, 120, 7591, -1,
7591, 120, 118, -1,
7591, 118, 7588, -1,
7588, 118, 117, -1,
7588, 117, 7583, -1,
7583, 117, 131, -1,
7583, 131, 7584, -1,
7584, 131, 130, -1,
7584, 130, 7585, -1,
7585, 130, 129, -1,
7585, 129, 7579, -1,
7579, 129, 128, -1,
7579, 128, 7580, -1,
7580, 128, 127, -1,
7580, 127, 7582, -1,
7582, 127, 126, -1,
7582, 126, 7513, -1,
7513, 126, 136, -1,
7513, 136, 7511, -1,
7509, 7511, 135, -1,
135, 7511, 136, -1,
7509, 135, 134, -1,
7509, 134, 7507, -1,
7507, 134, 90, -1,
7507, 90, 7505, -1,
7505, 90, 89, -1,
7505, 89, 7503, -1,
7503, 89, 96, -1,
7503, 96, 7524, -1,
7524, 96, 101, -1,
7524, 101, 7522, -1,
7522, 101, 84, -1,
7522, 84, 7520, -1,
7554, 7593, 7594, -1,
7554, 7594, 7556, -1,
7556, 7594, 7595, -1,
7556, 7595, 7558, -1,
7558, 7595, 7596, -1,
7558, 7596, 7560, -1,
7560, 7596, 7597, -1,
7560, 7597, 7561, -1,
7561, 7597, 7598, -1,
7561, 7598, 7469, -1,
7469, 7598, 7599, -1,
7469, 7599, 7470, -1,
7470, 7599, 7600, -1,
7470, 7600, 7471, -1,
7471, 7600, 7601, -1,
7471, 7601, 7472, -1,
7472, 7601, 7602, -1,
7472, 7602, 7473, -1,
7473, 7602, 7603, -1,
7473, 7603, 7502, -1,
7502, 7603, 7604, -1,
7502, 7604, 7501, -1,
7501, 7604, 7605, -1,
7501, 7605, 7499, -1,
7499, 7605, 7606, -1,
7499, 7606, 7497, -1,
7497, 7606, 7607, -1,
7497, 7607, 7468, -1,
7468, 7607, 7608, -1,
7468, 7608, 7466, -1,
7466, 7608, 7609, -1,
7466, 7609, 7465, -1,
7465, 7609, 7610, -1,
7465, 7610, 7494, -1,
7494, 7610, 7611, -1,
7494, 7611, 7493, -1,
7493, 7611, 7612, -1,
7493, 7612, 7492, -1,
7492, 7612, 7613, -1,
7492, 7613, 7543, -1,
7543, 7613, 7614, -1,
7543, 7614, 7544, -1,
7544, 7614, 7615, -1,
7544, 7615, 7546, -1,
7546, 7615, 7616, -1,
7546, 7616, 7548, -1,
7548, 7616, 7617, -1,
7548, 7617, 7550, -1,
7550, 7617, 7618, -1,
7550, 7618, 7552, -1,
7552, 7618, 7593, -1,
7552, 7593, 7554, -1,
7605, 7594, 7606, -1,
7606, 7594, 7593, -1,
7606, 7593, 7618, -1,
7618, 7617, 7606, -1,
7606, 7617, 7616, -1,
7606, 7616, 7615, -1,
7603, 7597, 7596, -1,
7611, 7610, 7615, -1,
7615, 7610, 7609, -1,
7605, 7604, 7594, -1,
7594, 7604, 7603, -1,
7594, 7603, 7595, -1,
7595, 7603, 7596, -1,
7609, 7608, 7615, -1,
7615, 7608, 7607, -1,
7615, 7607, 7606, -1,
7614, 7613, 7615, -1,
7615, 7613, 7612, -1,
7615, 7612, 7611, -1,
7601, 7600, 7602, -1,
7602, 7600, 7599, -1,
7602, 7599, 7603, -1,
7603, 7599, 7598, -1,
7603, 7598, 7597, -1
                ]
                colorPerVertex TRUE
                color Color {
                    color [
0.7764705882352941 0.7764705882352941 0.7764705882352941,
0.7764705882352941 0.7764705882352941 0.7764705882352941,
0.7764705882352941 0.7764705882352941 0.7764705882352941,
0.03137254901960784 0.1215686274509804 0.4,
0.03137254901960784 0.1215686274509804 0.4,
0.03137254901960784 0.1215686274509804 0.4,
0.03137254901960784 0.1215686274509804 0.4,
0.03137254901960784 0.1215686274509804 0.4,
0.03137254901960784 0.1215686274509804 0.4,
0.03137254901960784 0.1215686274509804 0.4,
0.03137254901960784 0.1215686274509804 0.4,
0.03137254901960784 0.1215686274509804 0.4,
0.03137254901960784 0.1215686274509804 0.4,
0.03137254901960784 0.1215686274509804 0.4,
0.03137254901960784 0.1215686274509804 0.4,
0.03137254901960784 0.1215686274509804 0.4,
0.03137254901960784 0.1215686274509804 0.4,
0.03137254901960784 0.1215686274509804 0.4,
0.03137254901960784 0.1215686274509804 0.4,
0.03137254901960784 0.1215686274509804 0.4,
0.03137254901960784 0.1215686274509804 0.4,
0.03137254901960784 0.1215686274509804 0.4,
0.03137254901960784 0.1215686274509804 0.4,
0.03137254901960784 0.1215686274509804 0.4,
0.03137254901960784 0.1215686274509804 0.4,
0.03137254901960784 0.1215686274509804 0.4,
0.03137254901960784 0.1215686274509804 0.4,
0.03137254901960784 0.1215686274509804 0.4,
0.03137254901960784 0.1215686274509804 0.4,
0.03137254901960784 0.1215686274509804 0.4,
0.03137254901960784 0.1215686274509804 0.4,
0.03137254901960784 0.1215686274509804 0.4,
0.03137254901960784 0.1215686274509804 0.4,
0.03137254901960784 0.1215686274509804 0.4,
0.03137254901960784 0.1215686274509804 0.4,
0.03137254901960784 0.1215686274509804 0.4,
0.03137254901960784 0.1215686274509804 0.4,
0.03137254901960784 0.1215686274509804 0.4,
0.03137254901960784 0.1215686274509804 0.4,
0.03137254901960784 0.1215686274509804 0.4,
0.03137254901960784 0.1215686274509804 0.4,
0.03137254901960784 0.1215686274509804 0.4,
0.03137254901960784 0.1215686274509804 0.4,
0.03137254901960784 0.1215686274509804 0.4,
0.03137254901960784 0.1215686274509804 0.4,
0.03137254901960784 0.1215686274509804 0.4,
0.03137254901960784 0.1215686274509804 0.4,
0.03137254901960784 0.1215686274509804 0.4,
0.03137254901960784 0.1215686274509804 0.4,
0.03137254901960784 0.1215686274509804 0.4,
0.03137254901960784 0.1215686274509804 0.4,
0.03137254901960784 0.1215686274509804 0.4,
0.03137254901960784 0.1215686274509804 0.4,
0.03137254901960784 0.1215686274509804 0.4,
0.03137254901960784 0.1215686274509804 0.4,
0.03137254901960784 0.1215686274509804 0.4,
0.03137254901960784 0.1215686274509804 0.4,
0.03137254901960784 0.1215686274509804 0.4,
0.03137254901960784 0.1215686274509804 0.4,
0.03137254901960784 0.1215686274509804 0.4,
0.03137254901960784 0.1215686274509804 0.4,
0.03137254901960784 0.1215686274509804 0.4,
0.03137254901960784 0.1215686274509804 0.4,
0.03137254901960784 0.1215686274509804 0.4,
0.03137254901960784 0.1215686274509804 0.4,
0.03137254901960784 0.1215686274509804 0.4,
0.03137254901960784 0.1215686274509804 0.4,
0.03137254901960784 0.1215686274509804 0.4,
0.03137254901960784 0.1215686274509804 0.4,
0.03137254901960784 0.1215686274509804 0.4,
0.03137254901960784 0.1215686274509804 0.4,
0.03137254901960784 0.1215686274509804 0.4,
0.03137254901960784 0.1215686274509804 0.4,
0.03137254901960784 0.1215686274509804 0.4,
0.03137254901960784 0.1215686274509804 0.4,
0.03137254901960784 0.1215686274509804 0.4,
0.03137254901960784 0.1215686274509804 0.4,
0.03137254901960784 0.1215686274509804 0.4,
0.03137254901960784 0.1215686274509804 0.4,
0.03137254901960784 0.1215686274509804 0.4,
0.03137254901960784 0.1215686274509804 0.4,
0.03137254901960784 0.1215686274509804 0.4,
0.03137254901960784 0.1215686274509804 0.4,
0.03137254901960784 0.1215686274509804 0.4,
0.03137254901960784 0.1215686274509804 0.4,
0.03137254901960784 0.1215686274509804 0.4,
0.03137254901960784 0.1215686274509804 0.4,
0.03137254901960784 0.1215686274509804 0.4,
0.03137254901960784 0.1215686274509804 0.4,
0.03137254901960784 0.1215686274509804 0.4,
0.03137254901960784 0.1215686274509804 0.4,
0.03137254901960784 0.1215686274509804 0.4,
0.03137254901960784 0.1215686274509804 0.4,
0.03137254901960784 0.1215686274509804 0.4,
0.03137254901960784 0.1215686274509804 0.4,
0.03137254901960784 0.1215686274509804 0.4,
0.03137254901960784 0.1215686274509804 0.4,
0.03137254901960784 0.1215686274509804 0.4,
0.03137254901960784 0.1215686274509804 0.4,
0.03137254901960784 0.1215686274509804 0.4,
0.03137254901960784 0.1215686274509804 0.4,
0.03137254901960784 0.1215686274509804 0.4,
0.03137254901960784 0.1215686274509804 0.4,
0.03137254901960784 0.1215686274509804 0.4,
0.03137254901960784 0.1215686274509804 0.4,
0.03137254901960784 0.1215686274509804 0.4,
0.03137254901960784 0.1215686274509804 0.4,
0.03137254901960784 0.1215686274509804 0.4,
0.03137254901960784 0.1215686274509804 0.4,
0.03137254901960784 0.1215686274509804 0.4,
0.03137254901960784 0.1215686274509804 0.4,
0.03137254901960784 0.1215686274509804 0.4,
0.03137254901960784 0.1215686274509804 0.4,
0.03137254901960784 0.1215686274509804 0.4,
0.03137254901960784 0.1215686274509804 0.4,
0.03137254901960784 0.1215686274509804 0.4,
0.03137254901960784 0.1215686274509804 0.4,
0.03137254901960784 0.1215686274509804 0.4,
0.03137254901960784 0.1215686274509804 0.4,
0.03137254901960784 0.1215686274509804 0.4,
0.03137254901960784 0.1215686274509804 0.4,
0.03137254901960784 0.1215686274509804 0.4,
0.03137254901960784 0.1215686274509804 0.4,
0.03137254901960784 0.1215686274509804 0.4,
0.03137254901960784 0.1215686274509804 0.4,
0.03137254901960784 0.1215686274509804 0.4,
0.03137254901960784 0.1215686274509804 0.4,
0.03137254901960784 0.1215686274509804 0.4,
0.03137254901960784 0.1215686274509804 0.4,
0.03137254901960784 0.1215686274509804 0.4,
0.03137254901960784 0.1215686274509804 0.4,
0.03137254901960784 0.1215686274509804 0.4,
0.03137254901960784 0.1215686274509804 0.4,
0.03137254901960784 0.1215686274509804 0.4,
0.03137254901960784 0.1215686274509804 0.4,
0.03137254901960784 0.1215686274509804 0.4,
0.03137254901960784 0.1215686274509804 0.4,
0.03137254901960784 0.1215686274509804 0.4,
0.03137254901960784 0.1215686274509804 0.4,
0.03137254901960784 0.1215686274509804 0.4,
0.03137254901960784 0.1215686274509804 0.4,
0.03137254901960784 0.1215686274509804 0.4,
0.03137254901960784 0.1215686274509804 0.4,
0.03137254901960784 0.1215686274509804 0.4,
0.03137254901960784 0.1215686274509804 0.4,
0.03137254901960784 0.1215686274509804 0.4,
0.03137254901960784 0.1215686274509804 0.4,
0.03137254901960784 0.1215686274509804 0.4,
0.03137254901960784 0.1215686274509804 0.4,
0.03137254901960784 0.1215686274509804 0.4,
0.03137254901960784 0.1215686274509804 0.4,
0.03137254901960784 0.1215686274509804 0.4,
0.03137254901960784 0.1215686274509804 0.4,
0.03137254901960784 0.1215686274509804 0.4,
0.03137254901960784 0.1215686274509804 0.4,
0.03137254901960784 0.1215686274509804 0.4,
0.03137254901960784 0.1215686274509804 0.4,
0.03137254901960784 0.1215686274509804 0.4,
0.03137254901960784 0.1215686274509804 0.4,
0.03137254901960784 0.1215686274509804 0.4,
0.03137254901960784 0.1215686274509804 0.4,
0.03137254901960784 0.1215686274509804 0.4,
0.03137254901960784 0.1215686274509804 0.4,
0.03137254901960784 0.1215686274509804 0.4,
0.03137254901960784 0.1215686274509804 0.4,
0.03137254901960784 0.1215686274509804 0.4,
0.03137254901960784 0.1215686274509804 0.4,
0.03137254901960784 0.1215686274509804 0.4,
0.03137254901960784 0.1215686274509804 0.4,
0.03137254901960784 0.1215686274509804 0.4,
0.03137254901960784 0.1215686274509804 0.4,
0.03137254901960784 0.1215686274509804 0.4,
0.03137254901960784 0.1215686274509804 0.4,
0.03137254901960784 0.1215686274509804 0.4,
0.03137254901960784 0.1215686274509804 0.4,
0.03137254901960784 0.1215686274509804 0.4,
0.03137254901960784 0.1215686274509804 0.4,
0.03137254901960784 0.1215686274509804 0.4,
0.03137254901960784 0.1215686274509804 0.4,
0.03137254901960784 0.1215686274509804 0.4,
0.03137254901960784 0.1215686274509804 0.4,
0.03137254901960784 0.1215686274509804 0.4,
0.03137254901960784 0.1215686274509804 0.4,
0.03137254901960784 0.1215686274509804 0.4,
0.03137254901960784 0.1215686274509804 0.4,
0.03137254901960784 0.1215686274509804 0.4,
0.03137254901960784 0.1215686274509804 0.4,
0.03137254901960784 0.1215686274509804 0.4,
0.03137254901960784 0.1215686274509804 0.4,
0.03137254901960784 0.1215686274509804 0.4,
0.03137254901960784 0.1215686274509804 0.4,
0.03137254901960784 0.1215686274509804 0.4,
0.03137254901960784 0.1215686274509804 0.4,
0.03137254901960784 0.1215686274509804 0.4,
0.03137254901960784 0.1215686274509804 0.4,
0.03137254901960784 0.1215686274509804 0.4,
0.03137254901960784 0.1215686274509804 0.4,
0.03137254901960784 0.1215686274509804 0.4,
0.03137254901960784 0.1215686274509804 0.4,
0.03137254901960784 0.1215686274509804 0.4,
0.03137254901960784 0.1215686274509804 0.4,
0.03137254901960784 0.1215686274509804 0.4,
0.03137254901960784 0.1215686274509804 0.4,
0.03137254901960784 0.1215686274509804 0.4,
0.03137254901960784 0.1215686274509804 0.4,
0.03137254901960784 0.1215686274509804 0.4,
0.03137254901960784 0.1215686274509804 0.4,
0.03137254901960784 0.1215686274509804 0.4,
0.03137254901960784 0.1215686274509804 0.4,
0.03137254901960784 0.1215686274509804 0.4,
0.03137254901960784 0.1215686274509804 0.4,
0.03137254901960784 0.1215686274509804 0.4,
0.03137254901960784 0.1215686274509804 0.4,
0.03137254901960784 0.1215686274509804 0.4,
0.03137254901960784 0.1215686274509804 0.4,
0.03137254901960784 0.1215686274509804 0.4,
0.03137254901960784 0.1215686274509804 0.4,
0.03137254901960784 0.1215686274509804 0.4,
0.03137254901960784 0.1215686274509804 0.4,
0.03137254901960784 0.1215686274509804 0.4,
0.03137254901960784 0.1215686274509804 0.4,
0.03137254901960784 0.1215686274509804 0.4,
0.03137254901960784 0.1215686274509804 0.4,
0.03137254901960784 0.1215686274509804 0.4,
0.03137254901960784 0.1215686274509804 0.4,
0.03137254901960784 0.1215686274509804 0.4,
0.03137254901960784 0.1215686274509804 0.4,
0.03137254901960784 0.1215686274509804 0.4,
0.03137254901960784 0.1215686274509804 0.4,
0.03137254901960784 0.1215686274509804 0.4,
0.03137254901960784 0.1215686274509804 0.4,
0.03137254901960784 0.1215686274509804 0.4,
0.03137254901960784 0.1215686274509804 0.4,
0.03137254901960784 0.1215686274509804 0.4,
0.03137254901960784 0.1215686274509804 0.4,
0.03137254901960784 0.1215686274509804 0.4,
0.03137254901960784 0.1215686274509804 0.4,
0.03137254901960784 0.1215686274509804 0.4,
0.03137254901960784 0.1215686274509804 0.4,
0.03137254901960784 0.1215686274509804 0.4,
0.03137254901960784 0.1215686274509804 0.4,
0.03137254901960784 0.1215686274509804 0.4,
0.03137254901960784 0.1215686274509804 0.4,
0.03137254901960784 0.1215686274509804 0.4,
0.03137254901960784 0.1215686274509804 0.4,
0.03137254901960784 0.1215686274509804 0.4,
0.03137254901960784 0.1215686274509804 0.4,
0.03137254901960784 0.1215686274509804 0.4,
0.03137254901960784 0.1215686274509804 0.4,
0.03137254901960784 0.1215686274509804 0.4,
0.03137254901960784 0.1215686274509804 0.4,
0.03137254901960784 0.1215686274509804 0.4,
0.03137254901960784 0.1215686274509804 0.4,
0.03137254901960784 0.1215686274509804 0.4,
0.03137254901960784 0.1215686274509804 0.4,
0.03137254901960784 0.1215686274509804 0.4,
0.03137254901960784 0.1215686274509804 0.4,
0.03137254901960784 0.1215686274509804 0.4,
0.03137254901960784 0.1215686274509804 0.4,
0.03137254901960784 0.1215686274509804 0.4,
0.03137254901960784 0.1215686274509804 0.4,
0.03137254901960784 0.1215686274509804 0.4,
0.03137254901960784 0.1215686274509804 0.4,
0.03137254901960784 0.1215686274509804 0.4,
0.03137254901960784 0.1215686274509804 0.4,
0.03137254901960784 0.1215686274509804 0.4,
0.03137254901960784 0.1215686274509804 0.4,
0.03137254901960784 0.1215686274509804 0.4,
0.03137254901960784 0.1215686274509804 0.4,
0.03137254901960784 0.1215686274509804 0.4,
0.03137254901960784 0.1215686274509804 0.4,
0.03137254901960784 0.1215686274509804 0.4,
0.03137254901960784 0.1215686274509804 0.4,
0.03137254901960784 0.1215686274509804 0.4,
0.03137254901960784 0.1215686274509804 0.4,
0.03137254901960784 0.1215686274509804 0.4,
0.03137254901960784 0.1215686274509804 0.4,
0.03137254901960784 0.1215686274509804 0.4,
0.03137254901960784 0.1215686274509804 0.4,
0.03137254901960784 0.1215686274509804 0.4,
0.03137254901960784 0.1215686274509804 0.4,
0.03137254901960784 0.1215686274509804 0.4,
0.03137254901960784 0.1215686274509804 0.4,
0.03137254901960784 0.1215686274509804 0.4,
0.03137254901960784 0.1215686274509804 0.4,
0.03137254901960784 0.1215686274509804 0.4,
0.03137254901960784 0.1215686274509804 0.4,
0.03137254901960784 0.1215686274509804 0.4,
0.03137254901960784 0.1215686274509804 0.4,
0.03137254901960784 0.1215686274509804 0.4,
0.03137254901960784 0.1215686274509804 0.4,
0.03137254901960784 0.1215686274509804 0.4,
0.03137254901960784 0.1215686274509804 0.4,
0.03137254901960784 0.1215686274509804 0.4,
0.03137254901960784 0.1215686274509804 0.4,
0.03137254901960784 0.1215686274509804 0.4,
0.03137254901960784 0.1215686274509804 0.4,
0.03137254901960784 0.1215686274509804 0.4,
0.03137254901960784 0.1215686274509804 0.4,
0.03137254901960784 0.1215686274509804 0.4,
0.03137254901960784 0.1215686274509804 0.4,
0.03137254901960784 0.1215686274509804 0.4,
0.03137254901960784 0.1215686274509804 0.4,
0.03137254901960784 0.1215686274509804 0.4,
0.03137254901960784 0.1215686274509804 0.4,
0.03137254901960784 0.1215686274509804 0.4,
0.03137254901960784 0.1215686274509804 0.4,
0.03137254901960784 0.1215686274509804 0.4,
0.03137254901960784 0.1215686274509804 0.4,
0.03137254901960784 0.1215686274509804 0.4,
0.03137254901960784 0.1215686274509804 0.4,
0.03137254901960784 0.1215686274509804 0.4,
0.03137254901960784 0.1215686274509804 0.4,
0.03137254901960784 0.1215686274509804 0.4,
0.03137254901960784 0.1215686274509804 0.4,
0.03137254901960784 0.1215686274509804 0.4,
0.03137254901960784 0.1215686274509804 0.4,
0.03137254901960784 0.1215686274509804 0.4,
0.03137254901960784 0.1215686274509804 0.4,
0.03137254901960784 0.1215686274509804 0.4,
0.03137254901960784 0.1215686274509804 0.4,
0.03137254901960784 0.1215686274509804 0.4,
0.03137254901960784 0.1215686274509804 0.4,
0.03137254901960784 0.1215686274509804 0.4,
0.03137254901960784 0.1215686274509804 0.4,
0.03137254901960784 0.1215686274509804 0.4,
0.03137254901960784 0.1215686274509804 0.4,
0.03137254901960784 0.1215686274509804 0.4,
0.03137254901960784 0.1215686274509804 0.4,
0.03137254901960784 0.1215686274509804 0.4,
0.03137254901960784 0.1215686274509804 0.4,
0.03137254901960784 0.1215686274509804 0.4,
0.03137254901960784 0.1215686274509804 0.4,
0.03137254901960784 0.1215686274509804 0.4,
0.03137254901960784 0.1215686274509804 0.4,
0.03137254901960784 0.1215686274509804 0.4,
0.03137254901960784 0.1215686274509804 0.4,
0.03137254901960784 0.1215686274509804 0.4,
0.03137254901960784 0.1215686274509804 0.4,
0.03137254901960784 0.1215686274509804 0.4,
0.03137254901960784 0.1215686274509804 0.4,
0.03137254901960784 0.1215686274509804 0.4,
0.03137254901960784 0.1215686274509804 0.4,
0.03137254901960784 0.1215686274509804 0.4,
0.03137254901960784 0.1215686274509804 0.4,
0.03137254901960784 0.1215686274509804 0.4,
0.03137254901960784 0.1215686274509804 0.4,
0.03137254901960784 0.1215686274509804 0.4,
0.03137254901960784 0.1215686274509804 0.4,
0.03137254901960784 0.1215686274509804 0.4,
0.03137254901960784 0.1215686274509804 0.4,
0.03137254901960784 0.1215686274509804 0.4,
0.03137254901960784 0.1215686274509804 0.4,
0.03137254901960784 0.1215686274509804 0.4,
0.03137254901960784 0.1215686274509804 0.4,
0.03137254901960784 0.1215686274509804 0.4,
0.03137254901960784 0.1215686274509804 0.4,
0.03137254901960784 0.1215686274509804 0.4,
0.03137254901960784 0.1215686274509804 0.4,
0.03137254901960784 0.1215686274509804 0.4,
0.03137254901960784 0.1215686274509804 0.4,
0.03137254901960784 0.1215686274509804 0.4,
0.03137254901960784 0.1215686274509804 0.4,
0.03137254901960784 0.1215686274509804 0.4,
0.03137254901960784 0.1215686274509804 0.4,
0.03137254901960784 0.1215686274509804 0.4,
0.03137254901960784 0.1215686274509804 0.4,
0.03137254901960784 0.1215686274509804 0.4,
0.03137254901960784 0.1215686274509804 0.4,
0.03137254901960784 0.1215686274509804 0.4,
0.03137254901960784 0.1215686274509804 0.4,
0.03137254901960784 0.1215686274509804 0.4,
0.03137254901960784 0.1215686274509804 0.4,
0.03137254901960784 0.1215686274509804 0.4,
0.03137254901960784 0.1215686274509804 0.4,
0.03137254901960784 0.1215686274509804 0.4,
0.03137254901960784 0.1215686274509804 0.4,
0.03137254901960784 0.1215686274509804 0.4,
0.03137254901960784 0.1215686274509804 0.4,
0.03137254901960784 0.1215686274509804 0.4,
0.03137254901960784 0.1215686274509804 0.4,
0.03137254901960784 0.1215686274509804 0.4,
0.03137254901960784 0.1215686274509804 0.4,
0.03137254901960784 0.1215686274509804 0.4,
0.03137254901960784 0.1215686274509804 0.4,
0.03137254901960784 0.1215686274509804 0.4,
0.03137254901960784 0.1215686274509804 0.4,
0.03137254901960784 0.1215686274509804 0.4,
0.03137254901960784 0.1215686274509804 0.4,
0.03137254901960784 0.1215686274509804 0.4,
0.03137254901960784 0.1215686274509804 0.4,
0.03137254901960784 0.1215686274509804 0.4,
0.03137254901960784 0.1215686274509804 0.4,
0.03137254901960784 0.1215686274509804 0.4,
0.03137254901960784 0.1215686274509804 0.4,
0.03137254901960784 0.1215686274509804 0.4,
0.03137254901960784 0.1215686274509804 0.4,
0.03137254901960784 0.1215686274509804 0.4,
0.03137254901960784 0.1215686274509804 0.4,
0.03137254901960784 0.1215686274509804 0.4,
0.03137254901960784 0.1215686274509804 0.4,
0.03137254901960784 0.1215686274509804 0.4,
0.03137254901960784 0.1215686274509804 0.4,
0.03137254901960784 0.1215686274509804 0.4,
0.03137254901960784 0.1215686274509804 0.4,
0.03137254901960784 0.1215686274509804 0.4,
0.03137254901960784 0.1215686274509804 0.4,
0.03137254901960784 0.1215686274509804 0.4,
0.03137254901960784 0.1215686274509804 0.4,
0.03137254901960784 0.1215686274509804 0.4,
0.03137254901960784 0.1215686274509804 0.4,
0.03137254901960784 0.1215686274509804 0.4,
0.03137254901960784 0.1215686274509804 0.4,
0.03137254901960784 0.1215686274509804 0.4,
0.03137254901960784 0.1215686274509804 0.4,
0.03137254901960784 0.1215686274509804 0.4,
0.03137254901960784 0.1215686274509804 0.4,
0.03137254901960784 0.1215686274509804 0.4,
0.03137254901960784 0.1215686274509804 0.4,
0.03137254901960784 0.1215686274509804 0.4,
0.03137254901960784 0.1215686274509804 0.4,
0.03137254901960784 0.1215686274509804 0.4,
0.03137254901960784 0.1215686274509804 0.4,
0.03137254901960784 0.1215686274509804 0.4,
0.03137254901960784 0.1215686274509804 0.4,
0.03137254901960784 0.1215686274509804 0.4,
0.03137254901960784 0.1215686274509804 0.4,
0.03137254901960784 0.1215686274509804 0.4,
0.03137254901960784 0.1215686274509804 0.4,
0.03137254901960784 0.1215686274509804 0.4,
0.03137254901960784 0.1215686274509804 0.4,
0.03137254901960784 0.1215686274509804 0.4,
0.03137254901960784 0.1215686274509804 0.4,
0.03137254901960784 0.1215686274509804 0.4,
0.03137254901960784 0.1215686274509804 0.4,
0.03137254901960784 0.1215686274509804 0.4,
0.03137254901960784 0.1215686274509804 0.4,
0.03137254901960784 0.1215686274509804 0.4,
0.03137254901960784 0.1215686274509804 0.4,
0.03137254901960784 0.1215686274509804 0.4,
0.03137254901960784 0.1215686274509804 0.4,
0.03137254901960784 0.1215686274509804 0.4,
0.03137254901960784 0.1215686274509804 0.4,
0.03137254901960784 0.1215686274509804 0.4,
0.03137254901960784 0.1215686274509804 0.4,
0.03137254901960784 0.1215686274509804 0.4,
0.03137254901960784 0.1215686274509804 0.4,
0.03137254901960784 0.1215686274509804 0.4,
0.03137254901960784 0.1215686274509804 0.4,
0.03137254901960784 0.1215686274509804 0.4,
0.03137254901960784 0.1215686274509804 0.4,
0.03137254901960784 0.1215686274509804 0.4,
0.03137254901960784 0.1215686274509804 0.4,
0.03137254901960784 0.1215686274509804 0.4,
0.03137254901960784 0.1215686274509804 0.4,
0.03137254901960784 0.1215686274509804 0.4,
0.03137254901960784 0.1215686274509804 0.4,
0.03137254901960784 0.1215686274509804 0.4,
0.03137254901960784 0.1215686274509804 0.4,
0.03137254901960784 0.1215686274509804 0.4,
0.03137254901960784 0.1215686274509804 0.4,
0.03137254901960784 0.1215686274509804 0.4,
0.03137254901960784 0.1215686274509804 0.4,
0.03137254901960784 0.1215686274509804 0.4,
0.03137254901960784 0.1215686274509804 0.4,
0.03137254901960784 0.1215686274509804 0.4,
0.03137254901960784 0.1215686274509804 0.4,
0.03137254901960784 0.1215686274509804 0.4,
0.03137254901960784 0.1215686274509804 0.4,
0.03137254901960784 0.1215686274509804 0.4,
0.03137254901960784 0.1215686274509804 0.4,
0.03137254901960784 0.1215686274509804 0.4,
0.03137254901960784 0.1215686274509804 0.4,
0.03137254901960784 0.1215686274509804 0.4,
0.03137254901960784 0.1215686274509804 0.4,
0.03137254901960784 0.1215686274509804 0.4,
0.03137254901960784 0.1215686274509804 0.4,
0.03137254901960784 0.1215686274509804 0.4,
0.03137254901960784 0.1215686274509804 0.4,
0.03137254901960784 0.1215686274509804 0.4,
0.03137254901960784 0.1215686274509804 0.4,
0.03137254901960784 0.1215686274509804 0.4,
0.03137254901960784 0.1215686274509804 0.4,
0.03137254901960784 0.1215686274509804 0.4,
0.03137254901960784 0.1215686274509804 0.4,
0.03137254901960784 0.1215686274509804 0.4,
0.03137254901960784 0.1215686274509804 0.4,
0.03137254901960784 0.1215686274509804 0.4,
0.03137254901960784 0.1215686274509804 0.4,
0.03137254901960784 0.1215686274509804 0.4,
0.03137254901960784 0.1215686274509804 0.4,
0.03137254901960784 0.1215686274509804 0.4,
0.03137254901960784 0.1215686274509804 0.4,
0.03137254901960784 0.1215686274509804 0.4,
0.03137254901960784 0.1215686274509804 0.4,
0.03137254901960784 0.1215686274509804 0.4,
0.03137254901960784 0.1215686274509804 0.4,
0.03137254901960784 0.1215686274509804 0.4,
0.03137254901960784 0.1215686274509804 0.4,
0.03137254901960784 0.1215686274509804 0.4,
0.03137254901960784 0.1215686274509804 0.4,
0.03137254901960784 0.1215686274509804 0.4,
0.03137254901960784 0.1215686274509804 0.4,
0.03137254901960784 0.1215686274509804 0.4,
0.03137254901960784 0.1215686274509804 0.4,
0.03137254901960784 0.1215686274509804 0.4,
0.03137254901960784 0.1215686274509804 0.4,
0.03137254901960784 0.1215686274509804 0.4,
0.03137254901960784 0.1215686274509804 0.4,
0.03137254901960784 0.1215686274509804 0.4,
0.03137254901960784 0.1215686274509804 0.4,
0.03137254901960784 0.1215686274509804 0.4,
0.03137254901960784 0.1215686274509804 0.4,
0.03137254901960784 0.1215686274509804 0.4,
0.03137254901960784 0.1215686274509804 0.4,
0.03137254901960784 0.1215686274509804 0.4,
0.03137254901960784 0.1215686274509804 0.4,
0.03137254901960784 0.1215686274509804 0.4,
0.03137254901960784 0.1215686274509804 0.4,
0.03137254901960784 0.1215686274509804 0.4,
0.03137254901960784 0.1215686274509804 0.4,
0.03137254901960784 0.1215686274509804 0.4,
0.03137254901960784 0.1215686274509804 0.4,
0.03137254901960784 0.1215686274509804 0.4,
0.03137254901960784 0.1215686274509804 0.4,
0.03137254901960784 0.1215686274509804 0.4,
0.03137254901960784 0.1215686274509804 0.4,
0.03137254901960784 0.1215686274509804 0.4,
0.03137254901960784 0.1215686274509804 0.4,
0.03137254901960784 0.1215686274509804 0.4,
0.03137254901960784 0.1215686274509804 0.4,
0.03137254901960784 0.1215686274509804 0.4,
0.03137254901960784 0.1215686274509804 0.4,
0.03137254901960784 0.1215686274509804 0.4,
0.03137254901960784 0.1215686274509804 0.4,
0.03137254901960784 0.1215686274509804 0.4,
0.03137254901960784 0.1215686274509804 0.4,
0.03137254901960784 0.1215686274509804 0.4,
0.03137254901960784 0.1215686274509804 0.4,
0.03137254901960784 0.1215686274509804 0.4,
0.03137254901960784 0.1215686274509804 0.4,
0.03137254901960784 0.1215686274509804 0.4,
0.03137254901960784 0.1215686274509804 0.4,
0.03137254901960784 0.1215686274509804 0.4,
0.03137254901960784 0.1215686274509804 0.4,
0.03137254901960784 0.1215686274509804 0.4,
0.03137254901960784 0.1215686274509804 0.4,
0.03137254901960784 0.1215686274509804 0.4,
0.03137254901960784 0.1215686274509804 0.4,
0.03137254901960784 0.1215686274509804 0.4,
0.03137254901960784 0.1215686274509804 0.4,
0.0 0.0 0.0,
0.0 0.0 0.0,
0.0 0.0 0.0,
0.0 0.0 0.0,
0.0 0.0 0.0,
0.0 0.0 0.0,
0.0 0.0 0.0,
0.0 0.0 0.0,
0.0 0.0 0.0,
0.0 0.0 0.0,
0.0 0.0 0.0,
0.0 0.0 0.0,
0.0 0.0 0.0,
0.0 0.0 0.0,
0.0 0.0 0.0,
0.0 0.0 0.0,
0.0 0.0 0.0,
0.0 0.0 0.0,
0.0 0.0 0.0,
0.0 0.0 0.0,
0.0 0.0 0.0,
0.0 0.0 0.0,
0.0 0.0 0.0,
0.0 0.0 0.0,
0.0 0.0 0.0,
0.0 0.0 0.0,
0.0 0.0 0.0,
0.0 0.0 0.0,
0.0 0.0 0.0,
0.0 0.0 0.0,
0.0 0.0 0.0,
0.0 0.0 0.0,
0.0 0.0 0.0,
0.0 0.0 0.0,
0.0 0.0 0.0,
0.0 0.0 0.0,
0.0 0.0 0.0,
0.0 0.0 0.0,
0.0 0.0 0.0,
0.0 0.0 0.0,
0.0 0.0 0.0,
0.0 0.0 0.0,
0.0 0.0 0.0,
0.0 0.0 0.0,
0.0 0.0 0.0,
0.0 0.0 0.0,
0.0 0.0 0.0,
0.0 0.0 0.0,
0.0 0.0 0.0,
0.0 0.0 0.0,
0.0 0.0 0.0,
0.0 0.0 0.0,
0.0 0.0 0.0,
0.0 0.0 0.0,
0.0 0.0 0.0,
0.0 0.0 0.0,
0.0 0.0 0.0,
0.0 0.0 0.0,
0.0 0.0 0.0,
0.0 0.0 0.0,
0.0 0.0 0.0,
0.0 0.0 0.0,
0.0 0.0 0.0,
0.0 0.0 0.0,
0.0 0.0 0.0,
0.0 0.0 0.0,
0.0 0.0 0.0,
0.0 0.0 0.0,
0.0 0.0 0.0,
0.0 0.0 0.0,
0.0 0.0 0.0,
0.0 0.0 0.0,
0.0 0.0 0.0,
0.0 0.0 0.0,
0.0 0.0 0.0,
0.0 0.0 0.0,
0.0 0.0 0.0,
0.0 0.0 0.0,
0.0 0.0 0.0,
0.0 0.0 0.0,
0.0 0.0 0.0,
0.0 0.0 0.0,
0.0 0.0 0.0,
0.0 0.0 0.0,
0.0 0.0 0.0,
0.0 0.0 0.0,
0.0 0.0 0.0,
0.0 0.0 0.0,
0.0 0.0 0.0,
0.0 0.0 0.0,
0.0 0.0 0.0,
0.0 0.0 0.0,
0.0 0.0 0.0,
0.0 0.0 0.0,
0.0 0.0 0.0,
0.0 0.0 0.0,
0.0 0.0 0.0,
0.0 0.0 0.0,
0.0 0.0 0.0,
0.0 0.0 0.0,
0.0 0.0 0.0,
0.0 0.0 0.0,
0.0 0.0 0.0,
0.0 0.0 0.0,
0.0 0.0 0.0,
0.0 0.0 0.0,
0.0 0.0 0.0,
0.0 0.0 0.0,
0.0 0.0 0.0,
0.0 0.0 0.0,
0.0 0.0 0.0,
0.0 0.0 0.0,
0.0 0.0 0.0,
0.0 0.0 0.0,
0.0 0.0 0.0,
0.0 0.0 0.0,
0.0 0.0 0.0,
0.0 0.0 0.0,
0.0 0.0 0.0,
0.0 0.0 0.0,
0.0 0.0 0.0,
0.0 0.0 0.0,
0.0 0.0 0.0,
0.0 0.0 0.0,
0.0 0.0 0.0,
0.0 0.0 0.0,
0.0 0.0 0.0,
0.0 0.0 0.0,
0.0 0.0 0.0,
0.0 0.0 0.0,
0.0 0.0 0.0,
0.0 0.0 0.0,
0.0 0.0 0.0,
0.0 0.0 0.0,
0.0 0.0 0.0,
0.0 0.0 0.0,
0.0 0.0 0.0,
0.0 0.0 0.0,
0.0 0.0 0.0,
0.0 0.0 0.0,
0.0 0.0 0.0,
0.0 0.0 0.0,
0.0 0.0 0.0,
0.0 0.0 0.0,
0.0 0.0 0.0,
0.0 0.0 0.0,
0.0 0.0 0.0,
0.0 0.0 0.0,
0.0 0.0 0.0,
0.0 0.0 0.0,
0.0 0.0 0.0,
0.0 0.0 0.0,
0.0 0.0 0.0,
0.0 0.0 0.0,
0.0 0.0 0.0,
0.0 0.0 0.0,
0.0 0.0 0.0,
0.0 0.0 0.0,
0.0 0.0 0.0,
0.0 0.0 0.0,
0.0 0.0 0.0,
0.0 0.0 0.0,
0.0 0.0 0.0,
0.0 0.0 0.0,
0.0 0.0 0.0,
0.0 0.0 0.0,
0.0 0.0 0.0,
0.0 0.0 0.0,
0.0 0.0 0.0,
0.0 0.0 0.0,
0.0 0.0 0.0,
0.0 0.0 0.0,
0.0 0.0 0.0,
0.0 0.0 0.0,
0.0 0.0 0.0,
0.0 0.0 0.0,
0.0 0.0 0.0,
0.0 0.0 0.0,
0.0 0.0 0.0,
0.0 0.0 0.0,
0.0 0.0 0.0,
0.0 0.0 0.0,
0.0 0.0 0.0,
0.0 0.0 0.0,
0.0 0.0 0.0,
0.0 0.0 0.0,
0.0 0.0 0.0,
0.0 0.0 0.0,
0.0 0.0 0.0,
0.0 0.0 0.0,
0.0 0.0 0.0,
0.0 0.0 0.0,
0.0 0.0 0.0,
0.0 0.0 0.0,
0.0 0.0 0.0,
0.0 0.0 0.0,
0.0 0.0 0.0,
0.0 0.0 0.0,
0.0 0.0 0.0,
0.0 0.0 0.0,
0.0 0.0 0.0,
0.0 0.0 0.0,
0.0 0.0 0.0,
0.0 0.0 0.0,
0.0 0.0 0.0,
0.0 0.0 0.0,
0.0 0.0 0.0,
0.0 0.0 0.0,
0.0 0.0 0.0,
0.0 0.0 0.0,
0.0 0.0 0.0,
0.0 0.0 0.0,
0.0 0.0 0.0,
0.0 0.0 0.0,
0.0 0.0 0.0,
0.0 0.0 0.0,
0.0 0.0 0.0,
0.0 0.0 0.0,
0.0 0.0 0.0,
0.0 0.0 0.0,
0.0 0.0 0.0,
0.0 0.0 0.0,
0.0 0.0 0.0,
0.0 0.0 0.0,
0.0 0.0 0.0,
0.0 0.0 0.0,
0.0 0.0 0.0,
0.0 0.0 0.0,
0.0 0.0 0.0,
0.0 0.0 0.0,
0.0 0.0 0.0,
0.0 0.0 0.0,
0.0 0.0 0.0,
0.0 0.0 0.0,
0.0 0.0 0.0,
0.0 0.0 0.0,
0.0 0.0 0.0,
0.0 0.0 0.0,
0.0 0.0 0.0,
0.0 0.0 0.0,
0.0 0.0 0.0,
0.0 0.0 0.0,
0.0 0.0 0.0,
0.0 0.0 0.0,
0.0 0.0 0.0,
0.0 0.0 0.0,
0.0 0.0 0.0,
0.0 0.0 0.0,
0.0 0.0 0.0,
0.0 0.0 0.0,
0.0 0.0 0.0,
0.0 0.0 0.0,
0.0 0.0 0.0,
0.0 0.0 0.0,
0.0 0.0 0.0,
0.0 0.0 0.0,
0.0 0.0 0.0,
0.0 0.0 0.0,
0.0 0.0 0.0,
0.0 0.0 0.0,
0.0 0.0 0.0,
0.0 0.0 0.0,
0.0 0.0 0.0,
0.0 0.0 0.0,
0.0 0.0 0.0,
0.0 0.0 0.0,
0.0 0.0 0.0,
0.0 0.0 0.0,
0.0 0.0 0.0,
0.0 0.0 0.0,
0.0 0.0 0.0,
0.0 0.0 0.0,
0.0 0.0 0.0,
0.0 0.0 0.0,
0.0 0.0 0.0,
0.0 0.0 0.0,
0.0 0.0 0.0,
0.0 0.0 0.0,
0.0 0.0 0.0,
0.0 0.0 0.0,
0.0 0.0 0.0,
0.0 0.0 0.0,
0.0 0.0 0.0,
0.0 0.0 0.0,
0.0 0.0 0.0,
0.0 0.0 0.0,
0.0 0.0 0.0,
0.0 0.0 0.0,
0.0 0.0 0.0,
0.0 0.0 0.0,
0.0 0.0 0.0,
0.0 0.0 0.0,
0.0 0.0 0.0,
0.0 0.0 0.0,
0.0 0.0 0.0,
0.0 0.0 0.0,
0.0 0.0 0.0,
0.0 0.0 0.0,
0.0 0.0 0.0,
0.0 0.0 0.0,
0.0 0.0 0.0,
0.0 0.0 0.0,
0.0 0.0 0.0,
0.0 0.0 0.0,
0.0 0.0 0.0,
0.0 0.0 0.0,
0.0 0.0 0.0,
0.0 0.0 0.0,
0.0 0.0 0.0,
0.0 0.0 0.0,
0.0 0.0 0.0,
0.0 0.0 0.0,
0.0 0.0 0.0,
0.0 0.0 0.0,
0.0 0.0 0.0,
0.0 0.0 0.0,
0.0 0.0 0.0,
0.0 0.0 0.0,
0.0 0.0 0.0,
0.0 0.0 0.0,
0.0 0.0 0.0,
0.0 0.0 0.0,
0.0 0.0 0.0,
0.0 0.0 0.0,
0.0 0.0 0.0,
0.0 0.0 0.0,
0.0 0.0 0.0,
0.0 0.0 0.0,
0.0 0.0 0.0,
0.0 0.0 0.0,
0.0 0.0 0.0,
0.0 0.0 0.0,
0.0 0.0 0.0,
0.0 0.0 0.0,
0.0 0.0 0.0,
0.0 0.0 0.0,
0.0 0.0 0.0,
0.0 0.0 0.0,
0.0 0.0 0.0,
0.0 0.0 0.0,
0.0 0.0 0.0,
0.0 0.0 0.0,
0.0 0.0 0.0,
0.0 0.0 0.0,
0.0 0.0 0.0,
0.0 0.0 0.0,
0.0 0.0 0.0,
0.0 0.0 0.0,
0.0 0.0 0.0,
0.0 0.0 0.0,
0.0 0.0 0.0,
0.0 0.0 0.0,
0.0 0.0 0.0,
0.0 0.0 0.0,
0.0 0.0 0.0,
0.0 0.0 0.0,
0.0 0.0 0.0,
0.0 0.0 0.0,
0.0 0.0 0.0,
0.0 0.0 0.0,
0.0 0.0 0.0,
0.0 0.0 0.0,
0.0 0.0 0.0,
0.0 0.0 0.0,
0.0 0.0 0.0,
0.0 0.0 0.0,
0.0 0.0 0.0,
0.0 0.0 0.0,
0.0 0.0 0.0,
0.0 0.0 0.0,
0.0 0.0 0.0,
0.0 0.0 0.0,
0.0 0.0 0.0,
0.0 0.0 0.0,
0.0 0.0 0.0,
0.0 0.0 0.0,
0.0 0.0 0.0,
0.0 0.0 0.0,
0.0 0.0 0.0,
0.0 0.0 0.0,
0.0 0.0 0.0,
0.0 0.0 0.0,
0.0 0.0 0.0,
0.0 0.0 0.0,
0.0 0.0 0.0,
0.0 0.0 0.0,
0.0 0.0 0.0,
0.0 0.0 0.0,
0.0 0.0 0.0,
0.0 0.0 0.0,
0.0 0.0 0.0,
0.0 0.0 0.0,
0.0 0.0 0.0,
0.0 0.0 0.0,
0.0 0.0 0.0,
0.0 0.0 0.0,
0.0 0.0 0.0,
0.0 0.0 0.0,
0.0 0.0 0.0,
0.0 0.0 0.0,
0.0 0.0 0.0,
0.0 0.0 0.0,
0.0 0.0 0.0,
0.0 0.0 0.0,
0.0 0.0 0.0,
0.0 0.0 0.0,
0.0 0.0 0.0,
0.0 0.0 0.0,
0.0 0.0 0.0,
0.0 0.0 0.0,
0.0 0.0 0.0,
0.0 0.0 0.0,
0.0 0.0 0.0,
0.0 0.0 0.0,
0.0 0.0 0.0,
0.0 0.0 0.0,
0.0 0.0 0.0,
0.0 0.0 0.0,
0.0 0.0 0.0,
0.0 0.0 0.0,
0.0 0.0 0.0,
0.0 0.0 0.0,
0.0 0.0 0.0,
0.0 0.0 0.0,
0.0 0.0 0.0,
0.0 0.0 0.0,
0.0 0.0 0.0,
0.0 0.0 0.0,
0.0 0.0 0.0,
0.0 0.0 0.0,
0.0 0.0 0.0,
0.0 0.0 0.0,
0.0 0.0 0.0,
0.0 0.0 0.0,
0.0 0.0 0.0,
0.0 0.0 0.0,
0.0 0.0 0.0,
0.0 0.0 0.0,
0.0 0.0 0.0,
0.0 0.0 0.0,
0.0 0.0 0.0,
0.0 0.0 0.0,
0.0 0.0 0.0,
0.0 0.0 0.0,
0.0 0.0 0.0,
0.0 0.0 0.0,
0.0 0.0 0.0,
0.0 0.0 0.0,
0.0 0.0 0.0,
0.0 0.0 0.0,
0.0 0.0 0.0,
0.0 0.0 0.0,
0.0 0.0 0.0,
0.0 0.0 0.0,
0.0 0.0 0.0,
0.0 0.0 0.0,
0.0 0.0 0.0,
0.0 0.0 0.0,
0.0 0.0 0.0,
0.0 0.0 0.0,
0.0 0.0 0.0,
0.0 0.0 0.0,
0.0 0.0 0.0,
0.0 0.0 0.0,
0.0 0.0 0.0,
0.0 0.0 0.0,
0.0 0.0 0.0,
0.0 0.0 0.0,
0.0 0.0 0.0,
0.0 0.0 0.0,
0.0 0.0 0.0,
0.0 0.0 0.0,
0.0 0.0 0.0,
0.0 0.0 0.0,
0.0 0.0 0.0,
0.0 0.0 0.0,
0.0 0.0 0.0,
0.0 0.0 0.0,
0.0 0.0 0.0,
0.0 0.0 0.0,
0.0 0.0 0.0,
0.0 0.0 0.0,
0.0 0.0 0.0,
0.0 0.0 0.0,
0.0 0.0 0.0,
0.0 0.0 0.0,
0.0 0.0 0.0,
0.0 0.0 0.0,
0.0 0.0 0.0,
0.0 0.0 0.0,
0.0 0.0 0.0,
0.0 0.0 0.0,
0.0 0.0 0.0,
0.0 0.0 0.0,
0.0 0.0 0.0,
0.0 0.0 0.0,
0.0 0.0 0.0,
0.0 0.0 0.0,
0.0 0.0 0.0,
0.0 0.0 0.0,
0.0 0.0 0.0,
0.0 0.0 0.0,
0.0 0.0 0.0,
0.0 0.0 0.0,
0.0 0.0 0.0,
0.0 0.0 0.0,
0.0 0.0 0.0,
0.0 0.0 0.0,
0.0 0.0 0.0,
0.0 0.0 0.0,
0.0 0.0 0.0,
0.0 0.0 0.0,
0.0 0.0 0.0,
0.0 0.0 0.0,
0.0 0.0 0.0,
0.0 0.0 0.0,
0.0 0.0 0.0,
0.0 0.0 0.0,
0.0 0.0 0.0,
0.0 0.0 0.0,
0.0 0.0 0.0,
0.0 0.0 0.0,
0.0 0.0 0.0,
0.0 0.0 0.0,
0.0 0.0 0.0,
0.0 0.0 0.0,
0.0 0.0 0.0,
0.0 0.0 0.0,
0.0 0.0 0.0,
0.0 0.0 0.0,
0.0 0.0 0.0,
0.0 0.0 0.0,
0.0 0.0 0.0,
0.0 0.0 0.0,
0.0 0.0 0.0,
0.0 0.0 0.0,
0.0 0.0 0.0,
0.0 0.0 0.0,
0.0 0.0 0.0,
0.0 0.0 0.0,
0.0 0.0 0.0,
0.0 0.0 0.0,
0.0 0.0 0.0,
0.0 0.0 0.0,
0.0 0.0 0.0,
0.0 0.0 0.0,
0.0 0.0 0.0,
0.0 0.0 0.0,
0.0 0.0 0.0,
0.0 0.0 0.0,
0.0 0.0 0.0,
0.0 0.0 0.0,
0.0 0.0 0.0,
0.0 0.0 0.0,
0.0 0.0 0.0,
0.0 0.0 0.0,
0.0 0.0 0.0,
0.0 0.0 0.0,
0.0 0.0 0.0,
0.0 0.0 0.0,
0.0 0.0 0.0,
0.0 0.0 0.0,
0.0 0.0 0.0,
0.0 0.0 0.0,
0.0 0.0 0.0,
0.0 0.0 0.0,
0.0 0.0 0.0,
0.0 0.0 0.0,
0.0 0.0 0.0,
0.0 0.0 0.0,
0.0 0.0 0.0,
0.0 0.0 0.0,
0.0 0.0 0.0,
0.0 0.0 0.0,
0.0 0.0 0.0,
0.0 0.0 0.0,
0.0 0.0 0.0,
0.0 0.0 0.0,
0.0 0.0 0.0,
0.0 0.0 0.0,
0.0 0.0 0.0,
0.0 0.0 0.0,
0.0 0.0 0.0,
0.0 0.0 0.0,
0.0 0.0 0.0,
0.0 0.0 0.0,
0.0 0.0 0.0,
0.0 0.0 0.0,
0.0 0.0 0.0,
0.0 0.0 0.0,
0.0 0.0 0.0,
0.0 0.0 0.0,
0.0 0.0 0.0,
0.0 0.0 0.0,
0.0 0.0 0.0,
0.0 0.0 0.0,
0.0 0.0 0.0,
0.0 0.0 0.0,
0.0 0.0 0.0,
0.0 0.0 0.0,
0.0 0.0 0.0,
0.0 0.0 0.0,
0.0 0.0 0.0,
0.0 0.0 0.0,
0.0 0.0 0.0,
0.0 0.0 0.0,
0.0 0.0 0.0,
0.0 0.0 0.0,
0.0 0.0 0.0,
0.0 0.0 0.0,
0.0 0.0 0.0,
0.0 0.0 0.0,
0.0 0.0 0.0,
0.0 0.0 0.0,
0.0 0.0 0.0,
0.0 0.0 0.0,
0.0 0.0 0.0,
0.0 0.0 0.0,
0.0 0.0 0.0,
0.0 0.0 0.0,
0.0 0.0 0.0,
0.0 0.0 0.0,
0.0 0.0 0.0,
0.0 0.0 0.0,
0.0 0.0 0.0,
0.0 0.0 0.0,
0.0 0.0 0.0,
0.0 0.0 0.0,
0.0 0.0 0.0,
0.0 0.0 0.0,
0.0 0.0 0.0,
0.0 0.0 0.0,
0.0 0.0 0.0,
0.0 0.0 0.0,
0.0 0.0 0.0,
0.0 0.0 0.0,
0.0 0.0 0.0,
0.0 0.0 0.0,
0.0 0.0 0.0,
0.0 0.0 0.0,
0.0 0.0 0.0,
0.0 0.0 0.0,
0.0 0.0 0.0,
0.0 0.0 0.0,
0.0 0.0 0.0,
0.0 0.0 0.0,
0.0 0.0 0.0,
0.0 0.0 0.0,
0.0 0.0 0.0,
0.0 0.0 0.0,
0.0 0.0 0.0,
0.0 0.0 0.0,
0.0 0.0 0.0,
0.0 0.0 0.0,
0.0 0.0 0.0,
0.0 0.0 0.0,
0.0 0.0 0.0,
0.0 0.0 0.0,
0.0 0.0 0.0,
0.0 0.0 0.0,
0.0 0.0 0.0,
0.0 0.0 0.0,
0.0 0.0 0.0,
0.0 0.0 0.0,
0.0 0.0 0.0,
0.0 0.0 0.0,
0.0 0.0 0.0,
0.0 0.0 0.0,
0.0 0.0 0.0,
0.0 0.0 0.0,
0.0 0.0 0.0,
0.0 0.0 0.0,
0.0 0.0 0.0,
0.0 0.0 0.0,
0.0 0.0 0.0,
0.0 0.0 0.0,
0.0 0.0 0.0,
0.0 0.0 0.0,
0.0 0.0 0.0,
0.0 0.0 0.0,
0.0 0.0 0.0,
0.0 0.0 0.0,
0.0 0.0 0.0,
0.0 0.0 0.0,
0.0 0.0 0.0,
0.0 0.0 0.0,
0.0 0.0 0.0,
0.0 0.0 0.0,
0.0 0.0 0.0,
0.0 0.0 0.0,
0.0 0.0 0.0,
0.0 0.0 0.0,
0.0 0.0 0.0,
0.0 0.0 0.0,
0.0 0.0 0.0,
0.0 0.0 0.0,
0.0 0.0 0.0,
0.0 0.0 0.0,
0.0 0.0 0.0,
0.0 0.0 0.0,
0.0 0.0 0.0,
0.0 0.0 0.0,
0.0 0.0 0.0,
0.0 0.0 0.0,
0.0 0.0 0.0,
0.0 0.0 0.0,
0.0 0.0 0.0,
0.0 0.0 0.0,
0.0 0.0 0.0,
0.0 0.0 0.0,
0.0 0.0 0.0,
0.0 0.0 0.0,
0.0 0.0 0.0,
0.0 0.0 0.0,
0.0 0.0 0.0,
0.0 0.0 0.0,
0.0 0.0 0.0,
0.0 0.0 0.0,
0.0 0.0 0.0,
0.0 0.0 0.0,
0.0 0.0 0.0,
0.0 0.0 0.0,
0.0 0.0 0.0,
0.0 0.0 0.0,
0.0 0.0 0.0,
0.0 0.0 0.0,
0.0 0.0 0.0,
0.0 0.0 0.0,
0.0 0.0 0.0,
0.0 0.0 0.0,
0.0 0.0 0.0,
0.0 0.0 0.0,
0.0 0.0 0.0,
0.0 0.0 0.0,
0.0 0.0 0.0,
0.0 0.0 0.0,
0.0 0.0 0.0,
0.0 0.0 0.0,
0.0 0.0 0.0,
0.0 0.0 0.0,
0.0 0.0 0.0,
0.0 0.0 0.0,
0.0 0.0 0.0,
0.0 0.0 0.0,
0.0 0.0 0.0,
0.0 0.0 0.0,
0.0 0.0 0.0,
0.0 0.0 0.0,
0.0 0.0 0.0,
0.0 0.0 0.0,
0.0 0.0 0.0,
0.0 0.0 0.0,
0.0 0.0 0.0,
0.0 0.0 0.0,
0.0 0.0 0.0,
0.0 0.0 0.0,
0.0 0.0 0.0,
0.0 0.0 0.0,
0.0 0.0 0.0,
0.0 0.0 0.0,
0.0 0.0 0.0,
0.0 0.0 0.0,
0.0 0.0 0.0,
0.0 0.0 0.0,
0.0 0.0 0.0,
0.0 0.0 0.0,
0.0 0.0 0.0,
0.0 0.0 0.0,
0.0 0.0 0.0,
0.0 0.0 0.0,
0.0 0.0 0.0,
0.0 0.0 0.0,
0.0 0.0 0.0,
0.0 0.0 0.0,
0.0 0.0 0.0,
0.0 0.0 0.0,
0.0 0.0 0.0,
0.0 0.0 0.0,
0.0 0.0 0.0,
0.0 0.0 0.0,
0.0 0.0 0.0,
0.0 0.0 0.0,
0.0 0.0 0.0,
0.0 0.0 0.0,
0.0 0.0 0.0,
0.0 0.0 0.0,
0.0 0.0 0.0,
0.0 0.0 0.0,
0.0 0.0 0.0,
0.0 0.0 0.0,
0.0 0.0 0.0,
0.0 0.0 0.0,
0.0 0.0 0.0,
0.0 0.0 0.0,
0.0 0.0 0.0,
0.0 0.0 0.0,
0.0 0.0 0.0,
0.0 0.0 0.0,
0.0 0.0 0.0,
0.0 0.0 0.0,
0.0 0.0 0.0,
0.0 0.0 0.0,
0.0 0.0 0.0,
0.0 0.0 0.0,
0.0 0.0 0.0,
0.0 0.0 0.0,
0.0 0.0 0.0,
0.0 0.0 0.0,
0.0 0.0 0.0,
0.0 0.0 0.0,
0.0 0.0 0.0,
0.0 0.0 0.0,
0.0 0.0 0.0,
0.0 0.0 0.0,
0.0 0.0 0.0,
0.0 0.0 0.0,
0.0 0.0 0.0,
0.0 0.0 0.0,
0.0 0.0 0.0,
0.0 0.0 0.0,
0.0 0.0 0.0,
0.0 0.0 0.0,
0.0 0.0 0.0,
0.0 0.0 0.0,
0.0 0.0 0.0,
0.0 0.0 0.0,
0.0 0.0 0.0,
0.0 0.0 0.0,
0.0 0.0 0.0,
0.0 0.0 0.0,
0.0 0.0 0.0,
0.0 0.0 0.0,
0.0 0.0 0.0,
0.0 0.0 0.0,
0.0 0.0 0.0,
0.0 0.0 0.0,
0.0 0.0 0.0,
0.0 0.0 0.0,
0.0 0.0 0.0,
0.0 0.0 0.0,
0.0 0.0 0.0,
0.0 0.0 0.0,
0.0 0.0 0.0,
0.0 0.0 0.0,
0.0 0.0 0.0,
0.0 0.0 0.0,
0.0 0.0 0.0,
0.0 0.0 0.0,
0.0 0.0 0.0,
0.0 0.0 0.0,
0.0 0.0 0.0,
0.0 0.0 0.0,
0.0 0.0 0.0,
0.0 0.0 0.0,
0.0 0.0 0.0,
0.0 0.0 0.0,
0.0 0.0 0.0,
0.0 0.0 0.0,
0.0 0.0 0.0,
0.0 0.0 0.0,
0.0 0.0 0.0,
0.0 0.0 0.0,
0.0 0.0 0.0,
0.0 0.0 0.0,
0.0 0.0 0.0,
0.0 0.0 0.0,
0.0 0.0 0.0,
0.0 0.0 0.0,
0.0 0.0 0.0,
0.0 0.0 0.0,
0.0 0.0 0.0,
0.0 0.0 0.0,
0.0 0.0 0.0,
0.0 0.0 0.0,
0.0 0.0 0.0,
0.0 0.0 0.0,
0.0 0.0 0.0,
0.0 0.0 0.0,
0.0 0.0 0.0,
0.0 0.0 0.0,
0.0 0.0 0.0,
0.0 0.0 0.0,
0.0 0.0 0.0,
0.0 0.0 0.0,
0.0 0.0 0.0,
0.0 0.0 0.0,
0.0 0.0 0.0,
0.0 0.0 0.0,
0.0 0.0 0.0,
0.0 0.0 0.0,
0.0 0.0 0.0,
0.0 0.0 0.0,
0.0 0.0 0.0,
0.0 0.0 0.0,
0.0 0.0 0.0,
0.0 0.0 0.0,
0.0 0.0 0.0,
0.0 0.0 0.0,
0.0 0.0 0.0,
0.0 0.0 0.0,
0.0 0.0 0.0,
0.0 0.0 0.0,
0.0 0.0 0.0,
0.0 0.0 0.0,
0.0 0.0 0.0,
0.0 0.0 0.0,
0.0 0.0 0.0,
0.0 0.0 0.0,
0.0 0.0 0.0,
0.0 0.0 0.0,
0.0 0.0 0.0,
0.0 0.0 0.0,
0.0 0.0 0.0,
0.0 0.0 0.0,
0.0 0.0 0.0,
0.0 0.0 0.0,
0.0 0.0 0.0,
0.0 0.0 0.0,
0.0 0.0 0.0,
0.0 0.0 0.0,
0.0 0.0 0.0,
0.0 0.0 0.0,
0.0 0.0 0.0,
0.0 0.0 0.0,
0.0 0.0 0.0,
0.0 0.0 0.0,
0.0 0.0 0.0,
0.0 0.0 0.0,
0.0 0.0 0.0,
0.0 0.0 0.0,
0.0 0.0 0.0,
0.0 0.0 0.0,
0.0 0.0 0.0,
0.0 0.0 0.0,
0.0 0.0 0.0,
0.0 0.0 0.0,
0.0 0.0 0.0,
0.0 0.0 0.0,
0.0 0.0 0.0,
0.0 0.0 0.0,
0.0 0.0 0.0,
0.0 0.0 0.0,
0.0 0.0 0.0,
0.0 0.0 0.0,
0.0 0.0 0.0,
0.0 0.0 0.0,
0.0 0.0 0.0,
0.0 0.0 0.0,
0.0 0.0 0.0,
0.0 0.0 0.0,
0.0 0.0 0.0,
0.0 0.0 0.0,
0.0 0.0 0.0,
0.0 0.0 0.0,
0.0 0.0 0.0,
0.0 0.0 0.0,
0.0 0.0 0.0,
0.0 0.0 0.0,
0.0 0.0 0.0,
0.0 0.0 0.0,
0.0 0.0 0.0,
0.0 0.0 0.0,
0.0 0.0 0.0,
0.0 0.0 0.0,
0.0 0.0 0.0,
0.0 0.0 0.0,
0.0 0.0 0.0,
0.0 0.0 0.0,
0.0 0.0 0.0,
0.0 0.0 0.0,
0.0 0.0 0.0,
0.0 0.0 0.0,
0.0 0.0 0.0,
0.0 0.0 0.0,
0.0 0.0 0.0,
0.0 0.0 0.0,
0.0 0.0 0.0,
0.0 0.0 0.0,
0.0 0.0 0.0,
0.0 0.0 0.0,
0.0 0.0 0.0,
0.0 0.0 0.0,
0.0 0.0 0.0,
0.0 0.0 0.0,
0.0 0.0 0.0,
0.0 0.0 0.0,
0.0 0.0 0.0,
0.0 0.0 0.0,
0.0 0.0 0.0,
0.0 0.0 0.0,
0.0 0.0 0.0,
0.0 0.0 0.0,
0.0 0.0 0.0,
0.0 0.0 0.0,
0.0 0.0 0.0,
0.0 0.0 0.0,
0.0 0.0 0.0,
0.0 0.0 0.0,
0.0 0.0 0.0,
0.0 0.0 0.0,
0.0 0.0 0.0,
0.0 0.0 0.0,
0.0 0.0 0.0,
0.0 0.0 0.0,
0.0 0.0 0.0,
0.0 0.0 0.0,
0.0 0.0 0.0,
0.0 0.0 0.0,
0.0 0.0 0.0,
0.0 0.0 0.0,
0.0 0.0 0.0,
0.0 0.0 0.0,
0.0 0.0 0.0,
0.0 0.0 0.0,
0.0 0.0 0.0,
0.0 0.0 0.0,
0.0 0.0 0.0,
0.0 0.0 0.0,
0.0 0.0 0.0,
0.0 0.0 0.0,
0.0 0.0 0.0,
0.0 0.0 0.0,
0.0 0.0 0.0,
0.0 0.0 0.0,
0.0 0.0 0.0,
0.0 0.0 0.0,
0.0 0.0 0.0,
0.0 0.0 0.0,
0.0 0.0 0.0,
0.0 0.0 0.0,
0.0 0.0 0.0,
0.0 0.0 0.0,
0.0 0.0 0.0,
0.0 0.0 0.0,
0.0 0.0 0.0,
0.0 0.0 0.0,
0.0 0.0 0.0,
0.0 0.0 0.0,
0.0 0.0 0.0,
0.0 0.0 0.0,
0.0 0.0 0.0,
0.0 0.0 0.0,
0.0 0.0 0.0,
0.0 0.0 0.0,
0.0 0.0 0.0,
0.0 0.0 0.0,
0.0 0.0 0.0,
0.0 0.0 0.0,
0.0 0.0 0.0,
0.0 0.0 0.0,
0.0 0.0 0.0,
0.0 0.0 0.0,
0.0 0.0 0.0,
0.0 0.0 0.0,
0.0 0.0 0.0,
0.0 0.0 0.0,
0.0 0.0 0.0,
0.0 0.0 0.0,
0.0 0.0 0.0,
0.0 0.0 0.0,
0.0 0.0 0.0,
0.0 0.0 0.0,
0.0 0.0 0.0,
0.0 0.0 0.0,
0.0 0.0 0.0,
0.0 0.0 0.0,
0.0 0.0 0.0,
0.0 0.0 0.0,
0.0 0.0 0.0,
0.0 0.0 0.0,
0.0 0.0 0.0,
0.0 0.0 0.0,
0.0 0.0 0.0,
0.0 0.0 0.0,
0.0 0.0 0.0,
0.0 0.0 0.0,
0.0 0.0 0.0,
0.0 0.0 0.0,
0.0 0.0 0.0,
0.0 0.0 0.0,
0.0 0.0 0.0,
0.0 0.0 0.0,
0.0 0.0 0.0,
0.0 0.0 0.0,
0.0 0.0 0.0,
0.0 0.0 0.0,
0.0 0.0 0.0,
0.0 0.0 0.0,
0.0 0.0 0.0,
0.0 0.0 0.0,
0.0 0.0 0.0,
0.0 0.0 0.0,
0.0 0.0 0.0,
0.0 0.0 0.0,
0.0 0.0 0.0,
0.0 0.0 0.0,
0.0 0.0 0.0,
0.0 0.0 0.0,
0.0 0.0 0.0,
0.0 0.0 0.0,
0.0 0.0 0.0,
0.0 0.0 0.0,
0.0 0.0 0.0,
0.0 0.0 0.0,
0.0 0.0 0.0,
0.0 0.0 0.0,
0.0 0.0 0.0,
0.0 0.0 0.0,
0.0 0.0 0.0,
0.0 0.0 0.0,
0.0 0.0 0.0,
0.0 0.0 0.0,
0.0 0.0 0.0,
0.0 0.0 0.0,
0.0 0.0 0.0,
0.0 0.0 0.0,
0.0 0.0 0.0,
0.0 0.0 0.0,
0.0 0.0 0.0,
0.0 0.0 0.0,
0.0 0.0 0.0,
0.0 0.0 0.0,
0.0 0.0 0.0,
0.0 0.0 0.0,
0.0 0.0 0.0,
0.0 0.0 0.0,
0.0 0.0 0.0,
0.0 0.0 0.0,
0.0 0.0 0.0,
0.0 0.0 0.0,
0.0 0.0 0.0,
0.0 0.0 0.0,
0.0 0.0 0.0,
0.0 0.0 0.0,
0.0 0.0 0.0,
0.0 0.0 0.0,
0.0 0.0 0.0,
0.0 0.0 0.0,
0.0 0.0 0.0,
0.0 0.0 0.0,
0.0 0.0 0.0,
0.0 0.0 0.0,
0.0 0.0 0.0,
0.0 0.0 0.0,
0.0 0.0 0.0,
0.0 0.0 0.0,
0.0 0.0 0.0,
0.0 0.0 0.0,
0.0 0.0 0.0,
0.0 0.0 0.0,
0.0 0.0 0.0,
0.0 0.0 0.0,
0.0 0.0 0.0,
0.0 0.0 0.0,
0.0 0.0 0.0,
0.0 0.0 0.0,
0.0 0.0 0.0,
0.0 0.0 0.0,
0.0 0.0 0.0,
0.0 0.0 0.0,
0.0 0.0 0.0,
0.0 0.0 0.0,
0.0 0.0 0.0,
0.0 0.0 0.0,
0.0 0.0 0.0,
0.0 0.0 0.0,
0.0 0.0 0.0,
0.0 0.0 0.0,
0.0 0.0 0.0,
0.0 0.0 0.0,
0.0 0.0 0.0,
0.0 0.0 0.0,
0.0 0.0 0.0,
0.0 0.0 0.0,
0.0 0.0 0.0,
0.0 0.0 0.0,
0.0 0.0 0.0,
0.0 0.0 0.0,
0.0 0.0 0.0,
0.0 0.0 0.0,
0.0 0.0 0.0,
0.0 0.0 0.0,
0.0 0.0 0.0,
0.0 0.0 0.0,
0.0 0.0 0.0,
0.0 0.0 0.0,
0.0 0.0 0.0,
0.0 0.0 0.0,
0.0 0.0 0.0,
0.0 0.0 0.0,
0.0 0.0 0.0,
0.0 0.0 0.0,
0.0 0.0 0.0,
0.0 0.0 0.0,
0.0 0.0 0.0,
0.0 0.0 0.0,
0.0 0.0 0.0,
0.0 0.0 0.0,
0.0 0.0 0.0,
0.0 0.0 0.0,
0.0 0.0 0.0,
0.0 0.0 0.0,
0.0 0.0 0.0,
0.0 0.0 0.0,
0.0 0.0 0.0,
0.0 0.0 0.0,
0.0 0.0 0.0,
0.0 0.0 0.0,
0.0 0.0 0.0,
0.0 0.0 0.0,
0.0 0.0 0.0,
0.0 0.0 0.0,
0.0 0.0 0.0,
0.0 0.0 0.0,
0.0 0.0 0.0,
0.0 0.0 0.0,
0.0 0.0 0.0,
0.0 0.0 0.0,
0.0 0.0 0.0,
0.0 0.0 0.0,
0.0 0.0 0.0,
0.0 0.0 0.0,
0.0 0.0 0.0,
0.0 0.0 0.0,
0.0 0.0 0.0,
0.0 0.0 0.0,
0.0 0.0 0.0,
0.0 0.0 0.0,
0.0 0.0 0.0,
0.0 0.0 0.0,
0.0 0.0 0.0,
0.0 0.0 0.0,
0.0 0.0 0.0,
0.0 0.0 0.0,
0.0 0.0 0.0,
0.0 0.0 0.0,
0.0 0.0 0.0,
0.0 0.0 0.0,
0.0 0.0 0.0,
0.0 0.0 0.0,
0.0 0.0 0.0,
0.0 0.0 0.0,
0.0 0.0 0.0,
0.0 0.0 0.0,
0.0 0.0 0.0,
0.0 0.0 0.0,
0.0 0.0 0.0,
0.0 0.0 0.0,
0.0 0.0 0.0,
0.0 0.0 0.0,
0.0 0.0 0.0,
0.0 0.0 0.0,
0.0 0.0 0.0,
0.0 0.0 0.0,
0.0 0.0 0.0,
0.0 0.0 0.0,
0.0 0.0 0.0,
0.0 0.0 0.0,
0.0 0.0 0.0,
0.0 0.0 0.0,
0.0 0.0 0.0,
0.0 0.0 0.0,
0.0 0.0 0.0,
0.0 0.0 0.0,
0.0 0.0 0.0,
0.0 0.0 0.0,
0.0 0.0 0.0,
0.0 0.0 0.0,
0.0 0.0 0.0,
0.0 0.0 0.0,
0.0 0.0 0.0,
0.0 0.0 0.0,
0.0 0.0 0.0,
0.0 0.0 0.0,
0.0 0.0 0.0,
0.0 0.0 0.0,
0.0 0.0 0.0,
0.0 0.0 0.0,
0.0 0.0 0.0,
0.0 0.0 0.0,
0.0 0.0 0.0,
0.0 0.0 0.0,
0.0 0.0 0.0,
0.0 0.0 0.0,
0.0 0.0 0.0,
0.0 0.0 0.0,
0.0 0.0 0.0,
0.0 0.0 0.0,
0.0 0.0 0.0,
0.0 0.0 0.0,
0.0 0.0 0.0,
0.0 0.0 0.0,
0.0 0.0 0.0,
0.0 0.0 0.0,
0.0 0.0 0.0,
0.0 0.0 0.0,
0.0 0.0 0.0,
0.0 0.0 0.0,
0.0 0.0 0.0,
0.0 0.0 0.0,
0.0 0.0 0.0,
0.0 0.0 0.0,
0.0 0.0 0.0,
0.0 0.0 0.0,
0.0 0.0 0.0,
0.0 0.0 0.0,
0.0 0.0 0.0,
0.0 0.0 0.0,
0.0 0.0 0.0,
0.0 0.0 0.0,
0.0 0.0 0.0,
0.0 0.0 0.0,
0.0 0.0 0.0,
0.0 0.0 0.0,
0.0 0.0 0.0,
0.0 0.0 0.0,
0.0 0.0 0.0,
0.0 0.0 0.0,
0.0 0.0 0.0,
0.0 0.0 0.0,
0.0 0.0 0.0,
0.0 0.0 0.0,
0.0 0.0 0.0,
0.0 0.0 0.0,
0.0 0.0 0.0,
0.0 0.0 0.0,
0.0 0.0 0.0,
0.0 0.0 0.0,
0.0 0.0 0.0,
0.0 0.0 0.0,
0.0 0.0 0.0,
0.0 0.0 0.0,
0.0 0.0 0.0,
0.0 0.0 0.0,
0.0 0.0 0.0,
0.0 0.0 0.0,
0.0 0.0 0.0,
0.0 0.0 0.0,
0.0 0.0 0.0,
0.0 0.0 0.0,
0.0 0.0 0.0,
0.0 0.0 0.0,
0.0 0.0 0.0,
0.0 0.0 0.0,
0.0 0.0 0.0,
0.0 0.0 0.0,
0.0 0.0 0.0,
0.0 0.0 0.0,
0.0 0.0 0.0,
0.0 0.0 0.0,
0.0 0.0 0.0,
0.0 0.0 0.0,
0.0 0.0 0.0,
0.0 0.0 0.0,
0.0 0.0 0.0,
0.0 0.0 0.0,
0.0 0.0 0.0,
0.0 0.0 0.0,
0.0 0.0 0.0,
0.0 0.0 0.0,
0.0 0.0 0.0,
0.0 0.0 0.0,
0.0 0.0 0.0,
0.0 0.0 0.0,
0.0 0.0 0.0,
0.0 0.0 0.0,
0.0 0.0 0.0,
0.0 0.0 0.0,
0.0 0.0 0.0,
0.0 0.0 0.0,
0.0 0.0 0.0,
0.0 0.0 0.0,
0.0 0.0 0.0,
0.0 0.0 0.0,
0.0 0.0 0.0,
0.0 0.0 0.0,
0.0 0.0 0.0,
0.0 0.0 0.0,
0.0 0.0 0.0,
0.0 0.0 0.0,
0.0 0.0 0.0,
0.0 0.0 0.0,
0.0 0.0 0.0,
0.0 0.0 0.0,
0.0 0.0 0.0,
0.0 0.0 0.0,
0.0 0.0 0.0,
0.0 0.0 0.0,
0.0 0.0 0.0,
0.0 0.0 0.0,
0.0 0.0 0.0,
0.0 0.0 0.0,
0.0 0.0 0.0,
0.0 0.0 0.0,
0.0 0.0 0.0,
0.0 0.0 0.0,
0.0 0.0 0.0,
0.0 0.0 0.0,
0.0 0.0 0.0,
0.0 0.0 0.0,
0.0 0.0 0.0,
0.0 0.0 0.0,
0.0 0.0 0.0,
0.0 0.0 0.0,
0.0 0.0 0.0,
0.0 0.0 0.0,
0.0 0.0 0.0,
0.0 0.0 0.0,
0.0 0.0 0.0,
0.0 0.0 0.0,
0.0 0.0 0.0,
0.0 0.0 0.0,
0.0 0.0 0.0,
0.0 0.0 0.0,
0.0 0.0 0.0,
0.0 0.0 0.0,
0.0 0.0 0.0,
0.0 0.0 0.0,
0.0 0.0 0.0,
0.0 0.0 0.0,
0.0 0.0 0.0,
0.0 0.0 0.0,
0.0 0.0 0.0,
0.0 0.0 0.0,
0.0 0.0 0.0,
0.0 0.0 0.0,
0.0 0.0 0.0,
0.0 0.0 0.0,
0.0 0.0 0.0,
0.0 0.0 0.0,
0.0 0.0 0.0,
0.0 0.0 0.0,
0.0 0.0 0.0,
0.0 0.0 0.0,
0.0 0.0 0.0,
0.0 0.0 0.0,
0.0 0.0 0.0,
0.0 0.0 0.0,
0.0 0.0 0.0,
0.0 0.0 0.0,
0.0 0.0 0.0,
0.0 0.0 0.0,
0.0 0.0 0.0,
0.0 0.0 0.0,
0.0 0.0 0.0,
0.0 0.0 0.0,
0.0 0.0 0.0,
0.0 0.0 0.0,
0.0 0.0 0.0,
0.0 0.0 0.0,
0.0 0.0 0.0,
0.0 0.0 0.0,
0.0 0.0 0.0,
0.0 0.0 0.0,
0.0 0.0 0.0,
0.0 0.0 0.0,
0.0 0.0 0.0,
0.0 0.0 0.0,
0.0 0.0 0.0,
0.0 0.0 0.0,
0.0 0.0 0.0,
0.0 0.0 0.0,
0.0 0.0 0.0,
0.0 0.0 0.0,
0.0 0.0 0.0,
0.0 0.0 0.0,
0.0 0.0 0.0,
0.0 0.0 0.0,
0.0 0.0 0.0,
0.0 0.0 0.0,
0.0 0.0 0.0,
0.0 0.0 0.0,
0.0 0.0 0.0,
0.0 0.0 0.0,
0.0 0.0 0.0,
0.0 0.0 0.0,
0.0 0.0 0.0,
0.0 0.0 0.0,
0.0 0.0 0.0,
0.0 0.0 0.0,
0.0 0.0 0.0,
0.0 0.0 0.0,
0.0 0.0 0.0,
0.0 0.0 0.0,
0.0 0.0 0.0,
0.0 0.0 0.0,
0.0 0.0 0.0,
0.0 0.0 0.0,
0.0 0.0 0.0,
0.0 0.0 0.0,
0.0 0.0 0.0,
0.0 0.0 0.0,
0.0 0.0 0.0,
0.0 0.0 0.0,
0.0 0.0 0.0,
0.0 0.0 0.0,
0.0 0.0 0.0,
0.0 0.0 0.0,
0.0 0.0 0.0,
0.0 0.0 0.0,
0.0 0.0 0.0,
0.0 0.0 0.0,
0.0 0.0 0.0,
0.0 0.0 0.0,
0.0 0.0 0.0,
0.0 0.0 0.0,
0.0 0.0 0.0,
0.0 0.0 0.0,
0.0 0.0 0.0,
0.0 0.0 0.0,
0.0 0.0 0.0,
0.0 0.0 0.0,
0.0 0.0 0.0,
0.0 0.0 0.0,
0.0 0.0 0.0,
0.0 0.0 0.0,
0.0 0.0 0.0,
0.0 0.0 0.0,
0.0 0.0 0.0,
0.0 0.0 0.0,
0.0 0.0 0.0,
0.0 0.0 0.0,
0.0 0.0 0.0,
0.0 0.0 0.0,
0.0 0.0 0.0,
0.0 0.0 0.0,
0.0 0.0 0.0,
0.0 0.0 0.0,
0.0 0.0 0.0,
0.0 0.0 0.0,
0.0 0.0 0.0,
0.0 0.0 0.0,
0.0 0.0 0.0,
0.0 0.0 0.0,
0.0 0.0 0.0,
0.0 0.0 0.0,
0.0 0.0 0.0,
0.0 0.0 0.0,
0.0 0.0 0.0,
0.0 0.0 0.0,
0.0 0.0 0.0,
0.0 0.0 0.0,
0.0 0.0 0.0,
0.0 0.0 0.0,
0.0 0.0 0.0,
0.0 0.0 0.0,
0.0 0.0 0.0,
0.0 0.0 0.0,
0.0 0.0 0.0,
0.0 0.0 0.0,
0.0 0.0 0.0,
0.0 0.0 0.0,
0.0 0.0 0.0,
0.0 0.0 0.0,
0.0 0.0 0.0,
0.0 0.0 0.0,
0.0 0.0 0.0,
0.0 0.0 0.0,
0.0 0.0 0.0,
0.0 0.0 0.0,
0.0 0.0 0.0,
0.0 0.0 0.0,
0.0 0.0 0.0,
0.0 0.0 0.0,
0.0 0.0 0.0,
0.0 0.0 0.0,
0.0 0.0 0.0,
0.0 0.0 0.0,
0.0 0.0 0.0,
0.0 0.0 0.0,
0.0 0.0 0.0,
0.0 0.0 0.0,
0.0 0.0 0.0,
0.0 0.0 0.0,
0.0 0.0 0.0,
0.0 0.0 0.0,
0.0 0.0 0.0,
0.0 0.0 0.0,
0.0 0.0 0.0,
0.0 0.0 0.0,
0.0 0.0 0.0,
0.0 0.0 0.0,
0.0 0.0 0.0,
0.0 0.0 0.0,
0.0 0.0 0.0,
0.0 0.0 0.0,
0.0 0.0 0.0,
0.0 0.0 0.0,
0.0 0.0 0.0,
0.0 0.0 0.0,
0.0 0.0 0.0,
0.0 0.0 0.0,
0.0 0.0 0.0,
0.0 0.0 0.0,
0.0 0.0 0.0,
0.0 0.0 0.0,
0.0 0.0 0.0,
0.0 0.0 0.0,
0.0 0.0 0.0,
0.0 0.0 0.0,
0.0 0.0 0.0,
0.0 0.0 0.0,
0.0 0.0 0.0,
0.0 0.0 0.0,
0.0 0.0 0.0,
0.0 0.0 0.0,
0.0 0.0 0.0,
0.0 0.0 0.0,
0.0 0.0 0.0,
0.0 0.0 0.0,
0.0 0.0 0.0,
0.0 0.0 0.0,
0.0 0.0 0.0,
0.0 0.0 0.0,
0.0 0.0 0.0,
0.0 0.0 0.0,
0.0 0.0 0.0,
0.0 0.0 0.0,
0.0 0.0 0.0,
0.0 0.0 0.0,
0.0 0.0 0.0,
0.0 0.0 0.0,
0.0 0.0 0.0,
0.0 0.0 0.0,
0.0 0.0 0.0,
0.0 0.0 0.0,
0.0 0.0 0.0,
0.0 0.0 0.0,
0.0 0.0 0.0,
0.0 0.0 0.0,
0.0 0.0 0.0,
0.0 0.0 0.0,
0.0 0.0 0.0,
0.0 0.0 0.0,
0.0 0.0 0.0,
0.0 0.0 0.0,
0.0 0.0 0.0,
0.0 0.0 0.0,
0.0 0.0 0.0,
0.0 0.0 0.0,
0.0 0.0 0.0,
0.0 0.0 0.0,
0.0 0.0 0.0,
0.0 0.0 0.0,
0.0 0.0 0.0,
0.0 0.0 0.0,
0.0 0.0 0.0,
0.0 0.0 0.0,
0.0 0.0 0.0,
0.0 0.0 0.0,
0.0 0.0 0.0,
0.0 0.0 0.0,
0.0 0.0 0.0,
0.0 0.0 0.0,
0.0 0.0 0.0,
0.0 0.0 0.0,
0.0 0.0 0.0,
0.0 0.0 0.0,
0.0 0.0 0.0,
0.0 0.0 0.0,
0.0 0.0 0.0,
0.0 0.0 0.0,
0.0 0.0 0.0,
0.0 0.0 0.0,
0.0 0.0 0.0,
0.0 0.0 0.0,
0.0 0.0 0.0,
0.0 0.0 0.0,
0.0 0.0 0.0,
0.0 0.0 0.0,
0.0 0.0 0.0,
0.0 0.0 0.0,
0.0 0.0 0.0,
0.0 0.0 0.0,
0.0 0.0 0.0,
0.0 0.0 0.0,
0.0 0.0 0.0,
0.0 0.0 0.0,
0.0 0.0 0.0,
0.0 0.0 0.0,
0.0 0.0 0.0,
0.0 0.0 0.0,
0.0 0.0 0.0,
0.0 0.0 0.0,
0.0 0.0 0.0,
0.0 0.0 0.0,
0.0 0.0 0.0,
0.0 0.0 0.0,
0.0 0.0 0.0,
0.0 0.0 0.0,
0.0 0.0 0.0,
0.0 0.0 0.0,
0.0 0.0 0.0,
0.0 0.0 0.0,
0.0 0.0 0.0,
0.0 0.0 0.0,
0.0 0.0 0.0,
0.0 0.0 0.0,
0.0 0.0 0.0,
0.0 0.0 0.0,
0.0 0.0 0.0,
0.0 0.0 0.0,
0.0 0.0 0.0,
0.0 0.0 0.0,
0.0 0.0 0.0,
0.0 0.0 0.0,
0.0 0.0 0.0,
0.0 0.0 0.0,
0.0 0.0 0.0,
0.0 0.0 0.0,
0.0 0.0 0.0,
0.0 0.0 0.0,
0.0 0.0 0.0,
0.0 0.0 0.0,
0.0 0.0 0.0,
0.0 0.0 0.0,
0.0 0.0 0.0,
0.0 0.0 0.0,
0.0 0.0 0.0,
0.0 0.0 0.0,
0.0 0.0 0.0,
0.0 0.0 0.0,
0.0 0.0 0.0,
0.0 0.0 0.0,
0.0 0.0 0.0,
0.0 0.0 0.0,
0.0 0.0 0.0,
0.0 0.0 0.0,
0.0 0.0 0.0,
0.0 0.0 0.0,
0.0 0.0 0.0,
0.0 0.0 0.0,
0.0 0.0 0.0,
0.0 0.0 0.0,
0.0 0.0 0.0,
0.0 0.0 0.0,
0.0 0.0 0.0,
0.0 0.0 0.0,
0.0 0.0 0.0,
0.0 0.0 0.0,
0.0 0.0 0.0,
0.0 0.0 0.0,
0.0 0.0 0.0,
0.0 0.0 0.0,
0.0 0.0 0.0,
0.0 0.0 0.0,
0.0 0.0 0.0,
0.0 0.0 0.0,
0.0 0.0 0.0,
0.0 0.0 0.0,
0.0 0.0 0.0,
0.0 0.0 0.0,
0.0 0.0 0.0,
0.0 0.0 0.0,
0.0 0.0 0.0,
0.0 0.0 0.0,
0.0 0.0 0.0,
0.0 0.0 0.0,
0.0 0.0 0.0,
0.0 0.0 0.0,
0.0 0.0 0.0,
0.0 0.0 0.0,
0.0 0.0 0.0,
0.0 0.0 0.0,
0.0 0.0 0.0,
0.0 0.0 0.0,
0.0 0.0 0.0,
0.0 0.0 0.0,
0.0 0.0 0.0,
0.0 0.0 0.0,
0.0 0.0 0.0,
0.0 0.0 0.0,
0.0 0.0 0.0,
0.0 0.0 0.0,
0.0 0.0 0.0,
0.0 0.0 0.0,
0.0 0.0 0.0,
0.0 0.0 0.0,
0.0 0.0 0.0,
0.0 0.0 0.0,
0.0 0.0 0.0,
0.0 0.0 0.0,
0.0 0.0 0.0,
0.0 0.0 0.0,
0.0 0.0 0.0,
0.0 0.0 0.0,
0.0 0.0 0.0,
0.0 0.0 0.0,
0.0 0.0 0.0,
0.0 0.0 0.0,
0.0 0.0 0.0,
0.0 0.0 0.0,
0.0 0.0 0.0,
0.0 0.0 0.0,
0.0 0.0 0.0,
0.0 0.0 0.0,
0.0 0.0 0.0,
0.0 0.0 0.0,
0.0 0.0 0.0,
0.0 0.0 0.0,
0.0 0.0 0.0,
0.0 0.0 0.0,
0.0 0.0 0.0,
0.0 0.0 0.0,
0.0 0.0 0.0,
0.0 0.0 0.0,
0.0 0.0 0.0,
0.0 0.0 0.0,
0.0 0.0 0.0,
0.0 0.0 0.0,
0.0 0.0 0.0,
0.0 0.0 0.0,
0.0 0.0 0.0,
0.0 0.0 0.0,
0.0 0.0 0.0,
0.0 0.0 0.0,
0.0 0.0 0.0,
0.0 0.0 0.0,
0.0 0.0 0.0,
0.0 0.0 0.0,
0.0 0.0 0.0,
0.0 0.0 0.0,
0.0 0.0 0.0,
0.0 0.0 0.0,
0.0 0.0 0.0,
0.0 0.0 0.0,
0.0 0.0 0.0,
0.0 0.0 0.0,
0.0 0.0 0.0,
0.0 0.0 0.0,
0.0 0.0 0.0,
0.0 0.0 0.0,
0.0 0.0 0.0,
0.0 0.0 0.0,
0.0 0.0 0.0,
0.0 0.0 0.0,
0.0 0.0 0.0,
0.0 0.0 0.0,
0.0 0.0 0.0,
0.0 0.0 0.0,
0.0 0.0 0.0,
0.0 0.0 0.0,
0.0 0.0 0.0,
0.0 0.0 0.0,
0.0 0.0 0.0,
0.0 0.0 0.0,
0.0 0.0 0.0,
0.0 0.0 0.0,
0.0 0.0 0.0,
0.0 0.0 0.0,
0.0 0.0 0.0,
0.0 0.0 0.0,
0.0 0.0 0.0,
0.0 0.0 0.0,
0.0 0.0 0.0,
0.0 0.0 0.0,
0.0 0.0 0.0,
0.0 0.0 0.0,
0.0 0.0 0.0,
0.0 0.0 0.0,
0.0 0.0 0.0,
0.0 0.0 0.0,
0.0 0.0 0.0,
0.0 0.0 0.0,
0.0 0.0 0.0,
0.0 0.0 0.0,
0.0 0.0 0.0,
0.0 0.0 0.0,
0.0 0.0 0.0,
0.0 0.0 0.0,
0.0 0.0 0.0,
0.0 0.0 0.0,
0.0 0.0 0.0,
0.0 0.0 0.0,
0.0 0.0 0.0,
0.0 0.0 0.0,
0.0 0.0 0.0,
0.0 0.0 0.0,
0.0 0.0 0.0,
0.0 0.0 0.0,
0.0 0.0 0.0,
0.0 0.0 0.0,
0.0 0.0 0.0,
0.0 0.0 0.0,
0.0 0.0 0.0,
0.0 0.0 0.0,
0.0 0.0 0.0,
0.0 0.0 0.0,
0.0 0.0 0.0,
0.0 0.0 0.0,
0.0 0.0 0.0,
0.0 0.0 0.0,
0.0 0.0 0.0,
0.0 0.0 0.0,
0.0 0.0 0.0,
0.0 0.0 0.0,
0.0 0.0 0.0,
0.0 0.0 0.0,
0.0 0.0 0.0,
0.0 0.0 0.0,
0.0 0.0 0.0,
0.0 0.0 0.0,
0.0 0.0 0.0,
0.0 0.0 0.0,
0.0 0.0 0.0,
0.0 0.0 0.0,
0.0 0.0 0.0,
0.0 0.0 0.0,
0.0 0.0 0.0,
0.0 0.0 0.0,
0.0 0.0 0.0,
0.0 0.0 0.0,
0.0 0.0 0.0,
0.0 0.0 0.0,
0.0 0.0 0.0,
0.0 0.0 0.0,
0.0 0.0 0.0,
0.0 0.0 0.0,
0.0 0.0 0.0,
0.0 0.0 0.0,
0.0 0.0 0.0,
0.0 0.0 0.0,
0.0 0.0 0.0,
0.0 0.0 0.0,
0.0 0.0 0.0,
0.0 0.0 0.0,
0.0 0.0 0.0,
0.0 0.0 0.0,
0.0 0.0 0.0,
0.0 0.0 0.0,
0.0 0.0 0.0,
0.0 0.0 0.0,
0.0 0.0 0.0,
0.0 0.0 0.0,
0.0 0.0 0.0,
0.0 0.0 0.0,
0.0 0.0 0.0,
0.0 0.0 0.0,
0.0 0.0 0.0,
0.0 0.0 0.0,
0.0 0.0 0.0,
0.0 0.0 0.0,
0.0 0.0 0.0,
0.0 0.0 0.0,
0.0 0.0 0.0,
0.0 0.0 0.0,
0.0 0.0 0.0,
0.0 0.0 0.0,
0.0 0.0 0.0,
0.0 0.0 0.0,
0.0 0.0 0.0,
0.0 0.0 0.0,
0.0 0.0 0.0,
0.0 0.0 0.0,
0.0 0.0 0.0,
0.0 0.0 0.0,
0.0 0.0 0.0,
0.0 0.0 0.0,
0.0 0.0 0.0,
0.0 0.0 0.0,
0.0 0.0 0.0,
0.0 0.0 0.0,
0.0 0.0 0.0,
0.0 0.0 0.0,
0.0 0.0 0.0,
0.0 0.0 0.0,
0.0 0.0 0.0,
0.0 0.0 0.0,
0.0 0.0 0.0,
0.0 0.0 0.0,
0.0 0.0 0.0,
0.0 0.0 0.0,
0.0 0.0 0.0,
0.0 0.0 0.0,
0.0 0.0 0.0,
0.0 0.0 0.0,
0.0 0.0 0.0,
0.0 0.0 0.0,
0.0 0.0 0.0,
0.0 0.0 0.0,
0.0 0.0 0.0,
0.0 0.0 0.0,
0.0 0.0 0.0,
0.0 0.0 0.0,
0.0 0.0 0.0,
0.0 0.0 0.0,
0.0 0.0 0.0,
0.0 0.0 0.0,
0.0 0.0 0.0,
0.0 0.0 0.0,
0.0 0.0 0.0,
0.0 0.0 0.0,
0.0 0.0 0.0,
0.0 0.0 0.0,
0.0 0.0 0.0,
0.0 0.0 0.0,
0.0 0.0 0.0,
0.0 0.0 0.0,
0.0 0.0 0.0,
0.0 0.0 0.0,
0.0 0.0 0.0,
0.0 0.0 0.0,
0.0 0.0 0.0,
0.0 0.0 0.0,
0.0 0.0 0.0,
0.0 0.0 0.0,
0.0 0.0 0.0,
0.0 0.0 0.0,
0.0 0.0 0.0,
0.0 0.0 0.0,
0.0 0.0 0.0,
0.0 0.0 0.0,
0.0 0.0 0.0,
0.0 0.0 0.0,
0.0 0.0 0.0,
0.0 0.0 0.0,
0.0 0.0 0.0,
0.0 0.0 0.0,
0.0 0.0 0.0,
0.0 0.0 0.0,
0.0 0.0 0.0,
0.0 0.0 0.0,
0.0 0.0 0.0,
0.0 0.0 0.0,
0.0 0.0 0.0,
0.0 0.0 0.0,
0.0 0.0 0.0,
0.0 0.0 0.0,
0.0 0.0 0.0,
0.0 0.0 0.0,
0.0 0.0 0.0,
0.0 0.0 0.0,
0.0 0.0 0.0,
0.0 0.0 0.0,
0.0 0.0 0.0,
0.0 0.0 0.0,
0.0 0.0 0.0,
0.0 0.0 0.0,
0.0 0.0 0.0,
0.0 0.0 0.0,
0.0 0.0 0.0,
0.0 0.0 0.0,
0.0 0.0 0.0,
0.0 0.0 0.0,
0.0 0.0 0.0,
0.0 0.0 0.0,
0.0 0.0 0.0,
0.0 0.0 0.0,
0.0 0.0 0.0,
0.0 0.0 0.0,
0.0 0.0 0.0,
0.0 0.0 0.0,
0.0 0.0 0.0,
0.0 0.0 0.0,
0.0 0.0 0.0,
0.0 0.0 0.0,
0.0 0.0 0.0,
0.0 0.0 0.0,
0.0 0.0 0.0,
0.0 0.0 0.0,
0.0 0.0 0.0,
0.0 0.0 0.0,
0.0 0.0 0.0,
0.0 0.0 0.0,
0.0 0.0 0.0,
0.0 0.0 0.0,
0.0 0.0 0.0,
0.0 0.0 0.0,
0.0 0.0 0.0,
0.0 0.0 0.0,
0.0 0.0 0.0,
0.0 0.0 0.0,
0.0 0.0 0.0,
0.0 0.0 0.0,
0.0 0.0 0.0,
0.0 0.0 0.0,
0.0 0.0 0.0,
0.0 0.0 0.0,
0.0 0.0 0.0,
0.0 0.0 0.0,
0.0 0.0 0.0,
0.0 0.0 0.0,
0.0 0.0 0.0,
0.0 0.0 0.0,
0.0 0.0 0.0,
0.0 0.0 0.0,
0.0 0.0 0.0,
0.0 0.0 0.0,
0.0 0.0 0.0,
0.0 0.0 0.0,
0.0 0.0 0.0,
0.0 0.0 0.0,
0.0 0.0 0.0,
0.0 0.0 0.0,
0.0 0.0 0.0,
0.0 0.0 0.0,
0.0 0.0 0.0,
0.0 0.0 0.0,
0.0 0.0 0.0,
0.0 0.0 0.0,
0.0 0.0 0.0,
0.0 0.0 0.0,
0.0 0.0 0.0,
0.0 0.0 0.0,
0.0 0.0 0.0,
0.0 0.0 0.0,
0.0 0.0 0.0,
0.0 0.0 0.0,
0.0 0.0 0.0,
0.0 0.0 0.0,
0.0 0.0 0.0,
0.0 0.0 0.0,
0.0 0.0 0.0,
0.0 0.0 0.0,
0.0 0.0 0.0,
0.0 0.0 0.0,
0.0 0.0 0.0,
0.0 0.0 0.0,
0.0 0.0 0.0,
0.0 0.0 0.0,
0.0 0.0 0.0,
0.0 0.0 0.0,
0.0 0.0 0.0,
0.0 0.0 0.0,
0.0 0.0 0.0,
0.0 0.0 0.0,
0.0 0.0 0.0,
0.0 0.0 0.0,
0.0 0.0 0.0,
0.0 0.0 0.0,
0.0 0.0 0.0,
0.0 0.0 0.0,
0.0 0.0 0.0,
0.0 0.0 0.0,
0.0 0.0 0.0,
0.0 0.0 0.0,
0.0 0.0 0.0,
0.0 0.0 0.0,
0.0 0.0 0.0,
0.0 0.0 0.0,
0.0 0.0 0.0,
0.0 0.0 0.0,
0.0 0.0 0.0,
0.0 0.0 0.0,
0.0 0.0 0.0,
0.0 0.0 0.0,
0.0 0.0 0.0,
0.0 0.0 0.0,
0.0 0.0 0.0,
0.0 0.0 0.0,
0.0 0.0 0.0,
0.0 0.0 0.0,
0.0 0.0 0.0,
0.0 0.0 0.0,
0.0 0.0 0.0,
0.0 0.0 0.0,
0.0 0.0 0.0,
0.0 0.0 0.0,
0.0 0.0 0.0,
0.0 0.0 0.0,
0.0 0.0 0.0,
0.0 0.0 0.0,
0.0 0.0 0.0,
0.0 0.0 0.0,
0.0 0.0 0.0,
0.0 0.0 0.0,
0.0 0.0 0.0,
0.0 0.0 0.0,
0.0 0.0 0.0,
0.0 0.0 0.0,
0.0 0.0 0.0,
0.0 0.0 0.0,
0.0 0.0 0.0,
0.0 0.0 0.0,
0.0 0.0 0.0,
0.0 0.0 0.0,
0.0 0.0 0.0,
0.0 0.0 0.0,
0.0 0.0 0.0,
0.0 0.0 0.0,
0.0 0.0 0.0,
0.0 0.0 0.0,
0.0 0.0 0.0,
0.0 0.0 0.0,
0.0 0.0 0.0,
0.0 0.0 0.0,
0.0 0.0 0.0,
0.0 0.0 0.0,
0.0 0.0 0.0,
0.0 0.0 0.0,
0.0 0.0 0.0,
0.0 0.0 0.0,
0.0 0.0 0.0,
0.0 0.0 0.0,
0.0 0.0 0.0,
0.0 0.0 0.0,
0.0 0.0 0.0,
0.0 0.0 0.0,
0.0 0.0 0.0,
0.0 0.0 0.0,
0.0 0.0 0.0,
0.0 0.0 0.0,
0.0 0.0 0.0,
0.0 0.0 0.0,
0.0 0.0 0.0,
0.0 0.0 0.0,
0.0 0.0 0.0,
0.0 0.0 0.0,
0.0 0.0 0.0,
0.0 0.0 0.0,
0.0 0.0 0.0,
0.0 0.0 0.0,
0.0 0.0 0.0,
0.0 0.0 0.0,
0.0 0.0 0.0,
0.0 0.0 0.0,
0.0 0.0 0.0,
0.0 0.0 0.0,
0.0 0.0 0.0,
0.0 0.0 0.0,
0.0 0.0 0.0,
0.0 0.0 0.0,
0.0 0.0 0.0,
0.0 0.0 0.0,
0.0 0.0 0.0,
0.0 0.0 0.0,
0.0 0.0 0.0,
0.0 0.0 0.0,
0.0 0.0 0.0,
0.0 0.0 0.0,
0.0 0.0 0.0,
0.0 0.0 0.0,
0.0 0.0 0.0,
0.0 0.0 0.0,
0.0 0.0 0.0,
0.0 0.0 0.0,
0.0 0.0 0.0,
0.0 0.0 0.0,
0.0 0.0 0.0,
0.0 0.0 0.0,
0.0 0.0 0.0,
0.0 0.0 0.0,
0.0 0.0 0.0,
0.0 0.0 0.0,
0.0 0.0 0.0,
0.0 0.0 0.0,
0.0 0.0 0.0,
0.0 0.0 0.0,
0.0 0.0 0.0,
0.0 0.0 0.0,
0.0 0.0 0.0,
0.0 0.0 0.0,
0.0 0.0 0.0,
0.0 0.0 0.0,
0.0 0.0 0.0,
0.0 0.0 0.0,
0.0 0.0 0.0,
0.0 0.0 0.0,
0.0 0.0 0.0,
0.0 0.0 0.0,
0.0 0.0 0.0,
0.0 0.0 0.0,
0.0 0.0 0.0,
0.0 0.0 0.0,
0.0 0.0 0.0,
0.0 0.0 0.0,
0.0 0.0 0.0,
0.0 0.0 0.0,
0.0 0.0 0.0,
0.0 0.0 0.0,
0.0 0.0 0.0,
0.0 0.0 0.0,
0.0 0.0 0.0,
0.0 0.0 0.0,
0.0 0.0 0.0,
0.0 0.0 0.0,
0.0 0.0 0.0,
0.0 0.0 0.0,
0.0 0.0 0.0,
0.0 0.0 0.0,
0.0 0.0 0.0,
0.0 0.0 0.0,
0.0 0.0 0.0,
0.0 0.0 0.0,
0.0 0.0 0.0,
0.0 0.0 0.0,
0.0 0.0 0.0,
0.0 0.0 0.0,
0.0 0.0 0.0,
0.0 0.0 0.0,
0.0 0.0 0.0,
0.0 0.0 0.0,
0.0 0.0 0.0,
0.0 0.0 0.0,
0.0 0.0 0.0,
0.0 0.0 0.0,
0.0 0.0 0.0,
0.0 0.0 0.0,
0.0 0.0 0.0,
0.0 0.0 0.0,
0.0 0.0 0.0,
0.0 0.0 0.0,
0.0 0.0 0.0,
0.0 0.0 0.0,
0.0 0.0 0.0,
0.0 0.0 0.0,
0.0 0.0 0.0,
0.0 0.0 0.0,
0.0 0.0 0.0,
0.0 0.0 0.0,
0.0 0.0 0.0,
0.0 0.0 0.0,
0.0 0.0 0.0,
0.0 0.0 0.0,
0.0 0.0 0.0,
0.0 0.0 0.0,
0.0 0.0 0.0,
0.0 0.0 0.0,
0.0 0.0 0.0,
0.0 0.0 0.0,
0.0 0.0 0.0,
0.0 0.0 0.0,
0.0 0.0 0.0,
0.0 0.0 0.0,
0.0 0.0 0.0,
0.0 0.0 0.0,
0.0 0.0 0.0,
0.0 0.0 0.0,
0.0 0.0 0.0,
0.0 0.0 0.0,
0.0 0.0 0.0,
0.0 0.0 0.0,
0.0 0.0 0.0,
0.0 0.0 0.0,
0.0 0.0 0.0,
0.0 0.0 0.0,
0.0 0.0 0.0,
0.0 0.0 0.0,
0.0 0.0 0.0,
0.0 0.0 0.0,
0.0 0.0 0.0,
0.0 0.0 0.0,
0.0 0.0 0.0,
0.0 0.0 0.0,
0.0 0.0 0.0,
0.0 0.0 0.0,
0.0 0.0 0.0,
0.0 0.0 0.0,
0.0 0.0 0.0,
0.0 0.0 0.0,
0.0 0.0 0.0,
0.0 0.0 0.0,
0.0 0.0 0.0,
0.0 0.0 0.0,
0.0 0.0 0.0,
0.0 0.0 0.0,
0.0 0.0 0.0,
0.0 0.0 0.0,
0.0 0.0 0.0,
0.0 0.0 0.0,
0.0 0.0 0.0,
0.0 0.0 0.0,
0.0 0.0 0.0,
0.0 0.0 0.0,
0.0 0.0 0.0,
0.0 0.0 0.0,
0.0 0.0 0.0,
0.0 0.0 0.0,
0.0 0.0 0.0,
0.0 0.0 0.0,
0.0 0.0 0.0,
0.0 0.0 0.0,
0.0 0.0 0.0,
0.0 0.0 0.0,
0.0 0.0 0.0,
0.0 0.0 0.0,
0.0 0.0 0.0,
0.0 0.0 0.0,
0.0 0.0 0.0,
0.0 0.0 0.0,
0.0 0.0 0.0,
0.0 0.0 0.0,
0.0 0.0 0.0,
0.0 0.0 0.0,
0.0 0.0 0.0,
0.0 0.0 0.0,
0.0 0.0 0.0,
0.0 0.0 0.0,
0.0 0.0 0.0,
0.0 0.0 0.0,
0.0 0.0 0.0,
0.0 0.0 0.0,
0.0 0.0 0.0,
0.0 0.0 0.0,
0.0 0.0 0.0,
0.0 0.0 0.0,
0.0 0.0 0.0,
0.0 0.0 0.0,
0.0 0.0 0.0,
0.0 0.0 0.0,
0.0 0.0 0.0,
0.0 0.0 0.0,
0.0 0.0 0.0,
0.0 0.0 0.0,
0.0 0.0 0.0,
0.0 0.0 0.0,
0.0 0.0 0.0,
0.0 0.0 0.0,
0.0 0.0 0.0,
0.0 0.0 0.0,
0.0 0.0 0.0,
0.0 0.0 0.0,
0.0 0.0 0.0,
0.0 0.0 0.0,
0.0 0.0 0.0,
0.0 0.0 0.0,
0.0 0.0 0.0,
0.0 0.0 0.0,
0.0 0.0 0.0,
0.0 0.0 0.0,
0.0 0.0 0.0,
0.0 0.0 0.0,
0.0 0.0 0.0,
0.0 0.0 0.0,
0.0 0.0 0.0,
0.0 0.0 0.0,
0.0 0.0 0.0,
0.0 0.0 0.0,
0.0 0.0 0.0,
0.0 0.0 0.0,
0.0 0.0 0.0,
0.0 0.0 0.0,
0.0 0.0 0.0,
0.0 0.0 0.0,
0.0 0.0 0.0,
0.0 0.0 0.0,
0.0 0.0 0.0,
0.0 0.0 0.0,
0.0 0.0 0.0,
0.0 0.0 0.0,
0.0 0.0 0.0,
0.0 0.0 0.0,
0.0 0.0 0.0,
0.0 0.0 0.0,
0.0 0.0 0.0,
0.0 0.0 0.0,
0.0 0.0 0.0,
0.0 0.0 0.0,
0.0 0.0 0.0,
0.0 0.0 0.0,
0.0 0.0 0.0,
0.0 0.0 0.0,
0.0 0.0 0.0,
0.0 0.0 0.0,
0.0 0.0 0.0,
0.0 0.0 0.0,
0.0 0.0 0.0,
0.0 0.0 0.0,
0.0 0.0 0.0,
0.0 0.0 0.0,
0.0 0.0 0.0,
0.0 0.0 0.0,
0.0 0.0 0.0,
0.0 0.0 0.0,
0.0 0.0 0.0,
0.0 0.0 0.0,
0.0 0.0 0.0,
0.0 0.0 0.0,
0.0 0.0 0.0,
0.0 0.0 0.0,
0.0 0.0 0.0,
0.0 0.0 0.0,
0.0 0.0 0.0,
0.0 0.0 0.0,
0.0 0.0 0.0,
0.0 0.0 0.0,
0.0 0.0 0.0,
0.0 0.0 0.0,
0.0 0.0 0.0,
0.0 0.0 0.0,
0.0 0.0 0.0,
0.0 0.0 0.0,
0.0 0.0 0.0,
0.0 0.0 0.0,
0.0 0.0 0.0,
0.0 0.0 0.0,
0.0 0.0 0.0,
0.0 0.0 0.0,
0.0 0.0 0.0,
0.0 0.0 0.0,
0.0 0.0 0.0,
0.0 0.0 0.0,
0.0 0.0 0.0,
0.0 0.0 0.0,
0.0 0.0 0.0,
0.0 0.0 0.0,
0.0 0.0 0.0,
0.0 0.0 0.0,
0.0 0.0 0.0,
0.0 0.0 0.0,
0.0 0.0 0.0,
0.0 0.0 0.0,
0.0 0.0 0.0,
0.0 0.0 0.0,
0.0 0.0 0.0,
0.0 0.0 0.0,
0.0 0.0 0.0,
0.0 0.0 0.0,
0.0 0.0 0.0,
0.0 0.0 0.0,
0.0 0.0 0.0,
0.0 0.0 0.0,
0.0 0.0 0.0,
0.0 0.0 0.0,
0.0 0.0 0.0,
0.0 0.0 0.0,
0.0 0.0 0.0,
0.0 0.0 0.0,
0.0 0.0 0.0,
0.0 0.0 0.0,
0.0 0.0 0.0,
0.0 0.0 0.0,
0.0 0.0 0.0,
0.0 0.0 0.0,
0.0 0.0 0.0,
0.0 0.0 0.0,
0.0 0.0 0.0,
0.0 0.0 0.0,
0.0 0.0 0.0,
0.0 0.0 0.0,
0.0 0.0 0.0,
0.0 0.0 0.0,
0.0 0.0 0.0,
0.0 0.0 0.0,
0.0 0.0 0.0,
0.0 0.0 0.0,
0.0 0.0 0.0,
0.0 0.0 0.0,
0.0 0.0 0.0,
0.0 0.0 0.0,
0.0 0.0 0.0,
0.0 0.0 0.0,
0.0 0.0 0.0,
0.0 0.0 0.0,
0.0 0.0 0.0,
0.0 0.0 0.0,
0.0 0.0 0.0,
0.0 0.0 0.0,
0.0 0.0 0.0,
0.0 0.0 0.0,
0.0 0.0 0.0,
0.0 0.0 0.0,
0.0 0.0 0.0,
0.0 0.0 0.0,
0.0 0.0 0.0,
0.0 0.0 0.0,
0.0 0.0 0.0,
0.0 0.0 0.0,
0.0 0.0 0.0,
0.0 0.0 0.0,
0.0 0.0 0.0,
0.0 0.0 0.0,
0.0 0.0 0.0,
0.0 0.0 0.0,
0.0 0.0 0.0,
0.0 0.0 0.0,
0.0 0.0 0.0,
0.0 0.0 0.0,
0.0 0.0 0.0,
0.0 0.0 0.0,
0.0 0.0 0.0,
0.0 0.0 0.0,
0.0 0.0 0.0,
0.0 0.0 0.0,
0.0 0.0 0.0,
0.0 0.0 0.0,
0.0 0.0 0.0,
0.0 0.0 0.0,
0.0 0.0 0.0,
0.0 0.0 0.0,
0.0 0.0 0.0,
0.0 0.0 0.0,
0.0 0.0 0.0,
0.0 0.0 0.0,
0.0 0.0 0.0,
0.0 0.0 0.0,
0.0 0.0 0.0,
0.0 0.0 0.0,
0.0 0.0 0.0,
0.0 0.0 0.0,
0.0 0.0 0.0,
0.0 0.0 0.0,
0.0 0.0 0.0,
0.0 0.0 0.0,
0.0 0.0 0.0,
0.0 0.0 0.0,
0.0 0.0 0.0,
0.0 0.0 0.0,
0.0 0.0 0.0,
0.0 0.0 0.0,
0.0 0.0 0.0,
0.0 0.0 0.0,
0.0 0.0 0.0,
0.0 0.0 0.0,
0.0 0.0 0.0,
0.0 0.0 0.0,
0.0 0.0 0.0,
0.0 0.0 0.0,
0.0 0.0 0.0,
0.0 0.0 0.0,
0.0 0.0 0.0,
0.0 0.0 0.0,
0.0 0.0 0.0,
0.0 0.0 0.0,
0.0 0.0 0.0,
0.0 0.0 0.0,
0.0 0.0 0.0,
0.0 0.0 0.0,
0.0 0.0 0.0,
0.0 0.0 0.0,
0.0 0.0 0.0,
0.0 0.0 0.0,
0.0 0.0 0.0,
0.0 0.0 0.0,
0.0 0.0 0.0,
0.0 0.0 0.0,
0.0 0.0 0.0,
0.0 0.0 0.0,
0.0 0.0 0.0,
0.0 0.0 0.0,
0.0 0.0 0.0,
0.0 0.0 0.0,
0.0 0.0 0.0,
0.0 0.0 0.0,
0.0 0.0 0.0,
0.0 0.0 0.0,
0.0 0.0 0.0,
0.0 0.0 0.0,
0.0 0.0 0.0,
0.0 0.0 0.0,
0.0 0.0 0.0,
0.0 0.0 0.0,
0.0 0.0 0.0,
0.0 0.0 0.0,
0.0 0.0 0.0,
0.0 0.0 0.0,
0.0 0.0 0.0,
0.0 0.0 0.0,
0.0 0.0 0.0,
0.0 0.0 0.0,
0.0 0.0 0.0,
0.0 0.0 0.0,
0.0 0.0 0.0,
0.0 0.0 0.0,
0.0 0.0 0.0,
0.0 0.0 0.0,
0.0 0.0 0.0,
0.0 0.0 0.0,
0.0 0.0 0.0,
0.0 0.0 0.0,
0.0 0.0 0.0,
0.0 0.0 0.0,
0.0 0.0 0.0,
0.0 0.0 0.0,
0.0 0.0 0.0,
0.0 0.0 0.0,
0.0 0.0 0.0,
0.0 0.0 0.0,
0.0 0.0 0.0,
0.0 0.0 0.0,
0.0 0.0 0.0,
0.0 0.0 0.0,
0.0 0.0 0.0,
0.0 0.0 0.0,
0.0 0.0 0.0,
0.0 0.0 0.0,
0.0 0.0 0.0,
0.0 0.0 0.0,
0.0 0.0 0.0,
0.0 0.0 0.0,
0.0 0.0 0.0,
0.0 0.0 0.0,
0.0 0.0 0.0,
0.0 0.0 0.0,
0.0 0.0 0.0,
0.0 0.0 0.0,
0.0 0.0 0.0,
0.0 0.0 0.0,
0.0 0.0 0.0,
0.0 0.0 0.0,
0.0 0.0 0.0,
0.0 0.0 0.0,
0.0 0.0 0.0,
0.0 0.0 0.0,
0.0 0.0 0.0,
0.0 0.0 0.0,
0.0 0.0 0.0,
0.0 0.0 0.0,
0.0 0.0 0.0,
0.0 0.0 0.0,
0.0 0.0 0.0,
0.0 0.0 0.0,
0.0 0.0 0.0,
0.0 0.0 0.0,
0.0 0.0 0.0,
0.0 0.0 0.0,
0.0 0.0 0.0,
0.0 0.0 0.0,
0.0 0.0 0.0,
0.0 0.0 0.0,
0.0 0.0 0.0,
0.0 0.0 0.0,
0.0 0.0 0.0,
0.0 0.0 0.0,
0.0 0.0 0.0,
0.0 0.0 0.0,
0.0 0.0 0.0,
0.0 0.0 0.0,
0.0 0.0 0.0,
0.0 0.0 0.0,
0.0 0.0 0.0,
0.0 0.0 0.0,
0.0 0.0 0.0,
0.0 0.0 0.0,
0.0 0.0 0.0,
0.0 0.0 0.0,
0.0 0.0 0.0,
0.0 0.0 0.0,
0.0 0.0 0.0,
0.0 0.0 0.0,
0.0 0.0 0.0,
0.0 0.0 0.0,
0.0 0.0 0.0,
0.0 0.0 0.0,
0.0 0.0 0.0,
0.0 0.0 0.0,
0.0 0.0 0.0,
0.0 0.0 0.0,
0.0 0.0 0.0,
0.0 0.0 0.0,
0.0 0.0 0.0,
0.0 0.0 0.0,
0.0 0.0 0.0,
0.0 0.0 0.0,
0.0 0.0 0.0,
0.0 0.0 0.0,
0.0 0.0 0.0,
0.0 0.0 0.0,
0.0 0.0 0.0,
0.0 0.0 0.0,
0.0 0.0 0.0,
0.0 0.0 0.0,
0.0 0.0 0.0,
0.0 0.0 0.0,
0.0 0.0 0.0,
0.0 0.0 0.0,
0.0 0.0 0.0,
0.0 0.0 0.0,
0.0 0.0 0.0,
0.0 0.0 0.0,
0.0 0.0 0.0,
0.0 0.0 0.0,
0.0 0.0 0.0,
0.0 0.0 0.0,
0.0 0.0 0.0,
0.0 0.0 0.0,
0.0 0.0 0.0,
0.0 0.0 0.0,
0.0 0.0 0.0,
0.0 0.0 0.0,
0.0 0.0 0.0,
0.0 0.0 0.0,
0.0 0.0 0.0,
0.0 0.0 0.0,
0.0 0.0 0.0,
0.0 0.0 0.0,
0.0 0.0 0.0,
0.0 0.0 0.0,
0.0 0.0 0.0,
0.0 0.0 0.0,
0.0 0.0 0.0,
0.0 0.0 0.0,
0.0 0.0 0.0,
0.0 0.0 0.0,
0.0 0.0 0.0,
0.0 0.0 0.0,
0.0 0.0 0.0,
0.0 0.0 0.0,
0.0 0.0 0.0,
0.0 0.0 0.0,
0.0 0.0 0.0,
0.0 0.0 0.0,
0.0 0.0 0.0,
0.0 0.0 0.0,
0.0 0.0 0.0,
0.0 0.0 0.0,
0.0 0.0 0.0,
0.0 0.0 0.0,
0.0 0.0 0.0,
0.0 0.0 0.0,
0.0 0.0 0.0,
0.0 0.0 0.0,
0.0 0.0 0.0,
0.0 0.0 0.0,
0.0 0.0 0.0,
0.0 0.0 0.0,
0.0 0.0 0.0,
0.0 0.0 0.0,
0.0 0.0 0.0,
0.0 0.0 0.0,
0.0 0.0 0.0,
0.0 0.0 0.0,
0.0 0.0 0.0,
0.0 0.0 0.0,
0.0 0.0 0.0,
0.0 0.0 0.0,
0.0 0.0 0.0,
0.0 0.0 0.0,
0.0 0.0 0.0,
0.0 0.0 0.0,
0.0 0.0 0.0,
0.0 0.0 0.0,
0.0 0.0 0.0,
0.0 0.0 0.0,
0.0 0.0 0.0,
0.0 0.0 0.0,
0.0 0.0 0.0,
0.0 0.0 0.0,
0.0 0.0 0.0,
0.0 0.0 0.0,
0.0 0.0 0.0,
0.0 0.0 0.0,
0.0 0.0 0.0,
0.0 0.0 0.0,
0.0 0.0 0.0,
0.0 0.0 0.0,
0.0 0.0 0.0,
0.0 0.0 0.0,
0.0 0.0 0.0,
0.0 0.0 0.0,
0.0 0.0 0.0,
0.0 0.0 0.0,
0.0 0.0 0.0,
0.0 0.0 0.0,
0.0 0.0 0.0,
0.0 0.0 0.0,
0.0 0.0 0.0,
0.0 0.0 0.0,
0.0 0.0 0.0,
0.0 0.0 0.0,
0.0 0.0 0.0,
0.0 0.0 0.0,
0.0 0.0 0.0,
0.0 0.0 0.0,
0.0 0.0 0.0,
0.0 0.0 0.0,
0.0 0.0 0.0,
0.0 0.0 0.0,
0.0 0.0 0.0,
0.0 0.0 0.0,
0.0 0.0 0.0,
0.0 0.0 0.0,
0.0 0.0 0.0,
0.0 0.0 0.0,
0.0 0.0 0.0,
0.0 0.0 0.0,
0.0 0.0 0.0,
0.0 0.0 0.0,
0.0 0.0 0.0,
0.0 0.0 0.0,
0.0 0.0 0.0,
0.0 0.0 0.0,
0.0 0.0 0.0,
0.0 0.0 0.0,
0.0 0.0 0.0,
0.0 0.0 0.0,
0.0 0.0 0.0,
0.0 0.0 0.0,
0.0 0.0 0.0,
0.0 0.0 0.0,
0.0 0.0 0.0,
0.0 0.0 0.0,
0.0 0.0 0.0,
0.0 0.0 0.0,
0.0 0.0 0.0,
0.0 0.0 0.0,
0.0 0.0 0.0,
0.0 0.0 0.0,
0.0 0.0 0.0,
0.0 0.0 0.0,
0.0 0.0 0.0,
0.0 0.0 0.0,
0.0 0.0 0.0,
0.0 0.0 0.0,
0.0 0.0 0.0,
0.0 0.0 0.0,
0.0 0.0 0.0,
0.0 0.0 0.0,
0.0 0.0 0.0,
0.0 0.0 0.0,
0.0 0.0 0.0,
0.0 0.0 0.0,
0.0 0.0 0.0,
0.0 0.0 0.0,
0.0 0.0 0.0,
0.0 0.0 0.0,
0.0 0.0 0.0,
0.0 0.0 0.0,
0.0 0.0 0.0,
0.0 0.0 0.0,
0.0 0.0 0.0,
0.0 0.0 0.0,
0.0 0.0 0.0,
0.0 0.0 0.0,
0.0 0.0 0.0,
0.0 0.0 0.0,
0.0 0.0 0.0,
0.0 0.0 0.0,
0.0 0.0 0.0,
0.0 0.0 0.0,
0.0 0.0 0.0,
0.0 0.0 0.0,
0.0 0.0 0.0,
0.0 0.0 0.0,
0.0 0.0 0.0,
0.0 0.0 0.0,
0.0 0.0 0.0,
0.0 0.0 0.0,
0.0 0.0 0.0,
0.0 0.0 0.0,
0.0 0.0 0.0,
0.0 0.0 0.0,
0.0 0.0 0.0,
0.0 0.0 0.0,
0.0 0.0 0.0,
0.0 0.0 0.0,
0.0 0.0 0.0,
0.0 0.0 0.0,
0.0 0.0 0.0,
0.0 0.0 0.0,
0.0 0.0 0.0,
0.0 0.0 0.0,
0.0 0.0 0.0,
0.0 0.0 0.0,
0.0 0.0 0.0,
0.0 0.0 0.0,
0.0 0.0 0.0,
0.0 0.0 0.0,
0.0 0.0 0.0,
0.0 0.0 0.0,
0.0 0.0 0.0,
0.0 0.0 0.0,
0.0 0.0 0.0,
0.0 0.0 0.0,
0.0 0.0 0.0,
0.0 0.0 0.0,
0.0 0.0 0.0,
0.0 0.0 0.0,
0.0 0.0 0.0,
0.0 0.0 0.0,
0.0 0.0 0.0,
0.0 0.0 0.0,
0.0 0.0 0.0,
0.0 0.0 0.0,
0.0 0.0 0.0,
0.0 0.0 0.0,
0.0 0.0 0.0,
0.0 0.0 0.0,
0.0 0.0 0.0,
0.0 0.0 0.0,
0.0 0.0 0.0,
0.0 0.0 0.0,
0.0 0.0 0.0,
0.0 0.0 0.0,
0.0 0.0 0.0,
0.0 0.0 0.0,
0.0 0.0 0.0,
0.0 0.0 0.0,
0.0 0.0 0.0,
0.0 0.0 0.0,
0.0 0.0 0.0,
0.0 0.0 0.0,
0.0 0.0 0.0,
0.0 0.0 0.0,
0.0 0.0 0.0,
0.0 0.0 0.0,
0.0 0.0 0.0,
0.0 0.0 0.0,
0.0 0.0 0.0,
0.0 0.0 0.0,
0.0 0.0 0.0,
0.0 0.0 0.0,
0.0 0.0 0.0,
0.0 0.0 0.0,
0.0 0.0 0.0,
0.0 0.0 0.0,
0.0 0.0 0.0,
0.0 0.0 0.0,
0.0 0.0 0.0,
0.0 0.0 0.0,
0.0 0.0 0.0,
0.0 0.0 0.0,
0.0 0.0 0.0,
0.0 0.0 0.0,
0.0 0.0 0.0,
0.0 0.0 0.0,
0.0 0.0 0.0,
0.0 0.0 0.0,
0.0 0.0 0.0,
0.0 0.0 0.0,
0.0 0.0 0.0,
0.0 0.0 0.0,
0.0 0.0 0.0,
0.0 0.0 0.0,
0.0 0.0 0.0,
0.0 0.0 0.0,
0.0 0.0 0.0,
0.0 0.0 0.0,
0.0 0.0 0.0,
0.0 0.0 0.0,
0.0 0.0 0.0,
0.0 0.0 0.0,
0.0 0.0 0.0,
0.0 0.0 0.0,
0.0 0.0 0.0,
0.0 0.0 0.0,
0.0 0.0 0.0,
0.0 0.0 0.0,
0.0 0.0 0.0,
0.0 0.0 0.0,
0.0 0.0 0.0,
0.0 0.0 0.0,
0.0 0.0 0.0,
0.0 0.0 0.0,
0.0 0.0 0.0,
0.0 0.0 0.0,
0.0 0.0 0.0,
0.0 0.0 0.0,
0.0 0.0 0.0,
0.0 0.0 0.0,
0.0 0.0 0.0,
0.0 0.0 0.0,
0.0 0.0 0.0,
0.0 0.0 0.0,
0.0 0.0 0.0,
0.0 0.0 0.0,
0.0 0.0 0.0,
0.0 0.0 0.0,
0.0 0.0 0.0,
0.0 0.0 0.0,
0.0 0.0 0.0,
0.0 0.0 0.0,
0.0 0.0 0.0,
0.0 0.0 0.0,
0.0 0.0 0.0,
0.0 0.0 0.0,
0.0 0.0 0.0,
0.0 0.0 0.0,
0.0 0.0 0.0,
0.0 0.0 0.0,
0.0 0.0 0.0,
0.0 0.0 0.0,
0.0 0.0 0.0,
0.0 0.0 0.0,
0.0 0.0 0.0,
0.0 0.0 0.0,
0.0 0.0 0.0,
0.0 0.0 0.0,
0.0 0.0 0.0,
0.0 0.0 0.0,
0.0 0.0 0.0,
0.0 0.0 0.0,
0.0 0.0 0.0,
0.0 0.0 0.0,
0.0 0.0 0.0,
0.0 0.0 0.0,
0.0 0.0 0.0,
0.0 0.0 0.0,
0.0 0.0 0.0,
0.0 0.0 0.0,
0.0 0.0 0.0,
0.0 0.0 0.0,
0.0 0.0 0.0,
0.0 0.0 0.0,
0.0 0.0 0.0,
0.0 0.0 0.0,
0.0 0.0 0.0,
0.0 0.0 0.0,
0.0 0.0 0.0,
0.0 0.0 0.0,
0.0 0.0 0.0,
0.0 0.0 0.0,
0.0 0.0 0.0,
0.0 0.0 0.0,
0.0 0.0 0.0,
0.0 0.0 0.0,
0.0 0.0 0.0,
0.0 0.0 0.0,
0.0 0.0 0.0,
0.0 0.0 0.0,
0.0 0.0 0.0,
0.0 0.0 0.0,
0.0 0.0 0.0,
0.0 0.0 0.0,
0.0 0.0 0.0,
0.0 0.0 0.0,
0.0 0.0 0.0,
0.0 0.0 0.0,
0.0 0.0 0.0,
0.0 0.0 0.0,
0.0 0.0 0.0,
0.0 0.0 0.0,
0.0 0.0 0.0,
0.0 0.0 0.0,
0.0 0.0 0.0,
0.0 0.0 0.0,
0.0 0.0 0.0,
0.0 0.0 0.0,
0.0 0.0 0.0,
0.0 0.0 0.0,
0.0 0.0 0.0,
0.0 0.0 0.0,
0.0 0.0 0.0,
0.0 0.0 0.0,
0.0 0.0 0.0,
0.0 0.0 0.0,
0.0 0.0 0.0,
0.0 0.0 0.0,
0.0 0.0 0.0,
0.0 0.0 0.0,
0.0 0.0 0.0,
0.0 0.0 0.0,
0.0 0.0 0.0,
0.0 0.0 0.0,
0.0 0.0 0.0,
0.0 0.0 0.0,
0.0 0.0 0.0,
0.0 0.0 0.0,
0.0 0.0 0.0,
0.0 0.0 0.0,
0.0 0.0 0.0,
0.0 0.0 0.0,
0.0 0.0 0.0,
0.0 0.0 0.0,
0.0 0.0 0.0,
0.0 0.0 0.0,
0.0 0.0 0.0,
0.0 0.0 0.0,
0.0 0.0 0.0,
0.0 0.0 0.0,
0.0 0.0 0.0,
0.0 0.0 0.0,
0.0 0.0 0.0,
0.0 0.0 0.0,
0.0 0.0 0.0,
0.0 0.0 0.0,
0.0 0.0 0.0,
0.0 0.0 0.0,
0.0 0.0 0.0,
0.0 0.0 0.0,
0.0 0.0 0.0,
0.0 0.0 0.0,
0.0 0.0 0.0,
0.0 0.0 0.0,
0.0 0.0 0.0,
0.0 0.0 0.0,
0.0 0.0 0.0,
0.0 0.0 0.0,
0.0 0.0 0.0,
0.0 0.0 0.0,
0.0 0.0 0.0,
0.0 0.0 0.0,
0.0 0.0 0.0,
0.0 0.0 0.0,
0.0 0.0 0.0,
0.0 0.0 0.0,
0.0 0.0 0.0,
0.0 0.0 0.0,
0.0 0.0 0.0,
0.0 0.0 0.0,
0.0 0.0 0.0,
0.0 0.0 0.0,
0.0 0.0 0.0,
0.0 0.0 0.0,
0.0 0.0 0.0,
0.0 0.0 0.0,
0.0 0.0 0.0,
0.0 0.0 0.0,
0.0 0.0 0.0,
0.0 0.0 0.0,
0.0 0.0 0.0,
0.0 0.0 0.0,
0.0 0.0 0.0,
0.0 0.0 0.0,
0.0 0.0 0.0,
0.0 0.0 0.0,
0.0 0.0 0.0,
0.0 0.0 0.0,
0.0 0.0 0.0,
0.0 0.0 0.0,
0.0 0.0 0.0,
0.0 0.0 0.0,
0.0 0.0 0.0,
0.0 0.0 0.0,
0.0 0.0 0.0,
0.0 0.0 0.0,
0.0 0.0 0.0,
0.0 0.0 0.0,
0.0 0.0 0.0,
0.0 0.0 0.0,
0.0 0.0 0.0,
0.0 0.0 0.0,
0.0 0.0 0.0,
0.0 0.0 0.0,
0.0 0.0 0.0,
0.0 0.0 0.0,
0.0 0.0 0.0,
0.0 0.0 0.0,
0.0 0.0 0.0,
0.0 0.0 0.0,
0.0 0.0 0.0,
0.0 0.0 0.0,
0.0 0.0 0.0,
0.0 0.0 0.0,
0.0 0.0 0.0,
0.0 0.0 0.0,
0.0 0.0 0.0,
0.0 0.0 0.0,
0.0 0.0 0.0,
0.0 0.0 0.0,
0.0 0.0 0.0,
0.0 0.0 0.0,
0.0 0.0 0.0,
0.0 0.0 0.0,
0.0 0.0 0.0,
0.0 0.0 0.0,
0.0 0.0 0.0,
0.0 0.0 0.0,
0.0 0.0 0.0,
0.0 0.0 0.0,
0.0 0.0 0.0,
0.0 0.0 0.0,
0.0 0.0 0.0,
0.0 0.0 0.0,
0.0 0.0 0.0,
0.0 0.0 0.0,
0.0 0.0 0.0,
0.0 0.0 0.0,
0.0 0.0 0.0,
0.0 0.0 0.0,
0.0 0.0 0.0,
0.0 0.0 0.0,
0.0 0.0 0.0,
0.0 0.0 0.0,
0.0 0.0 0.0,
0.0 0.0 0.0,
0.0 0.0 0.0,
0.0 0.0 0.0,
0.0 0.0 0.0,
0.0 0.0 0.0,
0.0 0.0 0.0,
0.0 0.0 0.0,
0.0 0.0 0.0,
0.0 0.0 0.0,
0.0 0.0 0.0,
0.0 0.0 0.0,
0.0 0.0 0.0,
0.0 0.0 0.0,
0.0 0.0 0.0,
0.0 0.0 0.0,
0.0 0.0 0.0,
0.0 0.0 0.0,
0.0 0.0 0.0,
0.0 0.0 0.0,
0.0 0.0 0.0,
0.0 0.0 0.0,
0.0 0.0 0.0,
0.0 0.0 0.0,
0.0 0.0 0.0,
0.0 0.0 0.0,
0.0 0.0 0.0,
0.0 0.0 0.0,
0.0 0.0 0.0,
0.0 0.0 0.0,
0.0 0.0 0.0,
0.0 0.0 0.0,
0.0 0.0 0.0,
0.0 0.0 0.0,
0.0 0.0 0.0,
0.0 0.0 0.0,
0.0 0.0 0.0,
0.0 0.0 0.0,
0.0 0.0 0.0,
0.0 0.0 0.0,
0.0 0.0 0.0,
0.0 0.0 0.0,
0.0 0.0 0.0,
0.0 0.0 0.0,
0.0 0.0 0.0,
0.0 0.0 0.0,
0.0 0.0 0.0,
0.0 0.0 0.0,
0.0 0.0 0.0,
0.0 0.0 0.0,
0.0 0.0 0.0,
0.0 0.0 0.0,
0.0 0.0 0.0,
0.0 0.0 0.0,
0.0 0.0 0.0,
0.0 0.0 0.0,
0.0 0.0 0.0,
0.0 0.0 0.0,
0.0 0.0 0.0,
0.0 0.0 0.0,
0.0 0.0 0.0,
0.0 0.0 0.0,
0.0 0.0 0.0,
0.0 0.0 0.0,
0.0 0.0 0.0,
0.0 0.0 0.0,
0.0 0.0 0.0,
0.0 0.0 0.0,
0.0 0.0 0.0,
0.0 0.0 0.0,
0.0 0.0 0.0,
0.0 0.0 0.0,
0.0 0.0 0.0,
0.0 0.0 0.0,
0.0 0.0 0.0,
0.0 0.0 0.0,
0.0 0.0 0.0,
0.0 0.0 0.0,
0.0 0.0 0.0,
0.0 0.0 0.0,
0.0 0.0 0.0,
0.0 0.0 0.0,
0.0 0.0 0.0,
0.0 0.0 0.0,
0.0 0.0 0.0,
0.0 0.0 0.0,
0.0 0.0 0.0,
0.0 0.0 0.0,
0.0 0.0 0.0,
0.0 0.0 0.0,
0.0 0.0 0.0,
0.0 0.0 0.0,
0.0 0.0 0.0,
0.0 0.0 0.0,
0.0 0.0 0.0,
0.0 0.0 0.0,
0.0 0.0 0.0,
0.0 0.0 0.0,
0.0 0.0 0.0,
0.0 0.0 0.0,
0.0 0.0 0.0,
0.0 0.0 0.0,
0.0 0.0 0.0,
0.0 0.0 0.0,
0.0 0.0 0.0,
0.0 0.0 0.0,
0.0 0.0 0.0,
0.0 0.0 0.0,
0.0 0.0 0.0,
0.0 0.0 0.0,
0.0 0.0 0.0,
0.0 0.0 0.0,
0.0 0.0 0.0,
0.0 0.0 0.0,
0.0 0.0 0.0,
0.0 0.0 0.0,
0.0 0.0 0.0,
0.0 0.0 0.0,
0.0 0.0 0.0,
0.0 0.0 0.0,
0.0 0.0 0.0,
0.0 0.0 0.0,
0.0 0.0 0.0,
0.0 0.0 0.0,
0.0 0.0 0.0,
0.0 0.0 0.0,
0.0 0.0 0.0,
0.0 0.0 0.0,
0.0 0.0 0.0,
0.0 0.0 0.0,
0.0 0.0 0.0,
0.0 0.0 0.0,
0.0 0.0 0.0,
0.0 0.0 0.0,
0.0 0.0 0.0,
0.0 0.0 0.0,
0.0 0.0 0.0,
0.0 0.0 0.0,
0.0 0.0 0.0,
0.0 0.0 0.0,
0.0 0.0 0.0,
0.0 0.0 0.0,
0.0 0.0 0.0,
0.0 0.0 0.0,
0.0 0.0 0.0,
0.0 0.0 0.0,
0.0 0.0 0.0,
0.0 0.0 0.0,
0.0 0.0 0.0,
0.0 0.0 0.0,
0.0 0.0 0.0,
0.0 0.0 0.0,
0.0 0.0 0.0,
0.0 0.0 0.0,
0.0 0.0 0.0,
0.0 0.0 0.0,
0.0 0.0 0.0,
0.0 0.0 0.0,
0.0 0.0 0.0,
0.0 0.0 0.0,
0.0 0.0 0.0,
0.0 0.0 0.0,
0.0 0.0 0.0,
0.0 0.0 0.0,
0.0 0.0 0.0,
0.0 0.0 0.0,
0.0 0.0 0.0,
0.0 0.0 0.0,
0.0 0.0 0.0,
0.0 0.0 0.0,
0.0 0.0 0.0,
0.0 0.0 0.0,
0.0 0.0 0.0,
0.0 0.0 0.0,
0.0 0.0 0.0,
0.0 0.0 0.0,
0.0 0.0 0.0,
0.0 0.0 0.0,
0.0 0.0 0.0,
0.0 0.0 0.0,
0.0 0.0 0.0,
0.0 0.0 0.0,
0.0 0.0 0.0,
0.0 0.0 0.0,
0.0 0.0 0.0,
0.0 0.0 0.0,
0.0 0.0 0.0,
0.0 0.0 0.0,
0.0 0.0 0.0,
0.0 0.0 0.0,
0.0 0.0 0.0,
0.0 0.0 0.0,
0.0 0.0 0.0,
0.0 0.0 0.0,
0.0 0.0 0.0,
0.0 0.0 0.0,
0.0 0.0 0.0,
0.0 0.0 0.0,
0.0 0.0 0.0,
0.0 0.0 0.0,
0.0 0.0 0.0,
0.0 0.0 0.0,
0.0 0.0 0.0,
0.0 0.0 0.0,
0.0 0.0 0.0,
0.0 0.0 0.0,
0.0 0.0 0.0,
0.0 0.0 0.0,
0.0 0.0 0.0,
0.0 0.0 0.0,
0.0 0.0 0.0,
0.0 0.0 0.0,
0.0 0.0 0.0,
0.0 0.0 0.0,
0.0 0.0 0.0,
0.0 0.0 0.0,
0.0 0.0 0.0,
0.0 0.0 0.0,
0.0 0.0 0.0,
0.0 0.0 0.0,
0.0 0.0 0.0,
0.0 0.0 0.0,
0.0 0.0 0.0,
0.0 0.0 0.0,
0.0 0.0 0.0,
0.0 0.0 0.0,
0.0 0.0 0.0,
0.0 0.0 0.0,
0.0 0.0 0.0,
0.0 0.0 0.0,
0.0 0.0 0.0,
0.0 0.0 0.0,
0.0 0.0 0.0,
0.0 0.0 0.0,
0.0 0.0 0.0,
0.0 0.0 0.0,
0.0 0.0 0.0,
0.0 0.0 0.0,
0.0 0.0 0.0,
0.0 0.0 0.0,
0.0 0.0 0.0,
0.0 0.0 0.0,
0.0 0.0 0.0,
0.0 0.0 0.0,
0.0 0.0 0.0,
0.0 0.0 0.0,
0.0 0.0 0.0,
0.0 0.0 0.0,
0.0 0.0 0.0,
0.0 0.0 0.0,
0.0 0.0 0.0,
0.0 0.0 0.0,
0.0 0.0 0.0,
0.0 0.0 0.0,
0.0 0.0 0.0,
0.0 0.0 0.0,
0.0 0.0 0.0,
0.0 0.0 0.0,
0.0 0.0 0.0,
0.0 0.0 0.0,
0.0 0.0 0.0,
0.0 0.0 0.0,
0.0 0.0 0.0,
0.0 0.0 0.0,
0.0 0.0 0.0,
0.0 0.0 0.0,
0.0 0.0 0.0,
0.0 0.0 0.0,
0.0 0.0 0.0,
0.0 0.0 0.0,
0.0 0.0 0.0,
0.0 0.0 0.0,
0.0 0.0 0.0,
0.0 0.0 0.0,
0.0 0.0 0.0,
0.0 0.0 0.0,
0.0 0.0 0.0,
0.0 0.0 0.0,
0.0 0.0 0.0,
0.0 0.0 0.0,
0.0 0.0 0.0,
0.0 0.0 0.0,
0.0 0.0 0.0,
0.0 0.0 0.0,
0.0 0.0 0.0,
0.0 0.0 0.0,
0.0 0.0 0.0,
0.0 0.0 0.0,
0.0 0.0 0.0,
0.0 0.0 0.0,
0.0 0.0 0.0,
0.0 0.0 0.0,
0.0 0.0 0.0,
0.0 0.0 0.0,
0.0 0.0 0.0,
0.0 0.0 0.0,
0.0 0.0 0.0,
0.0 0.0 0.0,
0.0 0.0 0.0,
0.0 0.0 0.0,
0.0 0.0 0.0,
0.0 0.0 0.0,
0.0 0.0 0.0,
0.0 0.0 0.0,
0.0 0.0 0.0,
0.0 0.0 0.0,
0.0 0.0 0.0,
0.0 0.0 0.0,
0.0 0.0 0.0,
0.0 0.0 0.0,
0.0 0.0 0.0,
0.0 0.0 0.0,
0.0 0.0 0.0,
0.0 0.0 0.0,
0.0 0.0 0.0,
0.0 0.0 0.0,
0.0 0.0 0.0,
0.0 0.0 0.0,
0.0 0.0 0.0,
0.0 0.0 0.0,
0.0 0.0 0.0,
0.0 0.0 0.0,
0.0 0.0 0.0,
0.0 0.0 0.0,
0.0 0.0 0.0,
0.0 0.0 0.0,
0.0 0.0 0.0,
0.0 0.0 0.0,
0.0 0.0 0.0,
0.0 0.0 0.0,
0.0 0.0 0.0,
0.0 0.0 0.0,
0.0 0.0 0.0,
0.0 0.0 0.0,
0.0 0.0 0.0,
0.0 0.0 0.0,
0.0 0.0 0.0,
0.0 0.0 0.0,
0.0 0.0 0.0,
0.0 0.0 0.0,
0.0 0.0 0.0,
0.0 0.0 0.0,
0.0 0.0 0.0,
0.0 0.0 0.0,
0.0 0.0 0.0,
0.0 0.0 0.0,
0.0 0.0 0.0,
0.0 0.0 0.0,
0.0 0.0 0.0,
0.0 0.0 0.0,
0.0 0.0 0.0,
0.0 0.0 0.0,
0.0 0.0 0.0,
0.0 0.0 0.0,
0.0 0.0 0.0,
0.0 0.0 0.0,
0.0 0.0 0.0,
0.0 0.0 0.0,
0.0 0.0 0.0,
0.0 0.0 0.0,
0.0 0.0 0.0,
0.0 0.0 0.0,
0.0 0.0 0.0,
0.0 0.0 0.0,
0.0 0.0 0.0,
0.0 0.0 0.0,
0.0 0.0 0.0,
0.0 0.0 0.0,
0.0 0.0 0.0,
0.0 0.0 0.0,
0.0 0.0 0.0,
0.0 0.0 0.0,
0.0 0.0 0.0,
0.0 0.0 0.0,
0.0 0.0 0.0,
0.0 0.0 0.0,
0.0 0.0 0.0,
0.0 0.0 0.0,
0.0 0.0 0.0,
0.0 0.0 0.0,
0.0 0.0 0.0,
0.0 0.0 0.0,
0.0 0.0 0.0,
0.0 0.0 0.0,
0.0 0.0 0.0,
0.0 0.0 0.0,
0.0 0.0 0.0,
0.0 0.0 0.0,
0.0 0.0 0.0,
0.0 0.0 0.0,
0.0 0.0 0.0,
0.0 0.0 0.0,
0.0 0.0 0.0,
0.0 0.0 0.0,
0.0 0.0 0.0,
0.0 0.0 0.0,
0.0 0.0 0.0,
0.0 0.0 0.0,
0.0 0.0 0.0,
0.0 0.0 0.0,
0.0 0.0 0.0,
0.0 0.0 0.0,
0.0 0.0 0.0,
0.0 0.0 0.0,
0.0 0.0 0.0,
0.0 0.0 0.0,
0.0 0.0 0.0,
0.0 0.0 0.0,
0.0 0.0 0.0,
0.0 0.0 0.0,
0.0 0.0 0.0,
0.0 0.0 0.0,
0.0 0.0 0.0,
0.0 0.0 0.0,
0.0 0.0 0.0,
0.0 0.0 0.0,
0.0 0.0 0.0,
0.0 0.0 0.0,
0.0 0.0 0.0,
0.0 0.0 0.0,
0.0 0.0 0.0,
0.0 0.0 0.0,
0.0 0.0 0.0,
0.0 0.0 0.0,
0.0 0.0 0.0,
0.0 0.0 0.0,
0.0 0.0 0.0,
0.0 0.0 0.0,
0.0 0.0 0.0,
0.0 0.0 0.0,
0.0 0.0 0.0,
0.0 0.0 0.0,
0.0 0.0 0.0,
0.0 0.0 0.0,
0.0 0.0 0.0,
0.0 0.0 0.0,
0.0 0.0 0.0,
0.0 0.0 0.0,
0.0 0.0 0.0,
0.0 0.0 0.0,
0.0 0.0 0.0,
0.0 0.0 0.0,
0.0 0.0 0.0,
0.0 0.0 0.0,
0.0 0.0 0.0,
0.0 0.0 0.0,
0.0 0.0 0.0,
0.0 0.0 0.0,
0.0 0.0 0.0,
0.0 0.0 0.0,
0.0 0.0 0.0,
0.0 0.0 0.0,
0.0 0.0 0.0,
0.0 0.0 0.0,
0.0 0.0 0.0,
0.0 0.0 0.0,
0.0 0.0 0.0,
0.0 0.0 0.0,
0.0 0.0 0.0,
0.0 0.0 0.0,
0.0 0.0 0.0,
0.0 0.0 0.0,
0.0 0.0 0.0,
0.0 0.0 0.0,
0.0 0.0 0.0,
0.0 0.0 0.0,
0.0 0.0 0.0,
0.0 0.0 0.0,
0.0 0.0 0.0,
0.0 0.0 0.0,
0.0 0.0 0.0,
0.0 0.0 0.0,
0.0 0.0 0.0,
0.0 0.0 0.0,
0.0 0.0 0.0,
0.0 0.0 0.0,
0.0 0.0 0.0,
0.0 0.0 0.0,
0.0 0.0 0.0,
0.0 0.0 0.0,
0.0 0.0 0.0,
0.0 0.0 0.0,
0.0 0.0 0.0,
0.0 0.0 0.0,
0.0 0.0 0.0,
0.0 0.0 0.0,
0.0 0.0 0.0,
0.0 0.0 0.0,
0.0 0.0 0.0,
0.0 0.0 0.0,
0.0 0.0 0.0,
0.0 0.0 0.0,
0.0 0.0 0.0,
0.0 0.0 0.0,
0.0 0.0 0.0,
0.0 0.0 0.0,
0.0 0.0 0.0,
0.0 0.0 0.0,
0.0 0.0 0.0,
0.0 0.0 0.0,
0.0 0.0 0.0,
0.0 0.0 0.0,
0.0 0.0 0.0,
0.0 0.0 0.0,
0.0 0.0 0.0,
0.0 0.0 0.0,
0.0 0.0 0.0,
0.0 0.0 0.0,
0.0 0.0 0.0,
0.0 0.0 0.0,
0.0 0.0 0.0,
0.0 0.0 0.0,
0.0 0.0 0.0,
0.0 0.0 0.0,
0.0 0.0 0.0,
0.0 0.0 0.0,
0.0 0.0 0.0,
0.0 0.0 0.0,
0.0 0.0 0.0,
0.0 0.0 0.0,
0.0 0.0 0.0,
0.0 0.0 0.0,
0.0 0.0 0.0,
0.0 0.0 0.0,
0.0 0.0 0.0,
0.0 0.0 0.0,
0.0 0.0 0.0,
0.0 0.0 0.0,
0.0 0.0 0.0,
0.0 0.0 0.0,
0.0 0.0 0.0,
0.0 0.0 0.0,
0.0 0.0 0.0,
0.0 0.0 0.0,
0.0 0.0 0.0,
0.0 0.0 0.0,
0.0 0.0 0.0,
0.0 0.0 0.0,
0.0 0.0 0.0,
0.0 0.0 0.0,
0.0 0.0 0.0,
0.0 0.0 0.0,
0.0 0.0 0.0,
0.0 0.0 0.0,
0.0 0.0 0.0,
0.0 0.0 0.0,
0.0 0.0 0.0,
0.0 0.0 0.0,
0.0 0.0 0.0,
0.0 0.0 0.0,
0.0 0.0 0.0,
0.0 0.0 0.0,
0.0 0.0 0.0,
0.0 0.0 0.0,
0.0 0.0 0.0,
0.0 0.0 0.0,
0.0 0.0 0.0,
0.0 0.0 0.0,
0.0 0.0 0.0,
0.0 0.0 0.0,
0.0 0.0 0.0,
0.0 0.0 0.0,
0.0 0.0 0.0,
0.0 0.0 0.0,
0.0 0.0 0.0,
0.0 0.0 0.0,
0.0 0.0 0.0,
0.0 0.0 0.0,
0.0 0.0 0.0,
0.0 0.0 0.0,
0.0 0.0 0.0,
0.0 0.0 0.0,
0.0 0.0 0.0,
0.0 0.0 0.0,
0.0 0.0 0.0,
0.0 0.0 0.0,
0.0 0.0 0.0,
0.0 0.0 0.0,
0.0 0.0 0.0,
0.0 0.0 0.0,
0.0 0.0 0.0,
0.0 0.0 0.0,
0.0 0.0 0.0,
0.0 0.0 0.0,
0.0 0.0 0.0,
0.0 0.0 0.0,
0.0 0.0 0.0,
0.0 0.0 0.0,
0.0 0.0 0.0,
0.0 0.0 0.0,
0.0 0.0 0.0,
0.0 0.0 0.0,
0.0 0.0 0.0,
0.0 0.0 0.0,
0.0 0.0 0.0,
0.0 0.0 0.0,
0.0 0.0 0.0,
0.0 0.0 0.0,
0.0 0.0 0.0,
0.0 0.0 0.0,
0.0 0.0 0.0,
0.0 0.0 0.0,
0.0 0.0 0.0,
0.0 0.0 0.0,
0.0 0.0 0.0,
0.0 0.0 0.0,
0.0 0.0 0.0,
0.0 0.0 0.0,
0.0 0.0 0.0,
0.0 0.0 0.0,
0.0 0.0 0.0,
0.0 0.0 0.0,
0.0 0.0 0.0,
0.0 0.0 0.0,
0.0 0.0 0.0,
0.0 0.0 0.0,
0.0 0.0 0.0,
0.0 0.0 0.0,
0.0 0.0 0.0,
0.0 0.0 0.0,
0.0 0.0 0.0,
0.0 0.0 0.0,
0.0 0.0 0.0,
0.0 0.0 0.0,
0.0 0.0 0.0,
0.0 0.0 0.0,
0.0 0.0 0.0,
0.0 0.0 0.0,
0.0 0.0 0.0,
0.0 0.0 0.0,
0.0 0.0 0.0,
0.0 0.0 0.0,
0.0 0.0 0.0,
0.0 0.0 0.0,
0.0 0.0 0.0,
0.0 0.0 0.0,
0.0 0.0 0.0,
0.0 0.0 0.0,
0.0 0.0 0.0,
0.0 0.0 0.0,
0.0 0.0 0.0,
0.0 0.0 0.0,
0.0 0.0 0.0,
0.0 0.0 0.0,
0.0 0.0 0.0,
0.0 0.0 0.0,
0.0 0.0 0.0,
0.0 0.0 0.0,
0.0 0.0 0.0,
0.0 0.0 0.0,
0.0 0.0 0.0,
0.0 0.0 0.0,
0.0 0.0 0.0,
0.0 0.0 0.0,
0.0 0.0 0.0,
0.0 0.0 0.0,
0.0 0.0 0.0,
0.0 0.0 0.0,
0.0 0.0 0.0,
0.0 0.0 0.0,
0.0 0.0 0.0,
0.0 0.0 0.0,
0.0 0.0 0.0,
0.0 0.0 0.0,
0.0 0.0 0.0,
0.0 0.0 0.0,
0.0 0.0 0.0,
0.0 0.0 0.0,
0.0 0.0 0.0,
0.0 0.0 0.0,
0.0 0.0 0.0,
0.0 0.0 0.0,
0.0 0.0 0.0,
0.0 0.0 0.0,
0.0 0.0 0.0,
0.0 0.0 0.0,
0.0 0.0 0.0,
0.0 0.0 0.0,
0.0 0.0 0.0,
0.0 0.0 0.0,
0.0 0.0 0.0,
0.0 0.0 0.0,
0.0 0.0 0.0,
0.0 0.0 0.0,
0.0 0.0 0.0,
0.0 0.0 0.0,
0.0 0.0 0.0,
0.0 0.0 0.0,
0.0 0.0 0.0,
0.0 0.0 0.0,
0.0 0.0 0.0,
0.0 0.0 0.0,
0.0 0.0 0.0,
0.0 0.0 0.0,
0.0 0.0 0.0,
0.0 0.0 0.0,
0.0 0.0 0.0,
0.0 0.0 0.0,
0.0 0.0 0.0,
0.0 0.0 0.0,
0.0 0.0 0.0,
0.0 0.0 0.0,
0.0 0.0 0.0,
0.0 0.0 0.0,
0.0 0.0 0.0,
0.0 0.0 0.0,
0.0 0.0 0.0,
0.0 0.0 0.0,
0.0 0.0 0.0,
0.0 0.0 0.0,
0.0 0.0 0.0,
0.0 0.0 0.0,
0.0 0.0 0.0,
0.0 0.0 0.0,
0.0 0.0 0.0,
0.0 0.0 0.0,
0.0 0.0 0.0,
0.0 0.0 0.0,
0.0 0.0 0.0,
0.0 0.0 0.0,
0.0 0.0 0.0,
0.0 0.0 0.0,
0.0 0.0 0.0,
0.0 0.0 0.0,
0.0 0.0 0.0,
0.0 0.0 0.0,
0.0 0.0 0.0,
0.0 0.0 0.0,
0.0 0.0 0.0,
0.0 0.0 0.0,
0.0 0.0 0.0,
0.0 0.0 0.0,
0.0 0.0 0.0,
0.0 0.0 0.0,
0.0 0.0 0.0,
0.0 0.0 0.0,
0.0 0.0 0.0,
0.0 0.0 0.0,
0.0 0.0 0.0,
0.0 0.0 0.0,
0.0 0.0 0.0,
0.0 0.0 0.0,
0.0 0.0 0.0,
0.0 0.0 0.0,
0.0 0.0 0.0,
0.0 0.0 0.0,
0.0 0.0 0.0,
0.0 0.0 0.0,
0.0 0.0 0.0,
0.0 0.0 0.0,
0.0 0.0 0.0,
0.0 0.0 0.0,
0.0 0.0 0.0,
0.0 0.0 0.0,
0.0 0.0 0.0,
0.0 0.0 0.0,
0.0 0.0 0.0,
0.0 0.0 0.0,
0.0 0.0 0.0,
0.0 0.0 0.0,
0.0 0.0 0.0,
0.0 0.0 0.0,
0.0 0.0 0.0,
0.0 0.0 0.0,
0.0 0.0 0.0,
0.0 0.0 0.0,
0.0 0.0 0.0,
0.0 0.0 0.0,
0.0 0.0 0.0,
0.0 0.0 0.0,
0.0 0.0 0.0,
0.0 0.0 0.0,
0.0 0.0 0.0,
0.0 0.0 0.0,
0.0 0.0 0.0,
0.0 0.0 0.0,
0.0 0.0 0.0,
0.0 0.0 0.0,
0.0 0.0 0.0,
0.0 0.0 0.0,
0.0 0.0 0.0,
0.0 0.0 0.0,
0.0 0.0 0.0,
0.0 0.0 0.0,
0.0 0.0 0.0,
0.0 0.0 0.0,
0.0 0.0 0.0,
0.0 0.0 0.0,
0.0 0.0 0.0,
0.0 0.0 0.0,
0.0 0.0 0.0,
0.0 0.0 0.0,
0.0 0.0 0.0,
0.0 0.0 0.0,
0.0 0.0 0.0,
0.0 0.0 0.0,
0.0 0.0 0.0,
0.0 0.0 0.0,
0.0 0.0 0.0,
0.0 0.0 0.0,
0.0 0.0 0.0,
0.0 0.0 0.0,
0.0 0.0 0.0,
0.0 0.0 0.0,
0.0 0.0 0.0,
0.0 0.0 0.0,
0.0 0.0 0.0,
0.0 0.0 0.0,
0.0 0.0 0.0,
0.0 0.0 0.0,
0.0 0.0 0.0,
0.0 0.0 0.0,
0.0 0.0 0.0,
0.0 0.0 0.0,
0.0 0.0 0.0,
0.0 0.0 0.0,
0.0 0.0 0.0,
0.0 0.0 0.0,
0.0 0.0 0.0,
0.0 0.0 0.0,
0.0 0.0 0.0,
0.0 0.0 0.0,
0.0 0.0 0.0,
0.0 0.0 0.0,
0.0 0.0 0.0,
0.0 0.0 0.0,
0.0 0.0 0.0,
0.0 0.0 0.0,
0.0 0.0 0.0,
0.0 0.0 0.0,
0.0 0.0 0.0,
0.0 0.0 0.0,
0.0 0.0 0.0,
0.0 0.0 0.0,
0.0 0.0 0.0,
0.0 0.0 0.0,
0.0 0.0 0.0,
0.0 0.0 0.0,
0.0 0.0 0.0,
0.0 0.0 0.0,
0.0 0.0 0.0,
0.0 0.0 0.0,
0.0 0.0 0.0,
0.0 0.0 0.0,
0.0 0.0 0.0,
0.0 0.0 0.0,
0.0 0.0 0.0,
0.0 0.0 0.0,
0.0 0.0 0.0,
0.0 0.0 0.0,
0.0 0.0 0.0,
0.0 0.0 0.0,
0.0 0.0 0.0,
0.0 0.0 0.0,
0.0 0.0 0.0,
0.0 0.0 0.0,
0.0 0.0 0.0,
0.0 0.0 0.0,
0.0 0.0 0.0,
0.0 0.0 0.0,
0.0 0.0 0.0,
0.0 0.0 0.0,
0.0 0.0 0.0,
0.0 0.0 0.0,
0.0 0.0 0.0,
0.0 0.0 0.0,
0.0 0.0 0.0,
0.0 0.0 0.0,
0.0 0.0 0.0,
0.0 0.0 0.0,
0.0 0.0 0.0,
0.0 0.0 0.0,
0.0 0.0 0.0,
0.0 0.0 0.0,
0.0 0.0 0.0,
0.0 0.0 0.0,
0.0 0.0 0.0,
0.0 0.0 0.0,
0.0 0.0 0.0,
0.0 0.0 0.0,
0.0 0.0 0.0,
0.0 0.0 0.0,
0.0 0.0 0.0,
0.0 0.0 0.0,
0.0 0.0 0.0,
0.0 0.0 0.0,
0.0 0.0 0.0,
0.0 0.0 0.0,
0.0 0.0 0.0,
0.0 0.0 0.0,
0.0 0.0 0.0,
0.0 0.0 0.0,
0.0 0.0 0.0,
0.0 0.0 0.0,
0.0 0.0 0.0,
0.0 0.0 0.0,
0.0 0.0 0.0,
0.0 0.0 0.0,
0.0 0.0 0.0,
0.0 0.0 0.0,
0.0 0.0 0.0,
0.0 0.0 0.0,
0.0 0.0 0.0,
0.0 0.0 0.0,
0.0 0.0 0.0,
0.0 0.0 0.0,
0.0 0.0 0.0,
0.0 0.0 0.0,
0.0 0.0 0.0,
0.0 0.0 0.0,
0.0 0.0 0.0,
0.0 0.0 0.0,
0.0 0.0 0.0,
0.0 0.0 0.0,
0.0 0.0 0.0,
0.0 0.0 0.0,
0.0 0.0 0.0,
0.0 0.0 0.0,
0.0 0.0 0.0,
0.0 0.0 0.0,
0.0 0.0 0.0,
0.0 0.0 0.0,
0.0 0.0 0.0,
0.0 0.0 0.0,
0.0 0.0 0.0,
0.0 0.0 0.0,
0.0 0.0 0.0,
0.0 0.0 0.0,
0.0 0.0 0.0,
0.0 0.0 0.0,
0.0 0.0 0.0,
0.0 0.0 0.0,
0.0 0.0 0.0,
0.0 0.0 0.0,
0.0 0.0 0.0,
0.0 0.0 0.0,
0.0 0.0 0.0,
0.0 0.0 0.0,
0.0 0.0 0.0,
0.0 0.0 0.0,
0.0 0.0 0.0,
0.0 0.0 0.0,
0.0 0.0 0.0,
0.0 0.0 0.0,
0.0 0.0 0.0,
0.0 0.0 0.0,
0.0 0.0 0.0,
0.0 0.0 0.0,
0.0 0.0 0.0,
0.0 0.0 0.0,
0.0 0.0 0.0,
0.0 0.0 0.0,
0.0 0.0 0.0,
0.0 0.0 0.0,
0.0 0.0 0.0,
0.0 0.0 0.0,
0.0 0.0 0.0,
0.0 0.0 0.0,
0.0 0.0 0.0,
0.0 0.0 0.0,
0.0 0.0 0.0,
0.0 0.0 0.0,
0.0 0.0 0.0,
0.0 0.0 0.0,
0.0 0.0 0.0,
0.0 0.0 0.0,
0.0 0.0 0.0,
0.0 0.0 0.0,
0.0 0.0 0.0,
0.0 0.0 0.0,
0.0 0.0 0.0,
0.0 0.0 0.0,
0.0 0.0 0.0,
0.0 0.0 0.0,
0.0 0.0 0.0,
0.0 0.0 0.0,
0.0 0.0 0.0,
0.0 0.0 0.0,
0.0 0.0 0.0,
0.0 0.0 0.0,
0.0 0.0 0.0,
0.0 0.0 0.0,
0.0 0.0 0.0,
0.0 0.0 0.0,
0.0 0.0 0.0,
0.0 0.0 0.0,
0.0 0.0 0.0,
0.0 0.0 0.0,
0.0 0.0 0.0,
0.0 0.0 0.0,
0.0 0.0 0.0,
0.0 0.0 0.0,
0.0 0.0 0.0,
0.0 0.0 0.0,
0.0 0.0 0.0,
0.0 0.0 0.0,
0.0 0.0 0.0,
0.0 0.0 0.0,
0.0 0.0 0.0,
0.0 0.0 0.0,
0.0 0.0 0.0,
0.0 0.0 0.0,
0.0 0.0 0.0,
0.0 0.0 0.0,
0.0 0.0 0.0,
0.0 0.0 0.0,
0.0 0.0 0.0,
0.0 0.0 0.0,
0.0 0.0 0.0,
0.0 0.0 0.0,
0.0 0.0 0.0,
0.0 0.0 0.0,
0.0 0.0 0.0,
0.0 0.0 0.0,
0.0 0.0 0.0,
0.0 0.0 0.0,
0.0 0.0 0.0,
0.0 0.0 0.0,
0.0 0.0 0.0,
0.0 0.0 0.0,
0.0 0.0 0.0,
0.0 0.0 0.0,
0.0 0.0 0.0,
0.0 0.0 0.0,
0.0 0.0 0.0,
0.0 0.0 0.0,
0.0 0.0 0.0,
0.0 0.0 0.0,
0.0 0.0 0.0,
0.0 0.0 0.0,
0.0 0.0 0.0,
0.0 0.0 0.0,
0.0 0.0 0.0,
0.0 0.0 0.0,
0.0 0.0 0.0,
0.0 0.0 0.0,
0.0 0.0 0.0,
0.0 0.0 0.0,
0.0 0.0 0.0,
0.0 0.0 0.0,
0.0 0.0 0.0,
0.0 0.0 0.0,
0.0 0.0 0.0,
0.0 0.0 0.0,
0.0 0.0 0.0,
0.0 0.0 0.0,
0.0 0.0 0.0,
0.0 0.0 0.0,
0.0 0.0 0.0,
0.0 0.0 0.0,
0.0 0.0 0.0,
0.0 0.0 0.0,
0.0 0.0 0.0,
0.0 0.0 0.0,
0.0 0.0 0.0,
0.0 0.0 0.0,
0.0 0.0 0.0,
0.0 0.0 0.0,
0.0 0.0 0.0,
0.0 0.0 0.0,
0.0 0.0 0.0,
0.0 0.0 0.0,
0.0 0.0 0.0,
0.0 0.0 0.0,
0.0 0.0 0.0,
0.0 0.0 0.0,
0.0 0.0 0.0,
0.0 0.0 0.0,
0.0 0.0 0.0,
0.0 0.0 0.0,
0.0 0.0 0.0,
0.0 0.0 0.0,
0.0 0.0 0.0,
0.0 0.0 0.0,
0.0 0.0 0.0,
0.0 0.0 0.0,
0.0 0.0 0.0,
0.0 0.0 0.0,
0.0 0.0 0.0,
0.0 0.0 0.0,
0.0 0.0 0.0,
0.0 0.0 0.0,
0.0 0.0 0.0,
0.0 0.0 0.0,
0.0 0.0 0.0,
0.0 0.0 0.0,
0.0 0.0 0.0,
0.0 0.0 0.0,
0.0 0.0 0.0,
0.0 0.0 0.0,
0.0 0.0 0.0,
0.0 0.0 0.0,
0.0 0.0 0.0,
0.0 0.0 0.0,
0.0 0.0 0.0,
0.0 0.0 0.0,
0.0 0.0 0.0,
0.0 0.0 0.0,
0.0 0.0 0.0,
0.0 0.0 0.0,
0.0 0.0 0.0,
0.0 0.0 0.0,
0.0 0.0 0.0,
0.0 0.0 0.0,
0.0 0.0 0.0,
0.0 0.0 0.0,
0.0 0.0 0.0,
0.0 0.0 0.0,
0.0 0.0 0.0,
0.0 0.0 0.0,
0.0 0.0 0.0,
0.0 0.0 0.0,
0.0 0.0 0.0,
0.0 0.0 0.0,
0.0 0.0 0.0,
0.0 0.0 0.0,
0.0 0.0 0.0,
0.0 0.0 0.0,
0.0 0.0 0.0,
0.0 0.0 0.0,
0.0 0.0 0.0,
0.0 0.0 0.0,
0.0 0.0 0.0,
0.0 0.0 0.0,
0.0 0.0 0.0,
0.0 0.0 0.0,
0.0 0.0 0.0,
0.0 0.0 0.0,
0.0 0.0 0.0,
0.0 0.0 0.0,
0.0 0.0 0.0,
0.0 0.0 0.0,
0.0 0.0 0.0,
0.0 0.0 0.0,
0.0 0.0 0.0,
0.0 0.0 0.0,
0.0 0.0 0.0,
0.0 0.0 0.0,
0.0 0.0 0.0,
0.0 0.0 0.0,
0.0 0.0 0.0,
0.0 0.0 0.0,
0.0 0.0 0.0,
0.0 0.0 0.0,
0.0 0.0 0.0,
0.0 0.0 0.0,
0.0 0.0 0.0,
0.0 0.0 0.0,
0.0 0.0 0.0,
0.0 0.0 0.0,
0.0 0.0 0.0,
0.0 0.0 0.0,
0.0 0.0 0.0,
0.0 0.0 0.0,
0.0 0.0 0.0,
0.0 0.0 0.0,
0.0 0.0 0.0,
0.0 0.0 0.0,
0.0 0.0 0.0,
0.0 0.0 0.0,
0.0 0.0 0.0,
0.0 0.0 0.0,
0.0 0.0 0.0,
0.0 0.0 0.0,
0.0 0.0 0.0,
0.0 0.0 0.0,
0.0 0.0 0.0,
0.0 0.0 0.0,
0.0 0.0 0.0,
0.0 0.0 0.0,
0.0 0.0 0.0,
0.0 0.0 0.0,
0.0 0.0 0.0,
0.0 0.0 0.0,
0.0 0.0 0.0,
0.0 0.0 0.0,
0.0 0.0 0.0,
0.0 0.0 0.0,
0.0 0.0 0.0,
0.0 0.0 0.0,
0.0 0.0 0.0,
0.0 0.0 0.0,
0.0 0.0 0.0,
0.0 0.0 0.0,
0.0 0.0 0.0,
0.0 0.0 0.0,
0.0 0.0 0.0,
0.0 0.0 0.0,
0.0 0.0 0.0,
0.0 0.0 0.0,
0.0 0.0 0.0,
0.0 0.0 0.0,
0.0 0.0 0.0,
0.0 0.0 0.0,
0.0 0.0 0.0,
0.0 0.0 0.0,
0.0 0.0 0.0,
0.0 0.0 0.0,
0.0 0.0 0.0,
0.0 0.0 0.0,
0.0 0.0 0.0,
0.0 0.0 0.0,
0.0 0.0 0.0,
0.0 0.0 0.0,
0.0 0.0 0.0,
0.0 0.0 0.0,
0.0 0.0 0.0,
0.0 0.0 0.0,
0.0 0.0 0.0,
0.0 0.0 0.0,
0.0 0.0 0.0,
0.0 0.0 0.0,
0.0 0.0 0.0,
0.0 0.0 0.0,
0.0 0.0 0.0,
0.0 0.0 0.0,
0.0 0.0 0.0,
0.0 0.0 0.0,
0.0 0.0 0.0,
0.0 0.0 0.0,
0.0 0.0 0.0,
0.0 0.0 0.0,
0.0 0.0 0.0,
0.0 0.0 0.0,
0.0 0.0 0.0,
0.0 0.0 0.0,
0.0 0.0 0.0,
0.0 0.0 0.0,
0.0 0.0 0.0,
0.0 0.0 0.0,
0.0 0.0 0.0,
0.0 0.0 0.0,
0.0 0.0 0.0,
0.0 0.0 0.0,
0.0 0.0 0.0,
0.0 0.0 0.0,
0.0 0.0 0.0,
0.0 0.0 0.0,
0.0 0.0 0.0,
0.0 0.0 0.0,
0.0 0.0 0.0,
0.0 0.0 0.0,
0.0 0.0 0.0,
0.0 0.0 0.0,
0.0 0.0 0.0,
0.0 0.0 0.0,
0.0 0.0 0.0,
0.0 0.0 0.0,
0.0 0.0 0.0,
0.0 0.0 0.0,
0.0 0.0 0.0,
0.0 0.0 0.0,
0.0 0.0 0.0,
0.0 0.0 0.0,
0.0 0.0 0.0,
0.0 0.0 0.0,
0.0 0.0 0.0,
0.0 0.0 0.0,
0.0 0.0 0.0,
0.0 0.0 0.0,
0.0 0.0 0.0,
0.0 0.0 0.0,
0.0 0.0 0.0,
0.0 0.0 0.0,
0.0 0.0 0.0,
0.0 0.0 0.0,
0.0 0.0 0.0,
0.0 0.0 0.0,
0.0 0.0 0.0,
0.0 0.0 0.0,
0.0 0.0 0.0,
0.0 0.0 0.0,
0.0 0.0 0.0,
0.0 0.0 0.0,
0.0 0.0 0.0,
0.0 0.0 0.0,
0.0 0.0 0.0,
0.0 0.0 0.0,
0.0 0.0 0.0,
0.0 0.0 0.0,
0.0 0.0 0.0,
0.0 0.0 0.0,
0.0 0.0 0.0,
0.0 0.0 0.0,
0.0 0.0 0.0,
0.0 0.0 0.0,
0.0 0.0 0.0,
0.0 0.0 0.0,
0.0 0.0 0.0,
0.0 0.0 0.0,
0.0 0.0 0.0,
0.0 0.0 0.0,
0.0 0.0 0.0,
0.0 0.0 0.0,
0.0 0.0 0.0,
0.0 0.0 0.0,
0.0 0.0 0.0,
0.0 0.0 0.0,
0.0 0.0 0.0,
0.0 0.0 0.0,
0.0 0.0 0.0,
0.0 0.0 0.0,
0.0 0.0 0.0,
0.0 0.0 0.0,
0.0 0.0 0.0,
0.0 0.0 0.0,
0.0 0.0 0.0,
0.0 0.0 0.0,
0.0 0.0 0.0,
0.0 0.0 0.0,
0.0 0.0 0.0,
0.0 0.0 0.0,
0.0 0.0 0.0,
0.0 0.0 0.0,
0.0 0.0 0.0,
0.0 0.0 0.0,
0.0 0.0 0.0,
0.0 0.0 0.0,
0.0 0.0 0.0,
0.0 0.0 0.0,
0.0 0.0 0.0,
0.0 0.0 0.0,
0.0 0.0 0.0,
0.0 0.0 0.0,
0.0 0.0 0.0,
0.0 0.0 0.0,
0.0 0.0 0.0,
0.0 0.0 0.0,
0.0 0.0 0.0,
0.0 0.0 0.0,
0.0 0.0 0.0,
0.0 0.0 0.0,
0.0 0.0 0.0,
0.0 0.0 0.0,
0.0 0.0 0.0,
0.0 0.0 0.0,
0.0 0.0 0.0,
0.0 0.0 0.0,
0.0 0.0 0.0,
0.0 0.0 0.0,
0.0 0.0 0.0,
0.0 0.0 0.0,
0.0 0.0 0.0,
0.0 0.0 0.0,
0.0 0.0 0.0,
0.0 0.0 0.0,
0.0 0.0 0.0,
0.0 0.0 0.0,
0.0 0.0 0.0,
0.0 0.0 0.0,
0.0 0.0 0.0,
0.0 0.0 0.0,
0.0 0.0 0.0,
0.0 0.0 0.0,
0.0 0.0 0.0,
0.0 0.0 0.0,
0.0 0.0 0.0,
0.0 0.0 0.0,
0.0 0.0 0.0,
0.0 0.0 0.0,
0.0 0.0 0.0,
0.0 0.0 0.0,
0.0 0.0 0.0,
0.0 0.0 0.0,
0.0 0.0 0.0,
0.0 0.0 0.0,
0.0 0.0 0.0,
0.0 0.0 0.0,
0.0 0.0 0.0,
0.0 0.0 0.0,
0.0 0.0 0.0,
0.0 0.0 0.0,
0.0 0.0 0.0,
0.0 0.0 0.0,
0.0 0.0 0.0,
0.0 0.0 0.0,
0.0 0.0 0.0,
0.0 0.0 0.0,
0.0 0.0 0.0,
0.0 0.0 0.0,
0.0 0.0 0.0,
0.0 0.0 0.0,
0.0 0.0 0.0,
0.0 0.0 0.0,
0.0 0.0 0.0,
0.0 0.0 0.0,
0.0 0.0 0.0,
0.0 0.0 0.0,
0.0 0.0 0.0,
0.0 0.0 0.0,
0.0 0.0 0.0,
0.0 0.0 0.0,
0.0 0.0 0.0,
0.0 0.0 0.0,
0.0 0.0 0.0,
0.0 0.0 0.0,
0.0 0.0 0.0,
0.0 0.0 0.0,
0.0 0.0 0.0,
0.0 0.0 0.0,
0.0 0.0 0.0,
0.0 0.0 0.0,
0.0 0.0 0.0,
0.0 0.0 0.0,
0.0 0.0 0.0,
0.0 0.0 0.0,
0.0 0.0 0.0,
0.0 0.0 0.0,
0.0 0.0 0.0,
0.0 0.0 0.0,
0.0 0.0 0.0,
0.0 0.0 0.0,
0.0 0.0 0.0,
0.0 0.0 0.0,
0.0 0.0 0.0,
0.0 0.0 0.0,
0.0 0.0 0.0,
0.0 0.0 0.0,
0.0 0.0 0.0,
0.0 0.0 0.0,
0.0 0.0 0.0,
0.0 0.0 0.0,
0.0 0.0 0.0,
0.0 0.0 0.0,
0.0 0.0 0.0,
0.0 0.0 0.0,
0.0 0.0 0.0,
0.0 0.0 0.0,
0.0 0.0 0.0,
0.0 0.0 0.0,
0.0 0.0 0.0,
0.0 0.0 0.0,
0.0 0.0 0.0,
0.0 0.0 0.0,
0.0 0.0 0.0,
0.0 0.0 0.0,
0.0 0.0 0.0,
0.0 0.0 0.0,
0.0 0.0 0.0,
0.0 0.0 0.0,
0.0 0.0 0.0,
0.0 0.0 0.0,
0.0 0.0 0.0,
0.0 0.0 0.0,
0.0 0.0 0.0,
0.0 0.0 0.0,
0.0 0.0 0.0,
0.0 0.0 0.0,
0.0 0.0 0.0,
0.0 0.0 0.0,
0.0 0.0 0.0,
0.0 0.0 0.0,
0.0 0.0 0.0,
0.0 0.0 0.0,
0.0 0.0 0.0,
0.0 0.0 0.0,
0.0 0.0 0.0,
0.0 0.0 0.0,
0.0 0.0 0.0,
0.0 0.0 0.0,
0.0 0.0 0.0,
0.0 0.0 0.0,
0.0 0.0 0.0,
0.0 0.0 0.0,
0.0 0.0 0.0,
0.0 0.0 0.0,
0.0 0.0 0.0,
0.0 0.0 0.0,
0.0 0.0 0.0,
0.0 0.0 0.0,
0.0 0.0 0.0,
0.0 0.0 0.0,
0.0 0.0 0.0,
0.0 0.0 0.0,
0.0 0.0 0.0,
0.0 0.0 0.0,
0.0 0.0 0.0,
0.0 0.0 0.0,
0.0 0.0 0.0,
0.0 0.0 0.0,
0.0 0.0 0.0,
0.0 0.0 0.0,
0.0 0.0 0.0,
0.0 0.0 0.0,
0.0 0.0 0.0,
0.0 0.0 0.0,
0.0 0.0 0.0,
0.0 0.0 0.0,
0.0 0.0 0.0,
0.0 0.0 0.0,
0.0 0.0 0.0,
0.0 0.0 0.0,
0.0 0.0 0.0,
0.0 0.0 0.0,
0.0 0.0 0.0,
0.0 0.0 0.0,
0.0 0.0 0.0,
0.0 0.0 0.0,
0.0 0.0 0.0,
0.0 0.0 0.0,
0.0 0.0 0.0,
0.0 0.0 0.0,
0.0 0.0 0.0,
0.0 0.0 0.0,
0.0 0.0 0.0,
0.0 0.0 0.0,
0.0 0.0 0.0,
0.0 0.0 0.0,
0.0 0.0 0.0,
0.0 0.0 0.0,
0.0 0.0 0.0,
0.0 0.0 0.0,
0.0 0.0 0.0,
0.0 0.0 0.0,
0.0 0.0 0.0,
0.0 0.0 0.0,
0.0 0.0 0.0,
0.0 0.0 0.0,
0.0 0.0 0.0,
0.0 0.0 0.0,
0.0 0.0 0.0,
0.0 0.0 0.0,
0.0 0.0 0.0,
0.0 0.0 0.0,
0.0 0.0 0.0,
0.0 0.0 0.0,
0.0 0.0 0.0,
0.0 0.0 0.0,
0.0 0.0 0.0,
0.0 0.0 0.0,
0.0 0.0 0.0,
0.0 0.0 0.0,
0.0 0.0 0.0,
0.0 0.0 0.0,
0.0 0.0 0.0,
0.0 0.0 0.0,
0.0 0.0 0.0,
0.0 0.0 0.0,
0.0 0.0 0.0,
0.0 0.0 0.0,
0.0 0.0 0.0,
0.0 0.0 0.0,
0.0 0.0 0.0,
0.0 0.0 0.0,
0.0 0.0 0.0,
0.0 0.0 0.0,
0.0 0.0 0.0,
0.0 0.0 0.0,
0.0 0.0 0.0,
0.0 0.0 0.0,
0.0 0.0 0.0,
0.0 0.0 0.0,
0.0 0.0 0.0,
0.0 0.0 0.0,
0.0 0.0 0.0,
0.0 0.0 0.0,
0.0 0.0 0.0,
0.0 0.0 0.0,
0.0 0.0 0.0,
0.0 0.0 0.0,
0.0 0.0 0.0,
0.0 0.0 0.0,
0.0 0.0 0.0,
0.0 0.0 0.0,
0.0 0.0 0.0,
0.0 0.0 0.0,
0.0 0.0 0.0,
0.0 0.0 0.0,
0.0 0.0 0.0,
0.0 0.0 0.0,
0.0 0.0 0.0,
0.0 0.0 0.0,
0.0 0.0 0.0,
0.0 0.0 0.0,
0.0 0.0 0.0,
0.0 0.0 0.0,
0.0 0.0 0.0,
0.0 0.0 0.0,
0.0 0.0 0.0,
0.0 0.0 0.0,
0.0 0.0 0.0,
0.0 0.0 0.0,
0.0 0.0 0.0,
0.0 0.0 0.0,
0.0 0.0 0.0,
0.0 0.0 0.0,
0.0 0.0 0.0,
0.0 0.0 0.0,
0.0 0.0 0.0,
0.0 0.0 0.0,
0.0 0.0 0.0,
0.0 0.0 0.0,
0.0 0.0 0.0,
0.0 0.0 0.0,
0.0 0.0 0.0,
0.0 0.0 0.0,
0.0 0.0 0.0,
0.0 0.0 0.0,
0.0 0.0 0.0,
0.0 0.0 0.0,
0.0 0.0 0.0,
0.0 0.0 0.0,
0.0 0.0 0.0,
0.0 0.0 0.0,
0.0 0.0 0.0,
0.0 0.0 0.0,
0.0 0.0 0.0,
0.0 0.0 0.0,
0.0 0.0 0.0,
0.0 0.0 0.0,
0.0 0.0 0.0,
0.0 0.0 0.0,
0.0 0.0 0.0,
0.0 0.0 0.0,
0.0 0.0 0.0,
0.0 0.0 0.0,
0.0 0.0 0.0,
0.0 0.0 0.0,
0.0 0.0 0.0,
0.0 0.0 0.0,
0.0 0.0 0.0,
0.0 0.0 0.0,
0.0 0.0 0.0,
0.0 0.0 0.0,
0.0 0.0 0.0,
0.0 0.0 0.0,
0.0 0.0 0.0,
0.0 0.0 0.0,
0.0 0.0 0.0,
0.0 0.0 0.0,
0.0 0.0 0.0,
0.0 0.0 0.0,
0.0 0.0 0.0,
0.0 0.0 0.0,
0.0 0.0 0.0,
0.0 0.0 0.0,
0.0 0.0 0.0,
0.0 0.0 0.0,
0.0 0.0 0.0,
0.0 0.0 0.0,
0.0 0.0 0.0,
0.0 0.0 0.0,
0.0 0.0 0.0,
0.0 0.0 0.0,
0.0 0.0 0.0,
0.0 0.0 0.0,
0.0 0.0 0.0,
0.0 0.0 0.0,
0.0 0.0 0.0,
0.0 0.0 0.0,
0.0 0.0 0.0,
0.0 0.0 0.0,
0.0 0.0 0.0,
0.0 0.0 0.0,
0.0 0.0 0.0,
0.0 0.0 0.0,
0.0 0.0 0.0,
0.0 0.0 0.0,
0.0 0.0 0.0,
0.0 0.0 0.0,
0.0 0.0 0.0,
0.0 0.0 0.0,
0.0 0.0 0.0,
0.0 0.0 0.0,
0.0 0.0 0.0,
0.0 0.0 0.0,
0.0 0.0 0.0,
0.0 0.0 0.0,
0.0 0.0 0.0,
0.0 0.0 0.0,
0.0 0.0 0.0,
0.0 0.0 0.0,
0.0 0.0 0.0,
0.0 0.0 0.0,
0.0 0.0 0.0,
0.0 0.0 0.0,
0.0 0.0 0.0,
0.0 0.0 0.0,
0.0 0.0 0.0,
0.0 0.0 0.0,
0.0 0.0 0.0,
0.0 0.0 0.0,
0.0 0.0 0.0,
0.0 0.0 0.0,
0.0 0.0 0.0,
0.0 0.0 0.0,
0.0 0.0 0.0,
0.0 0.0 0.0,
0.0 0.0 0.0,
0.0 0.0 0.0,
0.0 0.0 0.0,
0.0 0.0 0.0,
0.0 0.0 0.0,
0.0 0.0 0.0,
0.0 0.0 0.0,
0.0 0.0 0.0,
0.0 0.0 0.0,
0.0 0.0 0.0,
0.0 0.0 0.0,
0.0 0.0 0.0,
0.0 0.0 0.0,
0.0 0.0 0.0,
0.0 0.0 0.0,
0.0 0.0 0.0,
0.0 0.0 0.0,
0.0 0.0 0.0,
0.0 0.0 0.0,
0.0 0.0 0.0,
0.0 0.0 0.0,
0.0 0.0 0.0,
0.0 0.0 0.0,
0.0 0.0 0.0,
0.0 0.0 0.0,
0.0 0.0 0.0,
0.0 0.0 0.0,
0.0 0.0 0.0,
0.0 0.0 0.0,
0.0 0.0 0.0,
0.0 0.0 0.0,
0.0 0.0 0.0,
0.0 0.0 0.0,
0.0 0.0 0.0,
0.0 0.0 0.0,
0.0 0.0 0.0,
0.0 0.0 0.0,
0.0 0.0 0.0,
0.0 0.0 0.0,
0.0 0.0 0.0,
0.0 0.0 0.0,
0.0 0.0 0.0,
0.0 0.0 0.0,
0.0 0.0 0.0,
0.0 0.0 0.0,
0.0 0.0 0.0,
0.0 0.0 0.0,
0.0 0.0 0.0,
0.0 0.0 0.0,
0.0 0.0 0.0,
0.0 0.0 0.0,
0.0 0.0 0.0,
0.0 0.0 0.0,
0.0 0.0 0.0,
0.0 0.0 0.0,
0.0 0.0 0.0,
0.0 0.0 0.0,
0.0 0.0 0.0,
0.0 0.0 0.0,
0.0 0.0 0.0,
0.0 0.0 0.0,
0.0 0.0 0.0,
0.0 0.0 0.0,
0.0 0.0 0.0,
0.0 0.0 0.0,
0.0 0.0 0.0,
0.0 0.0 0.0,
0.0 0.0 0.0,
0.0 0.0 0.0,
0.0 0.0 0.0,
0.0 0.0 0.0,
0.0 0.0 0.0,
0.0 0.0 0.0,
0.0 0.0 0.0,
0.0 0.0 0.0,
0.0 0.0 0.0,
0.0 0.0 0.0,
0.0 0.0 0.0,
0.0 0.0 0.0,
0.0 0.0 0.0,
0.0 0.0 0.0,
0.0 0.0 0.0,
0.0 0.0 0.0,
0.0 0.0 0.0,
0.0 0.0 0.0,
0.0 0.0 0.0,
0.0 0.0 0.0,
0.0 0.0 0.0,
0.0 0.0 0.0,
0.0 0.0 0.0,
0.0 0.0 0.0,
0.0 0.0 0.0,
0.0 0.0 0.0,
0.0 0.0 0.0,
0.0 0.0 0.0,
0.0 0.0 0.0,
0.0 0.0 0.0,
0.0 0.0 0.0,
0.0 0.0 0.0,
0.0 0.0 0.0,
0.0 0.0 0.0,
0.0 0.0 0.0,
0.0 0.0 0.0,
0.0 0.0 0.0,
0.0 0.0 0.0,
0.0 0.0 0.0,
0.0 0.0 0.0,
0.0 0.0 0.0,
0.0 0.0 0.0,
0.0 0.0 0.0,
0.0 0.0 0.0,
0.0 0.0 0.0,
0.0 0.0 0.0,
0.0 0.0 0.0,
0.0 0.0 0.0,
0.0 0.0 0.0,
0.0 0.0 0.0,
0.0 0.0 0.0,
0.0 0.0 0.0,
0.0 0.0 0.0,
0.0 0.0 0.0,
0.0 0.0 0.0,
0.0 0.0 0.0,
0.0 0.0 0.0,
0.0 0.0 0.0,
0.0 0.0 0.0,
0.0 0.0 0.0,
0.0 0.0 0.0,
0.0 0.0 0.0,
0.0 0.0 0.0,
0.0 0.0 0.0,
0.0 0.0 0.0,
0.0 0.0 0.0,
0.0 0.0 0.0,
0.0 0.0 0.0,
0.0 0.0 0.0,
0.0 0.0 0.0,
0.0 0.0 0.0,
0.0 0.0 0.0,
0.0 0.0 0.0,
0.0 0.0 0.0,
0.0 0.0 0.0,
0.0 0.0 0.0,
0.0 0.0 0.0,
0.0 0.0 0.0,
0.0 0.0 0.0,
0.0 0.0 0.0,
0.0 0.0 0.0,
0.0 0.0 0.0,
0.0 0.0 0.0,
0.0 0.0 0.0,
0.0 0.0 0.0,
0.0 0.0 0.0,
0.0 0.0 0.0,
0.0 0.0 0.0,
0.0 0.0 0.0,
0.0 0.0 0.0,
0.0 0.0 0.0,
0.0 0.0 0.0,
0.0 0.0 0.0,
0.0 0.0 0.0,
0.0 0.0 0.0,
0.0 0.0 0.0,
0.0 0.0 0.0,
0.0 0.0 0.0,
0.0 0.0 0.0,
0.0 0.0 0.0,
0.0 0.0 0.0,
0.0 0.0 0.0,
0.0 0.0 0.0,
0.0 0.0 0.0,
0.0 0.0 0.0,
0.0 0.0 0.0,
0.0 0.0 0.0,
0.0 0.0 0.0,
0.0 0.0 0.0,
0.0 0.0 0.0,
0.0 0.0 0.0,
0.0 0.0 0.0,
0.0 0.0 0.0,
0.0 0.0 0.0,
0.0 0.0 0.0,
0.0 0.0 0.0,
0.0 0.0 0.0,
0.0 0.0 0.0,
0.0 0.0 0.0,
0.0 0.0 0.0,
0.0 0.0 0.0,
0.0 0.0 0.0,
0.0 0.0 0.0,
0.0 0.0 0.0,
0.0 0.0 0.0,
0.0 0.0 0.0,
0.0 0.0 0.0,
0.0 0.0 0.0,
0.0 0.0 0.0,
0.0 0.0 0.0,
0.0 0.0 0.0,
0.0 0.0 0.0,
0.0 0.0 0.0,
0.0 0.0 0.0,
0.0 0.0 0.0,
0.0 0.0 0.0,
0.0 0.0 0.0,
0.0 0.0 0.0,
0.0 0.0 0.0,
0.0 0.0 0.0,
0.0 0.0 0.0,
0.0 0.0 0.0,
0.0 0.0 0.0,
0.0 0.0 0.0,
0.0 0.0 0.0,
0.0 0.0 0.0,
0.0 0.0 0.0,
0.0 0.0 0.0,
0.0 0.0 0.0,
0.0 0.0 0.0,
0.0 0.0 0.0,
0.0 0.0 0.0,
0.0 0.0 0.0,
0.0 0.0 0.0,
0.0 0.0 0.0,
0.0 0.0 0.0,
0.0 0.0 0.0,
0.0 0.0 0.0,
0.0 0.0 0.0,
0.0 0.0 0.0,
0.0 0.0 0.0,
0.0 0.0 0.0,
0.0 0.0 0.0,
0.0 0.0 0.0,
0.0 0.0 0.0,
0.0 0.0 0.0,
0.0 0.0 0.0,
0.0 0.0 0.0,
0.0 0.0 0.0,
0.0 0.0 0.0,
0.0 0.0 0.0,
0.0 0.0 0.0,
0.0 0.0 0.0,
0.0 0.0 0.0,
0.0 0.0 0.0,
0.0 0.0 0.0,
0.0 0.0 0.0,
0.0 0.0 0.0,
0.0 0.0 0.0,
0.0 0.0 0.0,
0.0 0.0 0.0,
0.0 0.0 0.0,
0.0 0.0 0.0,
0.0 0.0 0.0,
0.0 0.0 0.0,
0.0 0.0 0.0,
0.0 0.0 0.0,
0.0 0.0 0.0,
0.0 0.0 0.0,
0.0 0.0 0.0,
0.0 0.0 0.0,
0.0 0.0 0.0,
0.0 0.0 0.0,
0.0 0.0 0.0,
0.0 0.0 0.0,
0.0 0.0 0.0,
0.0 0.0 0.0,
0.0 0.0 0.0,
0.0 0.0 0.0,
0.0 0.0 0.0,
0.0 0.0 0.0,
0.0 0.0 0.0,
0.0 0.0 0.0,
0.0 0.0 0.0,
0.0 0.0 0.0,
0.0 0.0 0.0,
0.0 0.0 0.0,
0.0 0.0 0.0,
0.0 0.0 0.0,
0.0 0.0 0.0,
0.0 0.0 0.0,
0.0 0.0 0.0,
0.0 0.0 0.0,
0.0 0.0 0.0,
0.0 0.0 0.0,
0.0 0.0 0.0,
0.0 0.0 0.0,
0.0 0.0 0.0,
0.0 0.0 0.0,
0.0 0.0 0.0,
0.0 0.0 0.0,
0.0 0.0 0.0,
0.0 0.0 0.0,
0.0 0.0 0.0,
0.0 0.0 0.0,
0.0 0.0 0.0,
0.0 0.0 0.0,
0.0 0.0 0.0,
0.0 0.0 0.0,
0.0 0.0 0.0,
0.0 0.0 0.0,
0.0 0.0 0.0,
0.0 0.0 0.0,
0.0 0.0 0.0,
0.0 0.0 0.0,
0.0 0.0 0.0,
0.0 0.0 0.0,
0.0 0.0 0.0,
0.0 0.0 0.0,
0.0 0.0 0.0,
0.0 0.0 0.0,
0.0 0.0 0.0,
0.0 0.0 0.0,
0.0 0.0 0.0,
0.0 0.0 0.0,
0.0 0.0 0.0,
0.0 0.0 0.0,
0.0 0.0 0.0,
0.0 0.0 0.0,
0.0 0.0 0.0,
0.0 0.0 0.0,
0.0 0.0 0.0,
0.0 0.0 0.0,
0.0 0.0 0.0,
0.0 0.0 0.0,
0.0 0.0 0.0,
0.0 0.0 0.0,
0.0 0.0 0.0,
0.0 0.0 0.0,
0.0 0.0 0.0,
0.0 0.0 0.0,
0.0 0.0 0.0,
0.0 0.0 0.0,
0.0 0.0 0.0,
0.0 0.0 0.0,
0.0 0.0 0.0,
0.0 0.0 0.0,
0.0 0.0 0.0,
0.0 0.0 0.0,
0.0 0.0 0.0,
0.0 0.0 0.0,
0.0 0.0 0.0,
0.0 0.0 0.0,
0.0 0.0 0.0,
0.0 0.0 0.0,
0.0 0.0 0.0,
0.0 0.0 0.0,
0.0 0.0 0.0,
0.0 0.0 0.0,
0.0 0.0 0.0,
0.0 0.0 0.0,
0.0 0.0 0.0,
0.0 0.0 0.0,
0.0 0.0 0.0,
0.0 0.0 0.0,
0.0 0.0 0.0,
0.0 0.0 0.0,
0.0 0.0 0.0,
0.0 0.0 0.0,
0.0 0.0 0.0,
0.0 0.0 0.0,
0.0 0.0 0.0,
0.0 0.0 0.0,
0.0 0.0 0.0,
0.0 0.0 0.0,
0.0 0.0 0.0,
0.0 0.0 0.0,
0.0 0.0 0.0,
0.0 0.0 0.0,
0.0 0.0 0.0,
0.0 0.0 0.0,
0.0 0.0 0.0,
0.0 0.0 0.0,
0.0 0.0 0.0,
0.0 0.0 0.0,
0.0 0.0 0.0,
0.0 0.0 0.0,
0.0 0.0 0.0,
0.0 0.0 0.0,
0.0 0.0 0.0,
0.0 0.0 0.0,
0.0 0.0 0.0,
0.0 0.0 0.0,
0.0 0.0 0.0,
0.0 0.0 0.0,
0.0 0.0 0.0,
0.0 0.0 0.0,
0.0 0.0 0.0,
0.0 0.0 0.0,
0.0 0.0 0.0,
0.0 0.0 0.0,
0.0 0.0 0.0,
0.0 0.0 0.0,
0.0 0.0 0.0,
0.0 0.0 0.0,
0.0 0.0 0.0,
0.0 0.0 0.0,
0.0 0.0 0.0,
0.0 0.0 0.0,
0.0 0.0 0.0,
0.0 0.0 0.0,
0.0 0.0 0.0,
0.0 0.0 0.0,
0.0 0.0 0.0,
0.0 0.0 0.0,
0.0 0.0 0.0,
0.0 0.0 0.0,
0.0 0.0 0.0,
0.0 0.0 0.0,
0.0 0.0 0.0,
0.0 0.0 0.0,
0.0 0.0 0.0,
0.0 0.0 0.0,
0.0 0.0 0.0,
0.0 0.0 0.0,
0.0 0.0 0.0,
0.0 0.0 0.0,
0.0 0.0 0.0,
0.0 0.0 0.0,
0.0 0.0 0.0,
0.0 0.0 0.0,
0.0 0.0 0.0,
0.0 0.0 0.0,
0.0 0.0 0.0,
0.0 0.0 0.0,
0.0 0.0 0.0,
0.0 0.0 0.0,
0.0 0.0 0.0,
0.0 0.0 0.0,
0.0 0.0 0.0,
0.0 0.0 0.0,
0.0 0.0 0.0,
0.0 0.0 0.0,
0.0 0.0 0.0,
0.0 0.0 0.0,
0.0 0.0 0.0,
0.0 0.0 0.0,
0.0 0.0 0.0,
0.0 0.0 0.0,
0.0 0.0 0.0,
0.0 0.0 0.0,
0.0 0.0 0.0,
0.0 0.0 0.0,
0.0 0.0 0.0,
0.0 0.0 0.0,
0.0 0.0 0.0,
0.0 0.0 0.0,
0.0 0.0 0.0,
0.0 0.0 0.0,
0.0 0.0 0.0,
0.0 0.0 0.0,
0.0 0.0 0.0,
0.0 0.0 0.0,
0.0 0.0 0.0,
0.0 0.0 0.0,
0.0 0.0 0.0,
0.0 0.0 0.0,
0.0 0.0 0.0,
0.0 0.0 0.0,
0.0 0.0 0.0,
0.0 0.0 0.0,
0.0 0.0 0.0,
0.0 0.0 0.0,
0.0 0.0 0.0,
0.0 0.0 0.0,
0.0 0.0 0.0,
0.0 0.0 0.0,
0.0 0.0 0.0,
0.0 0.0 0.0,
0.0 0.0 0.0,
0.0 0.0 0.0,
0.0 0.0 0.0,
0.0 0.0 0.0,
0.0 0.0 0.0,
0.0 0.0 0.0,
0.0 0.0 0.0,
0.0 0.0 0.0,
0.0 0.0 0.0,
0.0 0.0 0.0,
0.0 0.0 0.0,
0.0 0.0 0.0,
0.0 0.0 0.0,
0.0 0.0 0.0,
0.0 0.0 0.0,
0.0 0.0 0.0,
0.0 0.0 0.0,
0.0 0.0 0.0,
0.0 0.0 0.0,
0.0 0.0 0.0,
0.0 0.0 0.0,
0.0 0.0 0.0,
0.0 0.0 0.0,
0.0 0.0 0.0,
0.0 0.0 0.0,
0.0 0.0 0.0,
0.0 0.0 0.0,
0.0 0.0 0.0,
0.0 0.0 0.0,
0.0 0.0 0.0,
0.0 0.0 0.0,
0.0 0.0 0.0,
0.0 0.0 0.0,
0.0 0.0 0.0,
0.0 0.0 0.0,
0.0 0.0 0.0,
0.0 0.0 0.0,
0.0 0.0 0.0,
0.0 0.0 0.0,
0.0 0.0 0.0,
0.0 0.0 0.0,
0.0 0.0 0.0,
0.0 0.0 0.0,
0.0 0.0 0.0,
0.0 0.0 0.0,
0.0 0.0 0.0,
0.0 0.0 0.0,
0.0 0.0 0.0,
0.0 0.0 0.0,
0.0 0.0 0.0,
0.0 0.0 0.0,
0.0 0.0 0.0,
0.0 0.0 0.0,
0.0 0.0 0.0,
0.0 0.0 0.0,
0.0 0.0 0.0,
0.0 0.0 0.0,
0.0 0.0 0.0,
0.0 0.0 0.0,
0.0 0.0 0.0,
0.0 0.0 0.0,
0.0 0.0 0.0,
0.0 0.0 0.0,
0.0 0.0 0.0,
0.0 0.0 0.0,
0.0 0.0 0.0,
0.0 0.0 0.0,
0.0 0.0 0.0,
0.0 0.0 0.0,
0.0 0.0 0.0,
0.0 0.0 0.0,
0.0 0.0 0.0,
0.0 0.0 0.0,
0.0 0.0 0.0,
0.0 0.0 0.0,
0.0 0.0 0.0,
0.0 0.0 0.0,
0.0 0.0 0.0,
0.0 0.0 0.0,
0.0 0.0 0.0,
0.0 0.0 0.0,
0.0 0.0 0.0,
0.0 0.0 0.0,
0.0 0.0 0.0,
0.0 0.0 0.0,
0.0 0.0 0.0,
0.0 0.0 0.0,
0.0 0.0 0.0,
0.0 0.0 0.0,
0.0 0.0 0.0,
0.0 0.0 0.0,
0.0 0.0 0.0,
0.0 0.0 0.0,
0.0 0.0 0.0,
0.0 0.0 0.0,
0.0 0.0 0.0,
0.0 0.0 0.0,
0.0 0.0 0.0,
0.0 0.0 0.0,
0.0 0.0 0.0,
0.0 0.0 0.0,
0.0 0.0 0.0,
0.0 0.0 0.0,
0.0 0.0 0.0,
0.0 0.0 0.0,
0.0 0.0 0.0,
0.0 0.0 0.0,
0.0 0.0 0.0,
0.0 0.0 0.0,
0.0 0.0 0.0,
0.0 0.0 0.0,
0.0 0.0 0.0,
0.0 0.0 0.0,
0.0 0.0 0.0,
0.0 0.0 0.0,
0.0 0.0 0.0,
0.0 0.0 0.0,
0.0 0.0 0.0,
0.0 0.0 0.0,
0.0 0.0 0.0,
0.0 0.0 0.0,
0.0 0.0 0.0,
0.0 0.0 0.0,
0.0 0.0 0.0,
0.0 0.0 0.0,
0.0 0.0 0.0,
0.0 0.0 0.0,
0.0 0.0 0.0,
0.0 0.0 0.0,
0.0 0.0 0.0,
0.0 0.0 0.0,
0.0 0.0 0.0,
0.0 0.0 0.0,
0.0 0.0 0.0,
0.0 0.0 0.0,
0.0 0.0 0.0,
0.0 0.0 0.0,
0.0 0.0 0.0,
0.0 0.0 0.0,
0.0 0.0 0.0,
0.0 0.0 0.0,
0.0 0.0 0.0,
0.0 0.0 0.0,
0.0 0.0 0.0,
0.0 0.0 0.0,
0.0 0.0 0.0,
0.0 0.0 0.0,
0.0 0.0 0.0,
0.0 0.0 0.0,
0.0 0.0 0.0,
0.0 0.0 0.0,
0.0 0.0 0.0,
0.0 0.0 0.0,
0.0 0.0 0.0,
0.0 0.0 0.0,
0.0 0.0 0.0,
0.0 0.0 0.0,
0.0 0.0 0.0,
0.0 0.0 0.0,
0.0 0.0 0.0,
0.0 0.0 0.0,
0.0 0.0 0.0,
0.0 0.0 0.0,
0.0 0.0 0.0,
0.0 0.0 0.0,
0.0 0.0 0.0,
0.0 0.0 0.0,
0.0 0.0 0.0,
0.0 0.0 0.0,
0.0 0.0 0.0,
0.0 0.0 0.0,
0.0 0.0 0.0,
0.0 0.0 0.0,
0.0 0.0 0.0,
0.0 0.0 0.0,
0.0 0.0 0.0,
0.0 0.0 0.0,
0.0 0.0 0.0,
0.0 0.0 0.0,
0.0 0.0 0.0,
0.0 0.0 0.0,
0.0 0.0 0.0,
0.0 0.0 0.0,
0.0 0.0 0.0,
0.0 0.0 0.0,
0.0 0.0 0.0,
0.0 0.0 0.0,
0.0 0.0 0.0,
0.0 0.0 0.0,
0.0 0.0 0.0,
0.0 0.0 0.0,
0.0 0.0 0.0,
0.0 0.0 0.0,
0.0 0.0 0.0,
0.0 0.0 0.0,
0.0 0.0 0.0,
0.0 0.0 0.0,
0.0 0.0 0.0,
0.0 0.0 0.0,
0.0 0.0 0.0,
0.0 0.0 0.0,
0.0 0.0 0.0,
0.0 0.0 0.0,
0.0 0.0 0.0,
0.0 0.0 0.0,
0.0 0.0 0.0,
0.0 0.0 0.0,
0.0 0.0 0.0,
0.0 0.0 0.0,
0.0 0.0 0.0,
0.0 0.0 0.0,
0.0 0.0 0.0,
0.0 0.0 0.0,
0.0 0.0 0.0,
0.0 0.0 0.0,
0.0 0.0 0.0,
0.0 0.0 0.0,
0.0 0.0 0.0,
0.0 0.0 0.0,
0.0 0.0 0.0,
0.0 0.0 0.0,
0.0 0.0 0.0,
0.0 0.0 0.0,
0.0 0.0 0.0,
0.0 0.0 0.0,
0.0 0.0 0.0,
0.0 0.0 0.0,
0.0 0.0 0.0,
0.0 0.0 0.0,
0.0 0.0 0.0,
0.0 0.0 0.0,
0.0 0.0 0.0,
0.0 0.0 0.0,
0.0 0.0 0.0,
0.0 0.0 0.0,
0.0 0.0 0.0,
0.0 0.0 0.0,
0.0 0.0 0.0,
0.0 0.0 0.0,
0.0 0.0 0.0,
0.0 0.0 0.0,
0.0 0.0 0.0,
0.0 0.0 0.0,
0.0 0.0 0.0,
0.0 0.0 0.0,
0.0 0.0 0.0,
0.0 0.0 0.0,
0.0 0.0 0.0,
0.0 0.0 0.0,
0.0 0.0 0.0,
0.0 0.0 0.0,
0.0 0.0 0.0,
0.0 0.0 0.0,
0.0 0.0 0.0,
0.0 0.0 0.0,
0.0 0.0 0.0,
0.0 0.0 0.0,
0.0 0.0 0.0,
0.0 0.0 0.0,
0.0 0.0 0.0,
0.0 0.0 0.0,
0.0 0.0 0.0,
0.0 0.0 0.0,
0.0 0.0 0.0,
0.0 0.0 0.0,
0.0 0.0 0.0,
0.0 0.0 0.0,
0.0 0.0 0.0,
0.0 0.0 0.0,
0.0 0.0 0.0,
0.0 0.0 0.0,
0.0 0.0 0.0,
0.0 0.0 0.0,
0.0 0.0 0.0,
0.0 0.0 0.0,
0.0 0.0 0.0,
0.0 0.0 0.0,
0.0 0.0 0.0,
0.0 0.0 0.0,
0.0 0.0 0.0,
0.0 0.0 0.0,
0.0 0.0 0.0,
0.0 0.0 0.0,
0.0 0.0 0.0,
0.0 0.0 0.0,
0.0 0.0 0.0,
0.0 0.0 0.0,
0.0 0.0 0.0,
0.0 0.0 0.0,
0.0 0.0 0.0,
0.0 0.0 0.0,
0.0 0.0 0.0,
0.0 0.0 0.0,
0.0 0.0 0.0,
0.0 0.0 0.0,
0.0 0.0 0.0,
0.0 0.0 0.0,
0.0 0.0 0.0,
0.0 0.0 0.0,
0.0 0.0 0.0,
0.0 0.0 0.0,
0.0 0.0 0.0,
0.0 0.0 0.0,
0.0 0.0 0.0,
0.0 0.0 0.0,
0.0 0.0 0.0,
0.0 0.0 0.0,
0.0 0.0 0.0,
0.0 0.0 0.0,
0.0 0.0 0.0,
0.0 0.0 0.0,
0.0 0.0 0.0,
0.0 0.0 0.0,
0.0 0.0 0.0,
0.0 0.0 0.0,
0.0 0.0 0.0,
0.0 0.0 0.0,
0.0 0.0 0.0,
0.0 0.0 0.0,
0.0 0.0 0.0,
0.0 0.0 0.0,
0.0 0.0 0.0,
0.0 0.0 0.0,
0.0 0.0 0.0,
0.0 0.0 0.0,
0.0 0.0 0.0,
0.0 0.0 0.0,
0.0 0.0 0.0,
0.0 0.0 0.0,
0.0 0.0 0.0,
0.0 0.0 0.0,
0.0 0.0 0.0,
0.0 0.0 0.0,
0.0 0.0 0.0,
0.0 0.0 0.0,
0.0 0.0 0.0,
0.0 0.0 0.0,
0.0 0.0 0.0,
0.0 0.0 0.0,
0.0 0.0 0.0,
0.0 0.0 0.0,
0.0 0.0 0.0,
0.0 0.0 0.0,
0.0 0.0 0.0,
0.0 0.0 0.0,
0.0 0.0 0.0,
0.0 0.0 0.0,
0.0 0.0 0.0,
0.0 0.0 0.0,
0.0 0.0 0.0,
0.0 0.0 0.0,
0.0 0.0 0.0,
0.0 0.0 0.0,
0.0 0.0 0.0,
0.0 0.0 0.0,
0.0 0.0 0.0,
0.0 0.0 0.0,
0.0 0.0 0.0,
0.0 0.0 0.0,
0.0 0.0 0.0,
0.0 0.0 0.0,
0.0 0.0 0.0,
0.0 0.0 0.0,
0.0 0.0 0.0,
0.0 0.0 0.0,
0.0 0.0 0.0,
0.0 0.0 0.0,
0.0 0.0 0.0,
0.0 0.0 0.0,
0.0 0.0 0.0,
0.0 0.0 0.0,
0.0 0.0 0.0,
0.0 0.0 0.0,
0.0 0.0 0.0,
0.0 0.0 0.0,
0.0 0.0 0.0,
0.0 0.0 0.0,
0.0 0.0 0.0,
0.0 0.0 0.0,
0.0 0.0 0.0,
0.0 0.0 0.0,
0.0 0.0 0.0,
0.0 0.0 0.0,
0.0 0.0 0.0,
0.0 0.0 0.0,
0.0 0.0 0.0,
0.0 0.0 0.0,
0.0 0.0 0.0,
0.0 0.0 0.0,
0.0 0.0 0.0,
0.0 0.0 0.0,
0.0 0.0 0.0,
0.0 0.0 0.0,
0.0 0.0 0.0,
0.0 0.0 0.0,
0.0 0.0 0.0,
0.0 0.0 0.0,
0.0 0.0 0.0,
0.0 0.0 0.0,
0.0 0.0 0.0,
0.0 0.0 0.0,
0.0 0.0 0.0,
0.0 0.0 0.0,
0.0 0.0 0.0,
0.0 0.0 0.0,
0.0 0.0 0.0,
0.0 0.0 0.0,
0.0 0.0 0.0,
0.0 0.0 0.0,
0.0 0.0 0.0,
0.0 0.0 0.0,
0.0 0.0 0.0,
0.0 0.0 0.0,
0.0 0.0 0.0,
0.0 0.0 0.0,
0.0 0.0 0.0,
0.0 0.0 0.0,
0.0 0.0 0.0,
0.0 0.0 0.0,
0.0 0.0 0.0,
0.0 0.0 0.0,
0.0 0.0 0.0,
0.0 0.0 0.0,
0.0 0.0 0.0,
0.0 0.0 0.0,
0.0 0.0 0.0,
0.0 0.0 0.0,
0.0 0.0 0.0,
0.0 0.0 0.0,
0.0 0.0 0.0,
0.0 0.0 0.0,
0.0 0.0 0.0,
0.0 0.0 0.0,
0.0 0.0 0.0,
0.0 0.0 0.0,
0.0 0.0 0.0,
0.0 0.0 0.0,
0.0 0.0 0.0,
0.0 0.0 0.0,
0.0 0.0 0.0,
0.0 0.0 0.0,
0.0 0.0 0.0,
0.0 0.0 0.0,
0.0 0.0 0.0,
0.0 0.0 0.0,
0.0 0.0 0.0,
0.0 0.0 0.0,
0.0 0.0 0.0,
0.0 0.0 0.0,
0.0 0.0 0.0,
0.0 0.0 0.0,
0.0 0.0 0.0,
0.0 0.0 0.0,
0.0 0.0 0.0,
0.0 0.0 0.0,
0.0 0.0 0.0,
0.0 0.0 0.0,
0.0 0.0 0.0,
0.0 0.0 0.0,
0.0 0.0 0.0,
0.0 0.0 0.0,
0.0 0.0 0.0,
0.0 0.0 0.0,
0.0 0.0 0.0,
0.0 0.0 0.0,
0.0 0.0 0.0,
0.0 0.0 0.0,
0.0 0.0 0.0,
0.0 0.0 0.0,
0.0 0.0 0.0,
0.0 0.0 0.0,
0.0 0.0 0.0,
0.0 0.0 0.0,
0.0 0.0 0.0,
0.0 0.0 0.0,
0.0 0.0 0.0,
0.0 0.0 0.0,
0.0 0.0 0.0,
0.0 0.0 0.0,
0.0 0.0 0.0,
0.0 0.0 0.0,
0.0 0.0 0.0,
0.0 0.0 0.0,
0.0 0.0 0.0,
0.0 0.0 0.0,
0.0 0.0 0.0,
0.0 0.0 0.0,
0.0 0.0 0.0,
0.0 0.0 0.0,
0.0 0.0 0.0,
0.0 0.0 0.0,
0.0 0.0 0.0,
0.0 0.0 0.0,
0.0 0.0 0.0,
0.0 0.0 0.0,
0.0 0.0 0.0,
0.0 0.0 0.0,
0.0 0.0 0.0,
0.0 0.0 0.0,
0.0 0.0 0.0,
0.0 0.0 0.0,
0.0 0.0 0.0,
0.0 0.0 0.0,
0.0 0.0 0.0,
0.0 0.0 0.0,
0.0 0.0 0.0,
0.0 0.0 0.0,
0.0 0.0 0.0,
0.0 0.0 0.0,
0.0 0.0 0.0,
0.0 0.0 0.0,
0.0 0.0 0.0,
0.0 0.0 0.0,
0.0 0.0 0.0,
0.0 0.0 0.0,
0.0 0.0 0.0,
0.0 0.0 0.0,
0.0 0.0 0.0,
0.0 0.0 0.0,
0.0 0.0 0.0,
0.0 0.0 0.0,
0.0 0.0 0.0,
0.0 0.0 0.0,
0.0 0.0 0.0,
0.0 0.0 0.0,
0.0 0.0 0.0,
0.0 0.0 0.0,
0.0 0.0 0.0,
0.0 0.0 0.0,
0.0 0.0 0.0,
0.0 0.0 0.0,
0.0 0.0 0.0,
0.0 0.0 0.0,
0.0 0.0 0.0,
0.0 0.0 0.0,
0.0 0.0 0.0,
0.0 0.0 0.0,
0.0 0.0 0.0,
0.0 0.0 0.0,
0.0 0.0 0.0,
0.0 0.0 0.0,
0.0 0.0 0.0,
0.0 0.0 0.0,
0.0 0.0 0.0,
0.0 0.0 0.0,
0.0 0.0 0.0,
0.0 0.0 0.0,
0.0 0.0 0.0,
0.0 0.0 0.0,
0.0 0.0 0.0,
0.0 0.0 0.0,
0.0 0.0 0.0,
0.0 0.0 0.0,
0.0 0.0 0.0,
0.0 0.0 0.0,
0.0 0.0 0.0,
0.0 0.0 0.0,
0.0 0.0 0.0,
0.0 0.0 0.0,
0.0 0.0 0.0,
0.0 0.0 0.0,
0.0 0.0 0.0,
0.0 0.0 0.0,
0.0 0.0 0.0,
0.0 0.0 0.0,
0.0 0.0 0.0,
0.0 0.0 0.0,
0.0 0.0 0.0,
0.0 0.0 0.0,
0.0 0.0 0.0,
0.0 0.0 0.0,
0.0 0.0 0.0,
0.0 0.0 0.0,
0.0 0.0 0.0,
0.0 0.0 0.0,
0.0 0.0 0.0,
0.0 0.0 0.0,
0.0 0.0 0.0,
0.0 0.0 0.0,
0.0 0.0 0.0,
0.0 0.0 0.0,
0.0 0.0 0.0,
0.0 0.0 0.0,
0.0 0.0 0.0,
0.0 0.0 0.0,
0.0 0.0 0.0,
0.0 0.0 0.0,
0.0 0.0 0.0,
0.0 0.0 0.0,
0.0 0.0 0.0,
0.0 0.0 0.0,
0.0 0.0 0.0,
0.0 0.0 0.0,
0.0 0.0 0.0,
0.0 0.0 0.0,
0.0 0.0 0.0,
0.0 0.0 0.0,
0.0 0.0 0.0,
0.0 0.0 0.0,
0.0 0.0 0.0,
0.0 0.0 0.0,
0.0 0.0 0.0,
0.0 0.0 0.0,
0.0 0.0 0.0,
0.0 0.0 0.0,
0.0 0.0 0.0,
0.0 0.0 0.0,
0.0 0.0 0.0,
0.0 0.0 0.0,
0.0 0.0 0.0,
0.0 0.0 0.0,
0.0 0.0 0.0,
0.0 0.0 0.0,
0.0 0.0 0.0,
0.0 0.0 0.0,
0.0 0.0 0.0,
0.0 0.0 0.0,
0.0 0.0 0.0,
0.0 0.0 0.0,
0.0 0.0 0.0,
0.0 0.0 0.0,
0.0 0.0 0.0,
0.0 0.0 0.0,
0.0 0.0 0.0,
0.0 0.0 0.0,
0.0 0.0 0.0,
0.0 0.0 0.0,
0.0 0.0 0.0,
0.0 0.0 0.0,
0.0 0.0 0.0,
0.0 0.0 0.0,
0.0 0.0 0.0,
0.0 0.0 0.0,
0.0 0.0 0.0,
0.0 0.0 0.0,
0.0 0.0 0.0,
0.0 0.0 0.0,
0.0 0.0 0.0,
0.0 0.0 0.0,
0.0 0.0 0.0,
0.0 0.0 0.0,
0.0 0.0 0.0,
0.0 0.0 0.0,
0.0 0.0 0.0,
0.0 0.0 0.0,
0.0 0.0 0.0,
0.0 0.0 0.0,
0.0 0.0 0.0,
0.0 0.0 0.0,
0.0 0.0 0.0,
0.0 0.0 0.0,
0.0 0.0 0.0,
0.0 0.0 0.0,
0.0 0.0 0.0,
0.0 0.0 0.0,
0.0 0.0 0.0,
0.0 0.0 0.0,
0.0 0.0 0.0,
0.0 0.0 0.0,
0.0 0.0 0.0,
0.0 0.0 0.0,
0.0 0.0 0.0,
0.0 0.0 0.0,
0.0 0.0 0.0,
0.0 0.0 0.0,
0.0 0.0 0.0,
0.0 0.0 0.0,
0.0 0.0 0.0,
0.0 0.0 0.0,
0.0 0.0 0.0,
0.0 0.0 0.0,
0.0 0.0 0.0,
0.0 0.0 0.0,
0.0 0.0 0.0,
0.0 0.0 0.0,
0.0 0.0 0.0,
0.0 0.0 0.0,
0.0 0.0 0.0,
0.0 0.0 0.0,
0.0 0.0 0.0,
0.0 0.0 0.0,
0.0 0.0 0.0,
0.0 0.0 0.0,
0.0 0.0 0.0,
0.0 0.0 0.0,
0.0 0.0 0.0,
0.0 0.0 0.0,
0.0 0.0 0.0,
0.0 0.0 0.0,
0.0 0.0 0.0,
0.0 0.0 0.0,
0.0 0.0 0.0,
0.0 0.0 0.0,
0.0 0.0 0.0,
0.0 0.0 0.0,
0.0 0.0 0.0,
0.0 0.0 0.0,
0.0 0.0 0.0,
0.0 0.0 0.0,
0.0 0.0 0.0,
0.0 0.0 0.0,
0.0 0.0 0.0,
0.0 0.0 0.0,
0.0 0.0 0.0,
0.0 0.0 0.0,
0.0 0.0 0.0,
0.0 0.0 0.0,
0.0 0.0 0.0,
0.0 0.0 0.0,
0.0 0.0 0.0,
0.0 0.0 0.0,
0.0 0.0 0.0,
0.0 0.0 0.0,
0.0 0.0 0.0,
0.0 0.0 0.0,
0.0 0.0 0.0,
0.0 0.0 0.0,
0.0 0.0 0.0,
0.0 0.0 0.0,
0.0 0.0 0.0,
0.0 0.0 0.0,
0.0 0.0 0.0,
0.0 0.0 0.0,
0.0 0.0 0.0,
0.0 0.0 0.0,
0.0 0.0 0.0,
0.0 0.0 0.0,
0.0 0.0 0.0,
0.0 0.0 0.0,
0.0 0.0 0.0,
0.0 0.0 0.0,
0.0 0.0 0.0,
0.0 0.0 0.0,
0.0 0.0 0.0,
0.0 0.0 0.0,
0.0 0.0 0.0,
0.0 0.0 0.0,
0.0 0.0 0.0,
0.0 0.0 0.0,
0.0 0.0 0.0,
0.0 0.0 0.0,
0.0 0.0 0.0,
0.0 0.0 0.0,
0.0 0.0 0.0,
0.0 0.0 0.0,
0.0 0.0 0.0,
0.0 0.0 0.0,
0.0 0.0 0.0,
0.0 0.0 0.0,
0.0 0.0 0.0,
0.0 0.0 0.0,
0.0 0.0 0.0,
0.0 0.0 0.0,
0.0 0.0 0.0,
0.0 0.0 0.0,
0.0 0.0 0.0,
0.0 0.0 0.0,
0.0 0.0 0.0,
0.0 0.0 0.0,
0.0 0.0 0.0,
0.0 0.0 0.0,
0.0 0.0 0.0,
0.0 0.0 0.0,
0.0 0.0 0.0,
0.0 0.0 0.0,
0.0 0.0 0.0,
0.0 0.0 0.0,
0.0 0.0 0.0,
0.0 0.0 0.0,
0.0 0.0 0.0,
0.0 0.0 0.0,
0.0 0.0 0.0,
0.0 0.0 0.0,
0.0 0.0 0.0,
0.0 0.0 0.0,
0.0 0.0 0.0,
0.0 0.0 0.0,
0.0 0.0 0.0,
0.0 0.0 0.0,
0.0 0.0 0.0,
0.0 0.0 0.0,
0.0 0.0 0.0,
0.0 0.0 0.0,
0.0 0.0 0.0,
0.0 0.0 0.0,
0.0 0.0 0.0,
0.0 0.0 0.0,
0.0 0.0 0.0,
0.0 0.0 0.0,
0.0 0.0 0.0,
0.0 0.0 0.0,
0.0 0.0 0.0,
0.0 0.0 0.0,
0.0 0.0 0.0,
0.0 0.0 0.0,
0.0 0.0 0.0,
0.0 0.0 0.0,
0.0 0.0 0.0,
0.0 0.0 0.0,
0.0 0.0 0.0,
0.0 0.0 0.0,
0.0 0.0 0.0,
0.0 0.0 0.0,
0.0 0.0 0.0,
0.0 0.0 0.0,
0.0 0.0 0.0,
0.0 0.0 0.0,
0.0 0.0 0.0,
0.0 0.0 0.0,
0.0 0.0 0.0,
0.0 0.0 0.0,
0.0 0.0 0.0,
0.0 0.0 0.0,
0.0 0.0 0.0,
0.0 0.0 0.0,
0.0 0.0 0.0,
0.0 0.0 0.0,
0.0 0.0 0.0,
0.0 0.0 0.0,
0.0 0.0 0.0,
0.0 0.0 0.0,
0.0 0.0 0.0,
0.0 0.0 0.0,
0.0 0.0 0.0,
0.0 0.0 0.0,
0.0 0.0 0.0,
0.0 0.0 0.0,
0.0 0.0 0.0,
0.0 0.0 0.0,
0.0 0.0 0.0,
0.0 0.0 0.0,
0.0 0.0 0.0,
0.0 0.0 0.0,
0.0 0.0 0.0,
0.0 0.0 0.0,
0.0 0.0 0.0,
0.0 0.0 0.0,
0.0 0.0 0.0,
0.0 0.0 0.0,
0.0 0.0 0.0,
0.0 0.0 0.0,
0.0 0.0 0.0,
0.0 0.0 0.0,
0.0 0.0 0.0,
0.0 0.0 0.0,
0.0 0.0 0.0,
0.0 0.0 0.0,
0.0 0.0 0.0,
0.0 0.0 0.0,
0.0 0.0 0.0,
0.0 0.0 0.0,
0.0 0.0 0.0,
0.0 0.0 0.0,
0.0 0.0 0.0,
0.0 0.0 0.0,
0.0 0.0 0.0,
0.0 0.0 0.0,
0.0 0.0 0.0,
0.0 0.0 0.0,
0.0 0.0 0.0,
0.0 0.0 0.0,
0.0 0.0 0.0,
0.0 0.0 0.0,
0.0 0.0 0.0,
0.0 0.0 0.0,
0.0 0.0 0.0,
0.0 0.0 0.0,
0.0 0.0 0.0,
0.0 0.0 0.0,
0.0 0.0 0.0,
0.0 0.0 0.0,
0.0 0.0 0.0,
0.0 0.0 0.0,
0.0 0.0 0.0,
0.0 0.0 0.0,
0.0 0.0 0.0,
0.0 0.0 0.0,
0.0 0.0 0.0,
0.0 0.0 0.0,
0.0 0.0 0.0,
0.0 0.0 0.0,
0.0 0.0 0.0,
0.0 0.0 0.0,
0.0 0.0 0.0,
0.0 0.0 0.0,
0.0 0.0 0.0,
0.0 0.0 0.0,
0.0 0.0 0.0,
0.0 0.0 0.0,
0.0 0.0 0.0,
0.0 0.0 0.0,
0.0 0.0 0.0,
0.0 0.0 0.0,
0.0 0.0 0.0,
0.0 0.0 0.0,
0.0 0.0 0.0,
0.0 0.0 0.0,
0.0 0.0 0.0,
0.0 0.0 0.0,
0.0 0.0 0.0,
0.0 0.0 0.0,
0.0 0.0 0.0,
0.0 0.0 0.0,
0.0 0.0 0.0,
0.0 0.0 0.0,
0.0 0.0 0.0,
0.0 0.0 0.0,
0.0 0.0 0.0,
0.0 0.0 0.0,
0.0 0.0 0.0,
0.0 0.0 0.0,
0.0 0.0 0.0,
0.0 0.0 0.0,
0.0 0.0 0.0,
0.0 0.0 0.0,
0.0 0.0 0.0,
0.0 0.0 0.0,
0.0 0.0 0.0,
0.0 0.0 0.0,
0.0 0.0 0.0,
0.0 0.0 0.0,
0.0 0.0 0.0,
0.0 0.0 0.0,
0.0 0.0 0.0,
0.0 0.0 0.0,
0.0 0.0 0.0,
0.0 0.0 0.0,
0.0 0.0 0.0,
0.0 0.0 0.0,
0.0 0.0 0.0,
0.0 0.0 0.0,
0.0 0.0 0.0,
0.0 0.0 0.0,
0.0 0.0 0.0,
0.0 0.0 0.0,
0.0 0.0 0.0,
0.0 0.0 0.0,
0.0 0.0 0.0,
0.0 0.0 0.0,
0.0 0.0 0.0,
0.0 0.0 0.0,
0.0 0.0 0.0,
0.0 0.0 0.0,
0.0 0.0 0.0,
0.0 0.0 0.0,
0.0 0.0 0.0,
0.0 0.0 0.0,
0.0 0.0 0.0,
0.0 0.0 0.0,
0.0 0.0 0.0,
0.0 0.0 0.0,
0.0 0.0 0.0,
0.0 0.0 0.0,
0.0 0.0 0.0,
0.0 0.0 0.0,
0.0 0.0 0.0,
0.0 0.0 0.0,
0.0 0.0 0.0,
0.0 0.0 0.0,
0.0 0.0 0.0,
0.0 0.0 0.0,
0.0 0.0 0.0,
0.0 0.0 0.0,
0.0 0.0 0.0,
0.0 0.0 0.0,
0.0 0.0 0.0,
0.0 0.0 0.0,
0.0 0.0 0.0,
0.0 0.0 0.0,
0.0 0.0 0.0,
0.0 0.0 0.0,
0.0 0.0 0.0,
0.0 0.0 0.0,
0.0 0.0 0.0,
0.0 0.0 0.0,
0.0 0.0 0.0,
0.0 0.0 0.0,
0.0 0.0 0.0,
0.0 0.0 0.0,
0.0 0.0 0.0,
0.0 0.0 0.0,
0.0 0.0 0.0,
0.0 0.0 0.0,
0.0 0.0 0.0,
0.0 0.0 0.0,
0.0 0.0 0.0,
0.0 0.0 0.0,
0.0 0.0 0.0,
0.0 0.0 0.0,
0.0 0.0 0.0,
0.0 0.0 0.0,
0.0 0.0 0.0,
0.0 0.0 0.0,
0.0 0.0 0.0,
0.0 0.0 0.0,
0.0 0.0 0.0,
0.0 0.0 0.0,
0.0 0.0 0.0,
0.0 0.0 0.0,
0.0 0.0 0.0,
0.0 0.0 0.0,
0.0 0.0 0.0,
0.0 0.0 0.0,
0.0 0.0 0.0,
0.0 0.0 0.0,
0.0 0.0 0.0,
0.0 0.0 0.0,
0.0 0.0 0.0,
0.0 0.0 0.0,
0.0 0.0 0.0,
0.0 0.0 0.0,
0.0 0.0 0.0,
0.0 0.0 0.0,
0.0 0.0 0.0,
0.0 0.0 0.0,
0.0 0.0 0.0,
0.0 0.0 0.0,
0.0 0.0 0.0,
0.0 0.0 0.0,
0.0 0.0 0.0,
0.0 0.0 0.0,
0.0 0.0 0.0,
0.0 0.0 0.0,
0.0 0.0 0.0,
0.0 0.0 0.0,
0.0 0.0 0.0,
0.0 0.0 0.0,
0.0 0.0 0.0,
0.0 0.0 0.0,
0.0 0.0 0.0,
0.0 0.0 0.0,
0.0 0.0 0.0,
0.0 0.0 0.0,
0.0 0.0 0.0,
0.0 0.0 0.0,
0.0 0.0 0.0,
0.0 0.0 0.0,
0.0 0.0 0.0,
0.0 0.0 0.0,
0.0 0.0 0.0,
0.0 0.0 0.0,
0.0 0.0 0.0,
0.0 0.0 0.0,
0.0 0.0 0.0,
0.0 0.0 0.0,
0.0 0.0 0.0,
0.0 0.0 0.0,
0.0 0.0 0.0,
0.0 0.0 0.0,
0.0 0.0 0.0,
0.0 0.0 0.0,
0.0 0.0 0.0,
0.0 0.0 0.0,
0.0 0.0 0.0,
0.0 0.0 0.0,
0.0 0.0 0.0,
                ]
                }
            }
        }
    ]
}