#VRML V2.0 utf8
# This file is automatically generated.

Group {
    translation 0 0 0.0
    children [
        Shape {
            appearance Appearance {
                material Material {
                    diffuseColor 1.0 1.0 1.0
                    ambientIntensity 0.2
                    specularColor 0.8 0.8 0.8
                    shininess 0.4
                    transparency 0
                }
            }
            geometry IndexedFaceSet {
                ccw TRUE
                solid FALSE
                coord DEF co Coordinate {
                    point [
                        -1.247 1.6871 -1.1063,
-1.247 1.9678 -1.1063,
-1.6368 1.6871 -1.1063,
-1.3652 1.9678 -1.1063,
-1.6368 1.9678 -1.1063,
-1.6348 1.9678 -1.1063,
-1.6348 2.0276 -1.1063,
-1.3652 2.0276 -1.1063,
-1.247 1.678 -1.1052,
-1.6368 1.678 -1.1052,
-1.247 1.6693 -1.102,
-1.6368 1.6693 -1.102,
-1.247 1.6616 -1.0969,
-1.6368 1.6616 -1.0969,
-1.247 1.6553 -1.0901,
-1.6368 1.6553 -1.0901,
-1.247 1.6508 -1.082,
-1.6368 1.6508 -1.082,
-1.247 1.6483 -1.0731,
-1.6368 1.6483 -1.0731,
-1.247 1.5316 -1.0917,
-1.6368 1.5316 -1.0917,
-1.6368 1.5417 -1.1273,
-1.247 1.5417 -1.1273,
-1.6368 1.5598 -1.1595,
-1.247 1.5598 -1.1595,
-1.6368 1.5849 -1.1867,
-1.247 1.5849 -1.1867,
-1.6368 1.6157 -1.2073,
-1.247 1.6157 -1.2073,
-1.6368 1.6504 -1.2201,
-1.247 1.6504 -1.2201,
-1.6368 1.6871 -1.2244,
-1.247 1.6871 -1.2244,
-1.6368 1.9865 -1.2244,
-1.6348 1.9865 -1.2244,
-1.247 1.9865 -1.2244,
-1.3652 1.9865 -1.2244,
-1.3652 2.0276 -1.2244,
-1.6348 2.0276 -1.2244,
-1.2126 1.6389 -1.0142,
-1.6368 1.4988 -0.1328,
-1.2126 1.4988 -0.1328,
-1.2126 1.3821 -0.1513,
-1.6368 1.3821 -0.1513,
-1.2126 1.5223 -1.0327,
1.3652 1.9678 -1.1063,
1.247 1.9678 -1.1063,
1.247 1.6871 -1.1063,
1.6368 1.6871 -1.1063,
1.6368 1.9678 -1.1063,
1.6348 1.9678 -1.1063,
1.6348 2.0276 -1.1063,
1.3652 2.0276 -1.1063,
1.247 1.6871 -1.2244,
1.247 1.9865 -1.2244,
1.6368 1.6871 -1.2244,
1.3652 1.9865 -1.2244,
1.6368 1.9865 -1.2244,
1.6348 1.9865 -1.2244,
1.6348 2.0276 -1.2244,
1.3652 2.0276 -1.2244,
1.6368 1.6504 -1.2201,
1.247 1.6504 -1.2201,
1.6368 1.6157 -1.2073,
1.247 1.6157 -1.2073,
1.6368 1.5849 -1.1867,
1.247 1.5849 -1.1867,
1.6368 1.5598 -1.1595,
1.247 1.5598 -1.1595,
1.6368 1.5417 -1.1273,
1.247 1.5417 -1.1273,
1.6368 1.5316 -1.0917,
1.247 1.5316 -1.0917,
1.247 1.6483 -1.0731,
1.6368 1.6483 -1.0731,
1.247 1.6508 -1.082,
1.6368 1.6508 -1.082,
1.247 1.6553 -1.0901,
1.6368 1.6553 -1.0901,
1.247 1.6616 -1.0969,
1.6368 1.6616 -1.0969,
1.247 1.6693 -1.102,
1.6368 1.6693 -1.102,
1.247 1.678 -1.1052,
1.6368 1.678 -1.1052,
1.2126 1.5223 -1.0327,
1.6368 1.3821 -0.1513,
1.2126 1.3821 -0.1513,
1.2126 1.4988 -0.1328,
1.6368 1.4988 -0.1328,
1.2126 1.6389 -1.0142,
1.2126 1.3432 0.0,
1.2126 1.2992 0.0,
1.6368 1.3432 0.0,
1.6368 1.2992 0.0,
1.2126 1.3796 -0.1424,
1.6368 1.3796 -0.1424,
1.2126 1.3751 -0.1343,
1.6368 1.3751 -0.1343,
1.2126 1.3688 -0.1275,
1.6368 1.3688 -0.1275,
1.2126 1.3611 -0.1224,
1.6368 1.3611 -0.1224,
1.2126 1.3524 -0.1192,
1.6368 1.3524 -0.1192,
1.2126 1.3432 -0.1181,
1.6368 1.3432 -0.1181,
1.6368 1.2784 -0.1181,
1.2126 1.2784 -0.1181,
1.6368 1.38 -0.0043,
1.2126 1.38 -0.0043,
1.6368 1.4147 -0.0172,
1.2126 1.4147 -0.0172,
1.6368 1.4455 -0.0377,
1.2126 1.4455 -0.0377,
1.6368 1.4706 -0.0649,
1.2126 1.4706 -0.0649,
1.6368 1.4887 -0.0971,
1.2126 1.4887 -0.0971,
-1.6368 1.2992 0.0,
-1.2126 1.2992 0.0,
-1.6368 1.3432 0.0,
-1.2126 1.3432 0.0,
-1.6368 1.4887 -0.0971,
-1.2126 1.4887 -0.0971,
-1.6368 1.4706 -0.0649,
-1.2126 1.4706 -0.0649,
-1.6368 1.4455 -0.0377,
-1.2126 1.4455 -0.0377,
-1.6368 1.4147 -0.0172,
-1.2126 1.4147 -0.0172,
-1.6368 1.38 -0.0043,
-1.2126 1.38 -0.0043,
-1.2126 1.3432 -0.1181,
-1.2126 1.2784 -0.1181,
-1.6368 1.3432 -0.1181,
-1.6368 1.2784 -0.1181,
-1.2126 1.3524 -0.1192,
-1.6368 1.3524 -0.1192,
-1.2126 1.3611 -0.1224,
-1.6368 1.3611 -0.1224,
-1.2126 1.3688 -0.1275,
-1.6368 1.3688 -0.1275,
-1.2126 1.3751 -0.1343,
-1.6368 1.3751 -0.1343,
-1.2126 1.3796 -0.1424,
-1.6368 1.3796 -0.1424,
1.23 0.5493 0.7756,
1.0961 0.6646 0.7756,
1.2176 0.4551 0.7756,
1.0961 0.4284 0.7756,
0.9348 0.6272 0.7756,
0.9339 0.6272 0.7756,
0.9384 0.6193 0.7756,
0.9347 0.6107 0.7756,
0.9348 0.5941 0.7756,
1.0585 0.4284 0.7756,
0.9427 0.6118 0.7756,
0.9348 0.4284 0.7756,
1.1235 0.292 0.7756,
1.1813 0.3674 0.7756,
0.6842 0.8645 0.7756,
0.9031 0.6646 0.7756,
0.772 0.9008 0.7756,
0.9435 0.6646 0.7756,
1.0644 0.6646 0.7756,
1.0481 0.8645 0.7756,
0.9603 0.9008 0.7756,
0.8661 0.9132 0.7756,
0.772 0.1978 0.7756,
0.8661 0.1854 0.7756,
0.9031 0.4284 0.7756,
0.9603 0.1978 0.7756,
1.0481 0.2342 0.7756,
0.8363 0.6229 0.7756,
0.8487 0.5993 0.7756,
1.0653 0.4687 0.7756,
1.066 0.4687 0.7756,
1.0608 0.477 0.7756,
1.0647 0.4859 0.7756,
1.0558 0.485 0.7756,
1.0644 0.503 0.7756,
1.2176 0.6435 0.7756,
1.1813 0.7313 0.7756,
1.1235 0.8066 0.7756,
0.5146 0.6435 0.7756,
0.6443 0.6052 0.7756,
0.551 0.7313 0.7756,
0.6577 0.6273 0.7756,
0.6088 0.8066 0.7756,
0.7474 0.6675 0.7756,
0.7759 0.6644 0.7756,
0.7983 0.6564 0.7756,
0.8188 0.6426 0.7756,
0.8554 0.573 0.7756,
0.857 0.5493 0.7756,
0.8539 0.5151 0.7756,
0.8453 0.4881 0.7756,
0.8322 0.4661 0.7756,
0.8143 0.448 0.7756,
0.7947 0.4359 0.7756,
0.6761 0.6455 0.7756,
0.6979 0.6583 0.7756,
0.7218 0.6653 0.7756,
0.6088 0.292 0.7756,
0.6732 0.4485 0.7756,
0.551 0.3674 0.7756,
0.6562 0.4661 0.7756,
0.5146 0.4551 0.7756,
0.7719 0.4283 0.7756,
0.7436 0.4255 0.7756,
0.6842 0.2342 0.7756,
0.7147 0.4286 0.7756,
0.6925 0.4362 0.7756,
0.6431 0.4881 0.7756,
0.6351 0.5137 0.7756,
0.5022 0.5493 0.7756,
0.6323 0.5437 0.7756,
0.6356 0.5779 0.7756,
0.9751 0.956 0.7756,
0.7572 0.956 0.7756,
1.0767 0.1846 0.7756,
1.1639 0.2516 0.7756,
1.2308 0.3388 0.7756,
1.2729 0.4403 0.7756,
1.2872 0.5493 0.7756,
1.2729 0.6583 0.7756,
1.2308 0.7599 0.7756,
1.1639 0.8471 0.7756,
0.6556 0.914 0.7756,
0.5914 0.8647 0.7756,
1.0767 0.914 0.7756,
1.0696 0.9169 0.7756,
1.0255 0.9352 0.7756,
0.8661 0.1282 0.7756,
0.8661 0.9704 0.7756,
0.8411 0.9671 0.7756,
0.8084 0.9628 0.7756,
0.9751 0.1426 0.7756,
1.0255 0.1634 0.7756,
1.0696 0.1817 0.7756,
0.5914 0.2339 0.7756,
0.6556 0.1846 0.7756,
0.7572 0.1426 0.7756,
0.8084 0.1358 0.7756,
0.8411 0.1315 0.7756,
0.553 0.2716 0.7756,
0.5684 0.2516 0.7756,
0.5684 0.8471 0.7756,
0.553 0.827 0.7756,
0.5015 0.7599 0.7756,
0.4594 0.6583 0.7756,
0.4451 0.5493 0.7756,
0.4594 0.4403 0.7756,
0.5015 0.3388 0.7756,
0.664 0.5463 0.7756,
0.8253 0.5458 0.7756,
0.665 0.5632 0.7756,
0.823 0.5738 0.7756,
0.795 0.468 0.7756,
0.806 0.4792 0.7756,
0.7813 0.4593 0.7756,
0.8153 0.4942 0.7756,
0.8226 0.5167 0.7756,
0.7087 0.6331 0.7756,
0.7246 0.6391 0.7756,
0.7457 0.6416 0.7756,
0.6733 0.4976 0.7756,
0.6834 0.4807 0.7756,
0.7264 0.4532 0.7756,
0.6962 0.4674 0.7756,
0.7101 0.4586 0.7756,
0.6666 0.5191 0.7756,
0.7437 0.4515 0.7756,
0.7649 0.4537 0.7756,
0.6945 0.6233 0.7756,
0.6809 0.6078 0.7756,
0.6713 0.5894 0.7756,
0.817 0.5951 0.7756,
0.8071 0.6128 0.7756,
0.7956 0.6251 0.7756,
0.7824 0.6337 0.7756,
0.7668 0.6393 0.7756,
1.7231 0.0399 0.7756,
1.7231 1.1129 0.7756,
1.3157 1.1129 0.7756,
1.1485 0.0415 0.7756,
1.1561 0.0418 0.7756,
0.3456 0.0178 0.7756,
0.3552 0.0235 0.7756,
0.3552 0.0399 0.7756,
0.4277 -0.2796 0.7756,
0.4107 -0.2806 0.7756,
0.4107 -0.4158 0.7756,
0.4063 -0.2808 0.7756,
0.3853 -0.2789 0.7756,
0.4305 -0.2789 0.7756,
0.553 -0.4158 0.7756,
0.553 -0.2789 0.7756,
0.5086 -0.2294 0.7756,
0.4969 -0.2462 0.7756,
0.5156 -0.211 0.7756,
0.4792 -0.2613 0.7756,
0.458 -0.2723 0.7756,
0.5083 -0.1488 0.7756,
0.553 0.0399 0.7756,
0.4985 -0.1364 0.7756,
0.4835 -0.1246 0.7756,
0.5152 -0.164 0.7756,
0.5182 -0.1803 0.7756,
0.5184 -0.1867 0.7756,
0.4381 0.0399 0.7756,
0.4432 0.0394 0.7756,
0.4635 0.0331 0.7756,
0.4793 0.0236 0.7756,
0.4919 0.0115 0.7756,
0.5001 -0.0013 0.7756,
0.5052 -0.0162 0.7756,
0.5069 -0.0328 0.7756,
0.5049 -0.0528 0.7756,
0.4995 -0.0691 0.7756,
0.491 -0.0826 0.7756,
0.4426 -0.1112 0.7756,
0.4426 -0.1119 0.7756,
0.4496 -0.1091 0.7756,
0.4658 -0.1167 0.7756,
0.4724 -0.0987 0.7756,
0.4859 -0.0883 0.7756,
0.4107 0.0412 0.7756,
0.4107 1.1129 0.7756,
0.553 1.1129 0.7756,
0.4178 0.0418 0.7756,
0.3958 0.04 0.7756,
0.3552 1.1129 0.7756,
0.3955 0.0399 0.7756,
0.3699 0.0323 0.7756,
0.3552 -0.273 0.7756,
0.342 -0.2687 0.7756,
-0.3885 -0.2789 0.7756,
0.3341 -0.2645 0.7756,
0.3341 -0.2222 0.7756,
0.3552 -0.2345 0.7756,
0.3552 -0.0101 0.7756,
0.3456 -0.0168 0.7756,
-0.3885 0.0399 0.7756,
0.3599 -0.2372 0.7756,
0.3648 -0.131 0.7756,
0.3909 -0.131 0.7756,
0.3648 -0.0965 0.7756,
0.3631 -0.0046 0.7756,
0.3896 -0.0965 0.7756,
0.3853 0.0044 0.7756,
0.4074 0.0073 0.7756,
0.4107 -0.0948 0.7756,
0.4107 0.0072 0.7756,
0.4154 -0.0945 0.7756,
0.4331 -0.0898 0.7756,
0.4457 -0.0831 0.7756,
0.4535 -0.0761 0.7756,
0.4591 -0.068 0.7756,
0.4628 -0.0582 0.7756,
0.4646 -0.0439 0.7756,
0.4647 -0.0426 0.7756,
0.415 0.007 0.7756,
0.4635 -0.0296 0.7756,
0.4332 0.0039 0.7756,
0.4443 -0.0009 0.7756,
0.45 -0.0049 0.7756,
0.4606 -0.0194 0.7756,
0.4562 -0.0115 0.7756,
0.3868 -0.2448 0.7756,
0.4063 -0.2463 0.7756,
0.4107 -0.1325 0.7756,
0.4107 -0.2459 0.7756,
0.4207 -0.1332 0.7756,
0.4437 -0.1395 0.7756,
0.427 -0.2444 0.7756,
0.4762 -0.1891 0.7756,
0.4747 -0.1749 0.7756,
0.4711 -0.1641 0.7756,
0.4431 -0.2395 0.7756,
0.4545 -0.2329 0.7756,
0.475 -0.2016 0.7756,
0.4638 -0.2245 0.7756,
0.471 -0.2137 0.7756,
0.465 -0.1546 0.7756,
0.4566 -0.1468 0.7756,
0.3691 -0.2774 0.7756,
0.3552 -0.2789 0.7756,
0.3552 -0.4158 0.7756,
0.681 0.0399 0.7756,
0.684 0.0418 0.7756,
0.699 0.0418 0.7756,
0.5914 0.0399 0.7756,
0.6382 0.0123 0.7756,
0.5914 -0.0066 0.7756,
0.5876 -0.0081 0.7756,
0.5876 -0.0465 0.7756,
0.5914 -0.0455 0.7756,
0.8084 0.0399 0.7756,
0.699 0.0399 0.7756,
0.8084 -0.2789 0.7756,
0.699 -0.277 0.7756,
0.6606 -0.277 0.7756,
0.5914 -0.2789 0.7756,
0.6606 -0.0094 0.7756,
0.6315 -0.029 0.7756,
0.5935 -0.0449 0.7756,
0.9491 -0.0949 0.7756,
0.9703 -0.1072 0.7756,
0.987 0.0034 0.7756,
0.9245 -0.0876 0.7756,
1.0255 -0.2789 0.7756,
0.9793 -0.2449 0.7756,
0.9619 -0.2605 0.7756,
0.8933 -0.0849 0.7756,
0.8708 0.0034 0.7756,
0.8641 -0.0861 0.7756,
1.0024 -0.1789 0.7756,
0.9995 -0.2055 0.7756,
0.9922 -0.2257 0.7756,
0.9842 -0.1209 0.7756,
0.9947 -0.1382 0.7756,
1.0004 -0.1569 0.7756,
0.8375 0.038 0.7756,
0.8411 0.038 0.7756,
0.8411 0.0399 0.7756,
0.987 0.038 0.7756,
1.0255 0.0399 0.7756,
0.8411 -0.2752 0.7756,
0.8308 -0.2727 0.7756,
0.8219 -0.2685 0.7756,
0.8219 -0.2299 0.7756,
0.8257 -0.1221 0.7756,
0.9069 -0.122 0.7756,
0.8794 -0.1195 0.7756,
0.9602 -0.1815 0.7756,
0.8411 -0.121 0.7756,
0.8411 -0.2373 0.7756,
0.8525 -0.1201 0.7756,
0.8534 -0.242 0.7756,
0.8869 -0.2463 0.7756,
0.9076 -0.2443 0.7756,
0.9469 -0.1431 0.7756,
0.9371 -0.1344 0.7756,
0.9542 -0.1541 0.7756,
0.9584 -0.1655 0.7756,
0.9268 -0.1284 0.7756,
0.9482 -0.2197 0.7756,
0.9551 -0.208 0.7756,
0.9591 -0.1943 0.7756,
0.924 -0.2389 0.7756,
0.9383 -0.2299 0.7756,
0.8411 -0.4158 0.7756,
0.8595 -0.2789 0.7756,
0.8411 -0.2789 0.7756,
0.8544 -0.2786 0.7756,
0.9407 -0.2719 0.7756,
0.9127 -0.2789 0.7756,
1.0255 -0.4158 0.7756,
0.9102 -0.2795 0.7756,
0.8886 -0.2808 0.7756,
1.3212 -0.277 0.7756,
1.3157 -0.277 0.7756,
1.3157 -0.2789 0.7756,
1.2751 -0.277 0.7756,
1.2095 -0.2598 0.7756,
1.192 -0.2714 0.7756,
1.3157 0.0399 0.7756,
1.1976 0.0329 0.7756,
1.2139 0.0221 0.7756,
1.225 -0.2429 0.7756,
1.2266 0.0083 0.7756,
1.2398 -0.0154 0.7756,
1.2511 -0.0555 0.7756,
1.2559 -0.1182 0.7756,
1.3157 -0.1695 0.7756,
1.2512 -0.1766 0.7756,
1.2395 -0.2172 0.7756,
1.1743 0.0399 0.7756,
1.179 0.0394 0.7756,
1.0759 -0.0009 0.7756,
1.0906 0.0171 0.7756,
1.0696 0.0399 0.7756,
1.1077 0.03 0.7756,
1.1274 0.0382 0.7756,
1.1382 0.0399 0.7756,
1.0696 -0.2307 0.7756,
1.0633 -0.219 0.7756,
1.0653 -0.0211 0.7756,
1.0696 -0.0129 0.7756,
1.0522 -0.177 0.7756,
1.0485 -0.1256 0.7756,
1.0533 -0.064 0.7756,
1.1083 -0.2719 0.7756,
1.0926 -0.2614 0.7756,
1.0696 -0.2789 0.7756,
1.077 -0.2444 0.7756,
1.1669 -0.2789 0.7756,
1.149 -0.2808 0.7756,
1.0696 -0.4158 0.7756,
1.1312 -0.2789 0.7756,
1.1266 -0.2784 0.7756,
1.3942 0.038 0.7756,
1.4364 0.038 0.7756,
0.4493 -0.6056 0.7756,
0.4202 -0.6252 0.7756,
0.4493 -0.8732 0.7756,
0.4107 -0.8751 0.7756,
0.4877 -0.8732 0.7756,
0.553 -0.8751 0.7756,
0.4877 -0.5544 0.7756,
0.4728 -0.5544 0.7756,
0.4269 -0.5839 0.7756,
0.4107 -0.6291 0.7756,
0.3822 -0.6411 0.7756,
0.3552 -0.8751 0.7756,
0.3763 -0.6427 0.7756,
0.3763 -0.6043 0.7756,
0.4107 -0.5904 0.7756,
0.5914 -1.0029 0.7756,
0.6666 -0.877 0.7756,
0.6515 -0.8751 0.7756,
0.686 -0.8751 0.7756,
0.8084 -0.8751 0.7756,
0.6946 -0.8742 0.7756,
0.7518 -0.7584 0.7756,
0.7546 -0.7183 0.7756,
0.7545 -0.7183 0.7756,
0.5914 -0.8751 0.7756,
0.6373 -0.8733 0.7756,
0.6176 -0.8652 0.7756,
0.778 -0.7997 0.7756,
0.7597 -0.8321 0.7756,
0.741 -0.8519 0.7756,
0.7192 -0.8659 0.7756,
0.755 -0.7181 0.7756,
0.7548 -0.7183 0.7756,
0.7547 -0.7183 0.7756,
0.7037 -0.8344 0.7756,
0.7185 -0.8247 0.7756,
0.7544 -0.7183 0.7756,
0.7307 -0.8115 0.7756,
0.7425 -0.7909 0.7756,
0.7665 -0.5878 0.7756,
0.7801 -0.6108 0.7756,
0.8084 -0.4158 0.7756,
0.7439 -0.7337 0.7756,
0.7323 -0.7444 0.7756,
0.6374 -0.8383 0.7756,
0.6619 -0.7551 0.7756,
0.6106 -0.8261 0.7756,
0.6433 -0.748 0.7756,
0.753 -0.5736 0.7756,
0.7542 -0.7182 0.7756,
0.7542 -0.7181 0.7756,
0.6264 -0.7361 0.7756,
0.6129 -0.7211 0.7756,
0.6022 -0.7007 0.7756,
0.5983 -0.6317 0.7756,
0.6063 -0.6086 0.7756,
0.5914 -0.4158 0.7756,
0.6188 -0.5892 0.7756,
0.5953 -0.6601 0.7756,
0.5966 -0.6791 0.7756,
0.6963 -0.5544 0.7756,
0.7191 -0.5568 0.7756,
0.7372 -0.5632 0.7756,
0.6357 -0.5731 0.7756,
0.6539 -0.5626 0.7756,
0.6751 -0.5562 0.7756,
0.6106 -0.8607 0.7756,
0.7908 -0.6466 0.7756,
0.795 -0.6974 0.7756,
0.7902 -0.7568 0.7756,
0.7192 -0.7518 0.7756,
0.7032 -0.7565 0.7756,
0.6871 -0.8402 0.7756,
0.6855 -0.7579 0.7756,
0.6665 -0.8424 0.7756,
0.6628 -0.8424 0.7756,
1.3157 -0.8751 0.7756,
1.1872 -0.8751 0.7756,
1.3157 -1.0029 0.7756,
1.1844 -0.8758 0.7756,
1.0696 -1.0029 0.7756,
1.163 -0.877 0.7756,
1.1419 -0.8751 0.7756,
1.1023 -0.5784 0.7756,
1.1023 -0.6129 0.7756,
1.0696 -0.8751 0.7756,
1.2652 -0.8256 0.7756,
1.2535 -0.8423 0.7756,
1.1257 -0.8736 0.7756,
1.0987 -0.8649 0.7756,
1.1215 -0.6926 0.7756,
1.0908 -0.8184 0.7756,
1.1215 -0.7272 0.7756,
1.1166 -0.8334 0.7756,
1.1476 -0.7272 0.7756,
1.2722 -0.8072 0.7756,
1.2359 -0.8575 0.7756,
1.2146 -0.8685 0.7756,
1.1434 -0.8409 0.7756,
1.163 -0.8424 0.7756,
1.1774 -0.7294 0.7756,
1.2003 -0.7357 0.7756,
1.0908 -0.8607 0.7756,
1.1198 -0.6008 0.7756,
1.1463 -0.6926 0.7756,
1.1419 -0.5918 0.7756,
1.1721 -0.6907 0.7756,
1.2213 -0.6401 0.7756,
1.2213 -0.6387 0.7756,
1.2551 -0.7325 0.7756,
1.265 -0.745 0.7756,
1.3157 -0.4158 0.7756,
1.1837 -0.8406 0.7756,
1.2329 -0.7853 0.7756,
1.2314 -0.7711 0.7756,
1.2278 -0.7603 0.7756,
1.1997 -0.8357 0.7756,
1.2112 -0.8291 0.7756,
1.2316 -0.7978 0.7756,
1.2204 -0.8207 0.7756,
1.2277 -0.8099 0.7756,
1.1898 -0.686 0.7756,
1.2024 -0.6793 0.7756,
1.2102 -0.6722 0.7756,
1.2158 -0.6642 0.7756,
1.2195 -0.6544 0.7756,
1.201 -0.5971 0.7756,
1.1899 -0.5923 0.7756,
1.2202 -0.6258 0.7756,
1.1716 -0.5892 0.7756,
1.164 -0.5889 0.7756,
1.2616 -0.649 0.7756,
1.2562 -0.6652 0.7756,
1.2402 -0.7208 0.7756,
1.2477 -0.6788 0.7756,
1.2568 -0.5975 0.7756,
1.2619 -0.6123 0.7756,
1.2718 -0.7601 0.7756,
1.2749 -0.7765 0.7756,
1.2751 -0.7828 0.7756,
1.2217 -0.7508 0.7756,
1.2133 -0.743 0.7756,
1.2067 -0.6011 0.7756,
1.2172 -0.6156 0.7756,
1.2128 -0.6077 0.7756,
1.1999 -0.5568 0.7756,
1.2201 -0.5631 0.7756,
1.1993 -0.7073 0.7756,
1.1993 -0.7081 0.7756,
1.2062 -0.7053 0.7756,
1.2225 -0.7129 0.7756,
1.2291 -0.6949 0.7756,
1.2425 -0.6845 0.7756,
1.236 -0.5725 0.7756,
1.2486 -0.5847 0.7756,
1.2636 -0.629 0.7756,
1.1266 -0.5639 0.7756,
1.1525 -0.5562 0.7756,
1.1745 -0.5544 0.7756,
1.1723 -0.2783 0.7756,
-1.117 -0.7661 0.7756,
-1.134 -0.8073 0.7756,
-0.3885 -0.8751 0.7756,
-1.1612 -0.8427 0.7756,
-1.1966 -0.8699 0.7756,
-1.2091 -0.8751 0.7756,
-1.3676 -0.8699 0.7756,
-1.4031 -0.8427 0.7756,
-1.7231 -0.8751 0.7756,
-1.4302 -0.8073 0.7756,
-1.4473 -0.7661 0.7756,
-1.4531 -0.7218 0.7756,
-1.7231 -0.4158 0.7756,
-1.4473 -0.6776 0.7756,
-1.4302 -0.6363 0.7756,
-1.4031 -0.6009 0.7756,
-1.3676 -0.5737 0.7756,
-1.3264 -0.5566 0.7756,
-1.1612 -0.6009 0.7756,
-1.134 -0.6363 0.7756,
-0.3885 -0.4158 0.7756,
-1.117 -0.6776 0.7756,
-1.1111 -0.7218 0.7756,
-1.2821 -0.5508 0.7756,
-1.2379 -0.5566 0.7756,
-1.1966 -0.5737 0.7756,
-1.2379 -0.887 0.7756,
-0.3885 -1.0029 0.7756,
-1.2821 -0.8928 0.7756,
-1.7231 -1.0029 0.7756,
-1.3264 -0.887 0.7756,
-1.3552 -0.8751 0.7756,
1.0255 1.1129 0.7756,
1.0696 1.1129 0.7756,
0.8411 1.1129 0.7756,
0.8084 1.1129 0.7756,
0.5914 1.1129 0.7756,
1.7231 -0.2789 0.7756,
1.5594 -0.277 0.7756,
1.5133 -0.277 0.7756,
-0.3885 1.1129 0.7756,
-1.7231 1.1129 0.7756,
-1.7231 0.0399 0.7756,
-1.7231 -0.2789 0.7756,
1.5309 -0.8234 0.7756,
1.5195 -0.84 0.7756,
1.7231 -0.8751 0.7756,
1.5375 -0.8057 0.7756,
1.5025 -0.855 0.7756,
1.4818 -0.8657 0.7756,
1.4544 -0.8723 0.7756,
1.5209 -0.7297 0.7756,
1.5315 -0.7445 0.7756,
1.4378 -0.8732 0.7756,
1.3443 -0.8732 0.7756,
1.3443 -0.5582 0.7756,
1.5377 -0.761 0.7756,
1.5401 -0.7822 0.7756,
1.4617 -0.5606 0.7756,
1.482 -0.5669 0.7756,
1.7231 -0.4158 0.7756,
1.5161 -0.667 0.7756,
1.505 -0.6829 0.7756,
1.4904 -0.6953 0.7756,
1.5072 -0.7182 0.7756,
1.4352 -0.5582 0.7756,
1.4996 -0.5774 0.7756,
1.5109 -0.5886 0.7756,
1.5186 -0.6009 0.7756,
1.4702 -0.7048 0.7756,
1.4702 -0.7056 0.7756,
1.4908 -0.7102 0.7756,
1.3513 -0.1886 0.7756,
1.4814 -0.1886 0.7756,
1.5233 -0.6153 0.7756,
1.5248 -0.6306 0.7756,
1.5224 -0.6505 0.7756,
1.0255 -0.8751 0.7756,
0.8411 -0.8751 0.7756,
0.9333 -0.8732 0.7756,
0.9717 -0.8732 0.7756,
0.9717 -0.5544 0.7756,
0.9567 -0.5544 0.7756,
0.9109 -0.5839 0.7756,
0.9333 -0.6056 0.7756,
0.9042 -0.6252 0.7756,
0.8662 -0.6411 0.7756,
0.8603 -0.6427 0.7756,
0.8603 -0.6043 0.7756,
1.7231 -1.0029 0.7756,
1.7231 -1.1129 0.7756,
0.8084 -1.0029 0.7756,
0.8411 -1.0029 0.7756,
1.0255 -1.0029 0.7756,
0.3552 -1.0029 0.7756,
0.4107 -1.0029 0.7756,
0.553 -1.0029 0.7756,
1.3157 -1.1129 0.7756,
1.0696 -1.1129 0.7756,
1.0255 -1.1129 0.7756,
0.8411 -1.1129 0.7756,
0.8084 -1.1129 0.7756,
0.5914 -1.1129 0.7756,
0.553 -1.1129 0.7756,
0.4107 -1.1129 0.7756,
0.3552 -1.1129 0.7756,
-0.3885 -1.1129 0.7756,
-1.7231 -1.1129 0.7756,
1.2019 -0.2071 0.7756,
1.2103 -0.1735 0.7756,
1.0908 -0.1237 0.7756,
1.2137 -0.1217 0.7756,
1.0945 -0.0679 0.7756,
1.1033 -0.0329 0.7756,
1.1539 0.0073 0.7756,
1.1645 0.0061 0.7756,
1.1654 -0.2448 0.7756,
1.1752 -0.241 0.7756,
1.2085 -0.0568 0.7756,
1.1998 -0.0275 0.7756,
1.1918 -0.0129 0.7756,
1.1433 -0.2455 0.7756,
1.0959 -0.184 0.7756,
1.1055 -0.2141 0.7756,
1.1137 -0.2274 0.7756,
1.1227 -0.2365 0.7756,
1.1321 -0.2421 0.7756,
1.1527 -0.2463 0.7756,
1.1843 -0.2346 0.7756,
1.1931 -0.2244 0.7756,
1.1823 -0.0025 0.7756,
1.174 0.0028 0.7756,
1.1407 0.0057 0.7756,
1.1307 0.0018 0.7756,
1.1216 -0.0046 0.7756,
1.1127 -0.0148 0.7756,
1.3619 -0.1541 0.7756,
1.4672 -0.1541 0.7756,
1.4089 -0.0225 0.7756,
1.4198 -0.0225 0.7756,
1.4119 -0.0116 0.7756,
1.417 -0.0116 0.7756,
1.4139 -0.0004 0.7756,
1.415 -0.0004 0.7756,
0.6393 -0.6751 0.7756,
0.7527 -0.6662 0.7756,
0.6375 -0.6555 0.7756,
0.7505 -0.6426 0.7756,
0.6378 -0.6474 0.7756,
0.7445 -0.6242 0.7756,
0.735 -0.6088 0.7756,
0.7258 -0.5995 0.7756,
0.7157 -0.5933 0.7756,
0.7035 -0.5897 0.7756,
0.6941 -0.5889 0.7756,
0.6795 -0.5908 0.7756,
0.6686 -0.5953 0.7756,
0.6964 -0.7234 0.7756,
0.683 -0.7222 0.7756,
0.6441 -0.6906 0.7756,
0.7336 -0.7095 0.7756,
0.7429 -0.6989 0.7756,
0.6591 -0.6022 0.7756,
0.6489 -0.6141 0.7756,
0.6419 -0.6283 0.7756,
0.7111 -0.7216 0.7756,
0.7227 -0.7171 0.7756,
0.749 -0.6874 0.7756,
0.7523 -0.6739 0.7756,
0.6517 -0.7033 0.7756,
0.6603 -0.712 0.7756,
0.6712 -0.7185 0.7756,
1.3865 -0.7272 0.7756,
1.3865 -0.8386 0.7756,
1.4271 -0.7272 0.7756,
1.4336 -0.8386 0.7756,
1.4561 -0.7302 0.7756,
1.4719 -0.7357 0.7756,
1.4979 -0.7821 0.7756,
1.4966 -0.7678 0.7756,
1.4931 -0.7573 0.7756,
1.488 -0.7487 0.7756,
1.4806 -0.7412 0.7756,
1.4978 -0.7863 0.7756,
1.4518 -0.837 0.7756,
1.4959 -0.7993 0.7756,
1.4658 -0.8331 0.7756,
1.4918 -0.81 0.7756,
1.477 -0.8269 0.7756,
1.4857 -0.819 0.7756,
1.4808 -0.6534 0.7756,
1.4825 -0.638 0.7756,
1.4255 -0.5928 0.7756,
1.3865 -0.5928 0.7756,
1.3865 -0.6926 0.7756,
1.422 -0.6926 0.7756,
1.4825 -0.6378 0.7756,
1.4814 -0.6262 0.7756,
1.4454 -0.5944 0.7756,
1.4389 -0.6912 0.7756,
1.4523 -0.6871 0.7756,
1.4627 -0.6812 0.7756,
1.4743 -0.6101 0.7756,
1.4679 -0.6037 0.7756,
1.4591 -0.5986 0.7756,
1.471 -0.6734 0.7756,
1.477 -0.6642 0.7756,
1.4787 -0.6174 0.7756,
-0.201 0.0538 -0.7756,
-0.247 0.0538 -0.7756,
-0.2215 0.1113 -0.7756,
-0.2263 0.1113 -0.7756,
-0.2229 0.1161 -0.7756,
-0.2251 0.1161 -0.7756,
-0.2237 0.121 -0.7756,
-0.2242 0.121 -0.7756,
-0.0286 1.1625 -0.7756,
-0.0151 0.0151 -0.7756,
-0.0286 -0.0008 -0.7756,
-0.0151 0.0 -0.7756,
0.0588 0.0 -0.7756,
-0.0118 0.1227 -0.7756,
0.0403 0.1227 -0.7756,
0.0403 0.0773 -0.7756,
0.0857 0.0071 -0.7756,
0.0857 0.0223 -0.7756,
0.0588 0.1378 -0.7756,
0.0403 0.0622 -0.7756,
0.0403 0.0151 -0.7756,
-0.0084 0.0622 -0.7756,
-0.0084 0.0773 -0.7756,
0.154 0.0047 -0.7756,
0.2 0.0 -0.7756,
0.1406 0.0001 -0.7756,
0.1317 -0.0008 -0.7756,
-0.0118 0.1378 -0.7756,
0.1809 0.1015 -0.7756,
0.1729 0.1144 -0.7756,
0.2521 0.1378 -0.7756,
0.1315 0.1228 -0.7756,
0.1419 0.1191 -0.7756,
0.0882 0.0209 -0.7756,
0.1514 0.1127 -0.7756,
0.1597 0.1035 -0.7756,
0.1697 0.0674 -0.7756,
0.1683 0.0525 -0.7756,
0.1646 0.0407 -0.7756,
0.1339 0.0149 -0.7756,
0.1211 0.0134 -0.7756,
0.144 0.0186 -0.7756,
0.1524 0.0243 -0.7756,
0.1589 0.0311 -0.7756,
0.1028 0.0155 -0.7756,
0.1654 0.0929 -0.7756,
0.1691 0.0781 -0.7756,
0.1604 0.1263 -0.7756,
0.2705 0.1378 -0.7756,
1.7727 1.1625 -0.7756,
0.2705 0.0 -0.7756,
1.7727 -0.0008 -0.7756,
0.165 0.0118 -0.7756,
0.1754 0.0227 -0.7756,
0.2 0.0151 -0.7756,
0.1827 0.0358 -0.7756,
0.2521 0.0151 -0.7756,
0.1869 0.0503 -0.7756,
0.1882 0.0663 -0.7756,
0.1862 0.0859 -0.7756,
0.1473 0.1339 -0.7756,
0.132 0.1383 -0.7756,
0.1181 0.1395 -0.7756,
0.1016 0.1383 -0.7756,
0.0857 0.134 -0.7756,
0.0857 0.1155 -0.7756,
0.1012 0.1222 -0.7756,
0.118 0.1244 -0.7756,
0.1236 -0.0017 -0.7756,
1.7727 -1.1625 -0.7756,
0.1198 -0.0016 -0.7756,
-0.0286 -1.1625 -0.7756,
0.1143 -0.0008 -0.7756,
-1.7727 -1.1625 -0.7756,
-1.7727 -0.0008 -0.7756,
0.1004 0.0011 -0.7756,
-0.163 0.0 -0.7756,
-0.146 0.0378 -0.7756,
-0.1381 0.0254 -0.7756,
-0.2672 0.0 -0.7756,
-0.2874 0.0 -0.7756,
-0.2336 0.1378 -0.7756,
-1.7727 1.1625 -0.7756,
-0.2151 0.1378 -0.7756,
-0.1268 0.0146 -0.7756,
-0.1124 0.0062 -0.7756,
-0.0965 0.0015 -0.7756,
-0.0795 0.0 -0.7756,
-0.042 0.0 -0.7756,
-0.042 0.1378 -0.7756,
-0.0809 0.1378 -0.7756,
-0.1321 0.1198 -0.7756,
-0.1418 0.109 -0.7756,
-0.1482 0.0972 -0.7756,
-0.1008 0.1357 -0.7756,
-0.1169 0.13 -0.7756,
-0.1319 0.12 -0.7756,
-0.1832 0.0 -0.7756,
-0.1963 0.0386 -0.7756,
-0.2532 0.0386 -0.7756,
-0.1519 0.0836 -0.7756,
-0.1529 0.0706 -0.7756,
-0.151 0.0522 -0.7756,
-0.0605 0.1227 -0.7756,
-0.0605 0.0151 -0.7756,
-0.0808 0.1227 -0.7756,
-0.0801 0.0151 -0.7756,
-0.0946 0.0165 -0.7756,
-0.1344 0.0702 -0.7756,
-0.1333 0.084 -0.7756,
-0.13 0.0948 -0.7756,
-0.0971 0.1209 -0.7756,
-0.1062 0.0201 -0.7756,
-0.1156 0.0257 -0.7756,
-0.1233 0.0333 -0.7756,
-0.1291 0.0428 -0.7756,
-0.1332 0.0558 -0.7756,
-0.1253 0.1033 -0.7756,
-0.1186 0.1105 -0.7756,
-0.1085 0.117 -0.7756,
-0.6348 1.9678 -1.1063,
-0.753 1.9678 -1.1063,
-0.753 1.6871 -1.1063,
-0.247 1.6871 -1.1063,
-0.247 1.9678 -1.1063,
-0.3652 1.9678 -1.1063,
-0.3652 2.0276 -1.1063,
-0.6348 2.0276 -1.1063,
-0.247 1.678 -1.1052,
-0.753 1.678 -1.1052,
-0.247 1.6693 -1.102,
-0.753 1.6693 -1.102,
-0.247 1.6616 -1.0969,
-0.753 1.6616 -1.0969,
-0.247 1.6553 -1.0901,
-0.753 1.6553 -1.0901,
-0.247 1.6508 -1.082,
-0.753 1.6508 -1.082,
-0.247 1.6483 -1.0731,
-0.753 1.6483 -1.0731,
-0.247 1.5316 -1.0917,
-0.753 1.5316 -1.0917,
-0.753 1.5417 -1.1273,
-0.247 1.5417 -1.1273,
-0.753 1.5598 -1.1595,
-0.247 1.5598 -1.1595,
-0.753 1.5849 -1.1867,
-0.247 1.5849 -1.1867,
-0.753 1.6157 -1.2073,
-0.247 1.6157 -1.2073,
-0.753 1.6504 -1.2201,
-0.247 1.6504 -1.2201,
-0.753 1.6871 -1.2244,
-0.247 1.6871 -1.2244,
-0.753 1.9865 -1.2244,
-0.6348 1.9865 -1.2244,
-0.247 1.9865 -1.2244,
-0.3652 1.9865 -1.2244,
-0.3652 2.0276 -1.2244,
-0.6348 2.0276 -1.2244,
-0.7874 1.4988 -0.1328,
-0.2126 1.4988 -0.1328,
-0.7874 1.6389 -1.0142,
-0.2126 1.6389 -1.0142,
-0.2126 1.3821 -0.1513,
-0.7874 1.3821 -0.1513,
-0.2126 1.5223 -1.0327,
-0.7874 1.5223 -1.0327,
-0.2126 1.3796 -0.1424,
-0.2126 1.4887 -0.0971,
-0.2126 1.3751 -0.1343,
-0.2126 1.4706 -0.0649,
-0.2126 1.3688 -0.1275,
-0.2126 1.4455 -0.0377,
-0.2126 1.3611 -0.1224,
-0.2126 1.4147 -0.0172,
-0.2126 1.3524 -0.1192,
-0.2126 1.38 -0.0043,
-0.2126 1.3432 -0.1181,
-0.2126 1.3432 0.0,
-0.2126 1.2784 -0.1181,
-0.2126 1.2992 0.0,
0.753 1.6871 -1.1063,
0.753 1.9678 -1.1063,
0.247 1.6871 -1.1063,
0.6348 1.9678 -1.1063,
0.247 1.9678 -1.1063,
0.3652 1.9678 -1.1063,
0.3652 2.0276 -1.1063,
0.6348 2.0276 -1.1063,
0.6348 2.0276 -1.2244,
0.3652 2.0276 -1.2244,
0.6348 1.9865 -1.2244,
0.753 1.9865 -1.2244,
0.753 1.6871 -1.2244,
0.247 1.6871 -1.2244,
0.247 1.9865 -1.2244,
0.3652 1.9865 -1.2244,
0.753 1.6504 -1.2201,
0.247 1.6504 -1.2201,
0.753 1.6157 -1.2073,
0.247 1.6157 -1.2073,
0.753 1.5849 -1.1867,
0.247 1.5849 -1.1867,
0.753 1.5598 -1.1595,
0.247 1.5598 -1.1595,
0.753 1.5417 -1.1273,
0.247 1.5417 -1.1273,
0.753 1.5316 -1.0917,
0.247 1.5316 -1.0917,
0.247 1.6483 -1.0731,
0.753 1.6483 -1.0731,
0.247 1.6508 -1.082,
0.753 1.6508 -1.082,
0.247 1.6553 -1.0901,
0.753 1.6553 -1.0901,
0.247 1.6616 -1.0969,
0.753 1.6616 -1.0969,
0.247 1.6693 -1.102,
0.753 1.6693 -1.102,
0.247 1.678 -1.1052,
0.753 1.678 -1.1052,
0.7874 1.3821 -0.1513,
0.2126 1.3821 -0.1513,
0.7874 1.5223 -1.0327,
0.2126 1.5223 -1.0327,
0.2126 1.4988 -0.1328,
0.7874 1.4988 -0.1328,
0.2126 1.6389 -1.0142,
0.7874 1.6389 -1.0142,
0.7874 1.3796 -0.1424,
0.7874 1.4887 -0.0971,
0.7874 1.3751 -0.1343,
0.7874 1.4706 -0.0649,
0.7874 1.3688 -0.1275,
0.7874 1.4455 -0.0377,
0.7874 1.3611 -0.1224,
0.7874 1.4147 -0.0172,
0.7874 1.3524 -0.1192,
0.7874 1.38 -0.0043,
0.7874 1.3432 -0.1181,
0.7874 1.3432 0.0,
0.7874 1.2784 -0.1181,
0.7874 1.2992 0.0,
1.247 -1.6871 -1.1063,
1.247 -1.9678 -1.1063,
1.6368 -1.6871 -1.1063,
1.3652 -1.9678 -1.1063,
1.6368 -1.9678 -1.1063,
1.6348 -1.9678 -1.1063,
1.6348 -2.0276 -1.1063,
1.3652 -2.0276 -1.1063,
1.247 -1.678 -1.1052,
1.6368 -1.678 -1.1052,
1.247 -1.6693 -1.102,
1.6368 -1.6693 -1.102,
1.247 -1.6616 -1.0969,
1.6368 -1.6616 -1.0969,
1.247 -1.6553 -1.0901,
1.6368 -1.6553 -1.0901,
1.247 -1.6508 -1.082,
1.6368 -1.6508 -1.082,
1.247 -1.6483 -1.0731,
1.6368 -1.6483 -1.0731,
1.247 -1.5316 -1.0917,
1.6368 -1.5316 -1.0917,
1.6368 -1.5417 -1.1273,
1.247 -1.5417 -1.1273,
1.6368 -1.5598 -1.1595,
1.247 -1.5598 -1.1595,
1.6368 -1.5849 -1.1867,
1.247 -1.5849 -1.1867,
1.6368 -1.6157 -1.2073,
1.247 -1.6157 -1.2073,
1.6368 -1.6504 -1.2201,
1.247 -1.6504 -1.2201,
1.6368 -1.6871 -1.2244,
1.247 -1.6871 -1.2244,
1.6368 -1.9865 -1.2244,
1.6348 -1.9865 -1.2244,
1.247 -1.9865 -1.2244,
1.3652 -1.9865 -1.2244,
1.3652 -2.0276 -1.2244,
1.6348 -2.0276 -1.2244,
1.2126 -1.6389 -1.0142,
1.6368 -1.4988 -0.1328,
1.2126 -1.4988 -0.1328,
1.2126 -1.3821 -0.1513,
1.6368 -1.3821 -0.1513,
1.2126 -1.5223 -1.0327,
-1.3652 -1.9678 -1.1063,
-1.247 -1.9678 -1.1063,
-1.247 -1.6871 -1.1063,
-1.6368 -1.6871 -1.1063,
-1.6368 -1.9678 -1.1063,
-1.6348 -1.9678 -1.1063,
-1.6348 -2.0276 -1.1063,
-1.3652 -2.0276 -1.1063,
-1.247 -1.6871 -1.2244,
-1.247 -1.9865 -1.2244,
-1.6368 -1.6871 -1.2244,
-1.3652 -1.9865 -1.2244,
-1.6368 -1.9865 -1.2244,
-1.6348 -1.9865 -1.2244,
-1.6348 -2.0276 -1.2244,
-1.3652 -2.0276 -1.2244,
-1.6368 -1.6504 -1.2201,
-1.247 -1.6504 -1.2201,
-1.6368 -1.6157 -1.2073,
-1.247 -1.6157 -1.2073,
-1.6368 -1.5849 -1.1867,
-1.247 -1.5849 -1.1867,
-1.6368 -1.5598 -1.1595,
-1.247 -1.5598 -1.1595,
-1.6368 -1.5417 -1.1273,
-1.247 -1.5417 -1.1273,
-1.6368 -1.5316 -1.0917,
-1.247 -1.5316 -1.0917,
-1.247 -1.6483 -1.0731,
-1.6368 -1.6483 -1.0731,
-1.247 -1.6508 -1.082,
-1.6368 -1.6508 -1.082,
-1.247 -1.6553 -1.0901,
-1.6368 -1.6553 -1.0901,
-1.247 -1.6616 -1.0969,
-1.6368 -1.6616 -1.0969,
-1.247 -1.6693 -1.102,
-1.6368 -1.6693 -1.102,
-1.247 -1.678 -1.1052,
-1.6368 -1.678 -1.1052,
-1.2126 -1.5223 -1.0327,
-1.6368 -1.3821 -0.1513,
-1.2126 -1.3821 -0.1513,
-1.2126 -1.4988 -0.1328,
-1.6368 -1.4988 -0.1328,
-1.2126 -1.6389 -1.0142,
-1.2126 -1.3432 0.0,
-1.2126 -1.2992 0.0,
-1.6368 -1.3432 0.0,
-1.6368 -1.2992 0.0,
-1.2126 -1.3796 -0.1424,
-1.6368 -1.3796 -0.1424,
-1.2126 -1.3751 -0.1343,
-1.6368 -1.3751 -0.1343,
-1.2126 -1.3688 -0.1275,
-1.6368 -1.3688 -0.1275,
-1.2126 -1.3611 -0.1224,
-1.6368 -1.3611 -0.1224,
-1.2126 -1.3524 -0.1192,
-1.6368 -1.3524 -0.1192,
-1.2126 -1.3432 -0.1181,
-1.6368 -1.3432 -0.1181,
-1.6368 -1.2784 -0.1181,
-1.2126 -1.2784 -0.1181,
-1.6368 -1.38 -0.0043,
-1.2126 -1.38 -0.0043,
-1.6368 -1.4147 -0.0172,
-1.2126 -1.4147 -0.0172,
-1.6368 -1.4455 -0.0377,
-1.2126 -1.4455 -0.0377,
-1.6368 -1.4706 -0.0649,
-1.2126 -1.4706 -0.0649,
-1.6368 -1.4887 -0.0971,
-1.2126 -1.4887 -0.0971,
1.6368 -1.2992 0.0,
1.2126 -1.2992 0.0,
1.6368 -1.3432 0.0,
1.2126 -1.3432 0.0,
1.6368 -1.4887 -0.0971,
1.2126 -1.4887 -0.0971,
1.6368 -1.4706 -0.0649,
1.2126 -1.4706 -0.0649,
1.6368 -1.4455 -0.0377,
1.2126 -1.4455 -0.0377,
1.6368 -1.4147 -0.0172,
1.2126 -1.4147 -0.0172,
1.6368 -1.38 -0.0043,
1.2126 -1.38 -0.0043,
1.2126 -1.3432 -0.1181,
1.2126 -1.2784 -0.1181,
1.6368 -1.3432 -0.1181,
1.6368 -1.2784 -0.1181,
1.2126 -1.3524 -0.1192,
1.6368 -1.3524 -0.1192,
1.2126 -1.3611 -0.1224,
1.6368 -1.3611 -0.1224,
1.2126 -1.3688 -0.1275,
1.6368 -1.3688 -0.1275,
1.2126 -1.3751 -0.1343,
1.6368 -1.3751 -0.1343,
1.2126 -1.3796 -0.1424,
1.6368 -1.3796 -0.1424,
0.6348 -1.9678 -1.1063,
0.753 -1.9678 -1.1063,
0.753 -1.6871 -1.1063,
0.247 -1.6871 -1.1063,
0.247 -1.9678 -1.1063,
0.3652 -1.9678 -1.1063,
0.3652 -2.0276 -1.1063,
0.6348 -2.0276 -1.1063,
0.247 -1.678 -1.1052,
0.753 -1.678 -1.1052,
0.247 -1.6693 -1.102,
0.753 -1.6693 -1.102,
0.247 -1.6616 -1.0969,
0.753 -1.6616 -1.0969,
0.247 -1.6553 -1.0901,
0.753 -1.6553 -1.0901,
0.247 -1.6508 -1.082,
0.753 -1.6508 -1.082,
0.247 -1.6483 -1.0731,
0.753 -1.6483 -1.0731,
0.247 -1.5316 -1.0917,
0.753 -1.5316 -1.0917,
0.753 -1.5417 -1.1273,
0.247 -1.5417 -1.1273,
0.753 -1.5598 -1.1595,
0.247 -1.5598 -1.1595,
0.753 -1.5849 -1.1867,
0.247 -1.5849 -1.1867,
0.753 -1.6157 -1.2073,
0.247 -1.6157 -1.2073,
0.753 -1.6504 -1.2201,
0.247 -1.6504 -1.2201,
0.753 -1.6871 -1.2244,
0.247 -1.6871 -1.2244,
0.753 -1.9865 -1.2244,
0.6348 -1.9865 -1.2244,
0.247 -1.9865 -1.2244,
0.3652 -1.9865 -1.2244,
0.3652 -2.0276 -1.2244,
0.6348 -2.0276 -1.2244,
0.7874 -1.4988 -0.1328,
0.2126 -1.4988 -0.1328,
0.7874 -1.6389 -1.0142,
0.2126 -1.6389 -1.0142,
0.2126 -1.3821 -0.1513,
0.7874 -1.3821 -0.1513,
0.2126 -1.5223 -1.0327,
0.7874 -1.5223 -1.0327,
0.2126 -1.3796 -0.1424,
0.2126 -1.4887 -0.0971,
0.2126 -1.3751 -0.1343,
0.2126 -1.4706 -0.0649,
0.2126 -1.3688 -0.1275,
0.2126 -1.4455 -0.0377,
0.2126 -1.3611 -0.1224,
0.2126 -1.4147 -0.0172,
0.2126 -1.3524 -0.1192,
0.2126 -1.38 -0.0043,
0.2126 -1.3432 -0.1181,
0.2126 -1.3432 0.0,
0.2126 -1.2784 -0.1181,
0.2126 -1.2992 0.0,
-0.753 -1.6871 -1.1063,
-0.753 -1.9678 -1.1063,
-0.247 -1.6871 -1.1063,
-0.6348 -1.9678 -1.1063,
-0.247 -1.9678 -1.1063,
-0.3652 -1.9678 -1.1063,
-0.3652 -2.0276 -1.1063,
-0.6348 -2.0276 -1.1063,
-0.6348 -2.0276 -1.2244,
-0.3652 -2.0276 -1.2244,
-0.6348 -1.9865 -1.2244,
-0.753 -1.9865 -1.2244,
-0.753 -1.6871 -1.2244,
-0.247 -1.6871 -1.2244,
-0.247 -1.9865 -1.2244,
-0.3652 -1.9865 -1.2244,
-0.753 -1.6504 -1.2201,
-0.247 -1.6504 -1.2201,
-0.753 -1.6157 -1.2073,
-0.247 -1.6157 -1.2073,
-0.753 -1.5849 -1.1867,
-0.247 -1.5849 -1.1867,
-0.753 -1.5598 -1.1595,
-0.247 -1.5598 -1.1595,
-0.753 -1.5417 -1.1273,
-0.247 -1.5417 -1.1273,
-0.753 -1.5316 -1.0917,
-0.247 -1.5316 -1.0917,
-0.247 -1.6483 -1.0731,
-0.753 -1.6483 -1.0731,
-0.247 -1.6508 -1.082,
-0.753 -1.6508 -1.082,
-0.247 -1.6553 -1.0901,
-0.753 -1.6553 -1.0901,
-0.247 -1.6616 -1.0969,
-0.753 -1.6616 -1.0969,
-0.247 -1.6693 -1.102,
-0.753 -1.6693 -1.102,
-0.247 -1.678 -1.1052,
-0.753 -1.678 -1.1052,
-0.7874 -1.3821 -0.1513,
-0.2126 -1.3821 -0.1513,
-0.7874 -1.5223 -1.0327,
-0.2126 -1.5223 -1.0327,
-0.2126 -1.4988 -0.1328,
-0.7874 -1.4988 -0.1328,
-0.2126 -1.6389 -1.0142,
-0.7874 -1.6389 -1.0142,
-0.7874 -1.3796 -0.1424,
-0.7874 -1.4887 -0.0971,
-0.7874 -1.3751 -0.1343,
-0.7874 -1.4706 -0.0649,
-0.7874 -1.3688 -0.1275,
-0.7874 -1.4455 -0.0377,
-0.7874 -1.3611 -0.1224,
-0.7874 -1.4147 -0.0172,
-0.7874 -1.3524 -0.1192,
-0.7874 -1.38 -0.0043,
-0.7874 -1.3432 -0.1181,
-0.7874 -1.3432 0.0,
-0.7874 -1.2784 -0.1181,
-0.7874 -1.2992 0.0,
1.9094 1.245 -0.0004,
1.9094 1.2411 0.0,
1.9094 -1.2411 0.0,
1.9094 -1.245 -0.0004,
1.9092 -1.249 -0.0014,
1.901 -1.2907 -0.048,
1.9056 -1.2741 -0.0219,
1.9073 1.2656 -0.0125,
1.9056 1.2741 -0.0219,
1.901 1.2907 -0.048,
1.9085 -1.2572 -0.0056,
1.9073 -1.2656 -0.0125,
1.9085 1.2572 -0.0056,
1.9092 1.249 -0.0014,
-1.8844 -1.2953 -0.0219,
-1.901 -1.2907 -0.048,
0.7874 -1.2992 0.0,
1.8513 -1.2992 0.0,
0.7874 -1.2784 -0.1181,
1.8552 -1.2992 -0.0004,
-0.2126 -1.2992 0.0,
-0.2126 -1.2784 -0.1181,
1.8759 -1.297 -0.0125,
1.8844 -1.2953 -0.0219,
1.8674 -1.2982 -0.0056,
1.8592 -1.299 -0.0014,
-1.8513 -1.2992 -0.0,
-1.8552 -1.2992 -0.0004,
-1.8592 -1.299 -0.0014,
-1.8674 -1.2982 -0.0056,
-1.8759 -1.297 -0.0125,
-1.9094 -1.245 -0.0004,
-1.9094 -1.2411 0.0,
-1.9056 1.2741 -0.0219,
-1.901 1.2907 -0.048,
-1.9056 -1.2741 -0.0219,
-1.9073 -1.2656 -0.0125,
-1.9094 1.2411 0.0,
-1.9094 1.245 -0.0004,
-1.9092 1.249 -0.0014,
-1.9085 -1.2572 -0.0056,
-1.9092 -1.249 -0.0014,
-1.9085 1.2572 -0.0056,
-1.9073 1.2656 -0.0125,
1.8844 1.2953 -0.0219,
-0.7874 1.2992 0.0,
-0.7874 1.2784 -0.1181,
-1.8513 1.2992 0.0,
-1.8552 1.2992 -0.0004,
-1.8759 1.297 -0.0125,
-1.8844 1.2953 -0.0219,
-1.8674 1.2982 -0.0056,
-1.8592 1.299 -0.0014,
1.8513 1.2992 -0.0,
0.2126 1.2784 -0.1181,
0.2126 1.2992 0.0,
1.8552 1.2992 -0.0004,
1.8592 1.299 -0.0014,
1.8674 1.2982 -0.0056,
1.8759 1.297 -0.0125,
1.7813 -1.1129 0.7268,
1.7813 1.1129 0.7268,
1.7231 1.1711 0.7268,
-1.7231 1.1711 0.7268,
-1.7813 -1.1129 0.7268,
-1.7813 1.1129 0.7268,
-1.7231 -1.1711 0.7268,
1.7231 -1.1711 0.7268,
-0.2126 -1.3432 0.0,
-0.2126 -1.3796 -0.1424,
-0.2126 -1.3751 -0.1343,
-0.2126 -1.3688 -0.1275,
-0.2126 -1.3611 -0.1224,
-0.2126 -1.3524 -0.1192,
-0.2126 -1.3432 -0.1181,
-0.2126 -1.38 -0.0043,
-0.2126 -1.4147 -0.0172,
-0.2126 -1.4455 -0.0377,
-0.2126 -1.4706 -0.0649,
-0.2126 -1.4887 -0.0971,
0.7874 -1.3432 0.0,
0.7874 -1.4887 -0.0971,
0.7874 -1.4706 -0.0649,
0.7874 -1.4455 -0.0377,
0.7874 -1.4147 -0.0172,
0.7874 -1.38 -0.0043,
0.7874 -1.3432 -0.1181,
0.7874 -1.3524 -0.1192,
0.7874 -1.3611 -0.1224,
0.7874 -1.3688 -0.1275,
0.7874 -1.3751 -0.1343,
0.7874 -1.3796 -0.1424,
0.2126 1.3432 0.0,
0.2126 1.3796 -0.1424,
0.2126 1.3751 -0.1343,
0.2126 1.3688 -0.1275,
0.2126 1.3611 -0.1224,
0.2126 1.3524 -0.1192,
0.2126 1.3432 -0.1181,
0.2126 1.38 -0.0043,
0.2126 1.4147 -0.0172,
0.2126 1.4455 -0.0377,
0.2126 1.4706 -0.0649,
0.2126 1.4887 -0.0971,
-0.7874 1.3432 0.0,
-0.7874 1.4887 -0.0971,
-0.7874 1.4706 -0.0649,
-0.7874 1.4455 -0.0377,
-0.7874 1.4147 -0.0172,
-0.7874 1.38 -0.0043,
-0.7874 1.3432 -0.1181,
-0.7874 1.3524 -0.1192,
-0.7874 1.3611 -0.1224,
-0.7874 1.3688 -0.1275,
-0.7874 1.3751 -0.1343,
-0.7874 1.3796 -0.1424,
-1.7379 1.1687 0.729,
-1.7517 1.1627 0.7304,
-1.7381 1.1686 0.729,
-1.7789 1.1277 0.729,
-1.7789 1.1278 0.729,
-1.7729 1.1415 0.7304,
-1.7728 1.1416 0.7304,
-1.7637 1.1534 0.7308,
-1.7518 1.1626 0.7304,
-1.7231 1.1265 0.774,
1.7231 1.1673 0.7395,
-1.7231 1.1673 0.7395,
1.7231 1.1671 0.7399,
-1.7231 1.1671 0.7399,
1.7231 1.1605 0.7515,
-1.7231 1.1605 0.7515,
1.7231 1.1602 0.7518,
-1.7231 1.1602 0.7518,
1.7231 1.1511 0.7616,
-1.7231 1.1511 0.7616,
1.7231 1.1508 0.7618,
-1.7231 1.1508 0.7618,
1.7231 1.1396 0.7692,
-1.7231 1.1396 0.7692,
1.7231 1.1394 0.7693,
-1.7231 1.1394 0.7693,
1.7231 1.1266 0.774,
-1.7231 1.1266 0.774,
1.7231 1.1265 0.774,
1.7789 1.1277 0.729,
1.7729 1.1415 0.7304,
1.7789 1.1278 0.729,
1.7379 1.1687 0.729,
1.7381 1.1686 0.729,
1.7517 1.1627 0.7304,
1.7518 1.1626 0.7304,
1.7637 1.1534 0.7308,
1.7728 1.1416 0.7304,
-1.7705 1.1129 0.7518,
-1.7613 1.1129 0.7616,
-1.76 1.1228 0.7616,
-1.7489 1.1198 0.7692,
-1.7364 1.1164 0.774,
-1.735 1.1198 0.774,
-1.73 1.1248 0.774,
-1.7328 1.1226 0.774,
-1.7267 1.1261 0.774,
-1.7368 1.1129 0.774,
-1.7757 1.127 0.7395,
-1.7702 1.1401 0.7395,
-1.7616 1.1514 0.7395,
-1.7503 1.16 0.7395,
-1.7372 1.1654 0.7395,
-1.7611 1.1129 0.7618,
-1.7498 1.1129 0.7692,
-1.7496 1.1129 0.7693,
-1.7368 1.1129 0.774,
-1.7462 1.1262 0.7692,
-1.742 1.1317 0.7692,
-1.7365 1.136 0.7692,
-1.73 1.1386 0.7692,
-1.7562 1.132 0.7616,
-1.7501 1.1399 0.7616,
-1.7422 1.1459 0.7616,
-1.733 1.1498 0.7616,
-1.7773 1.1129 0.7399,
-1.7707 1.1129 0.7515,
-1.7691 1.1252 0.7515,
-1.7643 1.1367 0.7515,
-1.7568 1.1465 0.7515,
-1.7469 1.1541 0.7515,
-1.7354 1.1588 0.7515,
-1.7775 1.1129 0.7395,
1.733 1.1498 0.7616,
1.73 1.1386 0.7692,
1.7267 1.1261 0.774,
1.73 1.1248 0.774,
1.735 1.1198 0.774,
1.7328 1.1226 0.774,
1.7364 1.1164 0.774,
1.7372 1.1654 0.7395,
1.7503 1.16 0.7395,
1.7616 1.1514 0.7395,
1.7702 1.1401 0.7395,
1.7757 1.127 0.7395,
1.7775 1.1129 0.7395,
1.7368 1.1129 0.774,
1.7365 1.136 0.7692,
1.742 1.1317 0.7692,
1.7462 1.1262 0.7692,
1.7489 1.1198 0.7692,
1.7368 1.1129 0.774,
1.7496 1.1129 0.7693,
1.7498 1.1129 0.7692,
1.7611 1.1129 0.7618,
1.7422 1.1459 0.7616,
1.7501 1.1399 0.7616,
1.7562 1.132 0.7616,
1.76 1.1228 0.7616,
1.7354 1.1588 0.7515,
1.7469 1.1541 0.7515,
1.7568 1.1465 0.7515,
1.7643 1.1367 0.7515,
1.7691 1.1252 0.7515,
1.7613 1.1129 0.7616,
1.7705 1.1129 0.7518,
1.7707 1.1129 0.7515,
1.7773 1.1129 0.7399,
-1.7789 -1.1277 0.729,
-1.7729 -1.1415 0.7304,
-1.7789 -1.1278 0.729,
-1.7379 -1.1687 0.729,
-1.7381 -1.1686 0.729,
-1.7517 -1.1627 0.7304,
-1.7518 -1.1626 0.7304,
-1.7637 -1.1534 0.7308,
-1.7728 -1.1416 0.7304,
-1.7775 -1.1129 0.7395,
-1.7773 -1.1129 0.7399,
-1.7707 -1.1129 0.7515,
-1.7705 -1.1129 0.7518,
-1.7613 -1.1129 0.7616,
-1.7611 -1.1129 0.7618,
-1.7498 -1.1129 0.7692,
-1.7496 -1.1129 0.7693,
-1.7368 -1.1129 0.774,
-1.7368 -1.1129 0.774,
1.7775 -1.1129 0.7395,
1.7773 -1.1129 0.7399,
1.7707 -1.1129 0.7515,
1.7705 -1.1129 0.7518,
1.7613 -1.1129 0.7616,
1.7611 -1.1129 0.7618,
1.7498 -1.1129 0.7692,
1.7496 -1.1129 0.7693,
1.7368 -1.1129 0.774,
1.7368 -1.1129 0.774,
1.7379 -1.1687 0.729,
1.7517 -1.1627 0.7304,
1.7381 -1.1686 0.729,
1.7789 -1.1277 0.729,
1.7789 -1.1278 0.729,
1.7729 -1.1415 0.7304,
1.7728 -1.1416 0.7304,
1.7637 -1.1534 0.7308,
1.7518 -1.1626 0.7304,
-1.7231 -1.1602 0.7518,
-1.7231 -1.1511 0.7616,
-1.733 -1.1498 0.7616,
-1.73 -1.1386 0.7692,
-1.7267 -1.1261 0.774,
-1.73 -1.1248 0.774,
-1.735 -1.1198 0.774,
-1.7328 -1.1226 0.774,
-1.7364 -1.1164 0.774,
-1.7231 -1.1265 0.774,
-1.7372 -1.1654 0.7395,
-1.7503 -1.16 0.7395,
-1.7616 -1.1514 0.7395,
-1.7702 -1.1401 0.7395,
-1.7757 -1.127 0.7395,
-1.7231 -1.1508 0.7618,
-1.7231 -1.1396 0.7692,
-1.7231 -1.1394 0.7693,
-1.7231 -1.1266 0.774,
-1.7365 -1.136 0.7692,
-1.742 -1.1317 0.7692,
-1.7462 -1.1262 0.7692,
-1.7489 -1.1198 0.7692,
-1.7422 -1.1459 0.7616,
-1.7501 -1.1399 0.7616,
-1.7562 -1.132 0.7616,
-1.76 -1.1228 0.7616,
-1.7231 -1.1671 0.7399,
-1.7231 -1.1605 0.7515,
-1.7354 -1.1588 0.7515,
-1.7469 -1.1541 0.7515,
-1.7568 -1.1465 0.7515,
-1.7643 -1.1367 0.7515,
-1.7691 -1.1252 0.7515,
-1.7231 -1.1673 0.7395,
1.76 -1.1228 0.7616,
1.7489 -1.1198 0.7692,
1.7364 -1.1164 0.774,
1.735 -1.1198 0.774,
1.73 -1.1248 0.774,
1.7328 -1.1226 0.774,
1.7267 -1.1261 0.774,
1.7757 -1.127 0.7395,
1.7702 -1.1401 0.7395,
1.7616 -1.1514 0.7395,
1.7503 -1.16 0.7395,
1.7372 -1.1654 0.7395,
1.7231 -1.1673 0.7395,
1.7231 -1.1265 0.774,
1.7462 -1.1262 0.7692,
1.742 -1.1317 0.7692,
1.7365 -1.136 0.7692,
1.73 -1.1386 0.7692,
1.7231 -1.1266 0.774,
1.7231 -1.1394 0.7693,
1.7231 -1.1396 0.7692,
1.7231 -1.1508 0.7618,
1.7562 -1.132 0.7616,
1.7501 -1.1399 0.7616,
1.7422 -1.1459 0.7616,
1.733 -1.1498 0.7616,
1.7691 -1.1252 0.7515,
1.7643 -1.1367 0.7515,
1.7568 -1.1465 0.7515,
1.7469 -1.1541 0.7515,
1.7354 -1.1588 0.7515,
1.7231 -1.1511 0.7616,
1.7231 -1.1602 0.7518,
1.7231 -1.1605 0.7515,
1.7231 -1.1671 0.7399,
-1.3676 -0.8699 0.7559,
-1.3264 -0.887 0.7559,
-1.2821 -0.8928 0.7559,
-1.2379 -0.887 0.7559,
-1.1966 -0.8699 0.7559,
-1.1612 -0.8427 0.7559,
-1.134 -0.8073 0.7559,
-1.117 -0.7661 0.7559,
-1.1111 -0.7218 0.7559,
-1.117 -0.6776 0.7559,
-1.134 -0.6363 0.7559,
-1.1612 -0.6009 0.7559,
-1.1966 -0.5737 0.7559,
-1.2379 -0.5566 0.7559,
-1.2821 -0.5508 0.7559,
-1.3264 -0.5566 0.7559,
-1.3676 -0.5737 0.7559,
-1.4031 -0.6009 0.7559,
-1.4302 -0.6363 0.7559,
-1.4473 -0.6776 0.7559,
-1.4531 -0.7218 0.7559,
-1.4473 -0.7661 0.7559,
-1.4302 -0.8073 0.7559,
-1.4031 -0.8427 0.7559,
-1.2821 -0.7218 0.7559,
                    ]
                }
                coordIndex [
                    0, 1, 2, -1,
2, 1, 3, -1,
4, 2, 5, -1,
5, 2, 3, -1,
5, 3, 6, -1,
6, 3, 7, -1,
0, 2, 8, -1,
8, 2, 9, -1,
8, 9, 10, -1,
10, 9, 11, -1,
10, 11, 12, -1,
12, 11, 13, -1,
12, 13, 14, -1,
14, 13, 15, -1,
14, 15, 16, -1,
16, 15, 17, -1,
16, 17, 18, -1,
18, 17, 19, -1,
20, 21, 22, -1,
20, 22, 23, -1,
23, 22, 24, -1,
23, 24, 25, -1,
25, 24, 26, -1,
25, 26, 27, -1,
27, 26, 28, -1,
27, 28, 29, -1,
29, 28, 30, -1,
29, 30, 31, -1,
31, 30, 32, -1,
31, 32, 33, -1,
32, 34, 33, -1,
33, 34, 35, -1,
36, 33, 37, -1,
37, 33, 35, -1,
37, 35, 38, -1,
38, 35, 39, -1,
18, 19, 40, -1,
40, 19, 41, -1,
40, 41, 42, -1,
43, 44, 45, -1,
45, 44, 21, -1,
45, 21, 20, -1,
46, 47, 48, -1,
49, 50, 51, -1,
52, 53, 51, -1,
51, 53, 46, -1,
51, 46, 49, -1,
49, 46, 48, -1,
54, 55, 56, -1,
56, 55, 57, -1,
58, 56, 59, -1,
59, 56, 57, -1,
59, 57, 60, -1,
60, 57, 61, -1,
54, 56, 62, -1,
54, 62, 63, -1,
63, 62, 64, -1,
63, 64, 65, -1,
65, 64, 66, -1,
65, 66, 67, -1,
67, 66, 68, -1,
67, 68, 69, -1,
69, 68, 70, -1,
69, 70, 71, -1,
71, 70, 72, -1,
71, 72, 73, -1,
74, 75, 76, -1,
76, 75, 77, -1,
76, 77, 78, -1,
78, 77, 79, -1,
78, 79, 80, -1,
80, 79, 81, -1,
80, 81, 82, -1,
82, 81, 83, -1,
82, 83, 84, -1,
84, 83, 85, -1,
84, 85, 48, -1,
48, 85, 49, -1,
73, 72, 86, -1,
86, 72, 87, -1,
86, 87, 88, -1,
89, 90, 91, -1,
91, 90, 75, -1,
91, 75, 74, -1,
92, 93, 94, -1,
94, 93, 95, -1,
88, 87, 96, -1,
96, 87, 97, -1,
96, 97, 98, -1,
98, 97, 99, -1,
98, 99, 100, -1,
100, 99, 101, -1,
100, 101, 102, -1,
102, 101, 103, -1,
102, 103, 104, -1,
104, 103, 105, -1,
104, 105, 106, -1,
106, 105, 107, -1,
108, 109, 107, -1,
107, 109, 106, -1,
92, 94, 110, -1,
92, 110, 111, -1,
111, 110, 112, -1,
111, 112, 113, -1,
113, 112, 114, -1,
113, 114, 115, -1,
115, 114, 116, -1,
115, 116, 117, -1,
117, 116, 118, -1,
117, 118, 119, -1,
119, 118, 90, -1,
119, 90, 89, -1,
58, 59, 50, -1,
50, 59, 51, -1,
120, 121, 122, -1,
122, 121, 123, -1,
42, 41, 124, -1,
42, 124, 125, -1,
125, 124, 126, -1,
125, 126, 127, -1,
127, 126, 128, -1,
127, 128, 129, -1,
129, 128, 130, -1,
129, 130, 131, -1,
131, 130, 132, -1,
131, 132, 133, -1,
133, 132, 122, -1,
133, 122, 123, -1,
134, 135, 136, -1,
136, 135, 137, -1,
134, 136, 138, -1,
138, 136, 139, -1,
138, 139, 140, -1,
140, 139, 141, -1,
140, 141, 142, -1,
142, 141, 143, -1,
142, 143, 144, -1,
144, 143, 145, -1,
144, 145, 146, -1,
146, 145, 147, -1,
146, 147, 43, -1,
43, 147, 44, -1,
5, 35, 4, -1,
4, 35, 34, -1,
148, 149, 150, -1,
150, 149, 151, -1,
152, 153, 154, -1,
154, 153, 155, -1,
156, 157, 155, -1,
155, 157, 158, -1,
155, 158, 154, -1,
156, 159, 157, -1,
157, 159, 160, -1,
157, 160, 151, -1,
151, 160, 161, -1,
151, 161, 150, -1,
162, 163, 164, -1,
164, 163, 165, -1,
164, 165, 166, -1,
167, 168, 166, -1,
166, 168, 169, -1,
166, 169, 164, -1,
170, 171, 172, -1,
172, 171, 173, -1,
172, 173, 159, -1,
159, 173, 174, -1,
159, 174, 160, -1,
163, 175, 176, -1,
177, 178, 179, -1,
179, 178, 180, -1,
179, 180, 181, -1,
181, 180, 165, -1,
165, 180, 182, -1,
165, 182, 166, -1,
148, 183, 149, -1,
149, 183, 184, -1,
149, 184, 166, -1,
166, 184, 185, -1,
166, 185, 167, -1,
186, 187, 188, -1,
188, 187, 189, -1,
188, 189, 190, -1,
191, 192, 162, -1,
162, 192, 193, -1,
162, 193, 163, -1,
163, 193, 194, -1,
163, 194, 175, -1,
176, 195, 163, -1,
163, 195, 196, -1,
163, 196, 172, -1,
172, 196, 197, -1,
172, 197, 198, -1,
198, 199, 172, -1,
172, 199, 200, -1,
172, 200, 170, -1,
170, 200, 201, -1,
189, 202, 190, -1,
190, 202, 203, -1,
190, 203, 162, -1,
162, 203, 204, -1,
162, 204, 191, -1,
205, 206, 207, -1,
207, 206, 208, -1,
207, 208, 209, -1,
201, 210, 170, -1,
170, 210, 211, -1,
170, 211, 212, -1,
212, 211, 213, -1,
212, 213, 205, -1,
205, 213, 214, -1,
205, 214, 206, -1,
208, 215, 209, -1,
209, 215, 216, -1,
209, 216, 217, -1,
217, 216, 218, -1,
217, 218, 186, -1,
186, 218, 219, -1,
186, 219, 187, -1,
169, 168, 220, -1,
162, 164, 221, -1,
174, 222, 160, -1,
160, 222, 223, -1,
160, 223, 161, -1,
161, 223, 224, -1,
161, 224, 150, -1,
150, 224, 225, -1,
150, 225, 148, -1,
148, 225, 226, -1,
148, 226, 183, -1,
183, 226, 227, -1,
183, 227, 184, -1,
184, 227, 228, -1,
184, 228, 185, -1,
185, 228, 229, -1,
185, 229, 167, -1,
221, 230, 162, -1,
162, 230, 231, -1,
162, 231, 190, -1,
229, 232, 167, -1,
167, 232, 233, -1,
167, 233, 168, -1,
168, 233, 234, -1,
168, 234, 220, -1,
173, 171, 235, -1,
220, 236, 169, -1,
169, 236, 237, -1,
169, 237, 164, -1,
164, 237, 238, -1,
164, 238, 221, -1,
235, 239, 173, -1,
173, 239, 240, -1,
173, 240, 174, -1,
174, 240, 241, -1,
174, 241, 222, -1,
205, 242, 212, -1,
212, 242, 243, -1,
212, 243, 170, -1,
243, 244, 170, -1,
170, 244, 245, -1,
170, 245, 171, -1,
171, 245, 246, -1,
171, 246, 235, -1,
207, 247, 205, -1,
205, 247, 248, -1,
205, 248, 242, -1,
231, 249, 190, -1,
190, 249, 250, -1,
190, 250, 188, -1,
188, 250, 251, -1,
188, 251, 186, -1,
186, 251, 252, -1,
186, 252, 217, -1,
217, 252, 253, -1,
217, 253, 209, -1,
209, 253, 254, -1,
209, 254, 207, -1,
207, 254, 255, -1,
207, 255, 247, -1,
256, 257, 258, -1,
258, 257, 259, -1,
260, 261, 256, -1,
260, 256, 262, -1,
261, 263, 256, -1,
256, 263, 264, -1,
256, 264, 257, -1,
265, 258, 266, -1,
266, 258, 267, -1,
268, 269, 270, -1,
270, 269, 271, -1,
270, 271, 272, -1,
268, 270, 273, -1,
273, 270, 274, -1,
273, 274, 256, -1,
256, 274, 275, -1,
256, 275, 262, -1,
265, 276, 258, -1,
258, 276, 277, -1,
258, 277, 278, -1,
259, 279, 258, -1,
258, 279, 280, -1,
258, 280, 281, -1,
281, 282, 258, -1,
258, 282, 283, -1,
258, 283, 267, -1,
284, 285, 286, -1,
287, 288, 222, -1,
289, 290, 291, -1,
292, 293, 294, -1,
294, 293, 295, -1,
294, 295, 296, -1,
292, 294, 297, -1,
297, 294, 298, -1,
297, 298, 299, -1,
300, 301, 299, -1,
300, 299, 302, -1,
301, 303, 299, -1,
299, 303, 304, -1,
299, 304, 297, -1,
305, 306, 307, -1,
307, 306, 308, -1,
305, 309, 306, -1,
306, 309, 310, -1,
306, 310, 299, -1,
299, 310, 311, -1,
299, 311, 302, -1,
306, 312, 313, -1,
313, 314, 306, -1,
306, 314, 315, -1,
306, 315, 316, -1,
316, 317, 306, -1,
306, 317, 318, -1,
306, 318, 319, -1,
319, 320, 306, -1,
306, 320, 321, -1,
306, 321, 308, -1,
308, 321, 322, -1,
323, 324, 325, -1,
325, 324, 326, -1,
325, 326, 327, -1,
327, 326, 308, -1,
327, 308, 328, -1,
328, 308, 322, -1,
329, 255, 254, -1,
253, 252, 330, -1,
330, 252, 251, -1,
330, 251, 331, -1,
306, 247, 312, -1,
312, 247, 255, -1,
312, 255, 332, -1,
332, 255, 329, -1,
254, 253, 329, -1,
329, 253, 330, -1,
329, 330, 333, -1,
333, 330, 334, -1,
333, 334, 335, -1,
335, 334, 291, -1,
335, 291, 336, -1,
336, 291, 290, -1,
337, 338, 339, -1,
339, 338, 340, -1,
339, 340, 341, -1,
342, 343, 341, -1,
341, 343, 344, -1,
341, 344, 339, -1,
339, 344, 345, -1,
342, 346, 347, -1,
347, 346, 348, -1,
342, 347, 343, -1,
343, 347, 349, -1,
343, 349, 350, -1,
350, 349, 351, -1,
350, 351, 352, -1,
352, 351, 353, -1,
353, 351, 354, -1,
353, 354, 355, -1,
354, 356, 355, -1,
355, 356, 357, -1,
355, 357, 358, -1,
358, 359, 355, -1,
355, 359, 360, -1,
355, 360, 361, -1,
361, 362, 355, -1,
355, 362, 363, -1,
355, 363, 364, -1,
364, 363, 365, -1,
364, 365, 366, -1,
366, 365, 367, -1,
367, 365, 368, -1,
368, 365, 369, -1,
368, 369, 370, -1,
346, 371, 348, -1,
348, 371, 372, -1,
348, 372, 373, -1,
373, 372, 374, -1,
373, 374, 375, -1,
375, 374, 376, -1,
377, 378, 374, -1,
374, 378, 379, -1,
374, 379, 380, -1,
377, 381, 378, -1,
378, 381, 382, -1,
378, 382, 383, -1,
383, 382, 384, -1,
383, 384, 385, -1,
380, 386, 374, -1,
374, 386, 387, -1,
374, 387, 376, -1,
388, 389, 296, -1,
296, 389, 390, -1,
296, 390, 294, -1,
391, 392, 243, -1,
243, 392, 244, -1,
244, 392, 393, -1,
244, 393, 245, -1,
391, 394, 395, -1,
395, 394, 396, -1,
396, 394, 397, -1,
397, 394, 306, -1,
397, 306, 398, -1,
398, 306, 299, -1,
398, 299, 399, -1,
245, 393, 400, -1,
400, 393, 401, -1,
400, 401, 402, -1,
403, 404, 405, -1,
406, 407, 404, -1,
404, 407, 408, -1,
404, 408, 405, -1,
409, 410, 411, -1,
409, 411, 412, -1,
413, 414, 415, -1,
412, 411, 416, -1,
416, 411, 417, -1,
416, 417, 418, -1,
419, 420, 413, -1,
413, 420, 421, -1,
413, 421, 414, -1,
410, 422, 411, -1,
411, 422, 423, -1,
411, 423, 424, -1,
425, 426, 427, -1,
427, 426, 428, -1,
427, 428, 429, -1,
429, 428, 411, -1,
429, 411, 413, -1,
413, 411, 424, -1,
413, 424, 419, -1,
430, 431, 402, -1,
431, 432, 402, -1,
402, 432, 433, -1,
402, 433, 400, -1,
400, 433, 434, -1,
435, 436, 437, -1,
434, 433, 438, -1,
438, 433, 439, -1,
438, 439, 440, -1,
440, 439, 441, -1,
440, 441, 436, -1,
436, 441, 442, -1,
436, 442, 443, -1,
444, 445, 446, -1,
446, 445, 447, -1,
447, 445, 437, -1,
437, 445, 448, -1,
437, 448, 435, -1,
449, 450, 436, -1,
436, 450, 451, -1,
436, 451, 437, -1,
443, 452, 436, -1,
436, 452, 453, -1,
436, 453, 449, -1,
454, 455, 456, -1,
456, 455, 457, -1,
415, 458, 413, -1,
413, 458, 459, -1,
413, 459, 460, -1,
460, 459, 461, -1,
460, 461, 454, -1,
454, 461, 462, -1,
454, 462, 455, -1,
463, 464, 465, -1,
465, 464, 466, -1,
467, 468, 466, -1,
469, 470, 471, -1,
467, 466, 472, -1,
471, 473, 469, -1,
469, 473, 474, -1,
469, 474, 475, -1,
475, 476, 477, -1,
477, 476, 478, -1,
477, 478, 466, -1,
466, 478, 479, -1,
466, 479, 472, -1,
233, 232, 286, -1,
232, 229, 286, -1,
286, 229, 228, -1,
286, 228, 227, -1,
226, 225, 469, -1,
469, 225, 224, -1,
469, 224, 223, -1,
222, 288, 223, -1,
223, 288, 480, -1,
223, 480, 469, -1,
469, 480, 481, -1,
469, 481, 470, -1,
482, 483, 484, -1,
483, 485, 484, -1,
484, 485, 486, -1,
484, 486, 487, -1,
488, 489, 413, -1,
429, 490, 484, -1,
484, 490, 491, -1,
484, 491, 482, -1,
489, 492, 413, -1,
413, 492, 493, -1,
413, 493, 429, -1,
429, 493, 494, -1,
429, 494, 490, -1,
495, 496, 497, -1,
497, 496, 498, -1,
499, 500, 501, -1,
501, 500, 502, -1,
501, 502, 497, -1,
497, 502, 503, -1,
497, 503, 495, -1,
475, 477, 469, -1,
469, 477, 504, -1,
469, 504, 505, -1,
506, 507, 508, -1,
508, 507, 509, -1,
508, 509, 510, -1,
510, 509, 511, -1,
510, 511, 512, -1,
512, 511, 298, -1,
512, 298, 513, -1,
513, 298, 294, -1,
513, 294, 514, -1,
507, 515, 509, -1,
509, 515, 516, -1,
509, 516, 517, -1,
517, 516, 518, -1,
517, 518, 390, -1,
390, 518, 519, -1,
390, 519, 294, -1,
294, 519, 520, -1,
294, 520, 514, -1,
521, 522, 523, -1,
522, 521, 524, -1,
524, 521, 525, -1,
524, 525, 526, -1,
527, 528, 529, -1,
530, 531, 532, -1,
533, 534, 525, -1,
534, 535, 525, -1,
525, 535, 536, -1,
525, 536, 526, -1,
537, 538, 527, -1,
527, 538, 539, -1,
527, 539, 528, -1,
540, 541, 542, -1,
542, 541, 543, -1,
542, 543, 529, -1,
529, 543, 544, -1,
529, 544, 527, -1,
545, 546, 547, -1,
540, 548, 549, -1,
550, 551, 552, -1,
552, 551, 553, -1,
545, 547, 554, -1,
540, 542, 548, -1,
548, 542, 555, -1,
548, 555, 556, -1,
553, 557, 552, -1,
552, 557, 558, -1,
552, 558, 559, -1,
560, 561, 562, -1,
562, 561, 563, -1,
560, 562, 564, -1,
564, 562, 530, -1,
564, 530, 565, -1,
566, 567, 547, -1,
547, 567, 568, -1,
547, 568, 554, -1,
563, 569, 562, -1,
562, 569, 570, -1,
562, 570, 571, -1,
532, 572, 530, -1,
530, 572, 552, -1,
530, 552, 565, -1,
565, 552, 559, -1,
546, 573, 547, -1,
547, 573, 574, -1,
547, 574, 525, -1,
525, 574, 575, -1,
525, 575, 533, -1,
549, 576, 540, -1,
540, 576, 577, -1,
540, 577, 578, -1,
578, 577, 579, -1,
578, 579, 580, -1,
580, 579, 551, -1,
580, 551, 581, -1,
581, 551, 550, -1,
582, 583, 584, -1,
584, 583, 585, -1,
584, 585, 586, -1,
586, 585, 587, -1,
586, 587, 588, -1,
589, 501, 590, -1,
590, 501, 591, -1,
592, 593, 582, -1,
591, 594, 595, -1,
596, 597, 598, -1,
598, 597, 599, -1,
598, 599, 600, -1,
592, 582, 601, -1,
593, 602, 582, -1,
582, 602, 603, -1,
582, 603, 583, -1,
599, 604, 600, -1,
600, 604, 605, -1,
600, 605, 606, -1,
606, 605, 607, -1,
595, 608, 591, -1,
591, 608, 597, -1,
591, 597, 590, -1,
590, 597, 596, -1,
590, 596, 609, -1,
609, 596, 610, -1,
609, 610, 611, -1,
611, 610, 612, -1,
611, 613, 614, -1,
615, 616, 617, -1,
618, 619, 605, -1,
605, 619, 620, -1,
605, 620, 621, -1,
618, 622, 619, -1,
619, 622, 623, -1,
619, 623, 624, -1,
624, 623, 625, -1,
624, 625, 626, -1,
612, 627, 611, -1,
611, 627, 628, -1,
611, 628, 629, -1,
629, 630, 611, -1,
611, 630, 631, -1,
611, 631, 613, -1,
632, 633, 634, -1,
634, 633, 635, -1,
634, 635, 614, -1,
614, 635, 636, -1,
614, 636, 611, -1,
637, 638, 639, -1,
639, 638, 640, -1,
617, 641, 642, -1,
616, 643, 617, -1,
617, 643, 644, -1,
617, 644, 582, -1,
582, 644, 645, -1,
582, 645, 601, -1,
621, 646, 605, -1,
605, 646, 647, -1,
605, 647, 607, -1,
632, 634, 648, -1,
648, 634, 649, -1,
648, 649, 650, -1,
651, 652, 617, -1,
653, 654, 655, -1,
655, 654, 656, -1,
655, 656, 657, -1,
657, 656, 639, -1,
657, 639, 658, -1,
658, 639, 640, -1,
652, 659, 617, -1,
617, 659, 660, -1,
617, 660, 641, -1,
642, 661, 617, -1,
617, 661, 637, -1,
617, 637, 615, -1,
615, 637, 639, -1,
589, 662, 501, -1,
501, 662, 663, -1,
501, 663, 664, -1,
468, 665, 466, -1,
466, 665, 499, -1,
466, 499, 465, -1,
465, 499, 501, -1,
465, 501, 617, -1,
617, 501, 664, -1,
617, 664, 651, -1,
666, 667, 668, -1,
667, 669, 668, -1,
668, 669, 670, -1,
668, 670, 671, -1,
672, 673, 674, -1,
674, 673, 675, -1,
675, 676, 674, -1,
674, 676, 677, -1,
674, 677, 678, -1,
678, 677, 679, -1,
678, 679, 680, -1,
680, 681, 678, -1,
678, 681, 682, -1,
678, 682, 683, -1,
684, 685, 686, -1,
686, 685, 687, -1,
686, 687, 668, -1,
668, 687, 688, -1,
668, 688, 666, -1,
689, 690, 686, -1,
686, 690, 691, -1,
686, 691, 684, -1,
671, 692, 693, -1,
693, 692, 694, -1,
693, 694, 695, -1,
695, 694, 696, -1,
695, 696, 674, -1,
674, 696, 697, -1,
674, 697, 672, -1,
220, 234, 698, -1,
698, 234, 233, -1,
698, 233, 699, -1,
699, 233, 286, -1,
220, 698, 236, -1,
236, 698, 700, -1,
236, 700, 237, -1,
237, 700, 701, -1,
237, 701, 238, -1,
238, 701, 221, -1,
221, 701, 702, -1,
221, 702, 230, -1,
251, 250, 331, -1,
331, 250, 249, -1,
331, 249, 702, -1,
702, 249, 231, -1,
702, 231, 230, -1,
391, 243, 394, -1,
394, 243, 242, -1,
394, 242, 306, -1,
306, 242, 248, -1,
306, 248, 247, -1,
434, 425, 400, -1,
400, 425, 427, -1,
400, 427, 245, -1,
245, 427, 246, -1,
287, 222, 487, -1,
487, 222, 241, -1,
487, 241, 484, -1,
484, 241, 240, -1,
484, 240, 429, -1,
429, 240, 239, -1,
429, 239, 427, -1,
427, 239, 235, -1,
427, 235, 246, -1,
227, 226, 286, -1,
286, 226, 469, -1,
286, 469, 284, -1,
284, 469, 505, -1,
284, 505, 703, -1,
703, 505, 704, -1,
703, 704, 705, -1,
334, 706, 291, -1,
291, 706, 345, -1,
291, 345, 289, -1,
289, 345, 344, -1,
401, 403, 402, -1,
402, 403, 405, -1,
402, 405, 547, -1,
547, 405, 562, -1,
547, 562, 566, -1,
566, 562, 571, -1,
706, 707, 345, -1,
345, 707, 708, -1,
345, 708, 339, -1,
339, 708, 709, -1,
339, 709, 686, -1,
686, 709, 678, -1,
686, 678, 689, -1,
689, 678, 683, -1,
710, 711, 712, -1,
710, 712, 713, -1,
711, 714, 712, -1,
712, 714, 715, -1,
712, 715, 716, -1,
717, 718, 712, -1,
719, 720, 582, -1,
582, 720, 721, -1,
582, 721, 617, -1,
718, 722, 712, -1,
712, 722, 723, -1,
712, 723, 713, -1,
724, 725, 726, -1,
727, 728, 712, -1,
712, 728, 729, -1,
712, 729, 717, -1,
717, 729, 730, -1,
724, 726, 731, -1,
725, 732, 726, -1,
726, 732, 733, -1,
726, 733, 734, -1,
735, 736, 729, -1,
729, 736, 737, -1,
729, 737, 730, -1,
721, 731, 617, -1,
617, 731, 726, -1,
617, 726, 465, -1,
465, 726, 703, -1,
465, 703, 463, -1,
463, 703, 705, -1,
463, 705, 738, -1,
738, 705, 739, -1,
734, 740, 726, -1,
726, 740, 741, -1,
726, 741, 712, -1,
712, 741, 742, -1,
712, 742, 727, -1,
498, 488, 497, -1,
497, 488, 413, -1,
497, 413, 501, -1,
501, 413, 460, -1,
501, 460, 591, -1,
591, 460, 743, -1,
744, 743, 745, -1,
745, 743, 746, -1,
746, 743, 747, -1,
747, 743, 460, -1,
747, 460, 748, -1,
748, 460, 454, -1,
748, 454, 749, -1,
750, 751, 745, -1,
745, 751, 752, -1,
745, 752, 744, -1,
744, 752, 753, -1,
744, 753, 454, -1,
454, 753, 754, -1,
454, 754, 749, -1,
457, 430, 456, -1,
456, 430, 402, -1,
456, 402, 454, -1,
454, 402, 547, -1,
454, 547, 744, -1,
744, 547, 525, -1,
408, 399, 405, -1,
405, 399, 299, -1,
405, 299, 562, -1,
562, 299, 298, -1,
562, 298, 530, -1,
530, 298, 511, -1,
388, 337, 389, -1,
389, 337, 339, -1,
389, 339, 390, -1,
390, 339, 686, -1,
390, 686, 517, -1,
517, 686, 668, -1,
716, 719, 712, -1,
712, 719, 582, -1,
712, 582, 755, -1,
755, 582, 584, -1,
755, 584, 756, -1,
521, 757, 525, -1,
525, 757, 758, -1,
525, 758, 744, -1,
744, 758, 759, -1,
744, 759, 743, -1,
743, 759, 586, -1,
743, 586, 591, -1,
591, 586, 588, -1,
591, 588, 594, -1,
671, 693, 668, -1,
668, 693, 760, -1,
668, 760, 517, -1,
517, 760, 761, -1,
517, 761, 509, -1,
509, 761, 762, -1,
509, 762, 511, -1,
511, 762, 521, -1,
511, 521, 530, -1,
530, 521, 523, -1,
530, 523, 531, -1,
756, 584, 763, -1,
763, 584, 586, -1,
763, 586, 764, -1,
764, 586, 759, -1,
764, 759, 765, -1,
765, 759, 758, -1,
765, 758, 766, -1,
766, 758, 757, -1,
766, 757, 767, -1,
767, 757, 521, -1,
767, 521, 768, -1,
768, 521, 762, -1,
768, 762, 769, -1,
769, 762, 761, -1,
769, 761, 770, -1,
770, 761, 760, -1,
770, 760, 771, -1,
771, 760, 693, -1,
771, 693, 772, -1,
772, 693, 695, -1,
772, 695, 773, -1,
256, 218, 273, -1,
273, 218, 216, -1,
273, 216, 268, -1,
268, 216, 215, -1,
268, 215, 269, -1,
269, 215, 208, -1,
269, 208, 271, -1,
271, 208, 206, -1,
271, 206, 272, -1,
272, 206, 214, -1,
272, 214, 270, -1,
270, 214, 213, -1,
270, 213, 274, -1,
274, 213, 211, -1,
274, 211, 275, -1,
275, 211, 210, -1,
275, 210, 262, -1,
262, 210, 201, -1,
262, 201, 260, -1,
260, 201, 200, -1,
260, 200, 261, -1,
261, 200, 199, -1,
261, 199, 263, -1,
263, 199, 198, -1,
263, 198, 264, -1,
264, 198, 197, -1,
264, 197, 257, -1,
257, 197, 196, -1,
257, 196, 259, -1,
259, 196, 195, -1,
259, 195, 279, -1,
279, 195, 176, -1,
279, 176, 280, -1,
280, 176, 175, -1,
280, 175, 281, -1,
281, 175, 194, -1,
281, 194, 282, -1,
282, 194, 193, -1,
282, 193, 283, -1,
283, 193, 192, -1,
283, 192, 267, -1,
267, 192, 191, -1,
267, 191, 266, -1,
266, 191, 204, -1,
266, 204, 265, -1,
265, 204, 203, -1,
265, 203, 276, -1,
276, 203, 202, -1,
276, 202, 277, -1,
277, 202, 189, -1,
277, 189, 278, -1,
278, 189, 187, -1,
278, 187, 258, -1,
258, 187, 219, -1,
258, 219, 256, -1,
256, 219, 218, -1,
149, 166, 151, -1,
151, 166, 182, -1,
172, 159, 163, -1,
163, 159, 156, -1,
156, 155, 163, -1,
163, 155, 153, -1,
163, 153, 165, -1,
165, 153, 152, -1,
182, 180, 151, -1,
151, 180, 178, -1,
151, 178, 157, -1,
157, 178, 177, -1,
177, 179, 157, -1,
157, 179, 181, -1,
157, 181, 158, -1,
158, 181, 165, -1,
158, 165, 154, -1,
154, 165, 152, -1,
341, 340, 342, -1,
342, 340, 338, -1,
342, 338, 346, -1,
344, 343, 289, -1,
289, 343, 350, -1,
289, 350, 290, -1,
290, 350, 352, -1,
349, 347, 351, -1,
351, 347, 348, -1,
351, 348, 354, -1,
354, 348, 373, -1,
354, 373, 356, -1,
356, 373, 375, -1,
338, 337, 346, -1,
346, 337, 388, -1,
346, 388, 371, -1,
371, 388, 296, -1,
371, 296, 372, -1,
372, 296, 295, -1,
372, 295, 374, -1,
353, 335, 352, -1,
352, 335, 336, -1,
352, 336, 290, -1,
295, 293, 374, -1,
374, 293, 292, -1,
374, 292, 377, -1,
377, 292, 297, -1,
377, 297, 381, -1,
381, 297, 304, -1,
381, 304, 382, -1,
382, 304, 303, -1,
382, 303, 384, -1,
384, 303, 301, -1,
384, 301, 385, -1,
385, 301, 300, -1,
385, 300, 383, -1,
383, 300, 302, -1,
383, 302, 378, -1,
366, 312, 364, -1,
364, 312, 332, -1,
364, 332, 355, -1,
355, 332, 329, -1,
355, 329, 353, -1,
353, 329, 333, -1,
353, 333, 335, -1,
302, 311, 378, -1,
378, 311, 310, -1,
378, 310, 379, -1,
379, 310, 309, -1,
379, 309, 380, -1,
380, 309, 305, -1,
380, 305, 386, -1,
386, 305, 307, -1,
386, 307, 387, -1,
387, 307, 308, -1,
387, 308, 376, -1,
376, 308, 326, -1,
376, 326, 375, -1,
375, 326, 324, -1,
375, 324, 356, -1,
356, 324, 323, -1,
356, 323, 357, -1,
357, 323, 325, -1,
357, 325, 358, -1,
358, 325, 327, -1,
358, 327, 359, -1,
359, 327, 328, -1,
359, 328, 360, -1,
360, 328, 322, -1,
360, 322, 361, -1,
361, 322, 321, -1,
361, 321, 362, -1,
362, 321, 320, -1,
362, 320, 363, -1,
363, 320, 319, -1,
363, 319, 365, -1,
365, 319, 318, -1,
365, 318, 369, -1,
369, 318, 317, -1,
369, 317, 370, -1,
370, 317, 316, -1,
370, 316, 368, -1,
368, 316, 315, -1,
368, 315, 367, -1,
367, 315, 314, -1,
367, 314, 366, -1,
366, 314, 313, -1,
366, 313, 312, -1,
404, 403, 406, -1,
406, 403, 401, -1,
406, 401, 392, -1,
392, 401, 393, -1,
392, 391, 406, -1,
406, 391, 395, -1,
406, 395, 407, -1,
407, 395, 396, -1,
407, 396, 408, -1,
408, 396, 399, -1,
399, 396, 397, -1,
399, 397, 398, -1,
774, 775, 776, -1,
776, 775, 777, -1,
776, 777, 778, -1,
779, 778, 780, -1,
780, 778, 781, -1,
782, 783, 776, -1,
777, 784, 778, -1,
778, 784, 785, -1,
778, 785, 786, -1,
787, 788, 789, -1,
789, 790, 787, -1,
787, 790, 791, -1,
787, 791, 792, -1,
788, 787, 776, -1,
776, 787, 793, -1,
776, 793, 782, -1,
783, 794, 776, -1,
776, 794, 795, -1,
776, 795, 774, -1,
786, 796, 778, -1,
778, 796, 797, -1,
778, 797, 781, -1,
780, 798, 799, -1,
799, 800, 780, -1,
780, 800, 801, -1,
780, 801, 779, -1,
417, 411, 428, -1,
434, 418, 425, -1,
425, 418, 417, -1,
425, 417, 426, -1,
426, 417, 428, -1,
433, 432, 439, -1,
439, 432, 431, -1,
439, 431, 441, -1,
441, 431, 430, -1,
434, 438, 418, -1,
418, 438, 440, -1,
418, 440, 416, -1,
416, 440, 436, -1,
416, 436, 412, -1,
412, 436, 435, -1,
412, 435, 409, -1,
409, 435, 448, -1,
409, 448, 410, -1,
410, 448, 445, -1,
410, 445, 422, -1,
422, 445, 444, -1,
422, 444, 423, -1,
423, 444, 446, -1,
423, 446, 424, -1,
424, 446, 447, -1,
424, 447, 419, -1,
419, 447, 437, -1,
419, 437, 420, -1,
420, 437, 451, -1,
420, 451, 421, -1,
421, 451, 450, -1,
421, 450, 414, -1,
414, 450, 449, -1,
414, 449, 415, -1,
415, 449, 453, -1,
415, 453, 458, -1,
458, 453, 452, -1,
458, 452, 459, -1,
459, 452, 443, -1,
459, 443, 461, -1,
461, 443, 442, -1,
430, 457, 441, -1,
441, 457, 455, -1,
441, 455, 442, -1,
442, 455, 462, -1,
442, 462, 461, -1,
802, 803, 804, -1,
804, 803, 805, -1,
804, 805, 806, -1,
806, 805, 807, -1,
806, 807, 808, -1,
808, 807, 809, -1,
793, 499, 782, -1,
782, 499, 665, -1,
782, 665, 783, -1,
783, 665, 468, -1,
783, 468, 794, -1,
794, 468, 467, -1,
794, 467, 795, -1,
795, 467, 472, -1,
795, 472, 774, -1,
774, 472, 479, -1,
774, 479, 775, -1,
775, 479, 478, -1,
775, 478, 777, -1,
777, 478, 476, -1,
777, 476, 784, -1,
784, 476, 475, -1,
784, 475, 785, -1,
785, 475, 474, -1,
785, 474, 786, -1,
786, 474, 473, -1,
786, 473, 796, -1,
796, 473, 471, -1,
796, 471, 797, -1,
792, 503, 787, -1,
787, 503, 502, -1,
787, 502, 793, -1,
793, 502, 500, -1,
793, 500, 499, -1,
471, 470, 797, -1,
797, 470, 481, -1,
797, 481, 781, -1,
781, 481, 480, -1,
781, 480, 780, -1,
798, 486, 799, -1,
799, 486, 485, -1,
799, 485, 800, -1,
800, 485, 483, -1,
800, 483, 801, -1,
480, 288, 780, -1,
780, 288, 287, -1,
780, 287, 798, -1,
798, 287, 487, -1,
798, 487, 486, -1,
788, 489, 789, -1,
789, 489, 488, -1,
789, 488, 790, -1,
790, 488, 498, -1,
790, 498, 791, -1,
791, 498, 496, -1,
791, 496, 792, -1,
792, 496, 495, -1,
792, 495, 503, -1,
483, 482, 801, -1,
801, 482, 491, -1,
801, 491, 779, -1,
779, 491, 490, -1,
779, 490, 778, -1,
778, 490, 494, -1,
778, 494, 776, -1,
776, 494, 493, -1,
776, 493, 788, -1,
788, 493, 492, -1,
788, 492, 489, -1,
477, 466, 464, -1,
803, 802, 739, -1,
739, 802, 738, -1,
804, 504, 802, -1,
802, 504, 477, -1,
802, 477, 738, -1,
738, 477, 464, -1,
738, 464, 463, -1,
804, 806, 504, -1,
504, 806, 808, -1,
504, 808, 505, -1,
505, 808, 809, -1,
505, 809, 807, -1,
807, 805, 505, -1,
505, 805, 803, -1,
505, 803, 704, -1,
704, 803, 739, -1,
704, 739, 705, -1,
810, 811, 812, -1,
812, 811, 813, -1,
812, 813, 814, -1,
814, 813, 815, -1,
814, 815, 816, -1,
816, 817, 814, -1,
814, 817, 818, -1,
814, 818, 819, -1,
819, 820, 814, -1,
814, 820, 821, -1,
814, 821, 822, -1,
823, 810, 824, -1,
824, 810, 825, -1,
810, 826, 827, -1,
822, 828, 814, -1,
814, 828, 829, -1,
814, 829, 830, -1,
823, 831, 810, -1,
810, 831, 832, -1,
810, 832, 826, -1,
827, 833, 810, -1,
810, 833, 834, -1,
810, 834, 811, -1,
825, 835, 824, -1,
824, 835, 836, -1,
824, 836, 837, -1,
508, 510, 506, -1,
506, 510, 512, -1,
512, 513, 506, -1,
506, 513, 514, -1,
506, 514, 507, -1,
507, 514, 520, -1,
507, 520, 515, -1,
515, 520, 516, -1,
516, 520, 519, -1,
516, 519, 518, -1,
538, 537, 573, -1,
813, 811, 573, -1,
538, 573, 539, -1,
552, 572, 550, -1,
550, 572, 532, -1,
556, 811, 834, -1,
811, 556, 573, -1,
573, 556, 555, -1,
573, 555, 542, -1,
542, 529, 573, -1,
573, 529, 528, -1,
573, 528, 539, -1,
532, 531, 550, -1,
550, 531, 523, -1,
550, 523, 581, -1,
581, 523, 522, -1,
581, 522, 580, -1,
580, 522, 524, -1,
580, 524, 578, -1,
578, 524, 526, -1,
578, 526, 540, -1,
540, 526, 536, -1,
540, 536, 541, -1,
541, 536, 535, -1,
541, 535, 543, -1,
543, 535, 534, -1,
543, 534, 544, -1,
544, 534, 533, -1,
544, 533, 527, -1,
527, 533, 575, -1,
527, 575, 537, -1,
537, 575, 574, -1,
537, 574, 573, -1,
834, 833, 556, -1,
556, 833, 827, -1,
556, 827, 548, -1,
548, 827, 826, -1,
548, 826, 549, -1,
549, 826, 832, -1,
549, 832, 576, -1,
576, 832, 831, -1,
576, 831, 577, -1,
577, 831, 823, -1,
577, 823, 579, -1,
579, 823, 824, -1,
579, 824, 551, -1,
551, 824, 837, -1,
551, 837, 553, -1,
553, 837, 836, -1,
553, 836, 557, -1,
557, 836, 835, -1,
813, 573, 815, -1,
815, 573, 546, -1,
815, 546, 816, -1,
816, 546, 545, -1,
816, 545, 817, -1,
817, 545, 554, -1,
817, 554, 818, -1,
818, 554, 568, -1,
818, 568, 819, -1,
819, 568, 567, -1,
819, 567, 820, -1,
820, 567, 566, -1,
820, 566, 821, -1,
821, 566, 571, -1,
821, 571, 822, -1,
822, 571, 570, -1,
822, 570, 828, -1,
828, 570, 569, -1,
828, 569, 829, -1,
829, 569, 563, -1,
829, 563, 830, -1,
830, 563, 561, -1,
830, 561, 814, -1,
814, 561, 560, -1,
814, 560, 812, -1,
812, 560, 564, -1,
812, 564, 810, -1,
810, 564, 565, -1,
810, 565, 825, -1,
825, 565, 559, -1,
825, 559, 835, -1,
835, 559, 558, -1,
835, 558, 557, -1,
745, 746, 750, -1,
750, 746, 747, -1,
747, 748, 750, -1,
750, 748, 749, -1,
750, 749, 751, -1,
751, 749, 754, -1,
751, 754, 752, -1,
752, 754, 753, -1,
838, 839, 840, -1,
840, 839, 841, -1,
840, 841, 842, -1,
842, 841, 843, -1,
844, 845, 841, -1,
841, 845, 846, -1,
846, 847, 841, -1,
841, 847, 848, -1,
841, 848, 843, -1,
844, 841, 849, -1,
849, 841, 850, -1,
849, 850, 851, -1,
851, 850, 852, -1,
851, 852, 853, -1,
853, 852, 854, -1,
853, 854, 855, -1,
856, 857, 858, -1,
859, 860, 858, -1,
858, 860, 861, -1,
857, 862, 858, -1,
858, 862, 863, -1,
858, 863, 864, -1,
861, 865, 858, -1,
858, 865, 866, -1,
858, 866, 867, -1,
868, 869, 870, -1,
867, 871, 858, -1,
858, 871, 872, -1,
858, 872, 856, -1,
864, 863, 870, -1,
870, 863, 873, -1,
870, 873, 868, -1,
599, 597, 608, -1,
596, 598, 610, -1,
610, 598, 600, -1,
610, 600, 612, -1,
612, 600, 606, -1,
608, 595, 599, -1,
599, 595, 594, -1,
599, 594, 604, -1,
604, 594, 588, -1,
604, 588, 605, -1,
588, 587, 605, -1,
605, 587, 585, -1,
605, 585, 618, -1,
618, 585, 583, -1,
618, 583, 622, -1,
622, 583, 603, -1,
622, 603, 623, -1,
623, 603, 602, -1,
623, 602, 625, -1,
625, 602, 593, -1,
625, 593, 626, -1,
626, 593, 592, -1,
626, 592, 624, -1,
624, 592, 601, -1,
624, 601, 619, -1,
601, 645, 619, -1,
619, 645, 644, -1,
619, 644, 620, -1,
620, 644, 643, -1,
620, 643, 621, -1,
621, 643, 616, -1,
621, 616, 646, -1,
646, 616, 615, -1,
646, 615, 647, -1,
647, 615, 639, -1,
647, 639, 607, -1,
607, 639, 656, -1,
607, 656, 606, -1,
606, 656, 654, -1,
606, 654, 612, -1,
612, 654, 653, -1,
612, 653, 627, -1,
627, 653, 655, -1,
627, 655, 628, -1,
628, 655, 657, -1,
628, 657, 629, -1,
629, 657, 658, -1,
629, 658, 630, -1,
630, 658, 640, -1,
630, 640, 631, -1,
631, 640, 638, -1,
631, 638, 613, -1,
613, 638, 637, -1,
613, 637, 614, -1,
614, 637, 661, -1,
614, 661, 634, -1,
634, 661, 642, -1,
634, 642, 649, -1,
649, 642, 641, -1,
649, 641, 650, -1,
650, 641, 660, -1,
650, 660, 648, -1,
648, 660, 659, -1,
648, 659, 632, -1,
632, 659, 652, -1,
632, 652, 633, -1,
633, 652, 651, -1,
633, 651, 635, -1,
635, 651, 664, -1,
635, 664, 636, -1,
636, 664, 663, -1,
636, 663, 611, -1,
611, 663, 662, -1,
611, 662, 609, -1,
609, 662, 589, -1,
609, 589, 590, -1,
874, 875, 876, -1,
876, 875, 877, -1,
876, 877, 878, -1,
878, 877, 879, -1,
878, 879, 880, -1,
880, 879, 881, -1,
882, 883, 884, -1,
884, 883, 885, -1,
884, 885, 886, -1,
887, 888, 889, -1,
890, 886, 891, -1,
891, 886, 892, -1,
893, 894, 895, -1,
895, 894, 883, -1,
895, 883, 896, -1,
897, 898, 899, -1,
899, 898, 900, -1,
889, 896, 887, -1,
887, 896, 883, -1,
887, 883, 901, -1,
901, 883, 882, -1,
901, 882, 892, -1,
902, 903, 904, -1,
905, 906, 907, -1,
907, 906, 908, -1,
907, 908, 909, -1,
910, 911, 907, -1,
907, 911, 912, -1,
913, 914, 915, -1,
915, 914, 916, -1,
912, 917, 907, -1,
907, 917, 916, -1,
907, 916, 918, -1,
918, 916, 914, -1,
909, 919, 907, -1,
907, 919, 920, -1,
907, 920, 910, -1,
903, 921, 904, -1,
904, 921, 882, -1,
904, 882, 922, -1,
922, 882, 923, -1,
922, 923, 924, -1,
924, 923, 925, -1,
897, 926, 898, -1,
898, 926, 927, -1,
898, 927, 928, -1,
928, 927, 929, -1,
928, 929, 930, -1,
929, 931, 930, -1,
930, 931, 932, -1,
930, 932, 904, -1,
904, 932, 933, -1,
904, 933, 902, -1,
921, 934, 882, -1,
882, 934, 935, -1,
882, 935, 936, -1,
936, 937, 882, -1,
882, 937, 938, -1,
882, 938, 892, -1,
892, 938, 939, -1,
892, 939, 891, -1,
891, 939, 940, -1,
891, 940, 907, -1,
907, 940, 941, -1,
907, 941, 905, -1,
898, 924, 900, -1,
900, 924, 925, -1,
900, 925, 942, -1,
942, 925, 943, -1,
942, 943, 944, -1,
944, 943, 945, -1,
944, 945, 946, -1,
947, 948, 945, -1,
945, 948, 884, -1,
945, 884, 946, -1,
946, 884, 886, -1,
946, 886, 949, -1,
949, 886, 890, -1,
950, 951, 952, -1,
953, 884, 954, -1,
954, 884, 948, -1,
954, 948, 955, -1,
955, 948, 956, -1,
955, 956, 957, -1,
957, 956, 882, -1,
952, 958, 950, -1,
950, 958, 959, -1,
950, 959, 960, -1,
961, 962, 884, -1,
884, 962, 963, -1,
884, 963, 882, -1,
882, 963, 964, -1,
965, 966, 957, -1,
957, 966, 967, -1,
964, 968, 882, -1,
882, 968, 969, -1,
882, 969, 957, -1,
957, 969, 970, -1,
957, 970, 965, -1,
960, 961, 950, -1,
950, 961, 884, -1,
950, 884, 971, -1,
971, 884, 953, -1,
971, 953, 972, -1,
972, 953, 973, -1,
967, 974, 957, -1,
957, 974, 975, -1,
957, 975, 950, -1,
950, 975, 976, -1,
950, 976, 951, -1,
977, 978, 979, -1,
979, 978, 980, -1,
979, 980, 981, -1,
982, 983, 979, -1,
979, 983, 984, -1,
979, 984, 985, -1,
981, 986, 979, -1,
979, 986, 987, -1,
979, 987, 988, -1,
988, 989, 979, -1,
979, 989, 990, -1,
979, 990, 982, -1,
991, 992, 984, -1,
984, 992, 993, -1,
984, 993, 985, -1,
874, 972, 875, -1,
875, 972, 973, -1,
876, 957, 874, -1,
874, 957, 950, -1,
874, 950, 972, -1,
972, 950, 971, -1,
876, 878, 957, -1,
957, 878, 880, -1,
957, 880, 955, -1,
955, 880, 881, -1,
955, 881, 879, -1,
879, 877, 955, -1,
955, 877, 875, -1,
955, 875, 954, -1,
954, 875, 973, -1,
954, 973, 953, -1,
967, 966, 991, -1,
991, 966, 965, -1,
991, 965, 992, -1,
992, 965, 970, -1,
992, 970, 993, -1,
993, 970, 969, -1,
993, 969, 985, -1,
985, 969, 968, -1,
985, 968, 979, -1,
979, 968, 964, -1,
979, 964, 977, -1,
977, 964, 963, -1,
977, 963, 978, -1,
978, 963, 962, -1,
978, 962, 980, -1,
980, 962, 961, -1,
980, 961, 981, -1,
981, 961, 960, -1,
981, 960, 986, -1,
986, 960, 959, -1,
986, 959, 987, -1,
987, 959, 958, -1,
987, 958, 988, -1,
988, 958, 952, -1,
988, 952, 989, -1,
989, 952, 951, -1,
989, 951, 990, -1,
990, 951, 976, -1,
990, 976, 982, -1,
982, 976, 975, -1,
982, 975, 983, -1,
983, 975, 974, -1,
983, 974, 984, -1,
984, 974, 967, -1,
984, 967, 991, -1,
886, 885, 883, -1,
883, 894, 886, -1,
886, 894, 893, -1,
886, 893, 892, -1,
887, 901, 888, -1,
888, 901, 892, -1,
888, 892, 889, -1,
889, 892, 893, -1,
889, 893, 896, -1,
896, 893, 895, -1,
890, 891, 907, -1,
890, 907, 949, -1,
949, 907, 918, -1,
949, 918, 946, -1,
946, 918, 914, -1,
946, 914, 944, -1,
944, 914, 942, -1,
942, 914, 913, -1,
942, 913, 900, -1,
939, 938, 940, -1,
940, 938, 937, -1,
940, 937, 941, -1,
941, 937, 936, -1,
941, 936, 905, -1,
905, 936, 935, -1,
905, 935, 906, -1,
906, 935, 934, -1,
906, 934, 908, -1,
908, 934, 921, -1,
908, 921, 909, -1,
909, 921, 903, -1,
909, 903, 919, -1,
919, 903, 902, -1,
919, 902, 920, -1,
920, 902, 933, -1,
920, 933, 910, -1,
910, 933, 932, -1,
910, 932, 911, -1,
911, 932, 931, -1,
911, 931, 912, -1,
912, 931, 929, -1,
912, 929, 917, -1,
917, 929, 927, -1,
917, 927, 916, -1,
916, 927, 926, -1,
916, 926, 915, -1,
915, 926, 897, -1,
915, 897, 913, -1,
913, 897, 899, -1,
913, 899, 900, -1,
994, 995, 996, -1,
997, 998, 999, -1,
1000, 1001, 999, -1,
999, 1001, 994, -1,
999, 994, 997, -1,
997, 994, 996, -1,
997, 996, 1002, -1,
1002, 996, 1003, -1,
1002, 1003, 1004, -1,
1004, 1003, 1005, -1,
1004, 1005, 1006, -1,
1006, 1005, 1007, -1,
1006, 1007, 1008, -1,
1008, 1007, 1009, -1,
1008, 1009, 1010, -1,
1010, 1009, 1011, -1,
1010, 1011, 1012, -1,
1012, 1011, 1013, -1,
1014, 1015, 1016, -1,
1014, 1016, 1017, -1,
1017, 1016, 1018, -1,
1017, 1018, 1019, -1,
1019, 1018, 1020, -1,
1019, 1020, 1021, -1,
1021, 1020, 1022, -1,
1021, 1022, 1023, -1,
1023, 1022, 1024, -1,
1023, 1024, 1025, -1,
1025, 1024, 1026, -1,
1025, 1026, 1027, -1,
1026, 1028, 1027, -1,
1027, 1028, 1029, -1,
1030, 1027, 1031, -1,
1031, 1027, 1029, -1,
1031, 1029, 1032, -1,
1032, 1029, 1033, -1,
1033, 1001, 1032, -1,
1032, 1001, 1000, -1,
6, 7, 39, -1,
39, 7, 38, -1,
1034, 1035, 1036, -1,
1036, 1035, 1037, -1,
1036, 1037, 1013, -1,
1013, 1037, 1012, -1,
1038, 1039, 1040, -1,
1040, 1039, 1041, -1,
1040, 1041, 1014, -1,
1014, 1041, 1015, -1,
1040, 1037, 1038, -1,
1038, 1037, 1035, -1,
1038, 1035, 1042, -1,
1042, 1035, 1043, -1,
1042, 1043, 1044, -1,
1044, 1043, 1045, -1,
1044, 1045, 1046, -1,
1046, 1045, 1047, -1,
1046, 1047, 1048, -1,
1048, 1047, 1049, -1,
1048, 1049, 1050, -1,
1050, 1049, 1051, -1,
1050, 1051, 1052, -1,
1052, 1051, 1053, -1,
1052, 1053, 1054, -1,
1054, 1053, 1055, -1,
45, 40, 43, -1,
43, 40, 42, -1,
43, 42, 146, -1,
146, 42, 125, -1,
146, 125, 144, -1,
144, 125, 127, -1,
144, 127, 142, -1,
142, 127, 129, -1,
142, 129, 140, -1,
140, 129, 131, -1,
140, 131, 138, -1,
138, 131, 133, -1,
138, 133, 134, -1,
134, 133, 123, -1,
134, 123, 135, -1,
135, 123, 121, -1,
1056, 1057, 1058, -1,
1058, 1057, 1059, -1,
1060, 1058, 1061, -1,
1061, 1058, 1059, -1,
1061, 1059, 1062, -1,
1062, 1059, 1063, -1,
1063, 1064, 1062, -1,
1062, 1064, 1065, -1,
1066, 1067, 1068, -1,
1069, 1070, 1071, -1,
1065, 1064, 1071, -1,
1071, 1064, 1066, -1,
1071, 1066, 1069, -1,
1069, 1066, 1068, -1,
1069, 1068, 1072, -1,
1069, 1072, 1073, -1,
1073, 1072, 1074, -1,
1073, 1074, 1075, -1,
1075, 1074, 1076, -1,
1075, 1076, 1077, -1,
1077, 1076, 1078, -1,
1077, 1078, 1079, -1,
1079, 1078, 1080, -1,
1079, 1080, 1081, -1,
1081, 1080, 1082, -1,
1081, 1082, 1083, -1,
1084, 1085, 1086, -1,
1086, 1085, 1087, -1,
1086, 1087, 1088, -1,
1088, 1087, 1089, -1,
1088, 1089, 1090, -1,
1090, 1089, 1091, -1,
1090, 1091, 1092, -1,
1092, 1091, 1093, -1,
1092, 1093, 1094, -1,
1094, 1093, 1095, -1,
1094, 1095, 1058, -1,
1058, 1095, 1056, -1,
60, 61, 52, -1,
52, 61, 53, -1,
1096, 1097, 1098, -1,
1098, 1097, 1099, -1,
1098, 1099, 1082, -1,
1082, 1099, 1083, -1,
1100, 1101, 1102, -1,
1102, 1101, 1103, -1,
1102, 1103, 1084, -1,
1084, 1103, 1085, -1,
1098, 1103, 1096, -1,
1096, 1103, 1101, -1,
1096, 1101, 1104, -1,
1104, 1101, 1105, -1,
1104, 1105, 1106, -1,
1106, 1105, 1107, -1,
1106, 1107, 1108, -1,
1108, 1107, 1109, -1,
1108, 1109, 1110, -1,
1110, 1109, 1111, -1,
1110, 1111, 1112, -1,
1112, 1111, 1113, -1,
1112, 1113, 1114, -1,
1114, 1113, 1115, -1,
1114, 1115, 1116, -1,
1116, 1115, 1117, -1,
1118, 1119, 1120, -1,
1120, 1119, 1121, -1,
1122, 1120, 1123, -1,
1123, 1120, 1121, -1,
1123, 1121, 1124, -1,
1124, 1121, 1125, -1,
1118, 1120, 1126, -1,
1126, 1120, 1127, -1,
1126, 1127, 1128, -1,
1128, 1127, 1129, -1,
1128, 1129, 1130, -1,
1130, 1129, 1131, -1,
1130, 1131, 1132, -1,
1132, 1131, 1133, -1,
1132, 1133, 1134, -1,
1134, 1133, 1135, -1,
1134, 1135, 1136, -1,
1136, 1135, 1137, -1,
1138, 1139, 1140, -1,
1138, 1140, 1141, -1,
1141, 1140, 1142, -1,
1141, 1142, 1143, -1,
1143, 1142, 1144, -1,
1143, 1144, 1145, -1,
1145, 1144, 1146, -1,
1145, 1146, 1147, -1,
1147, 1146, 1148, -1,
1147, 1148, 1149, -1,
1149, 1148, 1150, -1,
1149, 1150, 1151, -1,
1150, 1152, 1151, -1,
1151, 1152, 1153, -1,
1154, 1151, 1155, -1,
1155, 1151, 1153, -1,
1155, 1153, 1156, -1,
1156, 1153, 1157, -1,
1136, 1137, 1158, -1,
1158, 1137, 1159, -1,
1158, 1159, 1160, -1,
1161, 1162, 1163, -1,
1163, 1162, 1139, -1,
1163, 1139, 1138, -1,
1164, 1165, 1166, -1,
1167, 1168, 1169, -1,
1170, 1171, 1169, -1,
1169, 1171, 1164, -1,
1169, 1164, 1167, -1,
1167, 1164, 1166, -1,
1172, 1173, 1174, -1,
1174, 1173, 1175, -1,
1176, 1174, 1177, -1,
1177, 1174, 1175, -1,
1177, 1175, 1178, -1,
1178, 1175, 1179, -1,
1172, 1174, 1180, -1,
1172, 1180, 1181, -1,
1181, 1180, 1182, -1,
1181, 1182, 1183, -1,
1183, 1182, 1184, -1,
1183, 1184, 1185, -1,
1185, 1184, 1186, -1,
1185, 1186, 1187, -1,
1187, 1186, 1188, -1,
1187, 1188, 1189, -1,
1189, 1188, 1190, -1,
1189, 1190, 1191, -1,
1192, 1193, 1194, -1,
1194, 1193, 1195, -1,
1194, 1195, 1196, -1,
1196, 1195, 1197, -1,
1196, 1197, 1198, -1,
1198, 1197, 1199, -1,
1198, 1199, 1200, -1,
1200, 1199, 1201, -1,
1200, 1201, 1202, -1,
1202, 1201, 1203, -1,
1202, 1203, 1166, -1,
1166, 1203, 1167, -1,
1191, 1190, 1204, -1,
1204, 1190, 1205, -1,
1204, 1205, 1206, -1,
1207, 1208, 1209, -1,
1209, 1208, 1193, -1,
1209, 1193, 1192, -1,
1210, 1211, 1212, -1,
1212, 1211, 1213, -1,
1206, 1205, 1214, -1,
1214, 1205, 1215, -1,
1214, 1215, 1216, -1,
1216, 1215, 1217, -1,
1216, 1217, 1218, -1,
1218, 1217, 1219, -1,
1218, 1219, 1220, -1,
1220, 1219, 1221, -1,
1220, 1221, 1222, -1,
1222, 1221, 1223, -1,
1222, 1223, 1224, -1,
1224, 1223, 1225, -1,
1226, 1227, 1225, -1,
1225, 1227, 1224, -1,
1210, 1212, 1228, -1,
1210, 1228, 1229, -1,
1229, 1228, 1230, -1,
1229, 1230, 1231, -1,
1231, 1230, 1232, -1,
1231, 1232, 1233, -1,
1233, 1232, 1234, -1,
1233, 1234, 1235, -1,
1235, 1234, 1236, -1,
1235, 1236, 1237, -1,
1237, 1236, 1208, -1,
1237, 1208, 1207, -1,
1176, 1177, 1168, -1,
1168, 1177, 1169, -1,
1238, 1239, 1240, -1,
1240, 1239, 1241, -1,
1160, 1159, 1242, -1,
1160, 1242, 1243, -1,
1243, 1242, 1244, -1,
1243, 1244, 1245, -1,
1245, 1244, 1246, -1,
1245, 1246, 1247, -1,
1247, 1246, 1248, -1,
1247, 1248, 1249, -1,
1249, 1248, 1250, -1,
1249, 1250, 1251, -1,
1251, 1250, 1240, -1,
1251, 1240, 1241, -1,
1252, 1253, 1254, -1,
1254, 1253, 1255, -1,
1252, 1254, 1256, -1,
1256, 1254, 1257, -1,
1256, 1257, 1258, -1,
1258, 1257, 1259, -1,
1258, 1259, 1260, -1,
1260, 1259, 1261, -1,
1260, 1261, 1262, -1,
1262, 1261, 1263, -1,
1262, 1263, 1264, -1,
1264, 1263, 1265, -1,
1264, 1265, 1161, -1,
1161, 1265, 1162, -1,
1123, 1153, 1122, -1,
1122, 1153, 1152, -1,
1266, 1267, 1268, -1,
1269, 1270, 1271, -1,
1272, 1273, 1271, -1,
1271, 1273, 1266, -1,
1271, 1266, 1269, -1,
1269, 1266, 1268, -1,
1269, 1268, 1274, -1,
1274, 1268, 1275, -1,
1274, 1275, 1276, -1,
1276, 1275, 1277, -1,
1276, 1277, 1278, -1,
1278, 1277, 1279, -1,
1278, 1279, 1280, -1,
1280, 1279, 1281, -1,
1280, 1281, 1282, -1,
1282, 1281, 1283, -1,
1282, 1283, 1284, -1,
1284, 1283, 1285, -1,
1286, 1287, 1288, -1,
1286, 1288, 1289, -1,
1289, 1288, 1290, -1,
1289, 1290, 1291, -1,
1291, 1290, 1292, -1,
1291, 1292, 1293, -1,
1293, 1292, 1294, -1,
1293, 1294, 1295, -1,
1295, 1294, 1296, -1,
1295, 1296, 1297, -1,
1297, 1296, 1298, -1,
1297, 1298, 1299, -1,
1298, 1300, 1299, -1,
1299, 1300, 1301, -1,
1302, 1299, 1303, -1,
1303, 1299, 1301, -1,
1303, 1301, 1304, -1,
1304, 1301, 1305, -1,
1305, 1273, 1304, -1,
1304, 1273, 1272, -1,
1124, 1125, 1157, -1,
1157, 1125, 1156, -1,
1306, 1307, 1308, -1,
1308, 1307, 1309, -1,
1308, 1309, 1285, -1,
1285, 1309, 1284, -1,
1310, 1311, 1312, -1,
1312, 1311, 1313, -1,
1312, 1313, 1286, -1,
1286, 1313, 1287, -1,
1312, 1309, 1310, -1,
1310, 1309, 1307, -1,
1310, 1307, 1314, -1,
1314, 1307, 1315, -1,
1314, 1315, 1316, -1,
1316, 1315, 1317, -1,
1316, 1317, 1318, -1,
1318, 1317, 1319, -1,
1318, 1319, 1320, -1,
1320, 1319, 1321, -1,
1320, 1321, 1322, -1,
1322, 1321, 1323, -1,
1322, 1323, 1324, -1,
1324, 1323, 1325, -1,
1324, 1325, 1326, -1,
1326, 1325, 1327, -1,
1163, 1158, 1161, -1,
1161, 1158, 1160, -1,
1161, 1160, 1264, -1,
1264, 1160, 1243, -1,
1264, 1243, 1262, -1,
1262, 1243, 1245, -1,
1262, 1245, 1260, -1,
1260, 1245, 1247, -1,
1260, 1247, 1258, -1,
1258, 1247, 1249, -1,
1258, 1249, 1256, -1,
1256, 1249, 1251, -1,
1256, 1251, 1252, -1,
1252, 1251, 1241, -1,
1252, 1241, 1253, -1,
1253, 1241, 1239, -1,
1178, 1179, 1170, -1,
1170, 1179, 1171, -1,
1328, 1329, 1330, -1,
1330, 1329, 1331, -1,
1332, 1330, 1333, -1,
1333, 1330, 1331, -1,
1333, 1331, 1334, -1,
1334, 1331, 1335, -1,
1336, 1337, 1335, -1,
1335, 1337, 1334, -1,
1338, 1339, 1340, -1,
1341, 1342, 1343, -1,
1337, 1336, 1343, -1,
1343, 1336, 1338, -1,
1343, 1338, 1341, -1,
1341, 1338, 1340, -1,
1341, 1340, 1344, -1,
1341, 1344, 1345, -1,
1345, 1344, 1346, -1,
1345, 1346, 1347, -1,
1347, 1346, 1348, -1,
1347, 1348, 1349, -1,
1349, 1348, 1350, -1,
1349, 1350, 1351, -1,
1351, 1350, 1352, -1,
1351, 1352, 1353, -1,
1353, 1352, 1354, -1,
1353, 1354, 1355, -1,
1356, 1357, 1358, -1,
1358, 1357, 1359, -1,
1358, 1359, 1360, -1,
1360, 1359, 1361, -1,
1360, 1361, 1362, -1,
1362, 1361, 1363, -1,
1362, 1363, 1364, -1,
1364, 1363, 1365, -1,
1364, 1365, 1366, -1,
1366, 1365, 1367, -1,
1366, 1367, 1330, -1,
1330, 1367, 1328, -1,
1368, 1369, 1370, -1,
1370, 1369, 1371, -1,
1370, 1371, 1354, -1,
1354, 1371, 1355, -1,
1372, 1373, 1374, -1,
1374, 1373, 1375, -1,
1374, 1375, 1356, -1,
1356, 1375, 1357, -1,
1370, 1375, 1368, -1,
1368, 1375, 1373, -1,
1368, 1373, 1376, -1,
1376, 1373, 1377, -1,
1376, 1377, 1378, -1,
1378, 1377, 1379, -1,
1378, 1379, 1380, -1,
1380, 1379, 1381, -1,
1380, 1381, 1382, -1,
1382, 1381, 1383, -1,
1382, 1383, 1384, -1,
1384, 1383, 1385, -1,
1384, 1385, 1386, -1,
1386, 1385, 1387, -1,
1386, 1387, 1388, -1,
1388, 1387, 1389, -1,
1390, 1391, 923, -1,
923, 1391, 925, -1,
1391, 1392, 925, -1,
925, 1392, 1393, -1,
925, 1393, 1394, -1,
1395, 943, 1396, -1,
1396, 943, 925, -1,
1397, 923, 1398, -1,
1398, 923, 1399, -1,
1394, 1400, 925, -1,
925, 1400, 1401, -1,
925, 1401, 1396, -1,
1397, 1402, 923, -1,
923, 1402, 1403, -1,
923, 1403, 1390, -1,
1404, 1405, 947, -1,
1253, 1239, 1406, -1,
1407, 1238, 1255, -1,
1406, 1408, 1253, -1,
1253, 1408, 945, -1,
1253, 945, 1255, -1,
1255, 945, 943, -1,
1255, 943, 1407, -1,
1407, 943, 1409, -1,
1410, 1411, 1327, -1,
1327, 1411, 1326, -1,
1412, 943, 1413, -1,
1413, 943, 1395, -1,
1388, 1389, 1211, -1,
1227, 1226, 947, -1,
1412, 1414, 943, -1,
943, 1414, 1415, -1,
943, 1415, 1409, -1,
1211, 1227, 1388, -1,
1388, 1227, 947, -1,
1388, 947, 1411, -1,
1411, 947, 945, -1,
1411, 945, 1326, -1,
1326, 945, 1408, -1,
1226, 1213, 1416, -1,
1226, 1416, 947, -1,
947, 1416, 1417, -1,
947, 1417, 1418, -1,
1418, 1419, 947, -1,
947, 1419, 1420, -1,
947, 1420, 1404, -1,
1421, 1422, 948, -1,
1423, 1424, 956, -1,
948, 1422, 956, -1,
947, 1405, 948, -1,
948, 1405, 1425, -1,
948, 1425, 1426, -1,
1422, 1427, 956, -1,
956, 1427, 1428, -1,
956, 1428, 1429, -1,
1426, 1430, 948, -1,
948, 1430, 1431, -1,
948, 1431, 1421, -1,
1429, 1432, 956, -1,
956, 1432, 1433, -1,
956, 1433, 1423, -1,
1434, 1399, 923, -1,
882, 956, 137, -1,
121, 1435, 135, -1,
135, 1435, 1436, -1,
120, 137, 1437, -1,
1437, 137, 956, -1,
1437, 956, 1438, -1,
1439, 956, 1440, -1,
1440, 956, 1424, -1,
1054, 923, 1436, -1,
1436, 923, 882, -1,
1436, 882, 135, -1,
135, 882, 137, -1,
109, 108, 923, -1,
1439, 1441, 956, -1,
956, 1441, 1442, -1,
956, 1442, 1438, -1,
1116, 1117, 93, -1,
108, 95, 1443, -1,
93, 109, 1116, -1,
1116, 109, 923, -1,
1116, 923, 1444, -1,
1444, 923, 1054, -1,
1444, 1054, 1445, -1,
1445, 1054, 1055, -1,
108, 1443, 923, -1,
923, 1443, 1446, -1,
923, 1446, 1447, -1,
1447, 1448, 923, -1,
923, 1448, 1449, -1,
923, 1449, 1434, -1,
904, 922, 930, -1,
930, 922, 924, -1,
930, 924, 928, -1,
928, 924, 898, -1,
1392, 1391, 1450, -1,
1450, 1391, 1451, -1,
1443, 95, 1452, -1,
1452, 95, 93, -1,
93, 1117, 1452, -1,
1452, 1117, 1445, -1,
1452, 1445, 1453, -1,
1453, 1445, 1055, -1,
1453, 1055, 1435, -1,
1435, 121, 1453, -1,
1453, 121, 120, -1,
1453, 120, 1437, -1,
1454, 1455, 1422, -1,
1422, 1455, 1427, -1,
1416, 1213, 1456, -1,
1456, 1213, 1211, -1,
1211, 1389, 1456, -1,
1456, 1389, 1410, -1,
1456, 1410, 1457, -1,
1457, 1410, 1327, -1,
1457, 1327, 1406, -1,
1406, 1239, 1457, -1,
1457, 1239, 1238, -1,
1457, 1238, 1407, -1,
721, 720, 838, -1,
838, 720, 839, -1,
839, 720, 841, -1,
841, 720, 719, -1,
841, 719, 850, -1,
850, 719, 716, -1,
850, 716, 852, -1,
852, 716, 715, -1,
852, 715, 854, -1,
854, 715, 714, -1,
854, 714, 855, -1,
855, 714, 711, -1,
855, 711, 853, -1,
853, 711, 710, -1,
853, 710, 851, -1,
851, 710, 713, -1,
851, 713, 849, -1,
849, 713, 723, -1,
849, 723, 844, -1,
865, 735, 866, -1,
866, 735, 867, -1,
844, 723, 845, -1,
845, 723, 722, -1,
845, 722, 846, -1,
846, 722, 718, -1,
846, 718, 847, -1,
847, 718, 717, -1,
847, 717, 848, -1,
848, 717, 730, -1,
848, 730, 843, -1,
843, 730, 737, -1,
843, 737, 842, -1,
842, 737, 736, -1,
842, 736, 840, -1,
867, 735, 871, -1,
871, 735, 729, -1,
871, 729, 872, -1,
872, 729, 728, -1,
872, 728, 856, -1,
856, 728, 727, -1,
856, 727, 857, -1,
857, 727, 742, -1,
857, 742, 862, -1,
862, 742, 741, -1,
862, 741, 863, -1,
863, 741, 740, -1,
863, 740, 873, -1,
873, 740, 734, -1,
873, 734, 868, -1,
868, 734, 733, -1,
868, 733, 869, -1,
869, 733, 732, -1,
869, 732, 870, -1,
870, 732, 725, -1,
870, 725, 864, -1,
864, 725, 724, -1,
864, 724, 858, -1,
858, 724, 731, -1,
858, 731, 859, -1,
859, 731, 721, -1,
859, 721, 860, -1,
860, 721, 838, -1,
860, 838, 861, -1,
861, 838, 840, -1,
861, 840, 865, -1,
865, 840, 736, -1,
865, 736, 735, -1,
1389, 1387, 1410, -1,
1410, 1387, 1458, -1,
1369, 1368, 1459, -1,
1459, 1368, 1376, -1,
1459, 1376, 1460, -1,
1460, 1376, 1378, -1,
1460, 1378, 1461, -1,
1461, 1378, 1380, -1,
1461, 1380, 1462, -1,
1462, 1380, 1382, -1,
1462, 1382, 1463, -1,
1463, 1382, 1384, -1,
1463, 1384, 1464, -1,
1464, 1384, 1386, -1,
1411, 1464, 1388, -1,
1388, 1464, 1386, -1,
1458, 1387, 1385, -1,
1458, 1385, 1465, -1,
1465, 1385, 1383, -1,
1465, 1383, 1466, -1,
1466, 1383, 1381, -1,
1466, 1381, 1467, -1,
1467, 1381, 1379, -1,
1467, 1379, 1468, -1,
1468, 1379, 1377, -1,
1468, 1377, 1469, -1,
1469, 1377, 1373, -1,
1469, 1373, 1372, -1,
1411, 1410, 1464, -1,
1464, 1410, 1458, -1,
1464, 1458, 1463, -1,
1463, 1458, 1465, -1,
1463, 1465, 1462, -1,
1462, 1465, 1466, -1,
1462, 1466, 1461, -1,
1461, 1466, 1467, -1,
1461, 1467, 1460, -1,
1460, 1467, 1468, -1,
1460, 1468, 1459, -1,
1459, 1468, 1469, -1,
1459, 1469, 1369, -1,
1369, 1469, 1372, -1,
1369, 1372, 1371, -1,
1371, 1372, 1374, -1,
1357, 1375, 1354, -1,
1354, 1375, 1370, -1,
1356, 1355, 1374, -1,
1374, 1355, 1371, -1,
1343, 1333, 1337, -1,
1337, 1333, 1334, -1,
1342, 1332, 1343, -1,
1343, 1332, 1333, -1,
1332, 1342, 1330, -1,
1330, 1342, 1341, -1,
1330, 1341, 1366, -1,
1366, 1341, 1345, -1,
1366, 1345, 1364, -1,
1364, 1345, 1347, -1,
1364, 1347, 1362, -1,
1362, 1347, 1349, -1,
1362, 1349, 1360, -1,
1360, 1349, 1351, -1,
1360, 1351, 1358, -1,
1358, 1351, 1353, -1,
1358, 1353, 1356, -1,
1356, 1353, 1355, -1,
1339, 1338, 1329, -1,
1329, 1338, 1331, -1,
1338, 1336, 1331, -1,
1331, 1336, 1335, -1,
1357, 1354, 1359, -1,
1359, 1354, 1352, -1,
1359, 1352, 1361, -1,
1361, 1352, 1350, -1,
1361, 1350, 1363, -1,
1363, 1350, 1348, -1,
1363, 1348, 1365, -1,
1365, 1348, 1346, -1,
1365, 1346, 1367, -1,
1367, 1346, 1344, -1,
1367, 1344, 1328, -1,
1328, 1344, 1340, -1,
1328, 1340, 1329, -1,
1329, 1340, 1339, -1,
1227, 1211, 1224, -1,
1224, 1211, 1210, -1,
1224, 1210, 1222, -1,
1222, 1210, 1229, -1,
1222, 1229, 1220, -1,
1220, 1229, 1231, -1,
1220, 1231, 1218, -1,
1218, 1231, 1233, -1,
1218, 1233, 1216, -1,
1216, 1233, 1235, -1,
1216, 1235, 1214, -1,
1214, 1235, 1237, -1,
1214, 1237, 1206, -1,
1206, 1237, 1207, -1,
1206, 1207, 1204, -1,
1204, 1207, 1209, -1,
1192, 1191, 1209, -1,
1209, 1191, 1204, -1,
1175, 1164, 1179, -1,
1179, 1164, 1171, -1,
1173, 1165, 1175, -1,
1175, 1165, 1164, -1,
1165, 1173, 1166, -1,
1166, 1173, 1172, -1,
1166, 1172, 1202, -1,
1202, 1172, 1181, -1,
1202, 1181, 1200, -1,
1200, 1181, 1183, -1,
1200, 1183, 1198, -1,
1198, 1183, 1185, -1,
1198, 1185, 1196, -1,
1196, 1185, 1187, -1,
1196, 1187, 1194, -1,
1194, 1187, 1189, -1,
1194, 1189, 1192, -1,
1192, 1189, 1191, -1,
1177, 1178, 1169, -1,
1169, 1178, 1170, -1,
1325, 1470, 1327, -1,
1327, 1470, 1406, -1,
1307, 1306, 1471, -1,
1307, 1471, 1315, -1,
1315, 1471, 1472, -1,
1315, 1472, 1317, -1,
1317, 1472, 1473, -1,
1317, 1473, 1319, -1,
1319, 1473, 1474, -1,
1319, 1474, 1321, -1,
1321, 1474, 1475, -1,
1321, 1475, 1323, -1,
1323, 1475, 1470, -1,
1323, 1470, 1325, -1,
1476, 1324, 1408, -1,
1408, 1324, 1326, -1,
1324, 1476, 1322, -1,
1322, 1476, 1477, -1,
1322, 1477, 1320, -1,
1320, 1477, 1478, -1,
1320, 1478, 1318, -1,
1318, 1478, 1479, -1,
1318, 1479, 1316, -1,
1316, 1479, 1480, -1,
1316, 1480, 1314, -1,
1314, 1480, 1481, -1,
1314, 1481, 1310, -1,
1310, 1481, 1311, -1,
1408, 1406, 1476, -1,
1476, 1406, 1470, -1,
1476, 1470, 1477, -1,
1477, 1470, 1475, -1,
1477, 1475, 1478, -1,
1478, 1475, 1474, -1,
1478, 1474, 1479, -1,
1479, 1474, 1473, -1,
1479, 1473, 1480, -1,
1480, 1473, 1472, -1,
1480, 1472, 1481, -1,
1481, 1472, 1471, -1,
1481, 1471, 1311, -1,
1311, 1471, 1306, -1,
1311, 1306, 1313, -1,
1313, 1306, 1308, -1,
1158, 1163, 1136, -1,
1136, 1163, 1138, -1,
1308, 1285, 1313, -1,
1313, 1285, 1287, -1,
1309, 1312, 1284, -1,
1284, 1312, 1286, -1,
1303, 1271, 1302, -1,
1302, 1271, 1270, -1,
1304, 1272, 1303, -1,
1303, 1272, 1271, -1,
1284, 1286, 1282, -1,
1282, 1286, 1289, -1,
1282, 1289, 1280, -1,
1280, 1289, 1291, -1,
1280, 1291, 1278, -1,
1278, 1291, 1293, -1,
1278, 1293, 1276, -1,
1276, 1293, 1295, -1,
1276, 1295, 1274, -1,
1274, 1295, 1297, -1,
1274, 1297, 1269, -1,
1269, 1297, 1299, -1,
1269, 1299, 1270, -1,
1270, 1299, 1302, -1,
1301, 1300, 1266, -1,
1266, 1300, 1267, -1,
1305, 1301, 1273, -1,
1273, 1301, 1266, -1,
1267, 1300, 1268, -1,
1268, 1300, 1298, -1,
1268, 1298, 1275, -1,
1275, 1298, 1296, -1,
1275, 1296, 1277, -1,
1277, 1296, 1294, -1,
1277, 1294, 1279, -1,
1279, 1294, 1292, -1,
1279, 1292, 1281, -1,
1281, 1292, 1290, -1,
1281, 1290, 1283, -1,
1283, 1290, 1288, -1,
1283, 1288, 1285, -1,
1285, 1288, 1287, -1,
1155, 1121, 1154, -1,
1154, 1121, 1119, -1,
1156, 1125, 1155, -1,
1155, 1125, 1121, -1,
1136, 1138, 1134, -1,
1134, 1138, 1141, -1,
1134, 1141, 1132, -1,
1132, 1141, 1143, -1,
1132, 1143, 1130, -1,
1130, 1143, 1145, -1,
1130, 1145, 1128, -1,
1128, 1145, 1147, -1,
1128, 1147, 1126, -1,
1126, 1147, 1149, -1,
1126, 1149, 1118, -1,
1118, 1149, 1151, -1,
1118, 1151, 1119, -1,
1119, 1151, 1154, -1,
1157, 1153, 1124, -1,
1124, 1153, 1123, -1,
1255, 1238, 1254, -1,
1254, 1238, 1240, -1,
1254, 1240, 1257, -1,
1257, 1240, 1250, -1,
1257, 1250, 1259, -1,
1259, 1250, 1248, -1,
1259, 1248, 1261, -1,
1261, 1248, 1246, -1,
1261, 1246, 1263, -1,
1263, 1246, 1244, -1,
1263, 1244, 1265, -1,
1265, 1244, 1242, -1,
1265, 1242, 1162, -1,
1162, 1242, 1159, -1,
1162, 1159, 1139, -1,
1139, 1159, 1137, -1,
1139, 1137, 1140, -1,
1140, 1137, 1135, -1,
1140, 1135, 1142, -1,
1142, 1135, 1133, -1,
1142, 1133, 1144, -1,
1144, 1133, 1131, -1,
1144, 1131, 1146, -1,
1146, 1131, 1129, -1,
1146, 1129, 1148, -1,
1148, 1129, 1127, -1,
1148, 1127, 1150, -1,
1150, 1127, 1120, -1,
1150, 1120, 1152, -1,
1152, 1120, 1122, -1,
1213, 1226, 1212, -1,
1212, 1226, 1225, -1,
1212, 1225, 1228, -1,
1228, 1225, 1223, -1,
1228, 1223, 1230, -1,
1230, 1223, 1221, -1,
1230, 1221, 1232, -1,
1232, 1221, 1219, -1,
1232, 1219, 1234, -1,
1234, 1219, 1217, -1,
1234, 1217, 1236, -1,
1236, 1217, 1215, -1,
1236, 1215, 1208, -1,
1208, 1215, 1205, -1,
1208, 1205, 1193, -1,
1193, 1205, 1190, -1,
1193, 1190, 1195, -1,
1195, 1190, 1188, -1,
1195, 1188, 1197, -1,
1197, 1188, 1186, -1,
1197, 1186, 1199, -1,
1199, 1186, 1184, -1,
1199, 1184, 1201, -1,
1201, 1184, 1182, -1,
1201, 1182, 1203, -1,
1203, 1182, 1180, -1,
1203, 1180, 1167, -1,
1167, 1180, 1174, -1,
1167, 1174, 1168, -1,
1168, 1174, 1176, -1,
1117, 1115, 1445, -1,
1445, 1115, 1482, -1,
1097, 1096, 1483, -1,
1483, 1096, 1104, -1,
1483, 1104, 1484, -1,
1484, 1104, 1106, -1,
1484, 1106, 1485, -1,
1485, 1106, 1108, -1,
1485, 1108, 1486, -1,
1486, 1108, 1110, -1,
1486, 1110, 1487, -1,
1487, 1110, 1112, -1,
1487, 1112, 1488, -1,
1488, 1112, 1114, -1,
1444, 1488, 1116, -1,
1116, 1488, 1114, -1,
1482, 1115, 1113, -1,
1482, 1113, 1489, -1,
1489, 1113, 1111, -1,
1489, 1111, 1490, -1,
1490, 1111, 1109, -1,
1490, 1109, 1491, -1,
1491, 1109, 1107, -1,
1491, 1107, 1492, -1,
1492, 1107, 1105, -1,
1492, 1105, 1493, -1,
1493, 1105, 1101, -1,
1493, 1101, 1100, -1,
1444, 1445, 1488, -1,
1488, 1445, 1482, -1,
1488, 1482, 1487, -1,
1487, 1482, 1489, -1,
1487, 1489, 1486, -1,
1486, 1489, 1490, -1,
1486, 1490, 1485, -1,
1485, 1490, 1491, -1,
1485, 1491, 1484, -1,
1484, 1491, 1492, -1,
1484, 1492, 1483, -1,
1483, 1492, 1493, -1,
1483, 1493, 1097, -1,
1097, 1493, 1100, -1,
1097, 1100, 1099, -1,
1099, 1100, 1102, -1,
109, 93, 106, -1,
106, 93, 92, -1,
106, 92, 104, -1,
104, 92, 111, -1,
104, 111, 102, -1,
102, 111, 113, -1,
102, 113, 100, -1,
100, 113, 115, -1,
100, 115, 98, -1,
98, 115, 117, -1,
98, 117, 96, -1,
96, 117, 119, -1,
96, 119, 88, -1,
88, 119, 89, -1,
88, 89, 86, -1,
86, 89, 91, -1,
74, 73, 91, -1,
91, 73, 86, -1,
1085, 1103, 1082, -1,
1082, 1103, 1098, -1,
1084, 1083, 1102, -1,
1102, 1083, 1099, -1,
1071, 1061, 1065, -1,
1065, 1061, 1062, -1,
1070, 1060, 1071, -1,
1071, 1060, 1061, -1,
1060, 1070, 1058, -1,
1058, 1070, 1069, -1,
1058, 1069, 1094, -1,
1094, 1069, 1073, -1,
1094, 1073, 1092, -1,
1092, 1073, 1075, -1,
1092, 1075, 1090, -1,
1090, 1075, 1077, -1,
1090, 1077, 1088, -1,
1088, 1077, 1079, -1,
1088, 1079, 1086, -1,
1086, 1079, 1081, -1,
1086, 1081, 1084, -1,
1084, 1081, 1083, -1,
1067, 1066, 1057, -1,
1057, 1066, 1059, -1,
1066, 1064, 1059, -1,
1059, 1064, 1063, -1,
1085, 1082, 1087, -1,
1087, 1082, 1080, -1,
1087, 1080, 1089, -1,
1089, 1080, 1078, -1,
1089, 1078, 1091, -1,
1091, 1078, 1076, -1,
1091, 1076, 1093, -1,
1093, 1076, 1074, -1,
1093, 1074, 1095, -1,
1095, 1074, 1072, -1,
1095, 1072, 1056, -1,
1056, 1072, 1068, -1,
1056, 1068, 1057, -1,
1057, 1068, 1067, -1,
57, 46, 61, -1,
61, 46, 53, -1,
55, 47, 57, -1,
57, 47, 46, -1,
47, 55, 48, -1,
48, 55, 54, -1,
48, 54, 84, -1,
84, 54, 63, -1,
84, 63, 82, -1,
82, 63, 65, -1,
82, 65, 80, -1,
80, 65, 67, -1,
80, 67, 78, -1,
78, 67, 69, -1,
78, 69, 76, -1,
76, 69, 71, -1,
76, 71, 74, -1,
74, 71, 73, -1,
59, 60, 51, -1,
51, 60, 52, -1,
1053, 1494, 1055, -1,
1055, 1494, 1435, -1,
1035, 1034, 1495, -1,
1035, 1495, 1043, -1,
1043, 1495, 1496, -1,
1043, 1496, 1045, -1,
1045, 1496, 1497, -1,
1045, 1497, 1047, -1,
1047, 1497, 1498, -1,
1047, 1498, 1049, -1,
1049, 1498, 1499, -1,
1049, 1499, 1051, -1,
1051, 1499, 1494, -1,
1051, 1494, 1053, -1,
1500, 1052, 1436, -1,
1436, 1052, 1054, -1,
1052, 1500, 1050, -1,
1050, 1500, 1501, -1,
1050, 1501, 1048, -1,
1048, 1501, 1502, -1,
1048, 1502, 1046, -1,
1046, 1502, 1503, -1,
1046, 1503, 1044, -1,
1044, 1503, 1504, -1,
1044, 1504, 1042, -1,
1042, 1504, 1505, -1,
1042, 1505, 1038, -1,
1038, 1505, 1039, -1,
1436, 1435, 1500, -1,
1500, 1435, 1494, -1,
1500, 1494, 1501, -1,
1501, 1494, 1499, -1,
1501, 1499, 1502, -1,
1502, 1499, 1498, -1,
1502, 1498, 1503, -1,
1503, 1498, 1497, -1,
1503, 1497, 1504, -1,
1504, 1497, 1496, -1,
1504, 1496, 1505, -1,
1505, 1496, 1495, -1,
1505, 1495, 1039, -1,
1039, 1495, 1034, -1,
1039, 1034, 1041, -1,
1041, 1034, 1036, -1,
40, 45, 18, -1,
18, 45, 20, -1,
1036, 1013, 1041, -1,
1041, 1013, 1015, -1,
1037, 1040, 1012, -1,
1012, 1040, 1014, -1,
1031, 999, 1030, -1,
1030, 999, 998, -1,
1032, 1000, 1031, -1,
1031, 1000, 999, -1,
1012, 1014, 1010, -1,
1010, 1014, 1017, -1,
1010, 1017, 1008, -1,
1008, 1017, 1019, -1,
1008, 1019, 1006, -1,
1006, 1019, 1021, -1,
1006, 1021, 1004, -1,
1004, 1021, 1023, -1,
1004, 1023, 1002, -1,
1002, 1023, 1025, -1,
1002, 1025, 997, -1,
997, 1025, 1027, -1,
997, 1027, 998, -1,
998, 1027, 1030, -1,
1029, 1028, 994, -1,
994, 1028, 995, -1,
1033, 1029, 1001, -1,
1001, 1029, 994, -1,
995, 1028, 996, -1,
996, 1028, 1026, -1,
996, 1026, 1003, -1,
1003, 1026, 1024, -1,
1003, 1024, 1005, -1,
1005, 1024, 1022, -1,
1005, 1022, 1007, -1,
1007, 1022, 1020, -1,
1007, 1020, 1009, -1,
1009, 1020, 1018, -1,
1009, 1018, 1011, -1,
1011, 1018, 1016, -1,
1011, 1016, 1013, -1,
1013, 1016, 1015, -1,
37, 3, 36, -1,
36, 3, 1, -1,
38, 7, 37, -1,
37, 7, 3, -1,
18, 20, 16, -1,
16, 20, 23, -1,
16, 23, 14, -1,
14, 23, 25, -1,
14, 25, 12, -1,
12, 25, 27, -1,
12, 27, 10, -1,
10, 27, 29, -1,
10, 29, 8, -1,
8, 29, 31, -1,
8, 31, 0, -1,
0, 31, 33, -1,
0, 33, 1, -1,
1, 33, 36, -1,
39, 35, 6, -1,
6, 35, 5, -1,
1442, 1441, 1506, -1,
1439, 1440, 1507, -1,
1439, 1507, 1441, -1,
1441, 1507, 1508, -1,
1441, 1508, 1506, -1,
1453, 1437, 1506, -1,
1506, 1437, 1438, -1,
1506, 1438, 1442, -1,
1427, 1455, 1428, -1,
1428, 1455, 1509, -1,
1433, 1432, 1509, -1,
1509, 1432, 1429, -1,
1509, 1429, 1428, -1,
1509, 1510, 1433, -1,
1433, 1510, 1511, -1,
1433, 1511, 1423, -1,
1423, 1511, 1424, -1,
1511, 1512, 1424, -1,
1424, 1512, 1513, -1,
1424, 1513, 1440, -1,
1440, 1513, 1514, -1,
1440, 1514, 1507, -1,
1515, 707, 706, -1,
1452, 1453, 1516, -1,
1516, 1453, 1517, -1,
1516, 1517, 1518, -1,
1518, 1517, 1519, -1,
1518, 1519, 1520, -1,
1520, 1519, 1521, -1,
1520, 1521, 1522, -1,
1522, 1521, 1523, -1,
1522, 1523, 1524, -1,
1524, 1523, 1525, -1,
1524, 1525, 1526, -1,
1526, 1525, 1527, -1,
1526, 1527, 1528, -1,
1528, 1527, 1529, -1,
1528, 1529, 1530, -1,
1530, 1529, 1531, -1,
1530, 1531, 1532, -1,
1532, 1531, 1533, -1,
1532, 1533, 1534, -1,
1534, 1533, 1515, -1,
1534, 1515, 334, -1,
334, 1515, 706, -1,
334, 330, 1534, -1,
1534, 330, 331, -1,
1534, 331, 702, -1,
702, 701, 1534, -1,
1534, 701, 700, -1,
1534, 700, 698, -1,
698, 699, 1534, -1,
1534, 699, 286, -1,
1534, 286, 285, -1,
1403, 1402, 1535, -1,
1397, 1398, 1536, -1,
1397, 1536, 1402, -1,
1402, 1536, 1537, -1,
1402, 1537, 1535, -1,
1451, 1391, 1535, -1,
1535, 1391, 1390, -1,
1535, 1390, 1403, -1,
1443, 1452, 1446, -1,
1446, 1452, 1538, -1,
1449, 1448, 1538, -1,
1538, 1448, 1447, -1,
1538, 1447, 1446, -1,
1538, 1539, 1449, -1,
1449, 1539, 1540, -1,
1449, 1540, 1434, -1,
1434, 1540, 1399, -1,
1540, 1541, 1399, -1,
1399, 1541, 1542, -1,
1399, 1542, 1398, -1,
1398, 1542, 1543, -1,
1398, 1543, 1536, -1,
1544, 1545, 1546, -1,
1547, 1548, 1549, -1,
707, 1550, 1551, -1,
1552, 1550, 707, -1,
1549, 1548, 707, -1,
1553, 707, 1548, -1,
1554, 1510, 1509, -1,
1510, 1554, 1511, -1,
1511, 1554, 1555, -1,
1511, 1555, 1512, -1,
1512, 1555, 1556, -1,
1512, 1556, 1513, -1,
1513, 1556, 1557, -1,
1513, 1557, 1514, -1,
1514, 1557, 1507, -1,
1507, 1557, 1558, -1,
1507, 1558, 1508, -1,
1508, 1558, 1506, -1,
1506, 1558, 1517, -1,
1506, 1517, 1453, -1,
1515, 1552, 707, -1,
1559, 1560, 1547, -1,
1547, 1560, 1561, -1,
1547, 1561, 1548, -1,
1548, 1561, 1562, -1,
1548, 1562, 1553, -1,
1563, 1551, 1564, -1,
1564, 1551, 1550, -1,
1564, 1550, 1565, -1,
1565, 1550, 1552, -1,
1565, 1552, 1566, -1,
1515, 1533, 1552, -1,
1552, 1533, 1531, -1,
1552, 1531, 1566, -1,
1566, 1531, 1529, -1,
1566, 1529, 1527, -1,
1546, 1563, 1567, -1,
1567, 1563, 1564, -1,
1567, 1564, 1568, -1,
1568, 1564, 1565, -1,
1568, 1565, 1569, -1,
1569, 1565, 1566, -1,
1569, 1566, 1570, -1,
1570, 1566, 1527, -1,
1571, 1572, 1573, -1,
1573, 1572, 1544, -1,
1544, 1546, 1573, -1,
1573, 1546, 1567, -1,
1573, 1567, 1574, -1,
1574, 1567, 1568, -1,
1574, 1568, 1575, -1,
1575, 1568, 1569, -1,
1575, 1569, 1576, -1,
1576, 1569, 1570, -1,
1576, 1570, 1577, -1,
1545, 1559, 1546, -1,
1546, 1559, 1547, -1,
1546, 1547, 1563, -1,
1563, 1547, 1549, -1,
1563, 1549, 1551, -1,
1551, 1549, 707, -1,
1571, 1554, 1578, -1,
1578, 1554, 1509, -1,
1578, 1509, 1455, -1,
1527, 1525, 1570, -1,
1570, 1525, 1523, -1,
1570, 1523, 1577, -1,
1577, 1523, 1521, -1,
1577, 1521, 1519, -1,
1571, 1573, 1554, -1,
1554, 1573, 1574, -1,
1554, 1574, 1555, -1,
1555, 1574, 1575, -1,
1555, 1575, 1556, -1,
1556, 1575, 1576, -1,
1556, 1576, 1557, -1,
1557, 1576, 1577, -1,
1557, 1577, 1558, -1,
1558, 1577, 1519, -1,
1558, 1519, 1517, -1,
1522, 1524, 1579, -1,
1580, 1581, 1582, -1,
285, 1583, 1584, -1,
1585, 1583, 285, -1,
1582, 1581, 285, -1,
1534, 285, 1581, -1,
1586, 1539, 1538, -1,
1539, 1586, 1540, -1,
1540, 1586, 1587, -1,
1540, 1587, 1541, -1,
1541, 1587, 1588, -1,
1541, 1588, 1542, -1,
1542, 1588, 1589, -1,
1542, 1589, 1543, -1,
1543, 1589, 1536, -1,
1536, 1589, 1590, -1,
1536, 1590, 1537, -1,
1537, 1590, 1535, -1,
1535, 1590, 1591, -1,
1535, 1591, 1451, -1,
1592, 1585, 285, -1,
1526, 1528, 1580, -1,
1580, 1528, 1530, -1,
1580, 1530, 1581, -1,
1581, 1530, 1532, -1,
1581, 1532, 1534, -1,
1593, 1584, 1594, -1,
1594, 1584, 1583, -1,
1594, 1583, 1595, -1,
1595, 1583, 1585, -1,
1595, 1585, 1596, -1,
1592, 1597, 1585, -1,
1585, 1597, 1598, -1,
1585, 1598, 1596, -1,
1596, 1598, 1599, -1,
1596, 1599, 1600, -1,
1579, 1593, 1601, -1,
1601, 1593, 1594, -1,
1601, 1594, 1602, -1,
1602, 1594, 1595, -1,
1602, 1595, 1603, -1,
1603, 1595, 1596, -1,
1603, 1596, 1604, -1,
1604, 1596, 1600, -1,
1518, 1520, 1605, -1,
1605, 1520, 1522, -1,
1522, 1579, 1605, -1,
1605, 1579, 1601, -1,
1605, 1601, 1606, -1,
1606, 1601, 1602, -1,
1606, 1602, 1607, -1,
1607, 1602, 1603, -1,
1607, 1603, 1608, -1,
1608, 1603, 1604, -1,
1608, 1604, 1609, -1,
1524, 1526, 1579, -1,
1579, 1526, 1580, -1,
1579, 1580, 1593, -1,
1593, 1580, 1582, -1,
1593, 1582, 1584, -1,
1584, 1582, 285, -1,
1518, 1586, 1516, -1,
1516, 1586, 1538, -1,
1516, 1538, 1452, -1,
1600, 1610, 1604, -1,
1604, 1610, 1611, -1,
1604, 1611, 1609, -1,
1609, 1611, 1612, -1,
1609, 1612, 1613, -1,
1518, 1605, 1586, -1,
1586, 1605, 1606, -1,
1586, 1606, 1587, -1,
1587, 1606, 1607, -1,
1587, 1607, 1588, -1,
1588, 1607, 1608, -1,
1588, 1608, 1589, -1,
1589, 1608, 1609, -1,
1589, 1609, 1590, -1,
1590, 1609, 1613, -1,
1590, 1613, 1591, -1,
1431, 1430, 1614, -1,
1426, 1425, 1615, -1,
1426, 1615, 1430, -1,
1430, 1615, 1616, -1,
1430, 1616, 1614, -1,
1454, 1422, 1614, -1,
1614, 1422, 1421, -1,
1614, 1421, 1431, -1,
1416, 1456, 1417, -1,
1417, 1456, 1617, -1,
1420, 1419, 1617, -1,
1617, 1419, 1418, -1,
1617, 1418, 1417, -1,
1617, 1618, 1420, -1,
1420, 1618, 1619, -1,
1420, 1619, 1404, -1,
1404, 1619, 1405, -1,
1619, 1620, 1405, -1,
1405, 1620, 1621, -1,
1405, 1621, 1425, -1,
1425, 1621, 1622, -1,
1425, 1622, 1615, -1,
1455, 1454, 1578, -1,
1578, 1454, 1623, -1,
1578, 1623, 1571, -1,
1571, 1623, 1624, -1,
1571, 1624, 1572, -1,
1572, 1624, 1625, -1,
1572, 1625, 1544, -1,
1544, 1625, 1626, -1,
1544, 1626, 1545, -1,
1545, 1626, 1627, -1,
1545, 1627, 1559, -1,
1559, 1627, 1628, -1,
1559, 1628, 1560, -1,
1560, 1628, 1629, -1,
1560, 1629, 1561, -1,
1561, 1629, 1630, -1,
1561, 1630, 1562, -1,
1562, 1630, 1631, -1,
1562, 1631, 1553, -1,
1553, 1631, 1632, -1,
773, 695, 1632, -1,
1632, 695, 674, -1,
674, 678, 1632, -1,
1632, 678, 709, -1,
1632, 709, 1553, -1,
1553, 709, 708, -1,
1553, 708, 707, -1,
1450, 1451, 1633, -1,
1633, 1451, 1591, -1,
1633, 1591, 1634, -1,
1634, 1591, 1613, -1,
1634, 1613, 1635, -1,
1635, 1613, 1612, -1,
1635, 1612, 1636, -1,
1636, 1612, 1611, -1,
1636, 1611, 1637, -1,
1637, 1611, 1610, -1,
1637, 1610, 1638, -1,
1638, 1610, 1600, -1,
1638, 1600, 1639, -1,
1639, 1600, 1599, -1,
1639, 1599, 1640, -1,
1640, 1599, 1598, -1,
1640, 1598, 1641, -1,
1641, 1598, 1597, -1,
1641, 1597, 1642, -1,
1642, 1597, 1592, -1,
1592, 285, 284, -1,
1592, 284, 1642, -1,
1642, 284, 703, -1,
1642, 703, 726, -1,
726, 712, 1642, -1,
1642, 712, 755, -1,
1642, 755, 756, -1,
1415, 1414, 1643, -1,
1412, 1413, 1644, -1,
1412, 1644, 1414, -1,
1414, 1644, 1645, -1,
1414, 1645, 1643, -1,
1457, 1407, 1643, -1,
1643, 1407, 1409, -1,
1643, 1409, 1415, -1,
1392, 1450, 1393, -1,
1393, 1450, 1646, -1,
1401, 1400, 1646, -1,
1646, 1400, 1394, -1,
1646, 1394, 1393, -1,
1646, 1647, 1401, -1,
1401, 1647, 1648, -1,
1401, 1648, 1396, -1,
1396, 1648, 1395, -1,
1648, 1649, 1395, -1,
1395, 1649, 1650, -1,
1395, 1650, 1413, -1,
1413, 1650, 1651, -1,
1413, 1651, 1644, -1,
1652, 1653, 1654, -1,
1655, 1656, 1657, -1,
773, 1658, 1659, -1,
1660, 1658, 773, -1,
1657, 1656, 773, -1,
1661, 773, 1656, -1,
1662, 1618, 1617, -1,
1618, 1662, 1619, -1,
1619, 1662, 1663, -1,
1619, 1663, 1620, -1,
1620, 1663, 1664, -1,
1620, 1664, 1621, -1,
1621, 1664, 1665, -1,
1621, 1665, 1622, -1,
1622, 1665, 1615, -1,
1615, 1665, 1666, -1,
1615, 1666, 1616, -1,
1616, 1666, 1614, -1,
1614, 1666, 1623, -1,
1614, 1623, 1454, -1,
1632, 1660, 773, -1,
1667, 1668, 1655, -1,
1655, 1668, 1669, -1,
1655, 1669, 1656, -1,
1656, 1669, 1670, -1,
1656, 1670, 1661, -1,
1671, 1659, 1672, -1,
1672, 1659, 1658, -1,
1672, 1658, 1673, -1,
1673, 1658, 1660, -1,
1673, 1660, 1674, -1,
1632, 1631, 1660, -1,
1660, 1631, 1630, -1,
1660, 1630, 1674, -1,
1674, 1630, 1629, -1,
1674, 1629, 1628, -1,
1654, 1671, 1675, -1,
1675, 1671, 1672, -1,
1675, 1672, 1676, -1,
1676, 1672, 1673, -1,
1676, 1673, 1677, -1,
1677, 1673, 1674, -1,
1677, 1674, 1678, -1,
1678, 1674, 1628, -1,
1679, 1680, 1681, -1,
1681, 1680, 1652, -1,
1652, 1654, 1681, -1,
1681, 1654, 1675, -1,
1681, 1675, 1682, -1,
1682, 1675, 1676, -1,
1682, 1676, 1683, -1,
1683, 1676, 1677, -1,
1683, 1677, 1684, -1,
1684, 1677, 1678, -1,
1684, 1678, 1685, -1,
1653, 1667, 1654, -1,
1654, 1667, 1655, -1,
1654, 1655, 1671, -1,
1671, 1655, 1657, -1,
1671, 1657, 1659, -1,
1659, 1657, 773, -1,
1679, 1662, 1686, -1,
1686, 1662, 1617, -1,
1686, 1617, 1456, -1,
1628, 1627, 1678, -1,
1678, 1627, 1626, -1,
1678, 1626, 1685, -1,
1685, 1626, 1625, -1,
1685, 1625, 1624, -1,
1679, 1681, 1662, -1,
1662, 1681, 1682, -1,
1662, 1682, 1663, -1,
1663, 1682, 1683, -1,
1663, 1683, 1664, -1,
1664, 1683, 1684, -1,
1664, 1684, 1665, -1,
1665, 1684, 1685, -1,
1665, 1685, 1666, -1,
1666, 1685, 1624, -1,
1666, 1624, 1623, -1,
1636, 1637, 1687, -1,
1688, 1689, 1690, -1,
756, 1691, 1692, -1,
1693, 1691, 756, -1,
1690, 1689, 756, -1,
1642, 756, 1689, -1,
1694, 1647, 1646, -1,
1647, 1694, 1648, -1,
1648, 1694, 1695, -1,
1648, 1695, 1649, -1,
1649, 1695, 1696, -1,
1649, 1696, 1650, -1,
1650, 1696, 1697, -1,
1650, 1697, 1651, -1,
1651, 1697, 1644, -1,
1644, 1697, 1698, -1,
1644, 1698, 1645, -1,
1645, 1698, 1643, -1,
1643, 1698, 1699, -1,
1643, 1699, 1457, -1,
1700, 1693, 756, -1,
1638, 1639, 1688, -1,
1688, 1639, 1640, -1,
1688, 1640, 1689, -1,
1689, 1640, 1641, -1,
1689, 1641, 1642, -1,
1701, 1692, 1702, -1,
1702, 1692, 1691, -1,
1702, 1691, 1703, -1,
1703, 1691, 1693, -1,
1703, 1693, 1704, -1,
1700, 1705, 1693, -1,
1693, 1705, 1706, -1,
1693, 1706, 1704, -1,
1704, 1706, 1707, -1,
1704, 1707, 1708, -1,
1687, 1701, 1709, -1,
1709, 1701, 1702, -1,
1709, 1702, 1710, -1,
1710, 1702, 1703, -1,
1710, 1703, 1711, -1,
1711, 1703, 1704, -1,
1711, 1704, 1712, -1,
1712, 1704, 1708, -1,
1634, 1635, 1713, -1,
1713, 1635, 1636, -1,
1636, 1687, 1713, -1,
1713, 1687, 1709, -1,
1713, 1709, 1714, -1,
1714, 1709, 1710, -1,
1714, 1710, 1715, -1,
1715, 1710, 1711, -1,
1715, 1711, 1716, -1,
1716, 1711, 1712, -1,
1716, 1712, 1717, -1,
1637, 1638, 1687, -1,
1687, 1638, 1688, -1,
1687, 1688, 1701, -1,
1701, 1688, 1690, -1,
1701, 1690, 1692, -1,
1692, 1690, 756, -1,
1634, 1694, 1633, -1,
1633, 1694, 1646, -1,
1633, 1646, 1450, -1,
1708, 1718, 1712, -1,
1712, 1718, 1719, -1,
1712, 1719, 1717, -1,
1717, 1719, 1720, -1,
1717, 1720, 1721, -1,
1634, 1713, 1694, -1,
1694, 1713, 1714, -1,
1694, 1714, 1695, -1,
1695, 1714, 1715, -1,
1695, 1715, 1696, -1,
1696, 1715, 1716, -1,
1696, 1716, 1697, -1,
1697, 1716, 1717, -1,
1697, 1717, 1698, -1,
1698, 1717, 1721, -1,
1698, 1721, 1699, -1,
1700, 756, 763, -1,
763, 764, 1700, -1,
1700, 764, 765, -1,
1700, 765, 766, -1,
1456, 1457, 1686, -1,
1686, 1457, 1699, -1,
1686, 1699, 1679, -1,
1679, 1699, 1721, -1,
1679, 1721, 1680, -1,
1680, 1721, 1720, -1,
1680, 1720, 1652, -1,
1652, 1720, 1719, -1,
1652, 1719, 1653, -1,
1653, 1719, 1718, -1,
1653, 1718, 1667, -1,
1667, 1718, 1708, -1,
1667, 1708, 1668, -1,
1668, 1708, 1707, -1,
1668, 1707, 1669, -1,
1669, 1707, 1706, -1,
1669, 1706, 1670, -1,
1670, 1706, 1705, -1,
1670, 1705, 1661, -1,
1661, 1705, 1700, -1,
1661, 1700, 767, -1,
767, 1700, 766, -1,
767, 768, 1661, -1,
1661, 768, 769, -1,
1661, 769, 770, -1,
770, 771, 1661, -1,
1661, 771, 772, -1,
1661, 772, 773, -1,
1722, 697, 1723, -1,
1723, 697, 696, -1,
1723, 696, 1724, -1,
1724, 696, 694, -1,
1724, 694, 1725, -1,
1725, 694, 692, -1,
1725, 692, 1726, -1,
692, 671, 1726, -1,
1726, 671, 670, -1,
1726, 670, 1727, -1,
1727, 670, 669, -1,
1727, 669, 1728, -1,
1728, 669, 667, -1,
1728, 667, 1729, -1,
1729, 667, 666, -1,
1729, 666, 1730, -1,
1730, 666, 688, -1,
1730, 688, 1731, -1,
1731, 688, 687, -1,
1731, 687, 1732, -1,
1732, 687, 685, -1,
1732, 685, 1733, -1,
1733, 685, 684, -1,
1733, 684, 1734, -1,
1734, 684, 691, -1,
1734, 691, 1735, -1,
1735, 691, 690, -1,
1735, 690, 1736, -1,
1736, 690, 689, -1,
1736, 689, 1737, -1,
1737, 689, 683, -1,
1737, 683, 1738, -1,
1738, 683, 682, -1,
1738, 682, 1739, -1,
1739, 682, 681, -1,
1739, 681, 1740, -1,
1740, 681, 680, -1,
1740, 680, 1741, -1,
1741, 680, 679, -1,
1741, 679, 1742, -1,
1742, 679, 677, -1,
1742, 677, 1743, -1,
1743, 677, 676, -1,
1743, 676, 1744, -1,
1744, 676, 675, -1,
1744, 675, 1745, -1,
1745, 675, 673, -1,
1745, 673, 1722, -1,
1722, 673, 672, -1,
1722, 672, 697, -1,
1728, 1729, 1746, -1,
1746, 1729, 1730, -1,
1746, 1730, 1731, -1,
1725, 1726, 1746, -1,
1746, 1726, 1727, -1,
1746, 1727, 1728, -1,
1722, 1723, 1746, -1,
1746, 1723, 1724, -1,
1746, 1724, 1725, -1,
1743, 1744, 1746, -1,
1746, 1744, 1745, -1,
1746, 1745, 1722, -1,
1740, 1741, 1746, -1,
1746, 1741, 1742, -1,
1746, 1742, 1743, -1,
1737, 1738, 1746, -1,
1746, 1738, 1739, -1,
1746, 1739, 1740, -1,
1734, 1735, 1746, -1,
1746, 1735, 1736, -1,
1746, 1736, 1737, -1,
1731, 1732, 1746, -1,
1746, 1732, 1733, -1,
1746, 1733, 1734, -1,
137, 120, 136, -1,
136, 120, 122, -1,
136, 122, 139, -1,
139, 122, 132, -1,
139, 132, 141, -1,
141, 132, 130, -1,
141, 130, 143, -1,
143, 130, 128, -1,
143, 128, 145, -1,
145, 128, 126, -1,
145, 126, 147, -1,
147, 126, 124, -1,
147, 124, 44, -1,
44, 124, 41, -1,
44, 41, 21, -1,
21, 41, 19, -1,
21, 19, 22, -1,
22, 19, 17, -1,
22, 17, 24, -1,
24, 17, 15, -1,
24, 15, 26, -1,
26, 15, 13, -1,
26, 13, 28, -1,
28, 13, 11, -1,
28, 11, 30, -1,
30, 11, 9, -1,
30, 9, 32, -1,
32, 9, 2, -1,
32, 2, 34, -1,
34, 2, 4, -1,
58, 50, 56, -1,
56, 50, 49, -1,
56, 49, 62, -1,
62, 49, 85, -1,
62, 85, 64, -1,
64, 85, 83, -1,
64, 83, 66, -1,
66, 83, 81, -1,
66, 81, 68, -1,
68, 81, 79, -1,
68, 79, 70, -1,
70, 79, 77, -1,
70, 77, 72, -1,
72, 77, 75, -1,
72, 75, 87, -1,
87, 75, 90, -1,
87, 90, 97, -1,
97, 90, 118, -1,
97, 118, 99, -1,
99, 118, 116, -1,
99, 116, 101, -1,
101, 116, 114, -1,
101, 114, 103, -1,
103, 114, 112, -1,
103, 112, 105, -1,
105, 112, 110, -1,
105, 110, 107, -1,
107, 110, 94, -1,
107, 94, 108, -1,
108, 94, 95, -1
                ]
                colorPerVertex TRUE
                color Color {
                    color [
0.0 0.0 0.0,
0.0 0.0 0.0,
0.0 0.0 0.0,
0.2313725490196078 0.2313725490196078 0.2313725490196078,
0.2313725490196078 0.2313725490196078 0.2313725490196078,
0.2313725490196078 0.2313725490196078 0.2313725490196078,
0.2313725490196078 0.2313725490196078 0.2313725490196078,
0.2313725490196078 0.2313725490196078 0.2313725490196078,
0.2313725490196078 0.2313725490196078 0.2313725490196078,
0.2313725490196078 0.2313725490196078 0.2313725490196078,
0.2313725490196078 0.2313725490196078 0.2313725490196078,
0.2313725490196078 0.2313725490196078 0.2313725490196078,
0.2313725490196078 0.2313725490196078 0.2313725490196078,
0.2313725490196078 0.2313725490196078 0.2313725490196078,
0.2313725490196078 0.2313725490196078 0.2313725490196078,
0.2313725490196078 0.2313725490196078 0.2313725490196078,
0.2313725490196078 0.2313725490196078 0.2313725490196078,
0.2313725490196078 0.2313725490196078 0.2313725490196078,
0.2313725490196078 0.2313725490196078 0.2313725490196078,
0.2313725490196078 0.2313725490196078 0.2313725490196078,
0.2313725490196078 0.2313725490196078 0.2313725490196078,
0.2313725490196078 0.2313725490196078 0.2313725490196078,
0.2313725490196078 0.2313725490196078 0.2313725490196078,
0.2313725490196078 0.2313725490196078 0.2313725490196078,
0.2313725490196078 0.2313725490196078 0.2313725490196078,
0.2313725490196078 0.2313725490196078 0.2313725490196078,
0.2313725490196078 0.2313725490196078 0.2313725490196078,
0.2313725490196078 0.2313725490196078 0.2313725490196078,
0.2313725490196078 0.2313725490196078 0.2313725490196078,
0.2313725490196078 0.2313725490196078 0.2313725490196078,
0.2313725490196078 0.2313725490196078 0.2313725490196078,
0.2313725490196078 0.2313725490196078 0.2313725490196078,
0.2313725490196078 0.2313725490196078 0.2313725490196078,
0.2313725490196078 0.2313725490196078 0.2313725490196078,
0.2313725490196078 0.2313725490196078 0.2313725490196078,
0.2313725490196078 0.2313725490196078 0.2313725490196078,
0.2313725490196078 0.2313725490196078 0.2313725490196078,
0.2313725490196078 0.2313725490196078 0.2313725490196078,
0.2313725490196078 0.2313725490196078 0.2313725490196078,
0.2313725490196078 0.2313725490196078 0.2313725490196078,
0.2313725490196078 0.2313725490196078 0.2313725490196078,
0.2313725490196078 0.2313725490196078 0.2313725490196078,
0.2313725490196078 0.2313725490196078 0.2313725490196078,
0.2313725490196078 0.2313725490196078 0.2313725490196078,
0.2313725490196078 0.2313725490196078 0.2313725490196078,
0.2313725490196078 0.2313725490196078 0.2313725490196078,
0.2313725490196078 0.2313725490196078 0.2313725490196078,
0.2313725490196078 0.2313725490196078 0.2313725490196078,
0.2313725490196078 0.2313725490196078 0.2313725490196078,
0.2313725490196078 0.2313725490196078 0.2313725490196078,
0.2313725490196078 0.2313725490196078 0.2313725490196078,
0.2313725490196078 0.2313725490196078 0.2313725490196078,
0.2313725490196078 0.2313725490196078 0.2313725490196078,
0.2313725490196078 0.2313725490196078 0.2313725490196078,
0.2313725490196078 0.2313725490196078 0.2313725490196078,
0.2313725490196078 0.2313725490196078 0.2313725490196078,
0.2313725490196078 0.2313725490196078 0.2313725490196078,
0.2313725490196078 0.2313725490196078 0.2313725490196078,
0.2313725490196078 0.2313725490196078 0.2313725490196078,
0.2313725490196078 0.2313725490196078 0.2313725490196078,
0.2313725490196078 0.2313725490196078 0.2313725490196078,
0.2313725490196078 0.2313725490196078 0.2313725490196078,
0.2313725490196078 0.2313725490196078 0.2313725490196078,
0.2313725490196078 0.2313725490196078 0.2313725490196078,
0.2313725490196078 0.2313725490196078 0.2313725490196078,
0.2313725490196078 0.2313725490196078 0.2313725490196078,
0.2313725490196078 0.2313725490196078 0.2313725490196078,
0.2313725490196078 0.2313725490196078 0.2313725490196078,
0.2313725490196078 0.2313725490196078 0.2313725490196078,
0.2313725490196078 0.2313725490196078 0.2313725490196078,
0.2313725490196078 0.2313725490196078 0.2313725490196078,
0.2313725490196078 0.2313725490196078 0.2313725490196078,
0.2313725490196078 0.2313725490196078 0.2313725490196078,
0.2313725490196078 0.2313725490196078 0.2313725490196078,
0.2313725490196078 0.2313725490196078 0.2313725490196078,
0.2313725490196078 0.2313725490196078 0.2313725490196078,
0.2313725490196078 0.2313725490196078 0.2313725490196078,
0.2313725490196078 0.2313725490196078 0.2313725490196078,
0.2313725490196078 0.2313725490196078 0.2313725490196078,
0.2313725490196078 0.2313725490196078 0.2313725490196078,
0.2313725490196078 0.2313725490196078 0.2313725490196078,
0.2313725490196078 0.2313725490196078 0.2313725490196078,
0.2313725490196078 0.2313725490196078 0.2313725490196078,
0.2313725490196078 0.2313725490196078 0.2313725490196078,
0.2313725490196078 0.2313725490196078 0.2313725490196078,
0.2313725490196078 0.2313725490196078 0.2313725490196078,
0.2313725490196078 0.2313725490196078 0.2313725490196078,
0.2313725490196078 0.2313725490196078 0.2313725490196078,
0.2313725490196078 0.2313725490196078 0.2313725490196078,
0.2313725490196078 0.2313725490196078 0.2313725490196078,
0.2313725490196078 0.2313725490196078 0.2313725490196078,
0.2313725490196078 0.2313725490196078 0.2313725490196078,
0.2313725490196078 0.2313725490196078 0.2313725490196078,
0.2313725490196078 0.2313725490196078 0.2313725490196078,
0.2313725490196078 0.2313725490196078 0.2313725490196078,
0.2313725490196078 0.2313725490196078 0.2313725490196078,
0.2313725490196078 0.2313725490196078 0.2313725490196078,
0.2313725490196078 0.2313725490196078 0.2313725490196078,
0.2313725490196078 0.2313725490196078 0.2313725490196078,
0.2313725490196078 0.2313725490196078 0.2313725490196078,
0.2313725490196078 0.2313725490196078 0.2313725490196078,
0.2313725490196078 0.2313725490196078 0.2313725490196078,
0.2313725490196078 0.2313725490196078 0.2313725490196078,
0.2313725490196078 0.2313725490196078 0.2313725490196078,
0.2313725490196078 0.2313725490196078 0.2313725490196078,
0.2313725490196078 0.2313725490196078 0.2313725490196078,
0.2313725490196078 0.2313725490196078 0.2313725490196078,
0.2313725490196078 0.2313725490196078 0.2313725490196078,
0.2313725490196078 0.2313725490196078 0.2313725490196078,
0.2313725490196078 0.2313725490196078 0.2313725490196078,
0.2313725490196078 0.2313725490196078 0.2313725490196078,
0.2313725490196078 0.2313725490196078 0.2313725490196078,
0.2313725490196078 0.2313725490196078 0.2313725490196078,
0.2313725490196078 0.2313725490196078 0.2313725490196078,
0.2313725490196078 0.2313725490196078 0.2313725490196078,
0.2313725490196078 0.2313725490196078 0.2313725490196078,
0.2313725490196078 0.2313725490196078 0.2313725490196078,
0.2313725490196078 0.2313725490196078 0.2313725490196078,
0.2313725490196078 0.2313725490196078 0.2313725490196078,
0.2313725490196078 0.2313725490196078 0.2313725490196078,
0.1568627450980392 0.1843137254901961 0.24705882352941178,
0.1568627450980392 0.1843137254901961 0.24705882352941178,
0.1568627450980392 0.1843137254901961 0.24705882352941178,
0.1568627450980392 0.1843137254901961 0.24705882352941178,
0.1568627450980392 0.1843137254901961 0.24705882352941178,
0.1568627450980392 0.1843137254901961 0.24705882352941178,
0.1568627450980392 0.1843137254901961 0.24705882352941178,
0.1568627450980392 0.1843137254901961 0.24705882352941178,
0.1568627450980392 0.1843137254901961 0.24705882352941178,
0.1568627450980392 0.1843137254901961 0.24705882352941178,
0.1568627450980392 0.1843137254901961 0.24705882352941178,
0.1568627450980392 0.1843137254901961 0.24705882352941178,
0.1568627450980392 0.1843137254901961 0.24705882352941178,
0.1568627450980392 0.1843137254901961 0.24705882352941178,
0.1568627450980392 0.1843137254901961 0.24705882352941178,
0.1568627450980392 0.1843137254901961 0.24705882352941178,
0.1568627450980392 0.1843137254901961 0.24705882352941178,
0.1568627450980392 0.1843137254901961 0.24705882352941178,
0.1568627450980392 0.1843137254901961 0.24705882352941178,
0.1568627450980392 0.1843137254901961 0.24705882352941178,
0.1568627450980392 0.1843137254901961 0.24705882352941178,
0.1568627450980392 0.1843137254901961 0.24705882352941178,
0.1568627450980392 0.1843137254901961 0.24705882352941178,
0.1568627450980392 0.1843137254901961 0.24705882352941178,
0.1568627450980392 0.1843137254901961 0.24705882352941178,
0.1568627450980392 0.1843137254901961 0.24705882352941178,
0.1568627450980392 0.1843137254901961 0.24705882352941178,
0.1568627450980392 0.1843137254901961 0.24705882352941178,
0.1568627450980392 0.1843137254901961 0.24705882352941178,
0.1568627450980392 0.1843137254901961 0.24705882352941178,
0.1568627450980392 0.1843137254901961 0.24705882352941178,
0.0 0.18823529411764706 0.4980392156862745,
0.0 0.18823529411764706 0.4980392156862745,
0.0 0.18823529411764706 0.4980392156862745,
0.0 0.18823529411764706 0.4980392156862745,
0.0 0.18823529411764706 0.4980392156862745,
0.0 0.18823529411764706 0.4980392156862745,
0.0 0.18823529411764706 0.4980392156862745,
0.0 0.18823529411764706 0.4980392156862745,
0.0 0.18823529411764706 0.4980392156862745,
0.0 0.18823529411764706 0.4980392156862745,
0.0 0.18823529411764706 0.4980392156862745,
0.0 0.18823529411764706 0.4980392156862745,
0.0 0.18823529411764706 0.4980392156862745,
0.0 0.18823529411764706 0.4980392156862745,
0.0 0.18823529411764706 0.4980392156862745,
0.0 0.18823529411764706 0.4980392156862745,
0.0 0.18823529411764706 0.4980392156862745,
0.0 0.18823529411764706 0.4980392156862745,
0.0 0.18823529411764706 0.4980392156862745,
0.0 0.18823529411764706 0.4980392156862745,
0.0 0.18823529411764706 0.4980392156862745,
0.0 0.18823529411764706 0.4980392156862745,
0.0 0.18823529411764706 0.4980392156862745,
0.0 0.18823529411764706 0.4980392156862745,
0.0 0.18823529411764706 0.4980392156862745,
0.0 0.18823529411764706 0.4980392156862745,
0.0 0.18823529411764706 0.4980392156862745,
0.0 0.18823529411764706 0.4980392156862745,
0.0 0.18823529411764706 0.4980392156862745,
0.0 0.18823529411764706 0.4980392156862745,
0.0 0.18823529411764706 0.4980392156862745,
0.0 0.18823529411764706 0.4980392156862745,
0.0 0.18823529411764706 0.4980392156862745,
0.0 0.18823529411764706 0.4980392156862745,
0.0 0.18823529411764706 0.4980392156862745,
0.0 0.18823529411764706 0.4980392156862745,
0.0 0.18823529411764706 0.4980392156862745,
0.0 0.18823529411764706 0.4980392156862745,
0.0 0.18823529411764706 0.4980392156862745,
0.0 0.18823529411764706 0.4980392156862745,
0.0 0.18823529411764706 0.4980392156862745,
0.0 0.18823529411764706 0.4980392156862745,
0.0 0.18823529411764706 0.4980392156862745,
0.0 0.18823529411764706 0.4980392156862745,
0.0 0.18823529411764706 0.4980392156862745,
0.0 0.18823529411764706 0.4980392156862745,
0.0 0.18823529411764706 0.4980392156862745,
0.0 0.18823529411764706 0.4980392156862745,
0.0 0.18823529411764706 0.4980392156862745,
0.0 0.18823529411764706 0.4980392156862745,
0.0 0.18823529411764706 0.4980392156862745,
0.0 0.18823529411764706 0.4980392156862745,
0.0 0.18823529411764706 0.4980392156862745,
0.0 0.18823529411764706 0.4980392156862745,
0.0 0.18823529411764706 0.4980392156862745,
0.0 0.18823529411764706 0.4980392156862745,
0.0 0.18823529411764706 0.4980392156862745,
0.0 0.18823529411764706 0.4980392156862745,
0.0 0.18823529411764706 0.4980392156862745,
0.0 0.18823529411764706 0.4980392156862745,
0.0 0.18823529411764706 0.4980392156862745,
0.0 0.18823529411764706 0.4980392156862745,
0.0 0.18823529411764706 0.4980392156862745,
0.0 0.18823529411764706 0.4980392156862745,
0.0 0.18823529411764706 0.4980392156862745,
0.0 0.18823529411764706 0.4980392156862745,
0.0 0.18823529411764706 0.4980392156862745,
0.0 0.18823529411764706 0.4980392156862745,
0.0 0.18823529411764706 0.4980392156862745,
0.0 0.18823529411764706 0.4980392156862745,
0.0 0.0 0.0,
0.0 0.0 0.0,
0.0 0.0 0.0,
0.0 0.0 0.0,
0.0 0.0 0.0,
0.0 0.0 0.0,
0.0 0.0 0.0,
0.0 0.0 0.0,
0.0 0.0 0.0,
0.0 0.0 0.0,
0.0 0.0 0.0,
0.0 0.0 0.0,
0.0 0.0 0.0,
0.0 0.0 0.0,
0.0 0.0 0.0,
0.0 0.0 0.0,
0.0 0.0 0.0,
0.0 0.0 0.0,
0.0 0.0 0.0,
0.0 0.0 0.0,
0.0 0.0 0.0,
0.0 0.0 0.0,
0.0 0.0 0.0,
0.0 0.0 0.0,
0.0 0.0 0.0,
0.0 0.0 0.0,
0.0 0.0 0.0,
0.0 0.0 0.0,
0.0 0.0 0.0,
0.0 0.0 0.0,
0.0 0.0 0.0,
0.0 0.0 0.0,
0.0 0.0 0.0,
0.0 0.0 0.0,
0.0 0.0 0.0,
0.0 0.0 0.0,
0.0 0.0 0.0,
0.0 0.0 0.0,
0.0 0.0 0.0,
0.0 0.0 0.0,
0.0 0.0 0.0,
0.0 0.0 0.0,
0.0 0.0 0.0,
0.0 0.0 0.0,
0.0 0.0 0.0,
0.0 0.0 0.0,
0.0 0.0 0.0,
0.0 0.0 0.0,
0.0 0.0 0.0,
0.0 0.0 0.0,
0.0 0.0 0.0,
0.0 0.0 0.0,
0.0 0.0 0.0,
0.0 0.0 0.0,
0.0 0.0 0.0,
0.0 0.0 0.0,
0.0 0.0 0.0,
0.0 0.0 0.0,
0.0 0.0 0.0,
0.0 0.0 0.0,
0.0 0.0 0.0,
0.0 0.0 0.0,
0.0 0.0 0.0,
0.0 0.0 0.0,
0.0 0.0 0.0,
0.0 0.0 0.0,
0.0 0.0 0.0,
0.0 0.0 0.0,
0.0 0.0 0.0,
0.0 0.0 0.0,
0.0 0.0 0.0,
0.0 0.0 0.0,
0.0 0.0 0.0,
0.0 0.0 0.0,
0.0 0.0 0.0,
0.0 0.0 0.0,
0.0 0.0 0.0,
0.0 0.0 0.0,
0.0 0.0 0.0,
0.0 0.0 0.0,
0.0 0.0 0.0,
0.0 0.0 0.0,
0.0 0.0 0.0,
0.0 0.0 0.0,
0.0 0.0 0.0,
0.0 0.0 0.0,
0.0 0.0 0.0,
0.0 0.0 0.0,
0.0 0.0 0.0,
0.0 0.0 0.0,
0.0 0.0 0.0,
0.0 0.0 0.0,
0.0 0.0 0.0,
0.0 0.0 0.0,
0.0 0.0 0.0,
0.0 0.0 0.0,
0.0 0.0 0.0,
0.0 0.0 0.0,
0.0 0.0 0.0,
0.0 0.0 0.0,
0.0 0.0 0.0,
0.0 0.0 0.0,
0.0 0.0 0.0,
0.0 0.0 0.0,
0.0 0.0 0.0,
0.0 0.0 0.0,
0.0 0.0 0.0,
0.0 0.0 0.0,
0.0 0.0 0.0,
0.0 0.0 0.0,
0.0 0.0 0.0,
0.0 0.0 0.0,
0.0 0.0 0.0,
0.0 0.0 0.0,
0.0 0.0 0.0,
0.0 0.0 0.0,
0.0 0.0 0.0,
0.0 0.0 0.0,
0.0 0.0 0.0,
0.0 0.0 0.0,
0.0 0.0 0.0,
0.0 0.0 0.0,
0.0 0.0 0.0,
0.0 0.0 0.0,
0.0 0.0 0.0,
0.0 0.0 0.0,
0.0 0.0 0.0,
0.0 0.0 0.0,
0.0 0.0 0.0,
0.0 0.0 0.0,
0.0 0.0 0.0,
0.0 0.0 0.0,
0.0 0.0 0.0,
0.0 0.0 0.0,
0.0 0.0 0.0,
0.0 0.0 0.0,
0.0 0.0 0.0,
0.0 0.0 0.0,
0.0 0.0 0.0,
0.0 0.0 0.0,
0.0 0.0 0.0,
0.0 0.0 0.0,
0.0 0.0 0.0,
0.0 0.0 0.0,
0.0 0.0 0.0,
0.0 0.0 0.0,
0.0 0.0 0.0,
0.0 0.0 0.0,
0.0 0.0 0.0,
0.0 0.0 0.0,
0.0 0.0 0.0,
0.0 0.0 0.0,
0.0 0.0 0.0,
0.0 0.0 0.0,
0.0 0.0 0.0,
0.0 0.0 0.0,
0.0 0.0 0.0,
0.0 0.0 0.0,
0.0 0.0 0.0,
0.0 0.0 0.0,
0.0 0.0 0.0,
0.0 0.0 0.0,
0.0 0.0 0.0,
0.0 0.0 0.0,
0.0 0.0 0.0,
0.0 0.0 0.0,
0.0 0.0 0.0,
0.0 0.0 0.0,
0.0 0.0 0.0,
0.0 0.0 0.0,
0.0 0.0 0.0,
0.0 0.0 0.0,
0.0 0.0 0.0,
0.0 0.0 0.0,
0.0 0.0 0.0,
0.0 0.0 0.0,
0.0 0.0 0.0,
0.0 0.0 0.0,
0.0 0.0 0.0,
0.0 0.0 0.0,
0.0 0.0 0.0,
0.0 0.0 0.0,
0.0 0.0 0.0,
0.0 0.0 0.0,
0.0 0.0 0.0,
0.0 0.0 0.0,
0.0 0.0 0.0,
0.0 0.0 0.0,
0.0 0.0 0.0,
0.0 0.0 0.0,
0.0 0.0 0.0,
0.0 0.0 0.0,
0.0 0.0 0.0,
0.0 0.0 0.0,
0.0 0.0 0.0,
0.0 0.0 0.0,
0.0 0.0 0.0,
0.0 0.0 0.0,
0.0 0.0 0.0,
0.0 0.0 0.0,
0.0 0.0 0.0,
0.0 0.0 0.0,
0.0 0.0 0.0,
0.0 0.0 0.0,
0.0 0.0 0.0,
0.0 0.0 0.0,
0.0 0.0 0.0,
0.0 0.0 0.0,
0.0 0.0 0.0,
0.0 0.0 0.0,
0.0 0.0 0.0,
0.0 0.0 0.0,
0.0 0.0 0.0,
0.0 0.0 0.0,
0.0 0.0 0.0,
0.0 0.0 0.0,
0.0 0.0 0.0,
0.0 0.0 0.0,
0.0 0.0 0.0,
0.0 0.0 0.0,
0.0 0.0 0.0,
0.0 0.0 0.0,
0.0 0.0 0.0,
0.0 0.0 0.0,
0.0 0.0 0.0,
0.0 0.0 0.0,
0.0 0.0 0.0,
0.0 0.0 0.0,
0.0 0.0 0.0,
0.0 0.0 0.0,
0.0 0.0 0.0,
0.0 0.0 0.0,
0.0 0.0 0.0,
0.0 0.0 0.0,
0.0 0.0 0.0,
0.0 0.0 0.0,
0.0 0.0 0.0,
0.0 0.0 0.0,
0.0 0.0 0.0,
0.0 0.0 0.0,
0.0 0.0 0.0,
0.0 0.0 0.0,
0.0 0.0 0.0,
0.0 0.0 0.0,
0.0 0.0 0.0,
0.0 0.0 0.0,
0.0 0.0 0.0,
0.0 0.0 0.0,
0.0 0.0 0.0,
0.0 0.0 0.0,
0.0 0.0 0.0,
0.0 0.0 0.0,
0.0 0.0 0.0,
0.0 0.0 0.0,
0.0 0.0 0.0,
0.0 0.0 0.0,
0.0 0.0 0.0,
0.0 0.0 0.0,
0.0 0.0 0.0,
0.0 0.0 0.0,
0.0 0.0 0.0,
0.0 0.0 0.0,
0.0 0.0 0.0,
0.0 0.0 0.0,
0.0 0.0 0.0,
0.0 0.0 0.0,
0.0 0.0 0.0,
0.0 0.0 0.0,
0.0 0.0 0.0,
0.0 0.0 0.0,
0.0 0.0 0.0,
0.0 0.0 0.0,
0.0 0.0 0.0,
0.0 0.0 0.0,
0.0 0.0 0.0,
0.0 0.0 0.0,
0.0 0.0 0.0,
0.0 0.0 0.0,
0.0 0.0 0.0,
0.0 0.0 0.0,
0.0 0.0 0.0,
0.0 0.0 0.0,
0.0 0.0 0.0,
0.0 0.0 0.0,
0.0 0.0 0.0,
0.0 0.0 0.0,
0.0 0.0 0.0,
0.0 0.0 0.0,
0.0 0.0 0.0,
0.0 0.0 0.0,
0.0 0.0 0.0,
0.0 0.0 0.0,
0.0 0.0 0.0,
0.0 0.0 0.0,
0.0 0.0 0.0,
0.0 0.0 0.0,
0.0 0.0 0.0,
0.0 0.0 0.0,
0.0 0.0 0.0,
0.0 0.0 0.0,
0.0 0.0 0.0,
0.0 0.0 0.0,
0.0 0.0 0.0,
0.0 0.0 0.0,
0.0 0.0 0.0,
0.0 0.0 0.0,
0.0 0.0 0.0,
0.0 0.0 0.0,
0.0 0.0 0.0,
0.0 0.0 0.0,
0.0 0.0 0.0,
0.0 0.0 0.0,
0.0 0.0 0.0,
0.0 0.0 0.0,
0.0 0.0 0.0,
0.0 0.0 0.0,
0.0 0.0 0.0,
0.0 0.0 0.0,
0.0 0.0 0.0,
0.0 0.0 0.0,
0.0 0.0 0.0,
0.0 0.0 0.0,
0.0 0.0 0.0,
0.0 0.0 0.0,
0.0 0.0 0.0,
0.0 0.0 0.0,
0.0 0.0 0.0,
0.0 0.0 0.0,
0.0 0.0 0.0,
0.0 0.0 0.0,
0.0 0.0 0.0,
0.0 0.0 0.0,
0.0 0.0 0.0,
0.0 0.0 0.0,
0.0 0.0 0.0,
0.0 0.0 0.0,
0.0 0.0 0.0,
0.0 0.0 0.0,
0.0 0.0 0.0,
0.0 0.0 0.0,
0.0 0.0 0.0,
0.0 0.0 0.0,
0.0 0.0 0.0,
0.0 0.0 0.0,
0.0 0.0 0.0,
0.0 0.0 0.0,
0.0 0.0 0.0,
0.0 0.0 0.0,
0.0 0.0 0.0,
0.0 0.0 0.0,
0.0 0.0 0.0,
0.0 0.0 0.0,
0.0 0.0 0.0,
0.0 0.0 0.0,
0.0 0.0 0.0,
0.0 0.0 0.0,
0.0 0.0 0.0,
0.0 0.0 0.0,
0.0 0.0 0.0,
0.0 0.0 0.0,
0.0 0.0 0.0,
0.0 0.0 0.0,
0.0 0.0 0.0,
0.0 0.0 0.0,
0.0 0.0 0.0,
0.0 0.0 0.0,
0.0 0.0 0.0,
0.0 0.0 0.0,
0.0 0.0 0.0,
0.0 0.0 0.0,
0.0 0.0 0.0,
0.0 0.0 0.0,
0.0 0.0 0.0,
0.0 0.0 0.0,
0.0 0.0 0.0,
0.0 0.0 0.0,
0.0 0.0 0.0,
0.0 0.0 0.0,
0.0 0.0 0.0,
0.0 0.0 0.0,
0.0 0.0 0.0,
0.0 0.0 0.0,
0.0 0.0 0.0,
0.0 0.0 0.0,
0.0 0.0 0.0,
0.0 0.0 0.0,
0.0 0.0 0.0,
0.0 0.0 0.0,
0.0 0.0 0.0,
0.0 0.0 0.0,
0.0 0.0 0.0,
0.0 0.0 0.0,
0.0 0.0 0.0,
0.0 0.0 0.0,
0.0 0.0 0.0,
0.0 0.0 0.0,
0.0 0.0 0.0,
0.0 0.0 0.0,
0.0 0.0 0.0,
0.0 0.0 0.0,
0.0 0.0 0.0,
0.0 0.0 0.0,
0.0 0.0 0.0,
0.0 0.0 0.0,
0.0 0.0 0.0,
0.0 0.0 0.0,
0.0 0.0 0.0,
0.0 0.0 0.0,
0.0 0.0 0.0,
0.0 0.0 0.0,
0.0 0.0 0.0,
0.0 0.0 0.0,
0.0 0.0 0.0,
0.0 0.0 0.0,
0.0 0.0 0.0,
0.0 0.0 0.0,
0.0 0.0 0.0,
0.0 0.0 0.0,
0.0 0.0 0.0,
0.0 0.0 0.0,
0.0 0.0 0.0,
0.0 0.0 0.0,
0.0 0.0 0.0,
0.0 0.0 0.0,
0.0 0.0 0.0,
0.0 0.0 0.0,
0.0 0.0 0.0,
0.0 0.0 0.0,
0.0 0.0 0.0,
0.0 0.0 0.0,
0.0 0.0 0.0,
0.0 0.0 0.0,
0.0 0.0 0.0,
0.0 0.0 0.0,
0.0 0.0 0.0,
0.0 0.0 0.0,
0.0 0.0 0.0,
0.0 0.0 0.0,
0.0 0.0 0.0,
0.0 0.0 0.0,
0.0 0.0 0.0,
0.0 0.0 0.0,
0.0 0.0 0.0,
0.0 0.0 0.0,
0.0 0.0 0.0,
0.0 0.0 0.0,
0.0 0.0 0.0,
0.0 0.0 0.0,
0.0 0.0 0.0,
0.0 0.0 0.0,
0.0 0.0 0.0,
0.0 0.0 0.0,
0.0 0.0 0.0,
0.0 0.0 0.0,
0.0 0.0 0.0,
0.0 0.0 0.0,
0.0 0.0 0.0,
0.0 0.0 0.0,
0.0 0.0 0.0,
0.0 0.0 0.0,
0.0 0.0 0.0,
0.0 0.0 0.0,
0.0 0.0 0.0,
0.0 0.0 0.0,
0.0 0.0 0.0,
0.0 0.0 0.0,
0.0 0.0 0.0,
0.0 0.0 0.0,
0.0 0.0 0.0,
0.0 0.0 0.0,
0.0 0.0 0.0,
0.0 0.0 0.0,
0.0 0.0 0.0,
0.0 0.0 0.0,
0.0 0.0 0.0,
0.0 0.0 0.0,
0.0 0.0 0.0,
0.0 0.0 0.0,
0.0 0.0 0.0,
0.0 0.0 0.0,
0.0 0.0 0.0,
0.0 0.0 0.0,
0.0 0.0 0.0,
0.0 0.0 0.0,
0.0 0.0 0.0,
0.0 0.0 0.0,
0.0 0.0 0.0,
0.0 0.0 0.0,
0.0 0.0 0.0,
0.0 0.0 0.0,
0.0 0.0 0.0,
0.0 0.0 0.0,
0.0 0.0 0.0,
0.0 0.0 0.0,
0.0 0.0 0.0,
0.0 0.0 0.0,
0.0 0.0 0.0,
0.0 0.0 0.0,
0.0 0.0 0.0,
0.0 0.0 0.0,
0.0 0.0 0.0,
0.0 0.0 0.0,
0.0 0.0 0.0,
0.0 0.0 0.0,
0.0 0.0 0.0,
0.0 0.0 0.0,
0.0 0.0 0.0,
0.0 0.0 0.0,
0.0 0.0 0.0,
0.0 0.0 0.0,
0.0 0.0 0.0,
0.0 0.0 0.0,
0.0 0.0 0.0,
0.0 0.0 0.0,
0.0 0.0 0.0,
0.0 0.0 0.0,
0.0 0.0 0.0,
0.0 0.0 0.0,
0.0 0.0 0.0,
0.0 0.0 0.0,
0.0 0.0 0.0,
0.0 0.0 0.0,
0.0 0.0 0.0,
0.0 0.0 0.0,
0.0 0.0 0.0,
0.0 0.0 0.0,
0.0 0.0 0.0,
0.0 0.0 0.0,
0.0 0.0 0.0,
0.0 0.0 0.0,
0.0 0.0 0.0,
0.0 0.0 0.0,
0.0 0.0 0.0,
0.0 0.0 0.0,
0.0 0.0 0.0,
0.0 0.0 0.0,
0.0 0.0 0.0,
0.0 0.0 0.0,
0.0 0.0 0.0,
0.0 0.0 0.0,
0.0 0.0 0.0,
0.0 0.0 0.0,
0.0 0.0 0.0,
0.0 0.0 0.0,
0.0 0.0 0.0,
0.0 0.0 0.0,
0.0 0.0 0.0,
0.0 0.0 0.0,
0.0 0.0 0.0,
0.0 0.0 0.0,
0.0 0.0 0.0,
0.0 0.0 0.0,
0.0 0.0 0.0,
0.0 0.0 0.0,
0.0 0.0 0.0,
0.0 0.0 0.0,
0.0 0.0 0.0,
0.0 0.0 0.0,
0.0 0.0 0.0,
0.0 0.0 0.0,
0.0 0.0 0.0,
0.0 0.0 0.0,
0.0 0.0 0.0,
0.0 0.0 0.0,
0.0 0.0 0.0,
0.0 0.0 0.0,
0.0 0.0 0.0,
0.0 0.0 0.0,
0.0 0.0 0.0,
0.0 0.0 0.0,
0.0 0.0 0.0,
0.0 0.0 0.0,
0.0 0.0 0.0,
0.0 0.0 0.0,
0.0 0.0 0.0,
0.0 0.0 0.0,
0.0 0.0 0.0,
0.0 0.0 0.0,
0.0 0.0 0.0,
0.0 0.0 0.0,
0.0 0.0 0.0,
0.0 0.0 0.0,
0.0 0.0 0.0,
0.0 0.0 0.0,
0.0 0.0 0.0,
0.0 0.0 0.0,
0.0 0.0 0.0,
0.0 0.0 0.0,
0.0 0.0 0.0,
0.0 0.0 0.0,
0.0 0.0 0.0,
0.0 0.0 0.0,
0.0 0.0 0.0,
0.0 0.0 0.0,
0.0 0.0 0.0,
0.0 0.0 0.0,
0.0 0.0 0.0,
0.0 0.0 0.0,
0.0 0.0 0.0,
0.0 0.0 0.0,
0.0 0.0 0.0,
0.0 0.0 0.0,
0.0 0.0 0.0,
0.0 0.0 0.0,
0.0 0.0 0.0,
0.0 0.0 0.0,
0.0 0.0 0.0,
0.0 0.0 0.0,
0.0 0.0 0.0,
0.0 0.0 0.0,
0.0 0.0 0.0,
0.0 0.0 0.0,
0.0 0.0 0.0,
0.0 0.0 0.0,
0.0 0.0 0.0,
0.0 0.0 0.0,
0.0 0.0 0.0,
0.0 0.0 0.0,
0.0 0.0 0.0,
0.0 0.0 0.0,
0.0 0.0 0.0,
0.0 0.0 0.0,
0.0 0.0 0.0,
0.0 0.0 0.0,
0.0 0.0 0.0,
0.0 0.0 0.0,
0.0 0.0 0.0,
0.0 0.0 0.0,
0.0 0.0 0.0,
0.0 0.0 0.0,
0.0 0.0 0.0,
0.0 0.0 0.0,
0.0 0.0 0.0,
0.0 0.0 0.0,
0.0 0.0 0.0,
0.0 0.0 0.0,
0.0 0.0 0.0,
0.0 0.0 0.0,
0.0 0.0 0.0,
0.0 0.0 0.0,
0.0 0.0 0.0,
0.0 0.0 0.0,
0.0 0.0 0.0,
0.0 0.0 0.0,
0.0 0.0 0.0,
0.0 0.0 0.0,
0.0 0.0 0.0,
0.0 0.0 0.0,
0.0 0.0 0.0,
0.0 0.0 0.0,
0.0 0.0 0.0,
0.0 0.0 0.0,
0.0 0.0 0.0,
0.0 0.0 0.0,
0.0 0.0 0.0,
0.0 0.0 0.0,
0.0 0.0 0.0,
0.0 0.0 0.0,
0.0 0.0 0.0,
0.0 0.0 0.0,
0.0 0.0 0.0,
0.0 0.0 0.0,
0.0 0.0 0.0,
0.0 0.0 0.0,
0.0 0.0 0.0,
0.0 0.0 0.0,
0.0 0.0 0.0,
0.0 0.0 0.0,
0.0 0.0 0.0,
0.0 0.0 0.0,
0.0 0.0 0.0,
0.0 0.0 0.0,
0.0 0.0 0.0,
0.0 0.0 0.0,
0.0 0.0 0.0,
0.0 0.0 0.0,
0.0 0.0 0.0,
0.0 0.0 0.0,
0.0 0.0 0.0,
0.0 0.0 0.0,
0.0 0.0 0.0,
0.0 0.0 0.0,
0.0 0.0 0.0,
0.0 0.0 0.0,
0.0 0.0 0.0,
0.0 0.0 0.0,
0.0 0.0 0.0,
0.0 0.0 0.0,
0.0 0.0 0.0,
0.0 0.0 0.0,
0.0 0.0 0.0,
0.0 0.0 0.0,
0.0 0.0 0.0,
0.0 0.0 0.0,
0.0 0.0 0.0,
0.0 0.0 0.0,
0.0 0.0 0.0,
0.0 0.0 0.0,
0.0 0.0 0.0,
0.0 0.0 0.0,
0.0 0.0 0.0,
0.0 0.0 0.0,
0.0 0.0 0.0,
0.0 0.0 0.0,
0.0 0.0 0.0,
0.0 0.0 0.0,
0.0 0.0 0.0,
0.0 0.0 0.0,
0.0 0.0 0.0,
0.0 0.0 0.0,
0.0 0.0 0.0,
0.0 0.0 0.0,
0.0 0.0 0.0,
0.0 0.0 0.0,
0.0 0.0 0.0,
0.0 0.0 0.0,
0.0 0.0 0.0,
0.0 0.0 0.0,
0.0 0.0 0.0,
0.0 0.0 0.0,
0.0 0.0 0.0,
0.0 0.0 0.0,
0.0 0.0 0.0,
0.0 0.0 0.0,
0.0 0.0 0.0,
0.0 0.0 0.0,
0.0 0.0 0.0,
0.0 0.0 0.0,
0.0 0.0 0.0,
0.0 0.0 0.0,
0.0 0.0 0.0,
0.0 0.0 0.0,
0.0 0.0 0.0,
0.0 0.0 0.0,
0.0 0.0 0.0,
0.0 0.0 0.0,
0.0 0.0 0.0,
0.0 0.0 0.0,
0.0 0.0 0.0,
0.0 0.0 0.0,
0.0 0.0 0.0,
0.0 0.0 0.0,
0.0 0.0 0.0,
0.0 0.0 0.0,
0.0 0.0 0.0,
0.0 0.0 0.0,
0.0 0.0 0.0,
0.0 0.0 0.0,
0.0 0.0 0.0,
0.0 0.0 0.0,
0.0 0.0 0.0,
0.0 0.0 0.0,
0.0 0.0 0.0,
0.0 0.0 0.0,
0.0 0.0 0.0,
0.0 0.0 0.0,
0.0 0.0 0.0,
0.0 0.0 0.0,
0.0 0.0 0.0,
0.0 0.0 0.0,
0.0 0.0 0.0,
0.0 0.0 0.0,
0.0 0.0 0.0,
0.0 0.0 0.0,
0.0 0.0 0.0,
0.0 0.0 0.0,
0.0 0.0 0.0,
0.0 0.0 0.0,
0.0 0.0 0.0,
0.0 0.0 0.0,
0.0 0.0 0.0,
0.0 0.0 0.0,
0.0 0.0 0.0,
0.0 0.0 0.0,
0.0 0.0 0.0,
0.0 0.0 0.0,
0.0 0.0 0.0,
0.0 0.0 0.0,
0.0 0.0 0.0,
0.0 0.0 0.0,
0.0 0.0 0.0,
0.0 0.0 0.0,
0.0 0.0 0.0,
0.0 0.0 0.0,
0.0 0.0 0.0,
0.0 0.0 0.0,
0.0 0.0 0.0,
0.0 0.0 0.0,
0.0 0.0 0.0,
0.0 0.0 0.0,
0.0 0.0 0.0,
0.0 0.0 0.0,
0.0 0.0 0.0,
0.0 0.0 0.0,
0.0 0.0 0.0,
0.0 0.0 0.0,
0.0 0.0 0.0,
0.0 0.0 0.0,
0.0 0.0 0.0,
0.0 0.0 0.0,
0.0 0.0 0.0,
0.0 0.0 0.0,
0.0 0.0 0.0,
0.0 0.0 0.0,
0.0 0.0 0.0,
0.0 0.0 0.0,
0.0 0.0 0.0,
0.0 0.0 0.0,
0.0 0.0 0.0,
0.0 0.0 0.0,
0.0 0.0 0.0,
0.0 0.0 0.0,
0.0 0.0 0.0,
0.0 0.0 0.0,
0.0 0.0 0.0,
0.0 0.0 0.0,
0.0 0.0 0.0,
0.0 0.0 0.0,
0.0 0.0 0.0,
0.0 0.0 0.0,
0.0 0.0 0.0,
0.0 0.0 0.0,
0.0 0.0 0.0,
0.0 0.0 0.0,
0.0 0.0 0.0,
0.0 0.0 0.0,
0.0 0.0 0.0,
0.0 0.0 0.0,
0.0 0.0 0.0,
0.0 0.0 0.0,
0.0 0.0 0.0,
0.0 0.0 0.0,
0.0 0.0 0.0,
0.0 0.0 0.0,
0.0 0.0 0.0,
0.0 0.0 0.0,
0.0 0.0 0.0,
0.0 0.0 0.0,
0.0 0.0 0.0,
0.0 0.0 0.0,
0.0 0.0 0.0,
0.0 0.0 0.0,
0.0 0.0 0.0,
0.0 0.0 0.0,
0.0 0.0 0.0,
0.0 0.0 0.0,
0.0 0.0 0.0,
0.0 0.0 0.0,
0.0 0.0 0.0,
0.0 0.0 0.0,
0.0 0.0 0.0,
0.0 0.0 0.0,
0.0 0.0 0.0,
0.0 0.0 0.0,
0.0 0.0 0.0,
0.0 0.0 0.0,
0.0 0.0 0.0,
0.0 0.0 0.0,
0.0 0.0 0.0,
0.0 0.0 0.0,
0.0 0.0 0.0,
0.0 0.0 0.0,
0.0 0.0 0.0,
0.0 0.0 0.0,
0.0 0.0 0.0,
0.0 0.0 0.0,
0.0 0.0 0.0,
0.0 0.0 0.0,
0.0 0.0 0.0,
0.0 0.0 0.0,
0.0 0.0 0.0,
0.0 0.0 0.0,
0.0 0.0 0.0,
0.0 0.0 0.0,
0.0 0.0 0.0,
0.0 0.0 0.0,
0.0 0.0 0.0,
0.0 0.0 0.0,
0.0 0.0 0.0,
0.0 0.0 0.0,
0.0 0.0 0.0,
0.0 0.0 0.0,
0.0 0.0 0.0,
0.0 0.0 0.0,
0.0 0.0 0.0,
0.0 0.0 0.0,
0.0 0.0 0.0,
0.0 0.0 0.0,
0.0 0.0 0.0,
0.0 0.0 0.0,
0.0 0.0 0.0,
0.0 0.0 0.0,
0.0 0.0 0.0,
0.0 0.0 0.0,
0.0 0.0 0.0,
0.0 0.0 0.0,
0.0 0.0 0.0,
0.0 0.0 0.0,
0.0 0.0 0.0,
0.0 0.0 0.0,
0.0 0.0 0.0,
0.0 0.0 0.0,
0.0 0.0 0.0,
0.0 0.0 0.0,
0.0 0.0 0.0,
0.0 0.0 0.0,
0.0 0.0 0.0,
0.0 0.0 0.0,
0.0 0.0 0.0,
0.0 0.0 0.0,
0.0 0.0 0.0,
0.0 0.0 0.0,
0.0 0.0 0.0,
0.0 0.0 0.0,
0.0 0.0 0.0,
0.0 0.0 0.0,
0.0 0.0 0.0,
0.0 0.0 0.0,
0.0 0.0 0.0,
0.0 0.0 0.0,
0.0 0.0 0.0,
0.0 0.0 0.0,
0.0 0.0 0.0,
0.0 0.0 0.0,
0.0 0.0 0.0,
0.0 0.0 0.0,
0.0 0.0 0.0,
0.0 0.0 0.0,
0.0 0.0 0.0,
0.0 0.0 0.0,
0.0 0.0 0.0,
0.0 0.0 0.0,
0.0 0.0 0.0,
0.0 0.0 0.0,
0.0 0.0 0.0,
0.0 0.0 0.0,
0.0 0.0 0.0,
0.0 0.0 0.0,
0.0 0.0 0.0,
0.0 0.0 0.0,
0.0 0.0 0.0,
0.0 0.0 0.0,
0.0 0.0 0.0,
0.0 0.0 0.0,
0.0 0.0 0.0,
0.0 0.0 0.0,
0.0 0.0 0.0,
0.0 0.0 0.0,
0.0 0.0 0.0,
0.0 0.0 0.0,
0.0 0.0 0.0,
0.0 0.0 0.0,
0.0 0.0 0.0,
0.0 0.0 0.0,
0.0 0.0 0.0,
0.0 0.0 0.0,
0.0 0.0 0.0,
0.0 0.0 0.0,
0.0 0.0 0.0,
0.0 0.0 0.0,
0.0 0.0 0.0,
0.0 0.0 0.0,
0.0 0.0 0.0,
0.0 0.0 0.0,
0.0 0.0 0.0,
0.0 0.0 0.0,
0.0 0.0 0.0,
0.0 0.0 0.0,
0.0 0.0 0.0,
0.0 0.0 0.0,
0.0 0.0 0.0,
0.0 0.0 0.0,
0.0 0.0 0.0,
0.0 0.0 0.0,
0.0 0.0 0.0,
0.0 0.0 0.0,
0.0 0.0 0.0,
0.0 0.0 0.0,
0.0 0.0 0.0,
0.0 0.0 0.0,
0.0 0.0 0.0,
0.0 0.0 0.0,
0.0 0.0 0.0,
0.0 0.0 0.0,
0.0 0.0 0.0,
0.0 0.0 0.0,
0.0 0.0 0.0,
0.0 0.0 0.0,
0.0 0.0 0.0,
0.0 0.0 0.0,
0.0 0.0 0.0,
0.0 0.0 0.0,
0.0 0.0 0.0,
0.0 0.0 0.0,
0.0 0.0 0.0,
0.0 0.0 0.0,
0.0 0.0 0.0,
0.0 0.0 0.0,
0.0 0.0 0.0,
0.0 0.0 0.0,
0.0 0.0 0.0,
0.0 0.0 0.0,
0.0 0.0 0.0,
0.0 0.0 0.0,
0.0 0.0 0.0,
0.0 0.0 0.0,
0.0 0.0 0.0,
0.0 0.0 0.0,
0.0 0.0 0.0,
0.0 0.0 0.0,
0.0 0.0 0.0,
0.0 0.0 0.0,
0.0 0.0 0.0,
0.0 0.0 0.0,
0.0 0.0 0.0,
0.0 0.0 0.0,
0.0 0.0 0.0,
0.0 0.0 0.0,
0.0 0.0 0.0,
0.0 0.0 0.0,
0.0 0.0 0.0,
0.0 0.0 0.0,
0.0 0.0 0.0,
0.0 0.0 0.0,
0.0 0.0 0.0,
0.0 0.0 0.0,
0.0 0.0 0.0,
0.0 0.0 0.0,
0.0 0.0 0.0,
0.0 0.0 0.0,
0.0 0.0 0.0,
0.0 0.0 0.0,
0.0 0.0 0.0,
0.0 0.0 0.0,
0.0 0.0 0.0,
0.0 0.0 0.0,
0.0 0.0 0.0,
0.0 0.0 0.0,
0.0 0.0 0.0,
0.0 0.0 0.0,
0.0 0.0 0.0,
0.0 0.0 0.0,
0.0 0.0 0.0,
0.0 0.0 0.0,
0.0 0.0 0.0,
0.0 0.0 0.0,
0.0 0.0 0.0,
0.0 0.0 0.0,
0.0 0.0 0.0,
0.0 0.0 0.0,
0.0 0.0 0.0,
0.0 0.0 0.0,
0.0 0.0 0.0,
0.0 0.0 0.0,
0.0 0.0 0.0,
0.0 0.0 0.0,
0.0 0.0 0.0,
0.0 0.0 0.0,
0.0 0.0 0.0,
0.0 0.0 0.0,
0.0 0.0 0.0,
0.0 0.0 0.0,
0.0 0.0 0.0,
0.0 0.0 0.0,
0.0 0.0 0.0,
0.0 0.0 0.0,
0.0 0.0 0.0,
0.0 0.0 0.0,
0.0 0.0 0.0,
0.0 0.0 0.0,
0.0 0.0 0.0,
0.0 0.0 0.0,
0.0 0.0 0.0,
0.0 0.0 0.0,
0.0 0.0 0.0,
0.0 0.0 0.0,
0.0 0.0 0.0,
0.0 0.0 0.0,
0.0 0.0 0.0,
0.0 0.0 0.0,
0.0 0.0 0.0,
0.0 0.0 0.0,
0.0 0.0 0.0,
0.0 0.0 0.0,
0.0 0.0 0.0,
0.0 0.0 0.0,
0.0 0.0 0.0,
0.0 0.0 0.0,
0.0 0.0 0.0,
0.0 0.0 0.0,
0.0 0.0 0.0,
0.0 0.0 0.0,
0.0 0.0 0.0,
0.0 0.0 0.0,
0.0 0.0 0.0,
0.0 0.0 0.0,
0.0 0.0 0.0,
0.0 0.0 0.0,
0.0 0.0 0.0,
0.0 0.0 0.0,
0.0 0.0 0.0,
0.0 0.0 0.0,
0.0 0.0 0.0,
0.0 0.0 0.0,
0.0 0.0 0.0,
0.0 0.0 0.0,
0.0 0.0 0.0,
0.0 0.0 0.0,
0.0 0.0 0.0,
0.0 0.0 0.0,
0.0 0.0 0.0,
0.0 0.0 0.0,
0.0 0.0 0.0,
0.0 0.0 0.0,
0.0 0.0 0.0,
0.0 0.0 0.0,
0.0 0.0 0.0,
0.0 0.0 0.0,
0.0 0.0 0.0,
0.0 0.0 0.0,
0.0 0.0 0.0,
0.0 0.0 0.0,
0.0 0.0 0.0,
0.0 0.0 0.0,
0.0 0.0 0.0,
0.0 0.0 0.0,
0.0 0.0 0.0,
0.0 0.0 0.0,
0.0 0.0 0.0,
0.0 0.0 0.0,
0.0 0.0 0.0,
0.0 0.0 0.0,
0.0 0.0 0.0,
0.0 0.0 0.0,
0.0 0.0 0.0,
0.0 0.0 0.0,
0.0 0.0 0.0,
0.0 0.0 0.0,
0.0 0.0 0.0,
0.0 0.0 0.0,
0.0 0.0 0.0,
0.0 0.0 0.0,
0.0 0.0 0.0,
0.0 0.0 0.0,
0.0 0.0 0.0,
0.0 0.0 0.0,
0.0 0.0 0.0,
0.0 0.0 0.0,
0.0 0.0 0.0,
0.0 0.0 0.0,
0.0 0.0 0.0,
0.0 0.0 0.0,
0.0 0.0 0.0,
0.0 0.0 0.0,
0.0 0.0 0.0,
0.0 0.0 0.0,
0.0 0.0 0.0,
0.0 0.0 0.0,
0.0 0.0 0.0,
0.0 0.0 0.0,
0.0 0.0 0.0,
0.0 0.0 0.0,
0.0 0.0 0.0,
0.0 0.0 0.0,
0.0 0.0 0.0,
0.0 0.0 0.0,
0.0 0.0 0.0,
0.0 0.0 0.0,
0.0 0.0 0.0,
0.0 0.0 0.0,
0.0 0.0 0.0,
0.0 0.0 0.0,
0.0 0.0 0.0,
0.0 0.0 0.0,
0.0 0.0 0.0,
0.0 0.0 0.0,
0.0 0.0 0.0,
0.0 0.0 0.0,
0.0 0.0 0.0,
0.0 0.0 0.0,
0.0 0.0 0.0,
0.0 0.0 0.0,
0.0 0.0 0.0,
0.0 0.0 0.0,
0.0 0.0 0.0,
0.0 0.0 0.0,
0.0 0.0 0.0,
0.0 0.0 0.0,
0.0 0.0 0.0,
0.0 0.0 0.0,
0.0 0.0 0.0,
0.0 0.0 0.0,
0.0 0.0 0.0,
0.0 0.0 0.0,
0.0 0.0 0.0,
0.0 0.0 0.0,
0.0 0.0 0.0,
0.0 0.0 0.0,
0.0 0.0 0.0,
0.0 0.0 0.0,
0.0 0.0 0.0,
0.0 0.0 0.0,
0.0 0.0 0.0,
0.0 0.0 0.0,
0.0 0.0 0.0,
0.0 0.0 0.0,
0.0 0.0 0.0,
0.0 0.0 0.0,
0.0 0.0 0.0,
0.0 0.0 0.0,
0.0 0.0 0.0,
0.0 0.0 0.0,
0.0 0.0 0.0,
0.0 0.0 0.0,
0.0 0.0 0.0,
0.0 0.0 0.0,
0.0 0.0 0.0,
0.0 0.0 0.0,
0.0 0.0 0.0,
0.0 0.0 0.0,
0.0 0.0 0.0,
0.0 0.0 0.0,
0.0 0.0 0.0,
0.0 0.0 0.0,
0.0 0.0 0.0,
0.0 0.0 0.0,
0.0 0.0 0.0,
0.0 0.0 0.0,
0.0 0.0 0.0,
0.0 0.0 0.0,
0.0 0.0 0.0,
0.0 0.0 0.0,
0.0 0.0 0.0,
0.0 0.0 0.0,
0.0 0.0 0.0,
0.0 0.0 0.0,
0.0 0.0 0.0,
0.0 0.0 0.0,
0.0 0.0 0.0,
0.0 0.0 0.0,
0.0 0.0 0.0,
0.0 0.0 0.0,
0.0 0.0 0.0,
0.0 0.0 0.0,
0.0 0.0 0.0,
0.0 0.0 0.0,
0.0 0.0 0.0,
0.0 0.0 0.0,
0.0 0.0 0.0,
0.0 0.0 0.0,
0.0 0.0 0.0,
0.0 0.0 0.0,
0.0 0.0 0.0,
0.0 0.0 0.0,
0.0 0.0 0.0,
0.0 0.0 0.0,
0.0 0.0 0.0,
0.0 0.0 0.0,
0.0 0.0 0.0,
0.0 0.0 0.0,
0.0 0.0 0.0,
0.0 0.0 0.0,
0.0 0.0 0.0,
0.0 0.0 0.0,
0.0 0.0 0.0,
0.0 0.0 0.0,
0.0 0.0 0.0,
0.0 0.0 0.0,
0.0 0.0 0.0,
0.0 0.0 0.0,
0.0 0.0 0.0,
0.0 0.0 0.0,
0.0 0.0 0.0,
0.0 0.0 0.0,
0.0 0.0 0.0,
0.0 0.0 0.0,
0.0 0.0 0.0,
0.0 0.0 0.0,
0.0 0.0 0.0,
0.0 0.0 0.0,
0.0 0.0 0.0,
0.0 0.0 0.0,
0.0 0.0 0.0,
0.0 0.0 0.0,
0.0 0.0 0.0,
0.0 0.0 0.0,
0.0 0.0 0.0,
0.0 0.0 0.0,
0.0 0.0 0.0,
0.0 0.0 0.0,
0.0 0.0 0.0,
0.0 0.0 0.0,
0.0 0.0 0.0,
0.0 0.0 0.0,
0.0 0.0 0.0,
0.0 0.0 0.0,
0.0 0.0 0.0,
0.0 0.0 0.0,
0.0 0.0 0.0,
0.0 0.0 0.0,
0.0 0.0 0.0,
0.0 0.0 0.0,
0.0 0.0 0.0,
0.0 0.0 0.0,
0.0 0.0 0.0,
0.0 0.0 0.0,
0.0 0.0 0.0,
0.0 0.0 0.0,
0.0 0.0 0.0,
0.0 0.0 0.0,
0.0 0.0 0.0,
0.0 0.0 0.0,
0.0 0.0 0.0,
0.0 0.0 0.0,
0.0 0.0 0.0,
0.0 0.0 0.0,
0.0 0.0 0.0,
0.0 0.0 0.0,
0.0 0.0 0.0,
0.0 0.0 0.0,
0.0 0.0 0.0,
0.0 0.0 0.0,
0.0 0.0 0.0,
0.0 0.0 0.0,
0.0 0.0 0.0,
0.0 0.0 0.0,
0.0 0.0 0.0,
0.0 0.0 0.0,
0.0 0.0 0.0,
0.0 0.0 0.0,
0.0 0.0 0.0,
0.0 0.0 0.0,
0.0 0.0 0.0,
0.0 0.0 0.0,
0.0 0.0 0.0,
0.0 0.0 0.0,
0.0 0.0 0.0,
0.0 0.0 0.0,
0.0 0.0 0.0,
0.0 0.0 0.0,
0.0 0.0 0.0,
0.0 0.0 0.0,
0.0 0.0 0.0,
0.0 0.0 0.0,
0.0 0.0 0.0,
0.0 0.0 0.0,
0.0 0.0 0.0,
0.0 0.0 0.0,
0.0 0.0 0.0,
0.0 0.0 0.0,
0.0 0.0 0.0,
0.0 0.0 0.0,
0.0 0.0 0.0,
0.0 0.0 0.0,
0.0 0.0 0.0,
0.0 0.0 0.0,
0.0 0.0 0.0,
0.0 0.0 0.0,
0.0 0.0 0.0,
0.0 0.0 0.0,
0.0 0.0 0.0,
0.0 0.0 0.0,
0.0 0.0 0.0,
0.0 0.0 0.0,
0.0 0.0 0.0,
0.0 0.0 0.0,
0.0 0.0 0.0,
0.0 0.0 0.0,
0.0 0.0 0.0,
0.0 0.0 0.0,
0.0 0.0 0.0,
0.0 0.0 0.0,
0.0 0.0 0.0,
0.0 0.0 0.0,
0.0 0.0 0.0,
0.0 0.0 0.0,
0.0 0.0 0.0,
0.0 0.0 0.0,
0.0 0.0 0.0,
0.0 0.0 0.0,
0.0 0.0 0.0,
0.0 0.0 0.0,
0.0 0.0 0.0,
0.0 0.0 0.0,
0.0 0.0 0.0,
0.0 0.0 0.0,
0.0 0.0 0.0,
0.0 0.0 0.0,
0.0 0.0 0.0,
0.0 0.0 0.0,
0.0 0.0 0.0,
0.0 0.0 0.0,
0.0 0.0 0.0,
0.0 0.0 0.0,
0.0 0.0 0.0,
0.0 0.0 0.0,
0.0 0.0 0.0,
0.0 0.0 0.0,
0.0 0.0 0.0,
0.0 0.0 0.0,
0.0 0.0 0.0,
0.0 0.0 0.0,
0.0 0.0 0.0,
0.0 0.0 0.0,
0.0 0.0 0.0,
0.0 0.0 0.0,
0.0 0.0 0.0,
0.0 0.0 0.0,
0.0 0.0 0.0,
0.0 0.0 0.0,
0.0 0.0 0.0,
0.0 0.0 0.0,
0.0 0.0 0.0,
0.0 0.0 0.0,
0.0 0.0 0.0,
0.0 0.0 0.0,
0.0 0.0 0.0,
0.0 0.0 0.0,
0.0 0.0 0.0,
0.0 0.0 0.0,
0.0 0.0 0.0,
0.0 0.0 0.0,
0.0 0.0 0.0,
0.0 0.0 0.0,
0.0 0.0 0.0,
0.0 0.0 0.0,
0.0 0.0 0.0,
0.0 0.0 0.0,
0.0 0.0 0.0,
0.0 0.0 0.0,
0.0 0.0 0.0,
0.0 0.0 0.0,
0.0 0.0 0.0,
0.0 0.0 0.0,
0.0 0.0 0.0,
0.0 0.0 0.0,
0.0 0.0 0.0,
0.0 0.0 0.0,
0.0 0.0 0.0,
0.0 0.0 0.0,
0.0 0.0 0.0,
0.0 0.0 0.0,
0.0 0.0 0.0,
0.0 0.0 0.0,
0.0 0.0 0.0,
0.0 0.0 0.0,
0.0 0.0 0.0,
0.0 0.0 0.0,
0.0 0.0 0.0,
0.0 0.0 0.0,
0.0 0.0 0.0,
0.0 0.0 0.0,
0.0 0.0 0.0,
0.0 0.0 0.0,
0.0 0.0 0.0,
0.0 0.0 0.0,
0.0 0.0 0.0,
0.0 0.0 0.0,
0.0 0.0 0.0,
0.0 0.0 0.0,
0.0 0.0 0.0,
0.0 0.0 0.0,
0.0 0.0 0.0,
0.0 0.0 0.0,
0.0 0.0 0.0,
0.0 0.0 0.0,
0.0 0.0 0.0,
0.0 0.0 0.0,
0.0 0.0 0.0,
0.0 0.0 0.0,
0.0 0.0 0.0,
0.0 0.0 0.0,
0.0 0.0 0.0,
0.0 0.0 0.0,
0.0 0.0 0.0,
0.0 0.0 0.0,
0.0 0.0 0.0,
0.0 0.0 0.0,
0.0 0.0 0.0,
0.0 0.0 0.0,
0.0 0.0 0.0,
0.0 0.0 0.0,
0.0 0.0 0.0,
0.0 0.0 0.0,
0.0 0.0 0.0,
0.0 0.0 0.0,
0.0 0.0 0.0,
0.0 0.0 0.0,
0.0 0.0 0.0,
0.0 0.0 0.0,
0.0 0.0 0.0,
0.0 0.0 0.0,
0.0 0.0 0.0,
0.0 0.0 0.0,
0.0 0.0 0.0,
0.0 0.0 0.0,
0.0 0.0 0.0,
0.0 0.0 0.0,
0.0 0.0 0.0,
0.0 0.0 0.0,
0.0 0.0 0.0,
0.0 0.0 0.0,
0.0 0.0 0.0,
                ]
                }
            }
        }
    ]
}