#VRML V2.0 utf8
# This file is automatically generated.

Group {
    translation 0 0 0.0
    children [
        Shape {
            appearance Appearance {
                material Material {
                    diffuseColor 1.0 1.0 1.0
                    ambientIntensity 0.2
                    specularColor 0.8 0.8 0.8
                    shininess 0.4
                    transparency 0
                }
            }
            geometry IndexedFaceSet {
                ccw TRUE
                solid FALSE
                coord DEF co Coordinate {
                    point [
                        0.5728 -1.2791 0.0639,
0.4272 -1.2791 0.0639,
0.5728 -1.4128 0.0592,
0.4272 -1.4128 0.0592,
0.4213 -1.4103 -0.0136,
0.4213 -1.4126 0.0533,
0.4213 -1.2766 -0.0089,
0.4213 -1.2789 0.058,
0.5728 -1.41 -0.0195,
0.4272 -1.41 -0.0195,
0.5728 -1.2764 -0.0148,
0.4272 -1.2764 -0.0148,
0.5787 -1.2766 -0.0089,
0.5787 -1.2789 0.058,
0.5787 -1.4103 -0.0136,
0.5787 -1.4126 0.0533,
0.5728 -1.2079 0.1157,
0.4272 -1.2079 0.1157,
0.5728 -1.2121 0.1062,
0.4272 -1.2121 0.1062,
0.5728 -1.2148 0.1017,
0.4272 -1.2148 0.1017,
0.5728 -1.2175 0.0973,
0.4272 -1.2175 0.0973,
0.5728 -1.224 0.0892,
0.4272 -1.224 0.0892,
0.5728 -1.2315 0.0821,
0.4272 -1.2315 0.0821,
0.5728 -1.2357 0.079,
0.4272 -1.2357 0.079,
0.5728 -1.2399 0.076,
0.4272 -1.2399 0.076,
0.5728 -1.249 0.071,
0.4272 -1.249 0.071,
0.5728 -1.2587 0.0673,
0.4272 -1.2587 0.0673,
0.5728 -1.2638 0.0661,
0.4272 -1.2638 0.0661,
0.5728 -1.2688 0.0649,
0.4272 -1.2688 0.0649,
0.4213 -1.2023 0.1136,
0.4213 -1.1395 0.0908,
0.4213 -1.2068 0.1034,
0.4213 -1.1459 0.0757,
0.4213 -1.2126 0.0939,
0.4213 -1.2603 -0.0074,
0.4213 -1.2678 0.0591,
0.4213 -1.2443 -0.0042,
0.4213 -1.257 0.0617,
0.4213 -1.2287 0.0007,
0.4213 -1.2466 0.0657,
0.4213 -1.1539 0.0615,
0.4213 -1.1633 0.0481,
0.4213 -1.2196 0.0852,
0.4213 -1.1742 0.0359,
0.4213 -1.2277 0.0775,
0.4213 -1.1863 0.025,
0.4213 -1.2368 0.071,
0.4213 -1.1995 0.0153,
0.4213 -1.2137 0.0072,
0.5728 -1.2595 -0.0133,
0.4272 -1.2595 -0.0133,
0.5728 -1.2532 -0.012,
0.4272 -1.2532 -0.012,
0.5728 -1.2428 -0.01,
0.4272 -1.2428 -0.01,
0.5728 -1.2307 -0.0061,
0.4272 -1.2307 -0.0061,
0.5728 -1.2266 -0.0049,
0.4272 -1.2266 -0.0049,
0.5728 -1.2111 0.0019,
0.4272 -1.2111 0.0019,
0.5728 -1.2092 0.003,
0.4272 -1.2092 0.003,
0.5728 -1.1963 0.0104,
0.4272 -1.1963 0.0104,
0.5728 -1.1895 0.0154,
0.4272 -1.1895 0.0154,
0.5728 -1.1826 0.0204,
0.4272 -1.1826 0.0204,
0.5728 -1.1716 0.0303,
0.4272 -1.1716 0.0303,
0.5728 -1.17 0.0318,
0.4272 -1.17 0.0318,
0.5728 -1.1587 0.0445,
0.4272 -1.1587 0.0445,
0.5728 -1.1563 0.0479,
0.4272 -1.1563 0.0479,
0.5728 -1.1489 0.0583,
0.4272 -1.1489 0.0583,
0.5728 -1.1437 0.0676,
0.4272 -1.1437 0.0676,
0.5728 -1.1406 0.0731,
0.4272 -1.1406 0.0731,
0.5728 -1.1339 0.0887,
0.4272 -1.1339 0.0887,
0.5787 -1.2678 0.0591,
0.5787 -1.2603 -0.0074,
0.5787 -1.257 0.0617,
0.5787 -1.1395 0.0908,
0.5787 -1.2023 0.1136,
0.5787 -1.1459 0.0757,
0.5787 -1.2068 0.1034,
0.5787 -1.1539 0.0615,
0.5787 -1.2126 0.0939,
0.5787 -1.1633 0.0481,
0.5787 -1.2196 0.0852,
0.5787 -1.2443 -0.0042,
0.5787 -1.2287 0.0007,
0.5787 -1.2466 0.0657,
0.5787 -1.2137 0.0072,
0.5787 -1.2368 0.071,
0.5787 -1.1995 0.0153,
0.5787 -1.2277 0.0775,
0.5787 -1.1863 0.025,
0.5787 -1.1742 0.0359,
0.5728 -1.1086 0.3885,
0.4272 -1.1086 0.3885,
0.4213 -1.0401 0.3636,
0.4213 -1.103 0.3865,
0.5728 -1.0346 0.3616,
0.4272 -1.0346 0.3616,
0.5787 -1.0401 0.3636,
0.5787 -1.103 0.3865,
0.4272 -1.1023 0.4033,
0.5728 -1.1023 0.4033,
0.4272 -1.0985 0.4103,
0.5728 -1.0985 0.4103,
0.4272 -1.0946 0.4173,
0.5728 -1.0946 0.4173,
0.4272 -1.0855 0.4305,
0.5728 -1.0855 0.4305,
0.4272 -1.0752 0.4427,
0.5728 -1.0752 0.4427,
0.4272 -1.0694 0.4483,
0.5728 -1.0694 0.4483,
0.4272 -1.0636 0.4538,
0.5728 -1.0636 0.4538,
0.4272 -1.0509 0.4636,
0.5728 -1.0509 0.4636,
0.4272 -1.0374 0.4722,
0.5728 -1.0374 0.4722,
0.4272 -1.0302 0.4757,
0.5728 -1.0302 0.4757,
0.4272 -1.023 0.4792,
0.5728 -1.023 0.4792,
0.4272 -1.008 0.4848,
0.5728 -1.008 0.4848,
0.4272 -0.9925 0.4889,
0.5728 -0.9925 0.4889,
0.4272 -0.9845 0.4901,
0.5728 -0.9845 0.4901,
0.4272 -0.9766 0.4913,
0.5728 -0.9766 0.4913,
0.4272 -0.9606 0.4921,
0.5728 -0.9606 0.4921,
0.4213 -1.0355 0.3741,
0.4213 -0.9606 0.4862,
0.4213 -0.9606 0.4193,
0.4213 -0.976 0.4854,
0.4213 -0.9721 0.4185,
0.4213 -0.9913 0.4831,
0.4213 -0.9833 0.4162,
0.4213 -1.0137 0.4005,
0.4213 -1.0475 0.4588,
0.4213 -1.0043 0.4071,
0.4213 -1.0345 0.467,
0.4213 -0.9941 0.4124,
0.4213 -1.0206 0.4738,
0.4213 -1.0062 0.4792,
0.4213 -1.097 0.4007,
0.4213 -1.0896 0.4142,
0.4213 -1.0295 0.3839,
0.4213 -1.0809 0.4269,
0.4213 -1.0222 0.3927,
0.4213 -1.0709 0.4387,
0.4213 -1.0597 0.4493,
0.4272 -0.9606 0.4134,
0.5728 -0.9606 0.4134,
0.4272 -0.9713 0.4127,
0.5728 -0.9713 0.4127,
0.4272 -0.9765 0.4116,
0.5728 -0.9765 0.4116,
0.4272 -0.9817 0.4105,
0.5728 -0.9817 0.4105,
0.4272 -0.9918 0.4069,
0.5728 -0.9918 0.4069,
0.4272 -1.0013 0.4021,
0.5728 -1.0013 0.4021,
0.4272 -1.0057 0.399,
0.5728 -1.0057 0.399,
0.4272 -1.01 0.3959,
0.5728 -1.01 0.3959,
0.4272 -1.0179 0.3887,
0.5728 -1.0179 0.3887,
0.4272 -1.0247 0.3804,
0.5728 -1.0247 0.3804,
0.4272 -1.0275 0.3759,
0.5728 -1.0275 0.3759,
0.4272 -1.0303 0.3713,
0.5728 -1.0303 0.3713,
0.5787 -0.9721 0.4185,
0.5787 -0.9606 0.4193,
0.5787 -0.9606 0.4862,
0.5787 -1.097 0.4007,
0.5787 -1.0355 0.3741,
0.5787 -1.0896 0.4142,
0.5787 -1.0295 0.3839,
0.5787 -1.0043 0.4071,
0.5787 -1.0475 0.4588,
0.5787 -1.0137 0.4005,
0.5787 -1.0597 0.4493,
0.5787 -1.0222 0.3927,
0.5787 -1.0709 0.4387,
0.5787 -1.0809 0.4269,
0.5787 -0.976 0.4854,
0.5787 -0.9913 0.4831,
0.5787 -0.9833 0.4162,
0.5787 -1.0062 0.4792,
0.5787 -0.9941 0.4124,
0.5787 -1.0206 0.4738,
0.5787 -1.0345 0.467,
0.5787 -0.9055 0.4193,
0.5787 -0.9055 0.4862,
0.5728 -0.9055 0.4921,
0.4272 -0.9055 0.4921,
0.4213 -0.9055 0.4193,
0.4213 -0.9055 0.4862,
0.5728 -0.9055 0.4134,
0.4272 -0.9055 0.4134,
0.5728 -1.4162 -0.0138,
0.5728 -1.4185 0.0531,
0.4272 -1.4162 -0.0138,
0.4272 -1.4185 0.0531,
0.4256 -0.9055 0.4136,
0.5744 -0.9055 0.4919,
0.5758 -0.9055 0.4142,
0.5785 -0.9055 0.4178,
0.577 -0.9055 0.4151,
0.5779 -0.9055 0.4163,
0.4215 -0.9055 0.4877,
0.5744 -0.9055 0.4136,
0.4221 -0.9055 0.4892,
0.423 -0.9055 0.4904,
0.4242 -0.9055 0.4142,
0.423 -0.9055 0.4151,
0.4242 -0.9055 0.4913,
0.4256 -0.9055 0.4919,
0.5758 -0.9055 0.4913,
0.577 -0.9055 0.4904,
0.4221 -0.9055 0.4163,
0.4215 -0.9055 0.4178,
0.5779 -0.9055 0.4892,
0.5785 -0.9055 0.4877,
0.4256 -0.9606 0.4919,
0.4242 -0.9606 0.4913,
0.423 -0.9606 0.4904,
0.4221 -0.9606 0.4892,
0.4215 -0.9606 0.4877,
0.4215 -1.1045 0.387,
0.4215 -1.0984 0.4014,
0.4221 -1.1058 0.3875,
0.4221 -1.0997 0.402,
0.423 -1.107 0.3879,
0.423 -1.1008 0.4025,
0.4242 -1.1078 0.3882,
0.4242 -1.1016 0.4029,
0.4256 -1.1084 0.3884,
0.4256 -1.1022 0.4032,
0.4256 -1.0945 0.4172,
0.4256 -1.0854 0.4304,
0.4256 -1.075 0.4426,
0.4256 -1.0634 0.4536,
0.4256 -1.0508 0.4635,
0.4256 -1.0373 0.472,
0.4256 -1.0229 0.4791,
0.4256 -1.0079 0.4846,
0.4256 -0.9924 0.4887,
0.4256 -0.9766 0.4911,
0.4242 -1.094 0.4169,
0.4242 -1.0849 0.43,
0.4242 -1.0746 0.4422,
0.4242 -1.0631 0.4532,
0.4242 -1.0505 0.463,
0.4242 -1.037 0.4715,
0.4242 -1.0227 0.4785,
0.4242 -1.0077 0.4841,
0.4242 -0.9923 0.4881,
0.4242 -0.9765 0.4905,
0.423 -1.0932 0.4164,
0.423 -1.0842 0.4295,
0.423 -1.0739 0.4415,
0.423 -1.0624 0.4525,
0.423 -1.0499 0.4622,
0.423 -1.0365 0.4706,
0.423 -1.0223 0.4777,
0.423 -1.0074 0.4832,
0.423 -0.9921 0.4872,
0.423 -0.9764 0.4896,
0.4221 -1.0921 0.4158,
0.4221 -1.0832 0.4287,
0.4221 -1.073 0.4407,
0.4221 -1.0616 0.4516,
0.4221 -1.0492 0.4612,
0.4221 -1.0359 0.4696,
0.4221 -1.0218 0.4765,
0.4221 -1.0071 0.482,
0.4221 -0.9919 0.486,
0.4221 -0.9763 0.4884,
0.4215 -1.0909 0.415,
0.4215 -1.0821 0.4278,
0.4215 -1.072 0.4397,
0.4215 -1.0607 0.4505,
0.4215 -1.0484 0.4601,
0.4215 -1.0352 0.4683,
0.4215 -1.0212 0.4752,
0.4215 -1.0066 0.4807,
0.4215 -0.9916 0.4846,
0.4215 -0.9762 0.487,
0.4215 -0.9606 0.4178,
0.4221 -0.9606 0.4163,
0.423 -0.9606 0.4151,
0.4242 -0.9606 0.4142,
0.4256 -0.9606 0.4136,
0.4215 -1.2038 0.1142,
0.4221 -1.2051 0.1147,
0.423 -1.2063 0.1151,
0.4242 -1.2072 0.1154,
0.4256 -1.2077 0.1156,
0.5785 -0.9606 0.4877,
0.5779 -0.9606 0.4892,
0.577 -0.9606 0.4904,
0.5758 -0.9606 0.4913,
0.5744 -0.9606 0.4919,
0.4256 -0.9818 0.4107,
0.4256 -1.0102 0.3961,
0.4256 -1.0304 0.3714,
0.4215 -1.0387 0.3631,
0.4215 -1.0341 0.3734,
0.4221 -1.0374 0.3626,
0.4221 -1.0329 0.3727,
0.423 -1.0362 0.3622,
0.423 -1.0318 0.3721,
0.4242 -1.0353 0.3618,
0.4242 -1.031 0.3717,
0.4256 -1.0348 0.3616,
0.4256 -1.0248 0.3805,
0.4242 -1.0253 0.3809,
0.423 -1.0261 0.3814,
0.4221 -1.0271 0.3821,
0.4215 -1.0282 0.383,
0.4215 -1.0211 0.3917,
0.4221 -1.02 0.3907,
0.423 -1.0191 0.3899,
0.4242 -1.0185 0.3892,
0.4256 -1.018 0.3888,
0.4215 -1.0128 0.3993,
0.4221 -1.0119 0.3982,
0.423 -1.0111 0.3973,
0.4242 -1.0105 0.3965,
0.4215 -1.0036 0.4058,
0.4221 -1.0028 0.4046,
0.423 -1.0022 0.4035,
0.4242 -1.0017 0.4027,
0.4256 -1.0014 0.4022,
0.4215 -0.9935 0.411,
0.4221 -0.993 0.4097,
0.423 -0.9925 0.4085,
0.4242 -0.9921 0.4077,
0.4256 -0.9919 0.4071,
0.4215 -0.9829 0.4147,
0.4221 -0.9825 0.4133,
0.423 -0.9822 0.4122,
0.4242 -0.9819 0.4113,
0.4256 -0.9713 0.4129,
0.4242 -0.9714 0.4134,
0.423 -0.9715 0.4144,
0.4221 -0.9717 0.4156,
0.4215 -0.9719 0.417,
0.4256 -1.2587 0.0671,
0.4256 -1.2314 0.0819,
0.4256 -1.2119 0.1061,
0.4215 -1.2082 0.1041,
0.4221 -1.2095 0.1048,
0.423 -1.2105 0.1054,
0.4242 -1.2114 0.1058,
0.4215 -1.2139 0.0948,
0.4221 -1.2151 0.0956,
0.423 -1.2161 0.0963,
0.4242 -1.2168 0.0969,
0.4256 -1.2173 0.0972,
0.4215 -1.2208 0.0863,
0.4221 -1.2218 0.0872,
0.423 -1.2227 0.0881,
0.4242 -1.2234 0.0887,
0.4256 -1.2238 0.0891,
0.4215 -1.2287 0.0787,
0.4221 -1.2296 0.0798,
0.423 -1.2304 0.0808,
0.4242 -1.231 0.0815,
0.4256 -1.2398 0.0758,
0.4242 -1.2395 0.0753,
0.423 -1.239 0.0745,
0.4221 -1.2383 0.0735,
0.4215 -1.2376 0.0723,
0.4215 -1.2472 0.0671,
0.4221 -1.2478 0.0684,
0.423 -1.2483 0.0695,
0.4242 -1.2487 0.0703,
0.4256 -1.2489 0.0709,
0.4215 -1.2574 0.0632,
0.4221 -1.2579 0.0645,
0.423 -1.2582 0.0657,
0.4242 -1.2585 0.0666,
0.4215 -1.2681 0.0606,
0.4221 -1.2683 0.062,
0.423 -1.2685 0.0632,
0.4242 -1.2687 0.0642,
0.4256 -1.2688 0.0648,
0.4215 -1.279 0.0595,
0.4221 -1.279 0.061,
0.423 -1.2791 0.0622,
0.4242 -1.2791 0.0631,
0.4256 -1.2791 0.0637,
0.5785 -0.9762 0.487,
0.5779 -0.9763 0.4884,
0.577 -0.9764 0.4896,
0.5758 -0.9765 0.4905,
0.5744 -0.9766 0.4911,
0.5744 -0.9924 0.4887,
0.5744 -1.0079 0.4846,
0.5744 -1.0229 0.4791,
0.5744 -1.0373 0.472,
0.5744 -1.0508 0.4635,
0.5744 -1.0634 0.4536,
0.5744 -1.075 0.4426,
0.5744 -1.0854 0.4304,
0.5744 -1.0945 0.4172,
0.5744 -1.1022 0.4032,
0.5744 -1.1084 0.3884,
0.5758 -0.9923 0.4881,
0.5758 -1.0077 0.4841,
0.5758 -1.0227 0.4785,
0.5758 -1.037 0.4715,
0.5758 -1.0505 0.463,
0.5758 -1.0631 0.4532,
0.5758 -1.0746 0.4422,
0.5758 -1.0849 0.43,
0.5758 -1.094 0.4169,
0.5758 -1.1016 0.4029,
0.5758 -1.1078 0.3882,
0.577 -0.9921 0.4872,
0.577 -1.0074 0.4832,
0.577 -1.0223 0.4777,
0.577 -1.0365 0.4706,
0.577 -1.0499 0.4622,
0.577 -1.0624 0.4525,
0.577 -1.0739 0.4415,
0.577 -1.0842 0.4295,
0.577 -1.0932 0.4164,
0.577 -1.1008 0.4025,
0.577 -1.107 0.3879,
0.5779 -0.9919 0.486,
0.5779 -1.0071 0.482,
0.5779 -1.0218 0.4765,
0.5779 -1.0359 0.4696,
0.5779 -1.0492 0.4612,
0.5779 -1.0616 0.4516,
0.5779 -1.073 0.4407,
0.5779 -1.0832 0.4287,
0.5779 -1.0921 0.4158,
0.5779 -1.0997 0.402,
0.5779 -1.1058 0.3875,
0.5785 -0.9916 0.4846,
0.5785 -1.0066 0.4807,
0.5785 -1.0212 0.4752,
0.5785 -1.0352 0.4683,
0.5785 -1.0484 0.4601,
0.5785 -1.0607 0.4505,
0.5785 -1.072 0.4397,
0.5785 -1.0821 0.4278,
0.5785 -1.0909 0.415,
0.5785 -1.0984 0.4014,
0.5785 -1.1045 0.387,
0.4256 -1.1341 0.0888,
0.4242 -1.1346 0.089,
0.423 -1.1355 0.0893,
0.4221 -1.1367 0.0897,
0.4215 -1.138 0.0902,
0.4214 -1.4126 0.0544,
0.4215 -1.4126 0.0549,
0.4218 -1.4127 0.0557,
0.4221 -1.4127 0.0563,
0.4225 -1.4127 0.0568,
0.423 -1.4127 0.0575,
0.4234 -1.4127 0.0578,
0.4242 -1.4128 0.0584,
0.4245 -1.4128 0.0585,
0.4256 -1.4128 0.059,
0.4257 -1.4128 0.059,
0.4257 -1.4128 0.059,
0.426 -1.4128 0.0591,
0.4263 -1.4128 0.0591,
0.4266 -1.4128 0.0592,
0.4269 -1.4128 0.0592,
0.4271 -1.4128 0.0592,
0.5744 -1.2077 0.1156,
0.5758 -1.2072 0.1154,
0.577 -1.2063 0.1151,
0.5779 -1.2051 0.1147,
0.5785 -1.2038 0.1142,
0.4215 -1.1445 0.075,
0.4221 -1.1432 0.0744,
0.423 -1.1421 0.0739,
0.4242 -1.1413 0.0735,
0.4256 -1.1407 0.0732,
0.4256 -1.1589 0.0446,
0.4256 -1.149 0.0584,
0.4256 -1.1701 0.0319,
0.4256 -1.1827 0.0205,
0.4256 -1.1964 0.0106,
0.4256 -1.2112 0.0021,
0.4256 -1.2595 -0.0131,
0.4256 -1.2429 -0.0098,
0.4256 -1.2267 -0.0047,
0.4256 -1.2764 -0.0146,
0.4242 -1.1495 0.0587,
0.4242 -1.1593 0.045,
0.4242 -1.1706 0.0323,
0.4242 -1.1831 0.021,
0.4242 -1.1968 0.0111,
0.4242 -1.2114 0.0026,
0.4242 -1.2269 -0.0041,
0.4242 -1.243 -0.0092,
0.4242 -1.2596 -0.0125,
0.4242 -1.2764 -0.014,
0.423 -1.1503 0.0592,
0.423 -1.1601 0.0455,
0.423 -1.1712 0.033,
0.423 -1.1837 0.0217,
0.423 -1.1973 0.0118,
0.423 -1.2118 0.0035,
0.423 -1.2272 -0.0032,
0.423 -1.2432 -0.0083,
0.423 -1.2597 -0.0116,
0.423 -1.2765 -0.0131,
0.4221 -1.1514 0.0599,
0.4221 -1.161 0.0463,
0.4221 -1.1721 0.0339,
0.4221 -1.1844 0.0227,
0.4221 -1.1979 0.0129,
0.4221 -1.2124 0.0046,
0.4221 -1.2277 -0.0021,
0.4221 -1.2436 -0.0071,
0.4221 -1.2599 -0.0104,
0.4221 -1.2765 -0.0118,
0.4215 -1.1526 0.0606,
0.4215 -1.1621 0.0472,
0.4215 -1.1731 0.0349,
0.4215 -1.1853 0.0238,
0.4215 -1.1987 0.0141,
0.4215 -1.213 0.0059,
0.4215 -1.2282 -0.0008,
0.4215 -1.2439 -0.0057,
0.4215 -1.2601 -0.0089,
0.4215 -1.2765 -0.0104,
0.4215 -1.4141 0.0533,
0.4219 -1.4151 0.0532,
0.4219 -1.4151 0.0544,
0.4221 -1.4155 0.0532,
0.4226 -1.4162 0.0532,
0.4226 -1.4162 0.0544,
0.423 -1.4168 0.0532,
0.4235 -1.4172 0.0532,
0.4235 -1.4171 0.0544,
0.4242 -1.4177 0.0532,
0.4246 -1.4179 0.0532,
0.4246 -1.4178 0.0544,
0.4256 -1.4183 0.0531,
0.4258 -1.4183 0.0531,
0.4259 -1.4182 0.0544,
0.4214 -1.4139 0.0533,
0.4215 -1.4138 0.0544,
0.4219 -1.4138 0.0557,
0.4225 -1.4136 0.0568,
0.4234 -1.4134 0.0578,
0.4245 -1.4132 0.0586,
0.4257 -1.4129 0.0591,
0.4268 -1.414 0.0591,
0.4266 -1.4152 0.0586,
0.4272 -1.4153 0.0586,
0.4272 -1.4141 0.0591,
0.4272 -1.4143 0.059,
0.4261 -1.4172 0.0568,
0.4272 -1.4169 0.0573,
0.4263 -1.4163 0.0578,
0.4272 -1.4164 0.0578,
0.4272 -1.4157 0.0583,
0.426 -1.4179 0.0557,
0.4272 -1.4178 0.0561,
0.4272 -1.4173 0.0568,
0.4272 -1.4184 0.0544,
0.4272 -1.4183 0.0547,
0.4272 -1.418 0.0557,
0.4265 -1.4139 0.0591,
0.426 -1.415 0.0586,
0.4255 -1.416 0.0578,
0.4251 -1.4169 0.0568,
0.4248 -1.4175 0.0557,
0.4262 -1.4137 0.0591,
0.4255 -1.4147 0.0586,
0.4248 -1.4156 0.0578,
0.4242 -1.4163 0.0568,
0.4238 -1.4168 0.0557,
0.426 -1.4135 0.0591,
0.425 -1.4143 0.0586,
0.4242 -1.415 0.0578,
0.4234 -1.4155 0.0568,
0.4229 -1.4159 0.0557,
0.4258 -1.4132 0.0591,
0.4247 -1.4138 0.0586,
0.4237 -1.4142 0.0578,
0.4229 -1.4146 0.0568,
0.4223 -1.4149 0.0557,
0.5744 -1.2173 0.0972,
0.5744 -1.2398 0.0758,
0.5744 -1.2688 0.0648,
0.5785 -1.279 0.0595,
0.5785 -1.2681 0.0606,
0.5779 -1.279 0.061,
0.5779 -1.2683 0.062,
0.577 -1.2791 0.0622,
0.577 -1.2685 0.0632,
0.5758 -1.2791 0.0631,
0.5758 -1.2687 0.0642,
0.5744 -1.2791 0.0637,
0.5744 -1.2587 0.0671,
0.5758 -1.2585 0.0666,
0.577 -1.2582 0.0657,
0.5779 -1.2579 0.0645,
0.5785 -1.2574 0.0632,
0.5785 -1.2472 0.0671,
0.5779 -1.2478 0.0684,
0.577 -1.2483 0.0695,
0.5758 -1.2487 0.0703,
0.5744 -1.2489 0.0709,
0.5785 -1.2376 0.0723,
0.5779 -1.2383 0.0735,
0.577 -1.239 0.0745,
0.5758 -1.2395 0.0753,
0.5785 -1.2287 0.0787,
0.5779 -1.2296 0.0798,
0.577 -1.2304 0.0808,
0.5758 -1.231 0.0815,
0.5744 -1.2314 0.0819,
0.5785 -1.2208 0.0863,
0.5779 -1.2218 0.0872,
0.577 -1.2227 0.0881,
0.5758 -1.2234 0.0887,
0.5744 -1.2238 0.0891,
0.5785 -1.2139 0.0948,
0.5779 -1.2151 0.0956,
0.577 -1.2161 0.0963,
0.5758 -1.2168 0.0969,
0.5744 -1.2119 0.1061,
0.5758 -1.2114 0.1058,
0.577 -1.2105 0.1054,
0.5779 -1.2095 0.1048,
0.5785 -1.2082 0.1041,
0.4268 -1.41 -0.0194,
0.4265 -1.4101 -0.0194,
0.427 -1.41 -0.0194,
0.4261 -1.4101 -0.0193,
0.4259 -1.4101 -0.0193,
0.4258 -1.4101 -0.0193,
0.4256 -1.4101 -0.0193,
0.4246 -1.4101 -0.0188,
0.4242 -1.4101 -0.0187,
0.4235 -1.4101 -0.0181,
0.423 -1.4101 -0.0177,
0.4226 -1.4101 -0.0172,
0.4221 -1.4102 -0.0165,
0.4219 -1.4102 -0.0161,
0.4215 -1.4102 -0.0151,
0.4214 -1.4102 -0.0148,
0.4215 -1.4118 -0.0136,
0.4221 -1.4132 -0.0137,
0.423 -1.4144 -0.0137,
0.4242 -1.4154 -0.0137,
0.4256 -1.416 -0.0138,
0.5728 -1.4141 0.0591,
0.5728 -1.4143 0.059,
0.5728 -1.4153 0.0586,
0.5728 -1.4157 0.0583,
0.5728 -1.4164 0.0578,
0.5728 -1.4169 0.0573,
0.5728 -1.4173 0.0568,
0.5728 -1.4178 0.0561,
0.5728 -1.418 0.0557,
0.5728 -1.4183 0.0547,
0.5728 -1.4184 0.0544,
0.5729 -1.4128 0.0592,
0.5731 -1.4128 0.0592,
0.5734 -1.4128 0.0592,
0.5743 -1.4128 0.059,
0.5743 -1.4128 0.059,
0.5737 -1.4128 0.0591,
0.574 -1.4128 0.0591,
0.5744 -1.4128 0.059,
0.5755 -1.4128 0.0585,
0.5758 -1.4128 0.0584,
0.5766 -1.4127 0.0578,
0.577 -1.4127 0.0575,
0.5775 -1.4127 0.0568,
0.5779 -1.4127 0.0563,
0.5782 -1.4127 0.0557,
0.5785 -1.4126 0.0549,
0.5786 -1.4126 0.0544,
0.4258 -1.4103 -0.0193,
0.4272 -1.4103 -0.0195,
0.4235 -1.4103 -0.0182,
0.4246 -1.4103 -0.0189,
0.4225 -1.4103 -0.0172,
0.4218 -1.4103 -0.0161,
0.4214 -1.4103 -0.0148,
0.4272 -1.416 -0.0148,
0.4257 -1.4158 -0.0148,
0.4272 -1.4159 -0.0153,
0.4258 -1.4154 -0.0161,
0.426 -1.4147 -0.0172,
0.4272 -1.4153 -0.0167,
0.4272 -1.4155 -0.0161,
0.4265 -1.4127 -0.0189,
0.4272 -1.4139 -0.0181,
0.4262 -1.4138 -0.0182,
0.4272 -1.4143 -0.0179,
0.4272 -1.4149 -0.0172,
0.4272 -1.4116 -0.0193,
0.4268 -1.4115 -0.0193,
0.4272 -1.4116 -0.0193,
0.4272 -1.413 -0.0188,
0.4243 -1.4152 -0.0148,
0.4245 -1.4149 -0.0161,
0.4248 -1.4143 -0.0172,
0.4253 -1.4135 -0.0182,
0.4259 -1.4125 -0.0189,
0.4265 -1.4114 -0.0193,
0.4231 -1.4143 -0.0148,
0.4234 -1.414 -0.0161,
0.4239 -1.4135 -0.0172,
0.4245 -1.4129 -0.0182,
0.4253 -1.4121 -0.0189,
0.4262 -1.4112 -0.0193,
0.4222 -1.4131 -0.0148,
0.4216 -1.4117 -0.0148,
0.4225 -1.4129 -0.0161,
0.422 -1.4116 -0.0161,
0.4231 -1.4126 -0.0172,
0.4227 -1.4115 -0.0172,
0.424 -1.4121 -0.0182,
0.4236 -1.4112 -0.0182,
0.4249 -1.4115 -0.0189,
0.4247 -1.4109 -0.0189,
0.426 -1.4109 -0.0193,
0.4259 -1.4106 -0.0193,
0.5775 -1.4136 0.0568,
0.5766 -1.4134 0.0578,
0.5755 -1.4132 0.0586,
0.5743 -1.4129 0.0591,
0.5786 -1.4139 0.0533,
0.5785 -1.4138 0.0544,
0.5785 -1.4141 0.0533,
0.5781 -1.4151 0.0544,
0.5781 -1.4151 0.0532,
0.5779 -1.4155 0.0532,
0.5774 -1.4162 0.0544,
0.5774 -1.4162 0.0532,
0.577 -1.4168 0.0532,
0.5765 -1.4171 0.0544,
0.5765 -1.4172 0.0532,
0.5758 -1.4177 0.0532,
0.5754 -1.4178 0.0544,
0.5754 -1.4179 0.0532,
0.5744 -1.4183 0.0531,
0.5741 -1.4182 0.0544,
0.5742 -1.4183 0.0531,
0.5742 -1.4132 0.0591,
0.574 -1.4135 0.0591,
0.5738 -1.4137 0.0591,
0.5735 -1.4139 0.0591,
0.5732 -1.414 0.0591,
0.5781 -1.4138 0.0557,
0.5734 -1.4152 0.0586,
0.574 -1.415 0.0586,
0.5745 -1.4147 0.0586,
0.575 -1.4143 0.0586,
0.5753 -1.4138 0.0586,
0.5763 -1.4142 0.0578,
0.5758 -1.415 0.0578,
0.5752 -1.4156 0.0578,
0.5745 -1.416 0.0578,
0.5737 -1.4163 0.0578,
0.5739 -1.4172 0.0568,
0.5749 -1.4169 0.0568,
0.5758 -1.4163 0.0568,
0.5766 -1.4155 0.0568,
0.5771 -1.4146 0.0568,
0.5777 -1.4149 0.0557,
0.5771 -1.4159 0.0557,
0.5762 -1.4168 0.0557,
0.5752 -1.4175 0.0557,
0.574 -1.4179 0.0557,
0.5728 -1.4103 -0.0195,
0.5728 -1.4116 -0.0193,
0.5728 -1.4116 -0.0193,
0.5728 -1.413 -0.0188,
0.5728 -1.416 -0.0148,
0.5728 -1.4159 -0.0153,
0.5728 -1.4155 -0.0161,
0.5728 -1.4153 -0.0167,
0.5728 -1.4149 -0.0172,
0.5728 -1.4143 -0.0179,
0.5728 -1.4139 -0.0181,
0.5785 -1.4118 -0.0136,
0.5779 -1.4132 -0.0137,
0.577 -1.4144 -0.0137,
0.5758 -1.4154 -0.0137,
0.5744 -1.416 -0.0138,
0.5732 -1.4115 -0.0193,
0.5738 -1.4138 -0.0182,
0.573 -1.41 -0.0194,
0.5735 -1.4101 -0.0194,
0.5732 -1.41 -0.0194,
0.5739 -1.4101 -0.0193,
0.5741 -1.4101 -0.0193,
0.5742 -1.4101 -0.0193,
0.5786 -1.4103 -0.0148,
0.5786 -1.4102 -0.0148,
0.5785 -1.4102 -0.0151,
0.5782 -1.4103 -0.0161,
0.5781 -1.4102 -0.0161,
0.5779 -1.4102 -0.0165,
0.5775 -1.4103 -0.0172,
0.5774 -1.4101 -0.0172,
0.577 -1.4101 -0.0177,
0.5765 -1.4103 -0.0182,
0.5765 -1.4101 -0.0181,
0.5758 -1.4101 -0.0187,
0.5754 -1.4103 -0.0189,
0.5754 -1.4101 -0.0188,
0.5744 -1.4101 -0.0193,
0.5742 -1.4103 -0.0193,
0.5743 -1.4158 -0.0148,
0.5742 -1.4154 -0.0161,
0.5757 -1.4152 -0.0148,
0.5755 -1.4149 -0.0161,
0.5752 -1.4143 -0.0172,
0.574 -1.4147 -0.0172,
0.5747 -1.4135 -0.0182,
0.5741 -1.4125 -0.0189,
0.5735 -1.4127 -0.0189,
0.5735 -1.4114 -0.0193,
0.5784 -1.4117 -0.0148,
0.578 -1.4116 -0.0161,
0.5773 -1.4115 -0.0172,
0.5764 -1.4112 -0.0182,
0.5753 -1.4109 -0.0189,
0.5741 -1.4106 -0.0193,
0.5778 -1.4131 -0.0148,
0.5769 -1.4143 -0.0148,
0.5775 -1.4129 -0.0161,
0.5766 -1.414 -0.0161,
0.5769 -1.4126 -0.0172,
0.5761 -1.4135 -0.0172,
0.576 -1.4121 -0.0182,
0.5755 -1.4129 -0.0182,
0.5751 -1.4115 -0.0189,
0.5747 -1.4121 -0.0189,
0.574 -1.4109 -0.0193,
0.5738 -1.4112 -0.0193,
0.5785 -1.2765 -0.0104,
0.5779 -1.2765 -0.0118,
0.577 -1.2765 -0.0131,
0.5758 -1.2764 -0.014,
0.5744 -1.2764 -0.0146,
0.5785 -1.2601 -0.0089,
0.5779 -1.2599 -0.0104,
0.577 -1.2597 -0.0116,
0.5758 -1.2596 -0.0125,
0.5744 -1.2595 -0.0131,
0.5744 -1.2267 -0.0047,
0.5744 -1.2429 -0.0098,
0.5744 -1.2112 0.0021,
0.5744 -1.1964 0.0106,
0.5744 -1.1827 0.0205,
0.5744 -1.1701 0.0319,
0.5744 -1.1407 0.0732,
0.5744 -1.149 0.0584,
0.5744 -1.1589 0.0446,
0.5744 -1.1341 0.0888,
0.5758 -1.243 -0.0092,
0.5758 -1.2269 -0.0041,
0.5758 -1.2114 0.0026,
0.5758 -1.1968 0.0111,
0.5758 -1.1831 0.021,
0.5758 -1.1706 0.0323,
0.5758 -1.1593 0.045,
0.5758 -1.1495 0.0587,
0.5758 -1.1413 0.0735,
0.5758 -1.1346 0.089,
0.577 -1.2432 -0.0083,
0.577 -1.2272 -0.0032,
0.577 -1.2118 0.0035,
0.577 -1.1973 0.0118,
0.577 -1.1837 0.0217,
0.577 -1.1712 0.033,
0.577 -1.1601 0.0455,
0.577 -1.1503 0.0592,
0.577 -1.1421 0.0739,
0.577 -1.1355 0.0893,
0.5779 -1.2436 -0.0071,
0.5779 -1.2277 -0.0021,
0.5779 -1.2124 0.0046,
0.5779 -1.1979 0.0129,
0.5779 -1.1844 0.0227,
0.5779 -1.1721 0.0339,
0.5779 -1.161 0.0463,
0.5779 -1.1514 0.0599,
0.5779 -1.1432 0.0744,
0.5779 -1.1367 0.0897,
0.5785 -1.2439 -0.0057,
0.5785 -1.2282 -0.0008,
0.5785 -1.213 0.0059,
0.5785 -1.1987 0.0141,
0.5785 -1.1853 0.0238,
0.5785 -1.1731 0.0349,
0.5785 -1.1621 0.0472,
0.5785 -1.1526 0.0606,
0.5785 -1.1445 0.075,
0.5785 -1.138 0.0902,
0.5785 -1.0387 0.3631,
0.5779 -1.0374 0.3626,
0.577 -1.0362 0.3622,
0.5758 -1.0353 0.3618,
0.5744 -1.0348 0.3616,
0.5744 -1.0248 0.3805,
0.5744 -1.0014 0.4022,
0.5744 -0.9713 0.4129,
0.5785 -0.9606 0.4178,
0.5785 -0.9719 0.417,
0.5779 -0.9606 0.4163,
0.5779 -0.9717 0.4156,
0.577 -0.9606 0.4151,
0.577 -0.9715 0.4144,
0.5758 -0.9606 0.4142,
0.5758 -0.9714 0.4134,
0.5744 -0.9606 0.4136,
0.5785 -0.9829 0.4147,
0.5779 -0.9825 0.4133,
0.577 -0.9822 0.4122,
0.5758 -0.9819 0.4113,
0.5744 -0.9818 0.4107,
0.5785 -0.9935 0.411,
0.5779 -0.993 0.4097,
0.577 -0.9925 0.4085,
0.5758 -0.9921 0.4077,
0.5744 -0.9919 0.4071,
0.5785 -1.0036 0.4058,
0.5779 -1.0028 0.4046,
0.577 -1.0022 0.4035,
0.5758 -1.0017 0.4027,
0.5744 -1.0102 0.3961,
0.5758 -1.0105 0.3965,
0.577 -1.0111 0.3973,
0.5779 -1.0119 0.3982,
0.5785 -1.0128 0.3993,
0.5785 -1.0211 0.3917,
0.5779 -1.02 0.3907,
0.577 -1.0191 0.3899,
0.5758 -1.0185 0.3892,
0.5744 -1.018 0.3888,
0.5785 -1.0282 0.383,
0.5779 -1.0271 0.3821,
0.577 -1.0261 0.3814,
0.5758 -1.0253 0.3809,
0.5785 -1.0341 0.3734,
0.5779 -1.0329 0.3727,
0.577 -1.0318 0.3721,
0.5758 -1.031 0.3717,
0.5744 -1.0304 0.3714,
-0.4272 -1.2791 0.0639,
-0.5728 -1.2791 0.0639,
-0.4272 -1.4128 0.0592,
-0.5728 -1.4128 0.0592,
-0.5787 -1.4103 -0.0136,
-0.5787 -1.4126 0.0533,
-0.5787 -1.2766 -0.0089,
-0.5787 -1.2789 0.058,
-0.4272 -1.41 -0.0195,
-0.5728 -1.41 -0.0195,
-0.4272 -1.2764 -0.0148,
-0.5728 -1.2764 -0.0148,
-0.4213 -1.2766 -0.0089,
-0.4213 -1.2789 0.058,
-0.4213 -1.4103 -0.0136,
-0.4213 -1.4126 0.0533,
-0.4272 -1.2079 0.1157,
-0.5728 -1.2079 0.1157,
-0.4272 -1.2121 0.1062,
-0.5728 -1.2121 0.1062,
-0.4272 -1.2148 0.1017,
-0.5728 -1.2148 0.1017,
-0.4272 -1.2175 0.0973,
-0.5728 -1.2175 0.0973,
-0.4272 -1.224 0.0892,
-0.5728 -1.224 0.0892,
-0.4272 -1.2315 0.0821,
-0.5728 -1.2315 0.0821,
-0.4272 -1.2357 0.079,
-0.5728 -1.2357 0.079,
-0.4272 -1.2399 0.076,
-0.5728 -1.2399 0.076,
-0.4272 -1.249 0.071,
-0.5728 -1.249 0.071,
-0.4272 -1.2587 0.0673,
-0.5728 -1.2587 0.0673,
-0.4272 -1.2638 0.0661,
-0.5728 -1.2638 0.0661,
-0.4272 -1.2688 0.0649,
-0.5728 -1.2688 0.0649,
-0.5787 -1.2023 0.1136,
-0.5787 -1.1395 0.0908,
-0.5787 -1.2068 0.1034,
-0.5787 -1.1459 0.0757,
-0.5787 -1.2126 0.0939,
-0.5787 -1.2603 -0.0074,
-0.5787 -1.2678 0.0591,
-0.5787 -1.2443 -0.0042,
-0.5787 -1.257 0.0617,
-0.5787 -1.2287 0.0007,
-0.5787 -1.2466 0.0657,
-0.5787 -1.1539 0.0615,
-0.5787 -1.1633 0.0481,
-0.5787 -1.2196 0.0852,
-0.5787 -1.1742 0.0359,
-0.5787 -1.2277 0.0775,
-0.5787 -1.1863 0.025,
-0.5787 -1.2368 0.071,
-0.5787 -1.1995 0.0153,
-0.5787 -1.2137 0.0072,
-0.4272 -1.2595 -0.0133,
-0.5728 -1.2595 -0.0133,
-0.4272 -1.2532 -0.012,
-0.5728 -1.2532 -0.012,
-0.4272 -1.2428 -0.01,
-0.5728 -1.2428 -0.01,
-0.4272 -1.2307 -0.0061,
-0.5728 -1.2307 -0.0061,
-0.4272 -1.2266 -0.0049,
-0.5728 -1.2266 -0.0049,
-0.4272 -1.2111 0.0019,
-0.5728 -1.2111 0.0019,
-0.4272 -1.2092 0.003,
-0.5728 -1.2092 0.003,
-0.4272 -1.1963 0.0104,
-0.5728 -1.1963 0.0104,
-0.4272 -1.1895 0.0154,
-0.5728 -1.1895 0.0154,
-0.4272 -1.1826 0.0204,
-0.5728 -1.1826 0.0204,
-0.4272 -1.1716 0.0303,
-0.5728 -1.1716 0.0303,
-0.4272 -1.17 0.0318,
-0.5728 -1.17 0.0318,
-0.4272 -1.1587 0.0445,
-0.5728 -1.1587 0.0445,
-0.4272 -1.1563 0.0479,
-0.5728 -1.1563 0.0479,
-0.4272 -1.1489 0.0583,
-0.5728 -1.1489 0.0583,
-0.4272 -1.1437 0.0676,
-0.5728 -1.1437 0.0676,
-0.4272 -1.1406 0.0731,
-0.5728 -1.1406 0.0731,
-0.4272 -1.1339 0.0887,
-0.5728 -1.1339 0.0887,
-0.4213 -1.2678 0.0591,
-0.4213 -1.2603 -0.0074,
-0.4213 -1.257 0.0617,
-0.4213 -1.1395 0.0908,
-0.4213 -1.2023 0.1136,
-0.4213 -1.1459 0.0757,
-0.4213 -1.2068 0.1034,
-0.4213 -1.1539 0.0615,
-0.4213 -1.2126 0.0939,
-0.4213 -1.1633 0.0481,
-0.4213 -1.2196 0.0852,
-0.4213 -1.2443 -0.0042,
-0.4213 -1.2287 0.0007,
-0.4213 -1.2466 0.0657,
-0.4213 -1.2137 0.0072,
-0.4213 -1.2368 0.071,
-0.4213 -1.1995 0.0153,
-0.4213 -1.2277 0.0775,
-0.4213 -1.1863 0.025,
-0.4213 -1.1742 0.0359,
-0.4272 -1.1086 0.3885,
-0.5728 -1.1086 0.3885,
-0.5787 -1.0401 0.3636,
-0.5787 -1.103 0.3865,
-0.4272 -1.0346 0.3616,
-0.5728 -1.0346 0.3616,
-0.4213 -1.0401 0.3636,
-0.4213 -1.103 0.3865,
-0.5728 -1.1023 0.4033,
-0.4272 -1.1023 0.4033,
-0.5728 -1.0985 0.4103,
-0.4272 -1.0985 0.4103,
-0.5728 -1.0946 0.4173,
-0.4272 -1.0946 0.4173,
-0.5728 -1.0855 0.4305,
-0.4272 -1.0855 0.4305,
-0.5728 -1.0752 0.4427,
-0.4272 -1.0752 0.4427,
-0.5728 -1.0694 0.4483,
-0.4272 -1.0694 0.4483,
-0.5728 -1.0636 0.4538,
-0.4272 -1.0636 0.4538,
-0.5728 -1.0509 0.4636,
-0.4272 -1.0509 0.4636,
-0.5728 -1.0374 0.4722,
-0.4272 -1.0374 0.4722,
-0.5728 -1.0302 0.4757,
-0.4272 -1.0302 0.4757,
-0.5728 -1.023 0.4792,
-0.4272 -1.023 0.4792,
-0.5728 -1.008 0.4848,
-0.4272 -1.008 0.4848,
-0.5728 -0.9925 0.4889,
-0.4272 -0.9925 0.4889,
-0.5728 -0.9845 0.4901,
-0.4272 -0.9845 0.4901,
-0.5728 -0.9766 0.4913,
-0.4272 -0.9766 0.4913,
-0.5728 -0.9606 0.4921,
-0.4272 -0.9606 0.4921,
-0.5787 -1.0355 0.3741,
-0.5787 -0.9606 0.4862,
-0.5787 -0.9606 0.4193,
-0.5787 -0.976 0.4854,
-0.5787 -0.9721 0.4185,
-0.5787 -0.9913 0.4831,
-0.5787 -0.9833 0.4162,
-0.5787 -1.0137 0.4005,
-0.5787 -1.0475 0.4588,
-0.5787 -1.0043 0.4071,
-0.5787 -1.0345 0.467,
-0.5787 -0.9941 0.4124,
-0.5787 -1.0206 0.4738,
-0.5787 -1.0062 0.4792,
-0.5787 -1.097 0.4007,
-0.5787 -1.0896 0.4142,
-0.5787 -1.0295 0.3839,
-0.5787 -1.0809 0.4269,
-0.5787 -1.0222 0.3927,
-0.5787 -1.0709 0.4387,
-0.5787 -1.0597 0.4493,
-0.5728 -0.9606 0.4134,
-0.4272 -0.9606 0.4134,
-0.5728 -0.9713 0.4127,
-0.4272 -0.9713 0.4127,
-0.5728 -0.9765 0.4116,
-0.4272 -0.9765 0.4116,
-0.5728 -0.9817 0.4105,
-0.4272 -0.9817 0.4105,
-0.5728 -0.9918 0.4069,
-0.4272 -0.9918 0.4069,
-0.5728 -1.0013 0.4021,
-0.4272 -1.0013 0.4021,
-0.5728 -1.0057 0.399,
-0.4272 -1.0057 0.399,
-0.5728 -1.01 0.3959,
-0.4272 -1.01 0.3959,
-0.5728 -1.0179 0.3887,
-0.4272 -1.0179 0.3887,
-0.5728 -1.0247 0.3804,
-0.4272 -1.0247 0.3804,
-0.5728 -1.0275 0.3759,
-0.4272 -1.0275 0.3759,
-0.5728 -1.0303 0.3713,
-0.4272 -1.0303 0.3713,
-0.4213 -0.9721 0.4185,
-0.4213 -0.9606 0.4193,
-0.4213 -0.9606 0.4862,
-0.4213 -1.097 0.4007,
-0.4213 -1.0355 0.3741,
-0.4213 -1.0896 0.4142,
-0.4213 -1.0295 0.3839,
-0.4213 -1.0043 0.4071,
-0.4213 -1.0475 0.4588,
-0.4213 -1.0137 0.4005,
-0.4213 -1.0597 0.4493,
-0.4213 -1.0222 0.3927,
-0.4213 -1.0709 0.4387,
-0.4213 -1.0809 0.4269,
-0.4213 -0.976 0.4854,
-0.4213 -0.9913 0.4831,
-0.4213 -0.9833 0.4162,
-0.4213 -1.0062 0.4792,
-0.4213 -0.9941 0.4124,
-0.4213 -1.0206 0.4738,
-0.4213 -1.0345 0.467,
-0.4213 -0.9055 0.4193,
-0.4213 -0.9055 0.4862,
-0.4272 -0.9055 0.4921,
-0.5728 -0.9055 0.4921,
-0.5787 -0.9055 0.4193,
-0.5787 -0.9055 0.4862,
-0.4272 -0.9055 0.4134,
-0.5728 -0.9055 0.4134,
-0.4272 -1.4162 -0.0138,
-0.4272 -1.4185 0.0531,
-0.5728 -1.4162 -0.0138,
-0.5728 -1.4185 0.0531,
-0.5744 -0.9055 0.4136,
-0.4256 -0.9055 0.4919,
-0.4242 -0.9055 0.4142,
-0.4215 -0.9055 0.4178,
-0.423 -0.9055 0.4151,
-0.4221 -0.9055 0.4163,
-0.5785 -0.9055 0.4877,
-0.4256 -0.9055 0.4136,
-0.5779 -0.9055 0.4892,
-0.577 -0.9055 0.4904,
-0.5758 -0.9055 0.4142,
-0.577 -0.9055 0.4151,
-0.5758 -0.9055 0.4913,
-0.5744 -0.9055 0.4919,
-0.4242 -0.9055 0.4913,
-0.423 -0.9055 0.4904,
-0.5779 -0.9055 0.4163,
-0.5785 -0.9055 0.4178,
-0.4221 -0.9055 0.4892,
-0.4215 -0.9055 0.4877,
-0.5744 -0.9606 0.4919,
-0.5758 -0.9606 0.4913,
-0.577 -0.9606 0.4904,
-0.5779 -0.9606 0.4892,
-0.5785 -0.9606 0.4877,
-0.5785 -1.1045 0.387,
-0.5785 -1.0984 0.4014,
-0.5779 -1.1058 0.3875,
-0.5779 -1.0997 0.402,
-0.577 -1.107 0.3879,
-0.577 -1.1008 0.4025,
-0.5758 -1.1078 0.3882,
-0.5758 -1.1016 0.4029,
-0.5744 -1.1084 0.3884,
-0.5744 -1.1022 0.4032,
-0.5744 -1.0945 0.4172,
-0.5744 -1.0854 0.4304,
-0.5744 -1.075 0.4426,
-0.5744 -1.0634 0.4536,
-0.5744 -1.0508 0.4635,
-0.5744 -1.0373 0.472,
-0.5744 -1.0229 0.4791,
-0.5744 -1.0079 0.4846,
-0.5744 -0.9924 0.4887,
-0.5744 -0.9766 0.4911,
-0.5758 -1.094 0.4169,
-0.5758 -1.0849 0.43,
-0.5758 -1.0746 0.4422,
-0.5758 -1.0631 0.4532,
-0.5758 -1.0505 0.463,
-0.5758 -1.037 0.4715,
-0.5758 -1.0227 0.4785,
-0.5758 -1.0077 0.4841,
-0.5758 -0.9923 0.4881,
-0.5758 -0.9765 0.4905,
-0.577 -1.0932 0.4164,
-0.577 -1.0842 0.4295,
-0.577 -1.0739 0.4415,
-0.577 -1.0624 0.4525,
-0.577 -1.0499 0.4622,
-0.577 -1.0365 0.4706,
-0.577 -1.0223 0.4777,
-0.577 -1.0074 0.4832,
-0.577 -0.9921 0.4872,
-0.577 -0.9764 0.4896,
-0.5779 -1.0921 0.4158,
-0.5779 -1.0832 0.4287,
-0.5779 -1.073 0.4407,
-0.5779 -1.0616 0.4516,
-0.5779 -1.0492 0.4612,
-0.5779 -1.0359 0.4696,
-0.5779 -1.0218 0.4765,
-0.5779 -1.0071 0.482,
-0.5779 -0.9919 0.486,
-0.5779 -0.9763 0.4884,
-0.5785 -1.0909 0.415,
-0.5785 -1.0821 0.4278,
-0.5785 -1.072 0.4397,
-0.5785 -1.0607 0.4505,
-0.5785 -1.0484 0.4601,
-0.5785 -1.0352 0.4683,
-0.5785 -1.0212 0.4752,
-0.5785 -1.0066 0.4807,
-0.5785 -0.9916 0.4846,
-0.5785 -0.9762 0.487,
-0.5785 -0.9606 0.4178,
-0.5779 -0.9606 0.4163,
-0.577 -0.9606 0.4151,
-0.5758 -0.9606 0.4142,
-0.5744 -0.9606 0.4136,
-0.5785 -1.2038 0.1142,
-0.5779 -1.2051 0.1147,
-0.577 -1.2063 0.1151,
-0.5758 -1.2072 0.1154,
-0.5744 -1.2077 0.1156,
-0.4215 -0.9606 0.4877,
-0.4221 -0.9606 0.4892,
-0.423 -0.9606 0.4904,
-0.4242 -0.9606 0.4913,
-0.4256 -0.9606 0.4919,
-0.5744 -0.9818 0.4107,
-0.5744 -1.0102 0.3961,
-0.5744 -1.0304 0.3714,
-0.5785 -1.0387 0.3631,
-0.5785 -1.0341 0.3734,
-0.5779 -1.0374 0.3626,
-0.5779 -1.0329 0.3727,
-0.577 -1.0362 0.3622,
-0.577 -1.0318 0.3721,
-0.5758 -1.0353 0.3618,
-0.5758 -1.031 0.3717,
-0.5744 -1.0348 0.3616,
-0.5744 -1.0248 0.3805,
-0.5758 -1.0253 0.3809,
-0.577 -1.0261 0.3814,
-0.5779 -1.0271 0.3821,
-0.5785 -1.0282 0.383,
-0.5785 -1.0211 0.3917,
-0.5779 -1.02 0.3907,
-0.577 -1.0191 0.3899,
-0.5758 -1.0185 0.3892,
-0.5744 -1.018 0.3888,
-0.5785 -1.0128 0.3993,
-0.5779 -1.0119 0.3982,
-0.577 -1.0111 0.3973,
-0.5758 -1.0105 0.3965,
-0.5785 -1.0036 0.4058,
-0.5779 -1.0028 0.4046,
-0.577 -1.0022 0.4035,
-0.5758 -1.0017 0.4027,
-0.5744 -1.0014 0.4022,
-0.5785 -0.9935 0.411,
-0.5779 -0.993 0.4097,
-0.577 -0.9925 0.4085,
-0.5758 -0.9921 0.4077,
-0.5744 -0.9919 0.4071,
-0.5785 -0.9829 0.4147,
-0.5779 -0.9825 0.4133,
-0.577 -0.9822 0.4122,
-0.5758 -0.9819 0.4113,
-0.5744 -0.9713 0.4129,
-0.5758 -0.9714 0.4134,
-0.577 -0.9715 0.4144,
-0.5779 -0.9717 0.4156,
-0.5785 -0.9719 0.417,
-0.5744 -1.2587 0.0671,
-0.5744 -1.2314 0.0819,
-0.5744 -1.2119 0.1061,
-0.5785 -1.2082 0.1041,
-0.5779 -1.2095 0.1048,
-0.577 -1.2105 0.1054,
-0.5758 -1.2114 0.1058,
-0.5785 -1.2139 0.0948,
-0.5779 -1.2151 0.0956,
-0.577 -1.2161 0.0963,
-0.5758 -1.2168 0.0969,
-0.5744 -1.2173 0.0972,
-0.5785 -1.2208 0.0863,
-0.5779 -1.2218 0.0872,
-0.577 -1.2227 0.0881,
-0.5758 -1.2234 0.0887,
-0.5744 -1.2238 0.0891,
-0.5785 -1.2287 0.0787,
-0.5779 -1.2296 0.0798,
-0.577 -1.2304 0.0808,
-0.5758 -1.231 0.0815,
-0.5744 -1.2398 0.0758,
-0.5758 -1.2395 0.0753,
-0.577 -1.239 0.0745,
-0.5779 -1.2383 0.0735,
-0.5785 -1.2376 0.0723,
-0.5785 -1.2472 0.0671,
-0.5779 -1.2478 0.0684,
-0.577 -1.2483 0.0695,
-0.5758 -1.2487 0.0703,
-0.5744 -1.2489 0.0709,
-0.5785 -1.2574 0.0632,
-0.5779 -1.2579 0.0645,
-0.577 -1.2582 0.0657,
-0.5758 -1.2585 0.0666,
-0.5785 -1.2681 0.0606,
-0.5779 -1.2683 0.062,
-0.577 -1.2685 0.0632,
-0.5758 -1.2687 0.0642,
-0.5744 -1.2688 0.0648,
-0.5785 -1.279 0.0595,
-0.5779 -1.279 0.061,
-0.577 -1.2791 0.0622,
-0.5758 -1.2791 0.0631,
-0.5744 -1.2791 0.0637,
-0.4215 -0.9762 0.487,
-0.4221 -0.9763 0.4884,
-0.423 -0.9764 0.4896,
-0.4242 -0.9765 0.4905,
-0.4256 -0.9766 0.4911,
-0.4256 -0.9924 0.4887,
-0.4256 -1.0079 0.4846,
-0.4256 -1.0229 0.4791,
-0.4256 -1.0373 0.472,
-0.4256 -1.0508 0.4635,
-0.4256 -1.0634 0.4536,
-0.4256 -1.075 0.4426,
-0.4256 -1.0854 0.4304,
-0.4256 -1.0945 0.4172,
-0.4256 -1.1022 0.4032,
-0.4256 -1.1084 0.3884,
-0.4242 -0.9923 0.4881,
-0.4242 -1.0077 0.4841,
-0.4242 -1.0227 0.4785,
-0.4242 -1.037 0.4715,
-0.4242 -1.0505 0.463,
-0.4242 -1.0631 0.4532,
-0.4242 -1.0746 0.4422,
-0.4242 -1.0849 0.43,
-0.4242 -1.094 0.4169,
-0.4242 -1.1016 0.4029,
-0.4242 -1.1078 0.3882,
-0.423 -0.9921 0.4872,
-0.423 -1.0074 0.4832,
-0.423 -1.0223 0.4777,
-0.423 -1.0365 0.4706,
-0.423 -1.0499 0.4622,
-0.423 -1.0624 0.4525,
-0.423 -1.0739 0.4415,
-0.423 -1.0842 0.4295,
-0.423 -1.0932 0.4164,
-0.423 -1.1008 0.4025,
-0.423 -1.107 0.3879,
-0.4221 -0.9919 0.486,
-0.4221 -1.0071 0.482,
-0.4221 -1.0218 0.4765,
-0.4221 -1.0359 0.4696,
-0.4221 -1.0492 0.4612,
-0.4221 -1.0616 0.4516,
-0.4221 -1.073 0.4407,
-0.4221 -1.0832 0.4287,
-0.4221 -1.0921 0.4158,
-0.4221 -1.0997 0.402,
-0.4221 -1.1058 0.3875,
-0.4215 -0.9916 0.4846,
-0.4215 -1.0066 0.4807,
-0.4215 -1.0212 0.4752,
-0.4215 -1.0352 0.4683,
-0.4215 -1.0484 0.4601,
-0.4215 -1.0607 0.4505,
-0.4215 -1.072 0.4397,
-0.4215 -1.0821 0.4278,
-0.4215 -1.0909 0.415,
-0.4215 -1.0984 0.4014,
-0.4215 -1.1045 0.387,
-0.5744 -1.1341 0.0888,
-0.5758 -1.1346 0.089,
-0.577 -1.1355 0.0893,
-0.5779 -1.1367 0.0897,
-0.5785 -1.138 0.0902,
-0.5786 -1.4126 0.0544,
-0.5785 -1.4126 0.0549,
-0.5782 -1.4127 0.0557,
-0.5779 -1.4127 0.0563,
-0.5775 -1.4127 0.0568,
-0.577 -1.4127 0.0575,
-0.5766 -1.4127 0.0578,
-0.5758 -1.4128 0.0584,
-0.5755 -1.4128 0.0585,
-0.5744 -1.4128 0.059,
-0.5743 -1.4128 0.059,
-0.5743 -1.4128 0.059,
-0.574 -1.4128 0.0591,
-0.5737 -1.4128 0.0591,
-0.5734 -1.4128 0.0592,
-0.5731 -1.4128 0.0592,
-0.5729 -1.4128 0.0592,
-0.4256 -1.2077 0.1156,
-0.4242 -1.2072 0.1154,
-0.423 -1.2063 0.1151,
-0.4221 -1.2051 0.1147,
-0.4215 -1.2038 0.1142,
-0.5785 -1.1445 0.075,
-0.5779 -1.1432 0.0744,
-0.577 -1.1421 0.0739,
-0.5758 -1.1413 0.0735,
-0.5744 -1.1407 0.0732,
-0.5744 -1.1589 0.0446,
-0.5744 -1.149 0.0584,
-0.5744 -1.1701 0.0319,
-0.5744 -1.1827 0.0205,
-0.5744 -1.1964 0.0106,
-0.5744 -1.2112 0.0021,
-0.5744 -1.2595 -0.0131,
-0.5744 -1.2429 -0.0098,
-0.5744 -1.2267 -0.0047,
-0.5744 -1.2764 -0.0146,
-0.5758 -1.1495 0.0587,
-0.5758 -1.1593 0.045,
-0.5758 -1.1706 0.0323,
-0.5758 -1.1831 0.021,
-0.5758 -1.1968 0.0111,
-0.5758 -1.2114 0.0026,
-0.5758 -1.2269 -0.0041,
-0.5758 -1.243 -0.0092,
-0.5758 -1.2596 -0.0125,
-0.5758 -1.2764 -0.014,
-0.577 -1.1503 0.0592,
-0.577 -1.1601 0.0455,
-0.577 -1.1712 0.033,
-0.577 -1.1837 0.0217,
-0.577 -1.1973 0.0118,
-0.577 -1.2118 0.0035,
-0.577 -1.2272 -0.0032,
-0.577 -1.2432 -0.0083,
-0.577 -1.2597 -0.0116,
-0.577 -1.2765 -0.0131,
-0.5779 -1.1514 0.0599,
-0.5779 -1.161 0.0463,
-0.5779 -1.1721 0.0339,
-0.5779 -1.1844 0.0227,
-0.5779 -1.1979 0.0129,
-0.5779 -1.2124 0.0046,
-0.5779 -1.2277 -0.0021,
-0.5779 -1.2436 -0.0071,
-0.5779 -1.2599 -0.0104,
-0.5779 -1.2765 -0.0118,
-0.5785 -1.1526 0.0606,
-0.5785 -1.1621 0.0472,
-0.5785 -1.1731 0.0349,
-0.5785 -1.1853 0.0238,
-0.5785 -1.1987 0.0141,
-0.5785 -1.213 0.0059,
-0.5785 -1.2282 -0.0008,
-0.5785 -1.2439 -0.0057,
-0.5785 -1.2601 -0.0089,
-0.5785 -1.2765 -0.0104,
-0.5785 -1.4141 0.0533,
-0.5781 -1.4151 0.0532,
-0.5781 -1.4151 0.0544,
-0.5779 -1.4155 0.0532,
-0.5774 -1.4162 0.0532,
-0.5774 -1.4162 0.0544,
-0.577 -1.4168 0.0532,
-0.5765 -1.4172 0.0532,
-0.5765 -1.4171 0.0544,
-0.5758 -1.4177 0.0532,
-0.5754 -1.4179 0.0532,
-0.5754 -1.4178 0.0544,
-0.5744 -1.4183 0.0531,
-0.5742 -1.4183 0.0531,
-0.5741 -1.4182 0.0544,
-0.5786 -1.4139 0.0533,
-0.5785 -1.4138 0.0544,
-0.5781 -1.4138 0.0557,
-0.5775 -1.4136 0.0568,
-0.5766 -1.4134 0.0578,
-0.5755 -1.4132 0.0586,
-0.5743 -1.4129 0.0591,
-0.5732 -1.414 0.0591,
-0.5734 -1.4152 0.0586,
-0.5728 -1.4153 0.0586,
-0.5728 -1.4141 0.0591,
-0.5728 -1.4143 0.059,
-0.5739 -1.4172 0.0568,
-0.5728 -1.4169 0.0573,
-0.5737 -1.4163 0.0578,
-0.5728 -1.4164 0.0578,
-0.5728 -1.4157 0.0583,
-0.574 -1.4179 0.0557,
-0.5728 -1.4178 0.0561,
-0.5728 -1.4173 0.0568,
-0.5728 -1.4184 0.0544,
-0.5728 -1.4183 0.0547,
-0.5728 -1.418 0.0557,
-0.5735 -1.4139 0.0591,
-0.574 -1.415 0.0586,
-0.5745 -1.416 0.0578,
-0.5749 -1.4169 0.0568,
-0.5752 -1.4175 0.0557,
-0.5738 -1.4137 0.0591,
-0.5745 -1.4147 0.0586,
-0.5752 -1.4156 0.0578,
-0.5758 -1.4163 0.0568,
-0.5762 -1.4168 0.0557,
-0.574 -1.4135 0.0591,
-0.575 -1.4143 0.0586,
-0.5758 -1.415 0.0578,
-0.5766 -1.4155 0.0568,
-0.5771 -1.4159 0.0557,
-0.5742 -1.4132 0.0591,
-0.5753 -1.4138 0.0586,
-0.5763 -1.4142 0.0578,
-0.5771 -1.4146 0.0568,
-0.5777 -1.4149 0.0557,
-0.4256 -1.2173 0.0972,
-0.4256 -1.2398 0.0758,
-0.4256 -1.2688 0.0648,
-0.4215 -1.279 0.0595,
-0.4215 -1.2681 0.0606,
-0.4221 -1.279 0.061,
-0.4221 -1.2683 0.062,
-0.423 -1.2791 0.0622,
-0.423 -1.2685 0.0632,
-0.4242 -1.2791 0.0631,
-0.4242 -1.2687 0.0642,
-0.4256 -1.2791 0.0637,
-0.4256 -1.2587 0.0671,
-0.4242 -1.2585 0.0666,
-0.423 -1.2582 0.0657,
-0.4221 -1.2579 0.0645,
-0.4215 -1.2574 0.0632,
-0.4215 -1.2472 0.0671,
-0.4221 -1.2478 0.0684,
-0.423 -1.2483 0.0695,
-0.4242 -1.2487 0.0703,
-0.4256 -1.2489 0.0709,
-0.4215 -1.2376 0.0723,
-0.4221 -1.2383 0.0735,
-0.423 -1.239 0.0745,
-0.4242 -1.2395 0.0753,
-0.4215 -1.2287 0.0787,
-0.4221 -1.2296 0.0798,
-0.423 -1.2304 0.0808,
-0.4242 -1.231 0.0815,
-0.4256 -1.2314 0.0819,
-0.4215 -1.2208 0.0863,
-0.4221 -1.2218 0.0872,
-0.423 -1.2227 0.0881,
-0.4242 -1.2234 0.0887,
-0.4256 -1.2238 0.0891,
-0.4215 -1.2139 0.0948,
-0.4221 -1.2151 0.0956,
-0.423 -1.2161 0.0963,
-0.4242 -1.2168 0.0969,
-0.4256 -1.2119 0.1061,
-0.4242 -1.2114 0.1058,
-0.423 -1.2105 0.1054,
-0.4221 -1.2095 0.1048,
-0.4215 -1.2082 0.1041,
-0.5732 -1.41 -0.0194,
-0.5735 -1.4101 -0.0194,
-0.573 -1.41 -0.0194,
-0.5739 -1.4101 -0.0193,
-0.5741 -1.4101 -0.0193,
-0.5742 -1.4101 -0.0193,
-0.5744 -1.4101 -0.0193,
-0.5754 -1.4101 -0.0188,
-0.5758 -1.4101 -0.0187,
-0.5765 -1.4101 -0.0181,
-0.577 -1.4101 -0.0177,
-0.5774 -1.4101 -0.0172,
-0.5779 -1.4102 -0.0165,
-0.5781 -1.4102 -0.0161,
-0.5785 -1.4102 -0.0151,
-0.5786 -1.4102 -0.0148,
-0.5785 -1.4118 -0.0136,
-0.5779 -1.4132 -0.0137,
-0.577 -1.4144 -0.0137,
-0.5758 -1.4154 -0.0137,
-0.5744 -1.416 -0.0138,
-0.4272 -1.4141 0.0591,
-0.4272 -1.4143 0.059,
-0.4272 -1.4153 0.0586,
-0.4272 -1.4157 0.0583,
-0.4272 -1.4164 0.0578,
-0.4272 -1.4169 0.0573,
-0.4272 -1.4173 0.0568,
-0.4272 -1.4178 0.0561,
-0.4272 -1.418 0.0557,
-0.4272 -1.4183 0.0547,
-0.4272 -1.4184 0.0544,
-0.4271 -1.4128 0.0592,
-0.4269 -1.4128 0.0592,
-0.4266 -1.4128 0.0592,
-0.4257 -1.4128 0.059,
-0.4257 -1.4128 0.059,
-0.4263 -1.4128 0.0591,
-0.426 -1.4128 0.0591,
-0.4256 -1.4128 0.059,
-0.4245 -1.4128 0.0585,
-0.4242 -1.4128 0.0584,
-0.4234 -1.4127 0.0578,
-0.423 -1.4127 0.0575,
-0.4225 -1.4127 0.0568,
-0.4221 -1.4127 0.0563,
-0.4218 -1.4127 0.0557,
-0.4215 -1.4126 0.0549,
-0.4214 -1.4126 0.0544,
-0.5742 -1.4103 -0.0193,
-0.5728 -1.4103 -0.0195,
-0.5765 -1.4103 -0.0182,
-0.5754 -1.4103 -0.0189,
-0.5775 -1.4103 -0.0172,
-0.5782 -1.4103 -0.0161,
-0.5786 -1.4103 -0.0148,
-0.5728 -1.416 -0.0148,
-0.5743 -1.4158 -0.0148,
-0.5728 -1.4159 -0.0153,
-0.5742 -1.4154 -0.0161,
-0.574 -1.4147 -0.0172,
-0.5728 -1.4153 -0.0167,
-0.5728 -1.4155 -0.0161,
-0.5735 -1.4127 -0.0189,
-0.5728 -1.4139 -0.0181,
-0.5738 -1.4138 -0.0182,
-0.5728 -1.4143 -0.0179,
-0.5728 -1.4149 -0.0172,
-0.5728 -1.4116 -0.0193,
-0.5732 -1.4115 -0.0193,
-0.5728 -1.4116 -0.0193,
-0.5728 -1.413 -0.0188,
-0.5757 -1.4152 -0.0148,
-0.5755 -1.4149 -0.0161,
-0.5752 -1.4143 -0.0172,
-0.5747 -1.4135 -0.0182,
-0.5741 -1.4125 -0.0189,
-0.5735 -1.4114 -0.0193,
-0.5769 -1.4143 -0.0148,
-0.5766 -1.414 -0.0161,
-0.5761 -1.4135 -0.0172,
-0.5755 -1.4129 -0.0182,
-0.5747 -1.4121 -0.0189,
-0.5738 -1.4112 -0.0193,
-0.5778 -1.4131 -0.0148,
-0.5784 -1.4117 -0.0148,
-0.5775 -1.4129 -0.0161,
-0.578 -1.4116 -0.0161,
-0.5769 -1.4126 -0.0172,
-0.5773 -1.4115 -0.0172,
-0.576 -1.4121 -0.0182,
-0.5764 -1.4112 -0.0182,
-0.5751 -1.4115 -0.0189,
-0.5753 -1.4109 -0.0189,
-0.574 -1.4109 -0.0193,
-0.5741 -1.4106 -0.0193,
-0.4225 -1.4136 0.0568,
-0.4234 -1.4134 0.0578,
-0.4245 -1.4132 0.0586,
-0.4257 -1.4129 0.0591,
-0.4214 -1.4139 0.0533,
-0.4215 -1.4138 0.0544,
-0.4215 -1.4141 0.0533,
-0.4219 -1.4151 0.0544,
-0.4219 -1.4151 0.0532,
-0.4221 -1.4155 0.0532,
-0.4226 -1.4162 0.0544,
-0.4226 -1.4162 0.0532,
-0.423 -1.4168 0.0532,
-0.4235 -1.4171 0.0544,
-0.4235 -1.4172 0.0532,
-0.4242 -1.4177 0.0532,
-0.4246 -1.4178 0.0544,
-0.4246 -1.4179 0.0532,
-0.4256 -1.4183 0.0531,
-0.4259 -1.4182 0.0544,
-0.4258 -1.4183 0.0531,
-0.4258 -1.4132 0.0591,
-0.426 -1.4135 0.0591,
-0.4262 -1.4137 0.0591,
-0.4265 -1.4139 0.0591,
-0.4268 -1.414 0.0591,
-0.4219 -1.4138 0.0557,
-0.4266 -1.4152 0.0586,
-0.426 -1.415 0.0586,
-0.4255 -1.4147 0.0586,
-0.425 -1.4143 0.0586,
-0.4247 -1.4138 0.0586,
-0.4237 -1.4142 0.0578,
-0.4242 -1.415 0.0578,
-0.4248 -1.4156 0.0578,
-0.4255 -1.416 0.0578,
-0.4263 -1.4163 0.0578,
-0.4261 -1.4172 0.0568,
-0.4251 -1.4169 0.0568,
-0.4242 -1.4163 0.0568,
-0.4234 -1.4155 0.0568,
-0.4229 -1.4146 0.0568,
-0.4223 -1.4149 0.0557,
-0.4229 -1.4159 0.0557,
-0.4238 -1.4168 0.0557,
-0.4248 -1.4175 0.0557,
-0.426 -1.4179 0.0557,
-0.4272 -1.4103 -0.0195,
-0.4272 -1.4116 -0.0193,
-0.4272 -1.4116 -0.0193,
-0.4272 -1.413 -0.0188,
-0.4272 -1.416 -0.0148,
-0.4272 -1.4159 -0.0153,
-0.4272 -1.4155 -0.0161,
-0.4272 -1.4153 -0.0167,
-0.4272 -1.4149 -0.0172,
-0.4272 -1.4143 -0.0179,
-0.4272 -1.4139 -0.0181,
-0.4215 -1.4118 -0.0136,
-0.4221 -1.4132 -0.0137,
-0.423 -1.4144 -0.0137,
-0.4242 -1.4154 -0.0137,
-0.4256 -1.416 -0.0138,
-0.4268 -1.4115 -0.0193,
-0.4262 -1.4138 -0.0182,
-0.427 -1.41 -0.0194,
-0.4265 -1.4101 -0.0194,
-0.4268 -1.41 -0.0194,
-0.4261 -1.4101 -0.0193,
-0.4259 -1.4101 -0.0193,
-0.4258 -1.4101 -0.0193,
-0.4214 -1.4103 -0.0148,
-0.4214 -1.4102 -0.0148,
-0.4215 -1.4102 -0.0151,
-0.4218 -1.4103 -0.0161,
-0.4219 -1.4102 -0.0161,
-0.4221 -1.4102 -0.0165,
-0.4225 -1.4103 -0.0172,
-0.4226 -1.4101 -0.0172,
-0.423 -1.4101 -0.0177,
-0.4235 -1.4103 -0.0182,
-0.4235 -1.4101 -0.0181,
-0.4242 -1.4101 -0.0187,
-0.4246 -1.4103 -0.0189,
-0.4246 -1.4101 -0.0188,
-0.4256 -1.4101 -0.0193,
-0.4258 -1.4103 -0.0193,
-0.4257 -1.4158 -0.0148,
-0.4258 -1.4154 -0.0161,
-0.4243 -1.4152 -0.0148,
-0.4245 -1.4149 -0.0161,
-0.4248 -1.4143 -0.0172,
-0.426 -1.4147 -0.0172,
-0.4253 -1.4135 -0.0182,
-0.4259 -1.4125 -0.0189,
-0.4265 -1.4127 -0.0189,
-0.4265 -1.4114 -0.0193,
-0.4216 -1.4117 -0.0148,
-0.422 -1.4116 -0.0161,
-0.4227 -1.4115 -0.0172,
-0.4236 -1.4112 -0.0182,
-0.4247 -1.4109 -0.0189,
-0.4259 -1.4106 -0.0193,
-0.4222 -1.4131 -0.0148,
-0.4231 -1.4143 -0.0148,
-0.4225 -1.4129 -0.0161,
-0.4234 -1.414 -0.0161,
-0.4231 -1.4126 -0.0172,
-0.4239 -1.4135 -0.0172,
-0.424 -1.4121 -0.0182,
-0.4245 -1.4129 -0.0182,
-0.4249 -1.4115 -0.0189,
-0.4253 -1.4121 -0.0189,
-0.426 -1.4109 -0.0193,
-0.4262 -1.4112 -0.0193,
-0.4215 -1.2765 -0.0104,
-0.4221 -1.2765 -0.0118,
-0.423 -1.2765 -0.0131,
-0.4242 -1.2764 -0.014,
-0.4256 -1.2764 -0.0146,
-0.4215 -1.2601 -0.0089,
-0.4221 -1.2599 -0.0104,
-0.423 -1.2597 -0.0116,
-0.4242 -1.2596 -0.0125,
-0.4256 -1.2595 -0.0131,
-0.4256 -1.2267 -0.0047,
-0.4256 -1.2429 -0.0098,
-0.4256 -1.2112 0.0021,
-0.4256 -1.1964 0.0106,
-0.4256 -1.1827 0.0205,
-0.4256 -1.1701 0.0319,
-0.4256 -1.1407 0.0732,
-0.4256 -1.149 0.0584,
-0.4256 -1.1589 0.0446,
-0.4256 -1.1341 0.0888,
-0.4242 -1.243 -0.0092,
-0.4242 -1.2269 -0.0041,
-0.4242 -1.2114 0.0026,
-0.4242 -1.1968 0.0111,
-0.4242 -1.1831 0.021,
-0.4242 -1.1706 0.0323,
-0.4242 -1.1593 0.045,
-0.4242 -1.1495 0.0587,
-0.4242 -1.1413 0.0735,
-0.4242 -1.1346 0.089,
-0.423 -1.2432 -0.0083,
-0.423 -1.2272 -0.0032,
-0.423 -1.2118 0.0035,
-0.423 -1.1973 0.0118,
-0.423 -1.1837 0.0217,
-0.423 -1.1712 0.033,
-0.423 -1.1601 0.0455,
-0.423 -1.1503 0.0592,
-0.423 -1.1421 0.0739,
-0.423 -1.1355 0.0893,
-0.4221 -1.2436 -0.0071,
-0.4221 -1.2277 -0.0021,
-0.4221 -1.2124 0.0046,
-0.4221 -1.1979 0.0129,
-0.4221 -1.1844 0.0227,
-0.4221 -1.1721 0.0339,
-0.4221 -1.161 0.0463,
-0.4221 -1.1514 0.0599,
-0.4221 -1.1432 0.0744,
-0.4221 -1.1367 0.0897,
-0.4215 -1.2439 -0.0057,
-0.4215 -1.2282 -0.0008,
-0.4215 -1.213 0.0059,
-0.4215 -1.1987 0.0141,
-0.4215 -1.1853 0.0238,
-0.4215 -1.1731 0.0349,
-0.4215 -1.1621 0.0472,
-0.4215 -1.1526 0.0606,
-0.4215 -1.1445 0.075,
-0.4215 -1.138 0.0902,
-0.4215 -1.0387 0.3631,
-0.4221 -1.0374 0.3626,
-0.423 -1.0362 0.3622,
-0.4242 -1.0353 0.3618,
-0.4256 -1.0348 0.3616,
-0.4256 -1.0248 0.3805,
-0.4256 -1.0014 0.4022,
-0.4256 -0.9713 0.4129,
-0.4215 -0.9606 0.4178,
-0.4215 -0.9719 0.417,
-0.4221 -0.9606 0.4163,
-0.4221 -0.9717 0.4156,
-0.423 -0.9606 0.4151,
-0.423 -0.9715 0.4144,
-0.4242 -0.9606 0.4142,
-0.4242 -0.9714 0.4134,
-0.4256 -0.9606 0.4136,
-0.4215 -0.9829 0.4147,
-0.4221 -0.9825 0.4133,
-0.423 -0.9822 0.4122,
-0.4242 -0.9819 0.4113,
-0.4256 -0.9818 0.4107,
-0.4215 -0.9935 0.411,
-0.4221 -0.993 0.4097,
-0.423 -0.9925 0.4085,
-0.4242 -0.9921 0.4077,
-0.4256 -0.9919 0.4071,
-0.4215 -1.0036 0.4058,
-0.4221 -1.0028 0.4046,
-0.423 -1.0022 0.4035,
-0.4242 -1.0017 0.4027,
-0.4256 -1.0102 0.3961,
-0.4242 -1.0105 0.3965,
-0.423 -1.0111 0.3973,
-0.4221 -1.0119 0.3982,
-0.4215 -1.0128 0.3993,
-0.4215 -1.0211 0.3917,
-0.4221 -1.02 0.3907,
-0.423 -1.0191 0.3899,
-0.4242 -1.0185 0.3892,
-0.4256 -1.018 0.3888,
-0.4215 -1.0282 0.383,
-0.4221 -1.0271 0.3821,
-0.423 -1.0261 0.3814,
-0.4242 -1.0253 0.3809,
-0.4215 -1.0341 0.3734,
-0.4221 -1.0329 0.3727,
-0.423 -1.0318 0.3721,
-0.4242 -1.031 0.3717,
-0.4256 -1.0304 0.3714,
0.4272 1.2791 0.0639,
0.5728 1.2791 0.0639,
0.4272 1.4128 0.0592,
0.5728 1.4128 0.0592,
0.5787 1.4103 -0.0136,
0.5787 1.4126 0.0533,
0.5787 1.2766 -0.0089,
0.5787 1.2789 0.058,
0.4272 1.41 -0.0195,
0.5728 1.41 -0.0195,
0.4272 1.2764 -0.0148,
0.5728 1.2764 -0.0148,
0.4213 1.2766 -0.0089,
0.4213 1.2789 0.058,
0.4213 1.4103 -0.0136,
0.4213 1.4126 0.0533,
0.4272 1.2079 0.1157,
0.5728 1.2079 0.1157,
0.4272 1.2121 0.1062,
0.5728 1.2121 0.1062,
0.4272 1.2148 0.1017,
0.5728 1.2148 0.1017,
0.4272 1.2175 0.0973,
0.5728 1.2175 0.0973,
0.4272 1.224 0.0892,
0.5728 1.224 0.0892,
0.4272 1.2315 0.0821,
0.5728 1.2315 0.0821,
0.4272 1.2357 0.079,
0.5728 1.2357 0.079,
0.4272 1.2399 0.076,
0.5728 1.2399 0.076,
0.4272 1.249 0.071,
0.5728 1.249 0.071,
0.4272 1.2587 0.0673,
0.5728 1.2587 0.0673,
0.4272 1.2638 0.0661,
0.5728 1.2638 0.0661,
0.4272 1.2688 0.0649,
0.5728 1.2688 0.0649,
0.5787 1.2023 0.1136,
0.5787 1.1395 0.0908,
0.5787 1.2068 0.1034,
0.5787 1.1459 0.0757,
0.5787 1.2126 0.0939,
0.5787 1.2603 -0.0074,
0.5787 1.2678 0.0591,
0.5787 1.2443 -0.0042,
0.5787 1.257 0.0617,
0.5787 1.2287 0.0007,
0.5787 1.2466 0.0657,
0.5787 1.1539 0.0615,
0.5787 1.1633 0.0481,
0.5787 1.2196 0.0852,
0.5787 1.1742 0.0359,
0.5787 1.2277 0.0775,
0.5787 1.1863 0.025,
0.5787 1.2368 0.071,
0.5787 1.1995 0.0153,
0.5787 1.2137 0.0072,
0.4272 1.2595 -0.0133,
0.5728 1.2595 -0.0133,
0.4272 1.2532 -0.012,
0.5728 1.2532 -0.012,
0.4272 1.2428 -0.01,
0.5728 1.2428 -0.01,
0.4272 1.2307 -0.0061,
0.5728 1.2307 -0.0061,
0.4272 1.2266 -0.0049,
0.5728 1.2266 -0.0049,
0.4272 1.2111 0.0019,
0.5728 1.2111 0.0019,
0.4272 1.2092 0.003,
0.5728 1.2092 0.003,
0.4272 1.1963 0.0104,
0.5728 1.1963 0.0104,
0.4272 1.1895 0.0154,
0.5728 1.1895 0.0154,
0.4272 1.1826 0.0204,
0.5728 1.1826 0.0204,
0.4272 1.1716 0.0303,
0.5728 1.1716 0.0303,
0.4272 1.17 0.0318,
0.5728 1.17 0.0318,
0.4272 1.1587 0.0445,
0.5728 1.1587 0.0445,
0.4272 1.1563 0.0479,
0.5728 1.1563 0.0479,
0.4272 1.1489 0.0583,
0.5728 1.1489 0.0583,
0.4272 1.1437 0.0676,
0.5728 1.1437 0.0676,
0.4272 1.1406 0.0731,
0.5728 1.1406 0.0731,
0.4272 1.1339 0.0887,
0.5728 1.1339 0.0887,
0.4213 1.2678 0.0591,
0.4213 1.2603 -0.0074,
0.4213 1.257 0.0617,
0.4213 1.1395 0.0908,
0.4213 1.2023 0.1136,
0.4213 1.1459 0.0757,
0.4213 1.2068 0.1034,
0.4213 1.1539 0.0615,
0.4213 1.2126 0.0939,
0.4213 1.1633 0.0481,
0.4213 1.2196 0.0852,
0.4213 1.2443 -0.0042,
0.4213 1.2287 0.0007,
0.4213 1.2466 0.0657,
0.4213 1.2137 0.0072,
0.4213 1.2368 0.071,
0.4213 1.1995 0.0153,
0.4213 1.2277 0.0775,
0.4213 1.1863 0.025,
0.4213 1.1742 0.0359,
0.4272 1.1086 0.3885,
0.5728 1.1086 0.3885,
0.5787 1.0401 0.3636,
0.5787 1.103 0.3865,
0.4272 1.0346 0.3616,
0.5728 1.0346 0.3616,
0.4213 1.0401 0.3636,
0.4213 1.103 0.3865,
0.5728 1.1023 0.4033,
0.4272 1.1023 0.4033,
0.5728 1.0985 0.4103,
0.4272 1.0985 0.4103,
0.5728 1.0946 0.4173,
0.4272 1.0946 0.4173,
0.5728 1.0855 0.4305,
0.4272 1.0855 0.4305,
0.5728 1.0752 0.4427,
0.4272 1.0752 0.4427,
0.5728 1.0694 0.4483,
0.4272 1.0694 0.4483,
0.5728 1.0636 0.4538,
0.4272 1.0636 0.4538,
0.5728 1.0509 0.4636,
0.4272 1.0509 0.4636,
0.5728 1.0374 0.4722,
0.4272 1.0374 0.4722,
0.5728 1.0302 0.4757,
0.4272 1.0302 0.4757,
0.5728 1.023 0.4792,
0.4272 1.023 0.4792,
0.5728 1.008 0.4848,
0.4272 1.008 0.4848,
0.5728 0.9925 0.4889,
0.4272 0.9925 0.4889,
0.5728 0.9845 0.4901,
0.4272 0.9845 0.4901,
0.5728 0.9766 0.4913,
0.4272 0.9766 0.4913,
0.5728 0.9606 0.4921,
0.4272 0.9606 0.4921,
0.5787 1.0355 0.3741,
0.5787 0.9606 0.4862,
0.5787 0.9606 0.4193,
0.5787 0.976 0.4854,
0.5787 0.9721 0.4185,
0.5787 0.9913 0.4831,
0.5787 0.9833 0.4162,
0.5787 1.0137 0.4005,
0.5787 1.0475 0.4588,
0.5787 1.0043 0.4071,
0.5787 1.0345 0.467,
0.5787 0.9941 0.4124,
0.5787 1.0206 0.4738,
0.5787 1.0062 0.4792,
0.5787 1.097 0.4007,
0.5787 1.0896 0.4142,
0.5787 1.0295 0.3839,
0.5787 1.0809 0.4269,
0.5787 1.0222 0.3927,
0.5787 1.0709 0.4387,
0.5787 1.0597 0.4493,
0.5728 0.9606 0.4134,
0.4272 0.9606 0.4134,
0.5728 0.9713 0.4127,
0.4272 0.9713 0.4127,
0.5728 0.9765 0.4116,
0.4272 0.9765 0.4116,
0.5728 0.9817 0.4105,
0.4272 0.9817 0.4105,
0.5728 0.9918 0.4069,
0.4272 0.9918 0.4069,
0.5728 1.0013 0.4021,
0.4272 1.0013 0.4021,
0.5728 1.0057 0.399,
0.4272 1.0057 0.399,
0.5728 1.01 0.3959,
0.4272 1.01 0.3959,
0.5728 1.0179 0.3887,
0.4272 1.0179 0.3887,
0.5728 1.0247 0.3804,
0.4272 1.0247 0.3804,
0.5728 1.0275 0.3759,
0.4272 1.0275 0.3759,
0.5728 1.0303 0.3713,
0.4272 1.0303 0.3713,
0.4213 0.9721 0.4185,
0.4213 0.9606 0.4193,
0.4213 0.9606 0.4862,
0.4213 1.097 0.4007,
0.4213 1.0355 0.3741,
0.4213 1.0896 0.4142,
0.4213 1.0295 0.3839,
0.4213 1.0043 0.4071,
0.4213 1.0475 0.4588,
0.4213 1.0137 0.4005,
0.4213 1.0597 0.4493,
0.4213 1.0222 0.3927,
0.4213 1.0709 0.4387,
0.4213 1.0809 0.4269,
0.4213 0.976 0.4854,
0.4213 0.9913 0.4831,
0.4213 0.9833 0.4162,
0.4213 1.0062 0.4792,
0.4213 0.9941 0.4124,
0.4213 1.0206 0.4738,
0.4213 1.0345 0.467,
0.4213 0.9055 0.4193,
0.4213 0.9055 0.4862,
0.4272 0.9055 0.4921,
0.5728 0.9055 0.4921,
0.5787 0.9055 0.4193,
0.5787 0.9055 0.4862,
0.4272 0.9055 0.4134,
0.5728 0.9055 0.4134,
0.4272 1.4162 -0.0138,
0.4272 1.4185 0.0531,
0.5728 1.4162 -0.0138,
0.5728 1.4185 0.0531,
0.5744 0.9055 0.4136,
0.4256 0.9055 0.4919,
0.4242 0.9055 0.4142,
0.4215 0.9055 0.4178,
0.423 0.9055 0.4151,
0.4221 0.9055 0.4163,
0.5785 0.9055 0.4877,
0.4256 0.9055 0.4136,
0.5779 0.9055 0.4892,
0.577 0.9055 0.4904,
0.5758 0.9055 0.4142,
0.577 0.9055 0.4151,
0.5758 0.9055 0.4913,
0.5744 0.9055 0.4919,
0.4242 0.9055 0.4913,
0.423 0.9055 0.4904,
0.5779 0.9055 0.4163,
0.5785 0.9055 0.4178,
0.4221 0.9055 0.4892,
0.4215 0.9055 0.4877,
0.5744 0.9606 0.4919,
0.5758 0.9606 0.4913,
0.577 0.9606 0.4904,
0.5779 0.9606 0.4892,
0.5785 0.9606 0.4877,
0.5785 1.1045 0.387,
0.5785 1.0984 0.4014,
0.5779 1.1058 0.3875,
0.5779 1.0997 0.402,
0.577 1.107 0.3879,
0.577 1.1008 0.4025,
0.5758 1.1078 0.3882,
0.5758 1.1016 0.4029,
0.5744 1.1084 0.3884,
0.5744 1.1022 0.4032,
0.5744 1.0945 0.4172,
0.5744 1.0854 0.4304,
0.5744 1.075 0.4426,
0.5744 1.0634 0.4536,
0.5744 1.0508 0.4635,
0.5744 1.0373 0.472,
0.5744 1.0229 0.4791,
0.5744 1.0079 0.4846,
0.5744 0.9924 0.4887,
0.5744 0.9766 0.4911,
0.5758 1.094 0.4169,
0.5758 1.0849 0.43,
0.5758 1.0746 0.4422,
0.5758 1.0631 0.4532,
0.5758 1.0505 0.463,
0.5758 1.037 0.4715,
0.5758 1.0227 0.4785,
0.5758 1.0077 0.4841,
0.5758 0.9923 0.4881,
0.5758 0.9765 0.4905,
0.577 1.0932 0.4164,
0.577 1.0842 0.4295,
0.577 1.0739 0.4415,
0.577 1.0624 0.4525,
0.577 1.0499 0.4622,
0.577 1.0365 0.4706,
0.577 1.0223 0.4777,
0.577 1.0074 0.4832,
0.577 0.9921 0.4872,
0.577 0.9764 0.4896,
0.5779 1.0921 0.4158,
0.5779 1.0832 0.4287,
0.5779 1.073 0.4407,
0.5779 1.0616 0.4516,
0.5779 1.0492 0.4612,
0.5779 1.0359 0.4696,
0.5779 1.0218 0.4765,
0.5779 1.0071 0.482,
0.5779 0.9919 0.486,
0.5779 0.9763 0.4884,
0.5785 1.0909 0.415,
0.5785 1.0821 0.4278,
0.5785 1.072 0.4397,
0.5785 1.0607 0.4505,
0.5785 1.0484 0.4601,
0.5785 1.0352 0.4683,
0.5785 1.0212 0.4752,
0.5785 1.0066 0.4807,
0.5785 0.9916 0.4846,
0.5785 0.9762 0.487,
0.5785 0.9606 0.4178,
0.5779 0.9606 0.4163,
0.577 0.9606 0.4151,
0.5758 0.9606 0.4142,
0.5744 0.9606 0.4136,
0.5785 1.2038 0.1142,
0.5779 1.2051 0.1147,
0.577 1.2063 0.1151,
0.5758 1.2072 0.1154,
0.5744 1.2077 0.1156,
0.4215 0.9606 0.4877,
0.4221 0.9606 0.4892,
0.423 0.9606 0.4904,
0.4242 0.9606 0.4913,
0.4256 0.9606 0.4919,
0.5744 0.9818 0.4107,
0.5744 1.0102 0.3961,
0.5744 1.0304 0.3714,
0.5785 1.0387 0.3631,
0.5785 1.0341 0.3734,
0.5779 1.0374 0.3626,
0.5779 1.0329 0.3727,
0.577 1.0362 0.3622,
0.577 1.0318 0.3721,
0.5758 1.0353 0.3618,
0.5758 1.031 0.3717,
0.5744 1.0348 0.3616,
0.5785 1.0282 0.383,
0.5779 1.0271 0.3821,
0.577 1.0261 0.3814,
0.5758 1.0253 0.3809,
0.5744 1.0248 0.3805,
0.5785 1.0211 0.3917,
0.5779 1.02 0.3907,
0.577 1.0191 0.3899,
0.5758 1.0185 0.3892,
0.5744 1.018 0.3888,
0.5785 1.0128 0.3993,
0.5779 1.0119 0.3982,
0.577 1.0111 0.3973,
0.5758 1.0105 0.3965,
0.5785 1.0036 0.4058,
0.5779 1.0028 0.4046,
0.577 1.0022 0.4035,
0.5758 1.0017 0.4027,
0.5744 1.0014 0.4022,
0.5785 0.9935 0.411,
0.5779 0.993 0.4097,
0.577 0.9925 0.4085,
0.5758 0.9921 0.4077,
0.5744 0.9919 0.4071,
0.5785 0.9829 0.4147,
0.5779 0.9825 0.4133,
0.577 0.9822 0.4122,
0.5758 0.9819 0.4113,
0.5785 0.9719 0.417,
0.5779 0.9717 0.4156,
0.577 0.9715 0.4144,
0.5758 0.9714 0.4134,
0.5744 0.9713 0.4129,
0.5744 1.2587 0.0671,
0.5744 1.2314 0.0819,
0.5744 1.2119 0.1061,
0.5785 1.2082 0.1041,
0.5779 1.2095 0.1048,
0.577 1.2105 0.1054,
0.5758 1.2114 0.1058,
0.5785 1.2139 0.0948,
0.5779 1.2151 0.0956,
0.577 1.2161 0.0963,
0.5758 1.2168 0.0969,
0.5744 1.2173 0.0972,
0.5785 1.2208 0.0863,
0.5779 1.2218 0.0872,
0.577 1.2227 0.0881,
0.5758 1.2234 0.0887,
0.5744 1.2238 0.0891,
0.5785 1.2287 0.0787,
0.5779 1.2296 0.0798,
0.577 1.2304 0.0808,
0.5758 1.231 0.0815,
0.5744 1.2398 0.0758,
0.5758 1.2395 0.0753,
0.577 1.239 0.0745,
0.5779 1.2383 0.0735,
0.5785 1.2376 0.0723,
0.5785 1.2472 0.0671,
0.5779 1.2478 0.0684,
0.577 1.2483 0.0695,
0.5758 1.2487 0.0703,
0.5744 1.2489 0.0709,
0.5785 1.2574 0.0632,
0.5779 1.2579 0.0645,
0.577 1.2582 0.0657,
0.5758 1.2585 0.0666,
0.5785 1.2681 0.0606,
0.5779 1.2683 0.062,
0.577 1.2685 0.0632,
0.5758 1.2687 0.0642,
0.5744 1.2688 0.0648,
0.5785 1.279 0.0595,
0.5779 1.279 0.061,
0.577 1.2791 0.0622,
0.5758 1.2791 0.0631,
0.5744 1.2791 0.0637,
0.4215 0.9762 0.487,
0.4221 0.9763 0.4884,
0.423 0.9764 0.4896,
0.4242 0.9765 0.4905,
0.4256 0.9766 0.4911,
0.4256 0.9924 0.4887,
0.4256 1.0079 0.4846,
0.4256 1.0229 0.4791,
0.4256 1.0373 0.472,
0.4256 1.0508 0.4635,
0.4256 1.0634 0.4536,
0.4256 1.075 0.4426,
0.4256 1.0854 0.4304,
0.4256 1.0945 0.4172,
0.4256 1.1022 0.4032,
0.4256 1.1084 0.3884,
0.4242 0.9923 0.4881,
0.4242 1.0077 0.4841,
0.4242 1.0227 0.4785,
0.4242 1.037 0.4715,
0.4242 1.0505 0.463,
0.4242 1.0631 0.4532,
0.4242 1.0746 0.4422,
0.4242 1.0849 0.43,
0.4242 1.094 0.4169,
0.4242 1.1016 0.4029,
0.4242 1.1078 0.3882,
0.423 0.9921 0.4872,
0.423 1.0074 0.4832,
0.423 1.0223 0.4777,
0.423 1.0365 0.4706,
0.423 1.0499 0.4622,
0.423 1.0624 0.4525,
0.423 1.0739 0.4415,
0.423 1.0842 0.4295,
0.423 1.0932 0.4164,
0.423 1.1008 0.4025,
0.423 1.107 0.3879,
0.4221 0.9919 0.486,
0.4221 1.0071 0.482,
0.4221 1.0218 0.4765,
0.4221 1.0359 0.4696,
0.4221 1.0492 0.4612,
0.4221 1.0616 0.4516,
0.4221 1.073 0.4407,
0.4221 1.0832 0.4287,
0.4221 1.0921 0.4158,
0.4221 1.0997 0.402,
0.4221 1.1058 0.3875,
0.4215 0.9916 0.4846,
0.4215 1.0066 0.4807,
0.4215 1.0212 0.4752,
0.4215 1.0352 0.4683,
0.4215 1.0484 0.4601,
0.4215 1.0607 0.4505,
0.4215 1.072 0.4397,
0.4215 1.0821 0.4278,
0.4215 1.0909 0.415,
0.4215 1.0984 0.4014,
0.4215 1.1045 0.387,
0.5744 1.1341 0.0888,
0.5758 1.1346 0.089,
0.577 1.1355 0.0893,
0.5779 1.1367 0.0897,
0.5785 1.138 0.0902,
0.5786 1.4126 0.0544,
0.5785 1.4126 0.0549,
0.5782 1.4127 0.0557,
0.5779 1.4127 0.0563,
0.5775 1.4127 0.0568,
0.577 1.4127 0.0575,
0.5766 1.4127 0.0578,
0.5758 1.4128 0.0584,
0.5755 1.4128 0.0585,
0.5744 1.4128 0.059,
0.5743 1.4128 0.059,
0.5743 1.4128 0.059,
0.574 1.4128 0.0591,
0.5737 1.4128 0.0591,
0.5734 1.4128 0.0592,
0.5731 1.4128 0.0592,
0.5729 1.4128 0.0592,
0.4256 1.2077 0.1156,
0.4242 1.2072 0.1154,
0.423 1.2063 0.1151,
0.4221 1.2051 0.1147,
0.4215 1.2038 0.1142,
0.5785 1.1445 0.075,
0.5779 1.1432 0.0744,
0.577 1.1421 0.0739,
0.5758 1.1413 0.0735,
0.5744 1.1407 0.0732,
0.5744 1.1589 0.0446,
0.5744 1.149 0.0584,
0.5744 1.1701 0.0319,
0.5744 1.1827 0.0205,
0.5744 1.1964 0.0106,
0.5744 1.2112 0.0021,
0.5744 1.2595 -0.0131,
0.5744 1.2429 -0.0098,
0.5744 1.2267 -0.0047,
0.5744 1.2764 -0.0146,
0.5758 1.1495 0.0587,
0.5758 1.1593 0.045,
0.5758 1.1706 0.0323,
0.5758 1.1831 0.021,
0.5758 1.1968 0.0111,
0.5758 1.2114 0.0026,
0.5758 1.2269 -0.0041,
0.5758 1.243 -0.0092,
0.5758 1.2596 -0.0125,
0.5758 1.2764 -0.014,
0.577 1.1503 0.0592,
0.577 1.1601 0.0455,
0.577 1.1712 0.033,
0.577 1.1837 0.0217,
0.577 1.1973 0.0118,
0.577 1.2118 0.0035,
0.577 1.2272 -0.0032,
0.577 1.2432 -0.0083,
0.577 1.2597 -0.0116,
0.577 1.2765 -0.0131,
0.5779 1.1514 0.0599,
0.5779 1.161 0.0463,
0.5779 1.1721 0.0339,
0.5779 1.1844 0.0227,
0.5779 1.1979 0.0129,
0.5779 1.2124 0.0046,
0.5779 1.2277 -0.0021,
0.5779 1.2436 -0.0071,
0.5779 1.2599 -0.0104,
0.5779 1.2765 -0.0118,
0.5785 1.1526 0.0606,
0.5785 1.1621 0.0472,
0.5785 1.1731 0.0349,
0.5785 1.1853 0.0238,
0.5785 1.1987 0.0141,
0.5785 1.213 0.0059,
0.5785 1.2282 -0.0008,
0.5785 1.2439 -0.0057,
0.5785 1.2601 -0.0089,
0.5785 1.2765 -0.0104,
0.5785 1.4141 0.0533,
0.5781 1.4151 0.0532,
0.5781 1.4151 0.0544,
0.5779 1.4155 0.0532,
0.5774 1.4162 0.0532,
0.5774 1.4162 0.0544,
0.577 1.4168 0.0532,
0.5765 1.4172 0.0532,
0.5765 1.4171 0.0544,
0.5758 1.4177 0.0532,
0.5754 1.4179 0.0532,
0.5754 1.4178 0.0544,
0.5744 1.4183 0.0531,
0.5742 1.4183 0.0531,
0.5741 1.4182 0.0544,
0.5786 1.4139 0.0533,
0.5785 1.4138 0.0544,
0.5781 1.4138 0.0557,
0.5775 1.4136 0.0568,
0.5766 1.4134 0.0578,
0.5755 1.4132 0.0586,
0.5743 1.4129 0.0591,
0.5732 1.414 0.0591,
0.5734 1.4152 0.0586,
0.5728 1.4153 0.0586,
0.5728 1.4141 0.0591,
0.5728 1.4143 0.059,
0.5739 1.4172 0.0568,
0.5728 1.4169 0.0573,
0.5737 1.4163 0.0578,
0.5728 1.4164 0.0578,
0.5728 1.4157 0.0583,
0.574 1.4179 0.0557,
0.5728 1.4178 0.0561,
0.5728 1.4173 0.0568,
0.5728 1.4184 0.0544,
0.5728 1.4183 0.0547,
0.5728 1.418 0.0557,
0.5735 1.4139 0.0591,
0.574 1.415 0.0586,
0.5745 1.416 0.0578,
0.5749 1.4169 0.0568,
0.5752 1.4175 0.0557,
0.5738 1.4137 0.0591,
0.5745 1.4147 0.0586,
0.5752 1.4156 0.0578,
0.5758 1.4163 0.0568,
0.5762 1.4168 0.0557,
0.574 1.4135 0.0591,
0.575 1.4143 0.0586,
0.5758 1.415 0.0578,
0.5766 1.4155 0.0568,
0.5771 1.4159 0.0557,
0.5742 1.4132 0.0591,
0.5753 1.4138 0.0586,
0.5763 1.4142 0.0578,
0.5771 1.4146 0.0568,
0.5777 1.4149 0.0557,
0.4256 1.2173 0.0972,
0.4256 1.2398 0.0758,
0.4256 1.2688 0.0648,
0.4215 1.279 0.0595,
0.4215 1.2681 0.0606,
0.4221 1.279 0.061,
0.4221 1.2683 0.062,
0.423 1.2791 0.0622,
0.423 1.2685 0.0632,
0.4242 1.2791 0.0631,
0.4242 1.2687 0.0642,
0.4256 1.2791 0.0637,
0.4256 1.2587 0.0671,
0.4242 1.2585 0.0666,
0.423 1.2582 0.0657,
0.4221 1.2579 0.0645,
0.4215 1.2574 0.0632,
0.4215 1.2472 0.0671,
0.4221 1.2478 0.0684,
0.423 1.2483 0.0695,
0.4242 1.2487 0.0703,
0.4256 1.2489 0.0709,
0.4215 1.2376 0.0723,
0.4221 1.2383 0.0735,
0.423 1.239 0.0745,
0.4242 1.2395 0.0753,
0.4215 1.2287 0.0787,
0.4221 1.2296 0.0798,
0.423 1.2304 0.0808,
0.4242 1.231 0.0815,
0.4256 1.2314 0.0819,
0.4215 1.2208 0.0863,
0.4221 1.2218 0.0872,
0.423 1.2227 0.0881,
0.4242 1.2234 0.0887,
0.4256 1.2238 0.0891,
0.4215 1.2139 0.0948,
0.4221 1.2151 0.0956,
0.423 1.2161 0.0963,
0.4242 1.2168 0.0969,
0.4256 1.2119 0.1061,
0.4242 1.2114 0.1058,
0.423 1.2105 0.1054,
0.4221 1.2095 0.1048,
0.4215 1.2082 0.1041,
0.5732 1.41 -0.0194,
0.5735 1.4101 -0.0194,
0.573 1.41 -0.0194,
0.5739 1.4101 -0.0193,
0.5741 1.4101 -0.0193,
0.5742 1.4101 -0.0193,
0.5744 1.4101 -0.0193,
0.5754 1.4101 -0.0188,
0.5758 1.4101 -0.0187,
0.5765 1.4101 -0.0181,
0.577 1.4101 -0.0177,
0.5774 1.4101 -0.0172,
0.5779 1.4102 -0.0165,
0.5781 1.4102 -0.0161,
0.5785 1.4102 -0.0151,
0.5786 1.4102 -0.0148,
0.5785 1.4118 -0.0136,
0.5779 1.4132 -0.0137,
0.577 1.4144 -0.0137,
0.5758 1.4154 -0.0137,
0.5744 1.416 -0.0138,
0.4272 1.4141 0.0591,
0.4272 1.4143 0.059,
0.4272 1.4153 0.0586,
0.4272 1.4157 0.0583,
0.4272 1.4164 0.0578,
0.4272 1.4169 0.0573,
0.4272 1.4173 0.0568,
0.4272 1.4178 0.0561,
0.4272 1.418 0.0557,
0.4272 1.4183 0.0547,
0.4272 1.4184 0.0544,
0.4271 1.4128 0.0592,
0.4269 1.4128 0.0592,
0.4266 1.4128 0.0592,
0.4257 1.4128 0.059,
0.4257 1.4128 0.059,
0.4263 1.4128 0.0591,
0.426 1.4128 0.0591,
0.4256 1.4128 0.059,
0.4245 1.4128 0.0585,
0.4242 1.4128 0.0584,
0.4234 1.4127 0.0578,
0.423 1.4127 0.0575,
0.4225 1.4127 0.0568,
0.4221 1.4127 0.0563,
0.4218 1.4127 0.0557,
0.4215 1.4126 0.0549,
0.4214 1.4126 0.0544,
0.5742 1.4103 -0.0193,
0.5728 1.4103 -0.0195,
0.5765 1.4103 -0.0182,
0.5754 1.4103 -0.0189,
0.5775 1.4103 -0.0172,
0.5782 1.4103 -0.0161,
0.5786 1.4103 -0.0148,
0.5728 1.416 -0.0148,
0.5743 1.4158 -0.0148,
0.5728 1.4159 -0.0153,
0.5742 1.4154 -0.0161,
0.574 1.4147 -0.0172,
0.5728 1.4153 -0.0167,
0.5728 1.4155 -0.0161,
0.5735 1.4127 -0.0189,
0.5728 1.4139 -0.0181,
0.5738 1.4138 -0.0182,
0.5728 1.4143 -0.0179,
0.5728 1.4149 -0.0172,
0.5728 1.4116 -0.0193,
0.5732 1.4115 -0.0193,
0.5728 1.4116 -0.0193,
0.5728 1.413 -0.0188,
0.5757 1.4152 -0.0148,
0.5755 1.4149 -0.0161,
0.5752 1.4143 -0.0172,
0.5747 1.4135 -0.0182,
0.5741 1.4125 -0.0189,
0.5735 1.4114 -0.0193,
0.5769 1.4143 -0.0148,
0.5766 1.414 -0.0161,
0.5761 1.4135 -0.0172,
0.5755 1.4129 -0.0182,
0.5747 1.4121 -0.0189,
0.5738 1.4112 -0.0193,
0.5778 1.4131 -0.0148,
0.5784 1.4117 -0.0148,
0.5775 1.4129 -0.0161,
0.578 1.4116 -0.0161,
0.5769 1.4126 -0.0172,
0.5773 1.4115 -0.0172,
0.576 1.4121 -0.0182,
0.5764 1.4112 -0.0182,
0.5751 1.4115 -0.0189,
0.5753 1.4109 -0.0189,
0.574 1.4109 -0.0193,
0.5741 1.4106 -0.0193,
0.4225 1.4136 0.0568,
0.4234 1.4134 0.0578,
0.4245 1.4132 0.0586,
0.4257 1.4129 0.0591,
0.4214 1.4139 0.0533,
0.4215 1.4138 0.0544,
0.4215 1.4141 0.0533,
0.4219 1.4151 0.0544,
0.4219 1.4151 0.0532,
0.4221 1.4155 0.0532,
0.4226 1.4162 0.0544,
0.4226 1.4162 0.0532,
0.423 1.4168 0.0532,
0.4235 1.4171 0.0544,
0.4235 1.4172 0.0532,
0.4242 1.4177 0.0532,
0.4246 1.4178 0.0544,
0.4246 1.4179 0.0532,
0.4256 1.4183 0.0531,
0.4259 1.4182 0.0544,
0.4258 1.4183 0.0531,
0.4258 1.4132 0.0591,
0.426 1.4135 0.0591,
0.4262 1.4137 0.0591,
0.4265 1.4139 0.0591,
0.4268 1.414 0.0591,
0.4219 1.4138 0.0557,
0.4266 1.4152 0.0586,
0.426 1.415 0.0586,
0.4255 1.4147 0.0586,
0.425 1.4143 0.0586,
0.4247 1.4138 0.0586,
0.4237 1.4142 0.0578,
0.4242 1.415 0.0578,
0.4248 1.4156 0.0578,
0.4255 1.416 0.0578,
0.4263 1.4163 0.0578,
0.4261 1.4172 0.0568,
0.4251 1.4169 0.0568,
0.4242 1.4163 0.0568,
0.4234 1.4155 0.0568,
0.4229 1.4146 0.0568,
0.4223 1.4149 0.0557,
0.4229 1.4159 0.0557,
0.4238 1.4168 0.0557,
0.4248 1.4175 0.0557,
0.426 1.4179 0.0557,
0.4272 1.4103 -0.0195,
0.4272 1.4116 -0.0193,
0.4272 1.4116 -0.0193,
0.4272 1.413 -0.0188,
0.4272 1.416 -0.0148,
0.4272 1.4159 -0.0153,
0.4272 1.4155 -0.0161,
0.4272 1.4153 -0.0167,
0.4272 1.4149 -0.0172,
0.4272 1.4143 -0.0179,
0.4272 1.4139 -0.0181,
0.4215 1.4118 -0.0136,
0.4221 1.4132 -0.0137,
0.423 1.4144 -0.0137,
0.4242 1.4154 -0.0137,
0.4256 1.416 -0.0138,
0.4268 1.4115 -0.0193,
0.4262 1.4138 -0.0182,
0.427 1.41 -0.0194,
0.4265 1.4101 -0.0194,
0.4268 1.41 -0.0194,
0.4261 1.4101 -0.0193,
0.4259 1.4101 -0.0193,
0.4258 1.4101 -0.0193,
0.4214 1.4103 -0.0148,
0.4214 1.4102 -0.0148,
0.4215 1.4102 -0.0151,
0.4218 1.4103 -0.0161,
0.4219 1.4102 -0.0161,
0.4221 1.4102 -0.0165,
0.4225 1.4103 -0.0172,
0.4226 1.4101 -0.0172,
0.423 1.4101 -0.0177,
0.4235 1.4103 -0.0182,
0.4235 1.4101 -0.0181,
0.4242 1.4101 -0.0187,
0.4246 1.4103 -0.0189,
0.4246 1.4101 -0.0188,
0.4256 1.4101 -0.0193,
0.4258 1.4103 -0.0193,
0.4257 1.4158 -0.0148,
0.4258 1.4154 -0.0161,
0.4243 1.4152 -0.0148,
0.4245 1.4149 -0.0161,
0.4248 1.4143 -0.0172,
0.426 1.4147 -0.0172,
0.4253 1.4135 -0.0182,
0.4259 1.4125 -0.0189,
0.4265 1.4127 -0.0189,
0.4265 1.4114 -0.0193,
0.4216 1.4117 -0.0148,
0.422 1.4116 -0.0161,
0.4227 1.4115 -0.0172,
0.4236 1.4112 -0.0182,
0.4247 1.4109 -0.0189,
0.4259 1.4106 -0.0193,
0.4222 1.4131 -0.0148,
0.4231 1.4143 -0.0148,
0.4225 1.4129 -0.0161,
0.4234 1.414 -0.0161,
0.4231 1.4126 -0.0172,
0.4239 1.4135 -0.0172,
0.424 1.4121 -0.0182,
0.4245 1.4129 -0.0182,
0.4249 1.4115 -0.0189,
0.4253 1.4121 -0.0189,
0.426 1.4109 -0.0193,
0.4262 1.4112 -0.0193,
0.4215 1.2765 -0.0104,
0.4221 1.2765 -0.0118,
0.423 1.2765 -0.0131,
0.4242 1.2764 -0.014,
0.4256 1.2764 -0.0146,
0.4215 1.2601 -0.0089,
0.4221 1.2599 -0.0104,
0.423 1.2597 -0.0116,
0.4242 1.2596 -0.0125,
0.4256 1.2595 -0.0131,
0.4256 1.2267 -0.0047,
0.4256 1.2429 -0.0098,
0.4256 1.2112 0.0021,
0.4256 1.1964 0.0106,
0.4256 1.1827 0.0205,
0.4256 1.1701 0.0319,
0.4256 1.1407 0.0732,
0.4256 1.149 0.0584,
0.4256 1.1589 0.0446,
0.4256 1.1341 0.0888,
0.4242 1.243 -0.0092,
0.4242 1.2269 -0.0041,
0.4242 1.2114 0.0026,
0.4242 1.1968 0.0111,
0.4242 1.1831 0.021,
0.4242 1.1706 0.0323,
0.4242 1.1593 0.045,
0.4242 1.1495 0.0587,
0.4242 1.1413 0.0735,
0.4242 1.1346 0.089,
0.423 1.2432 -0.0083,
0.423 1.2272 -0.0032,
0.423 1.2118 0.0035,
0.423 1.1973 0.0118,
0.423 1.1837 0.0217,
0.423 1.1712 0.033,
0.423 1.1601 0.0455,
0.423 1.1503 0.0592,
0.423 1.1421 0.0739,
0.423 1.1355 0.0893,
0.4221 1.2436 -0.0071,
0.4221 1.2277 -0.0021,
0.4221 1.2124 0.0046,
0.4221 1.1979 0.0129,
0.4221 1.1844 0.0227,
0.4221 1.1721 0.0339,
0.4221 1.161 0.0463,
0.4221 1.1514 0.0599,
0.4221 1.1432 0.0744,
0.4221 1.1367 0.0897,
0.4215 1.2439 -0.0057,
0.4215 1.2282 -0.0008,
0.4215 1.213 0.0059,
0.4215 1.1987 0.0141,
0.4215 1.1853 0.0238,
0.4215 1.1731 0.0349,
0.4215 1.1621 0.0472,
0.4215 1.1526 0.0606,
0.4215 1.1445 0.075,
0.4215 1.138 0.0902,
0.4215 1.0387 0.3631,
0.4221 1.0374 0.3626,
0.423 1.0362 0.3622,
0.4242 1.0353 0.3618,
0.4256 1.0348 0.3616,
0.4256 1.0248 0.3805,
0.4256 1.0014 0.4022,
0.4256 0.9713 0.4129,
0.4215 0.9606 0.4178,
0.4215 0.9719 0.417,
0.4221 0.9606 0.4163,
0.4221 0.9717 0.4156,
0.423 0.9606 0.4151,
0.423 0.9715 0.4144,
0.4242 0.9606 0.4142,
0.4242 0.9714 0.4134,
0.4256 0.9606 0.4136,
0.4256 0.9818 0.4107,
0.4242 0.9819 0.4113,
0.423 0.9822 0.4122,
0.4221 0.9825 0.4133,
0.4215 0.9829 0.4147,
0.4215 0.9935 0.411,
0.4221 0.993 0.4097,
0.423 0.9925 0.4085,
0.4242 0.9921 0.4077,
0.4256 0.9919 0.4071,
0.4215 1.0036 0.4058,
0.4221 1.0028 0.4046,
0.423 1.0022 0.4035,
0.4242 1.0017 0.4027,
0.4256 1.0102 0.3961,
0.4242 1.0105 0.3965,
0.423 1.0111 0.3973,
0.4221 1.0119 0.3982,
0.4215 1.0128 0.3993,
0.4215 1.0211 0.3917,
0.4221 1.02 0.3907,
0.423 1.0191 0.3899,
0.4242 1.0185 0.3892,
0.4256 1.018 0.3888,
0.4215 1.0282 0.383,
0.4221 1.0271 0.3821,
0.423 1.0261 0.3814,
0.4242 1.0253 0.3809,
0.4256 1.0304 0.3714,
0.4242 1.031 0.3717,
0.423 1.0318 0.3721,
0.4221 1.0329 0.3727,
0.4215 1.0341 0.3734,
-0.5728 1.2791 0.0639,
-0.4272 1.2791 0.0639,
-0.5728 1.4128 0.0592,
-0.4272 1.4128 0.0592,
-0.4213 1.4103 -0.0136,
-0.4213 1.4126 0.0533,
-0.4213 1.2766 -0.0089,
-0.4213 1.2789 0.058,
-0.5728 1.41 -0.0195,
-0.4272 1.41 -0.0195,
-0.5728 1.2764 -0.0148,
-0.4272 1.2764 -0.0148,
-0.5787 1.2766 -0.0089,
-0.5787 1.2789 0.058,
-0.5787 1.4103 -0.0136,
-0.5787 1.4126 0.0533,
-0.5728 1.2079 0.1157,
-0.4272 1.2079 0.1157,
-0.5728 1.2121 0.1062,
-0.4272 1.2121 0.1062,
-0.5728 1.2148 0.1017,
-0.4272 1.2148 0.1017,
-0.5728 1.2175 0.0973,
-0.4272 1.2175 0.0973,
-0.5728 1.224 0.0892,
-0.4272 1.224 0.0892,
-0.5728 1.2315 0.0821,
-0.4272 1.2315 0.0821,
-0.5728 1.2357 0.079,
-0.4272 1.2357 0.079,
-0.5728 1.2399 0.076,
-0.4272 1.2399 0.076,
-0.5728 1.249 0.071,
-0.4272 1.249 0.071,
-0.5728 1.2587 0.0673,
-0.4272 1.2587 0.0673,
-0.5728 1.2638 0.0661,
-0.4272 1.2638 0.0661,
-0.5728 1.2688 0.0649,
-0.4272 1.2688 0.0649,
-0.4213 1.2023 0.1136,
-0.4213 1.1395 0.0908,
-0.4213 1.2068 0.1034,
-0.4213 1.1459 0.0757,
-0.4213 1.2126 0.0939,
-0.4213 1.2603 -0.0074,
-0.4213 1.2678 0.0591,
-0.4213 1.2443 -0.0042,
-0.4213 1.257 0.0617,
-0.4213 1.2287 0.0007,
-0.4213 1.2466 0.0657,
-0.4213 1.1539 0.0615,
-0.4213 1.1633 0.0481,
-0.4213 1.2196 0.0852,
-0.4213 1.1742 0.0359,
-0.4213 1.2277 0.0775,
-0.4213 1.1863 0.025,
-0.4213 1.2368 0.071,
-0.4213 1.1995 0.0153,
-0.4213 1.2137 0.0072,
-0.5728 1.2595 -0.0133,
-0.4272 1.2595 -0.0133,
-0.5728 1.2532 -0.012,
-0.4272 1.2532 -0.012,
-0.5728 1.2428 -0.01,
-0.4272 1.2428 -0.01,
-0.5728 1.2307 -0.0061,
-0.4272 1.2307 -0.0061,
-0.5728 1.2266 -0.0049,
-0.4272 1.2266 -0.0049,
-0.5728 1.2111 0.0019,
-0.4272 1.2111 0.0019,
-0.5728 1.2092 0.003,
-0.4272 1.2092 0.003,
-0.5728 1.1963 0.0104,
-0.4272 1.1963 0.0104,
-0.5728 1.1895 0.0154,
-0.4272 1.1895 0.0154,
-0.5728 1.1826 0.0204,
-0.4272 1.1826 0.0204,
-0.5728 1.1716 0.0303,
-0.4272 1.1716 0.0303,
-0.5728 1.17 0.0318,
-0.4272 1.17 0.0318,
-0.5728 1.1587 0.0445,
-0.4272 1.1587 0.0445,
-0.5728 1.1563 0.0479,
-0.4272 1.1563 0.0479,
-0.5728 1.1489 0.0583,
-0.4272 1.1489 0.0583,
-0.5728 1.1437 0.0676,
-0.4272 1.1437 0.0676,
-0.5728 1.1406 0.0731,
-0.4272 1.1406 0.0731,
-0.5728 1.1339 0.0887,
-0.4272 1.1339 0.0887,
-0.5787 1.2678 0.0591,
-0.5787 1.2603 -0.0074,
-0.5787 1.257 0.0617,
-0.5787 1.1395 0.0908,
-0.5787 1.2023 0.1136,
-0.5787 1.1459 0.0757,
-0.5787 1.2068 0.1034,
-0.5787 1.1539 0.0615,
-0.5787 1.2126 0.0939,
-0.5787 1.1633 0.0481,
-0.5787 1.2196 0.0852,
-0.5787 1.2443 -0.0042,
-0.5787 1.2287 0.0007,
-0.5787 1.2466 0.0657,
-0.5787 1.2137 0.0072,
-0.5787 1.2368 0.071,
-0.5787 1.1995 0.0153,
-0.5787 1.2277 0.0775,
-0.5787 1.1863 0.025,
-0.5787 1.1742 0.0359,
-0.5728 1.1086 0.3885,
-0.4272 1.1086 0.3885,
-0.4213 1.0401 0.3636,
-0.4213 1.103 0.3865,
-0.5728 1.0346 0.3616,
-0.4272 1.0346 0.3616,
-0.5787 1.0401 0.3636,
-0.5787 1.103 0.3865,
-0.4272 1.1023 0.4033,
-0.5728 1.1023 0.4033,
-0.4272 1.0985 0.4103,
-0.5728 1.0985 0.4103,
-0.4272 1.0946 0.4173,
-0.5728 1.0946 0.4173,
-0.4272 1.0855 0.4305,
-0.5728 1.0855 0.4305,
-0.4272 1.0752 0.4427,
-0.5728 1.0752 0.4427,
-0.4272 1.0694 0.4483,
-0.5728 1.0694 0.4483,
-0.4272 1.0636 0.4538,
-0.5728 1.0636 0.4538,
-0.4272 1.0509 0.4636,
-0.5728 1.0509 0.4636,
-0.4272 1.0374 0.4722,
-0.5728 1.0374 0.4722,
-0.4272 1.0302 0.4757,
-0.5728 1.0302 0.4757,
-0.4272 1.023 0.4792,
-0.5728 1.023 0.4792,
-0.4272 1.008 0.4848,
-0.5728 1.008 0.4848,
-0.4272 0.9925 0.4889,
-0.5728 0.9925 0.4889,
-0.4272 0.9845 0.4901,
-0.5728 0.9845 0.4901,
-0.4272 0.9766 0.4913,
-0.5728 0.9766 0.4913,
-0.4272 0.9606 0.4921,
-0.5728 0.9606 0.4921,
-0.4213 1.0355 0.3741,
-0.4213 0.9606 0.4862,
-0.4213 0.9606 0.4193,
-0.4213 0.976 0.4854,
-0.4213 0.9721 0.4185,
-0.4213 0.9913 0.4831,
-0.4213 0.9833 0.4162,
-0.4213 1.0137 0.4005,
-0.4213 1.0475 0.4588,
-0.4213 1.0043 0.4071,
-0.4213 1.0345 0.467,
-0.4213 0.9941 0.4124,
-0.4213 1.0206 0.4738,
-0.4213 1.0062 0.4792,
-0.4213 1.097 0.4007,
-0.4213 1.0896 0.4142,
-0.4213 1.0295 0.3839,
-0.4213 1.0809 0.4269,
-0.4213 1.0222 0.3927,
-0.4213 1.0709 0.4387,
-0.4213 1.0597 0.4493,
-0.4272 0.9606 0.4134,
-0.5728 0.9606 0.4134,
-0.4272 0.9713 0.4127,
-0.5728 0.9713 0.4127,
-0.4272 0.9765 0.4116,
-0.5728 0.9765 0.4116,
-0.4272 0.9817 0.4105,
-0.5728 0.9817 0.4105,
-0.4272 0.9918 0.4069,
-0.5728 0.9918 0.4069,
-0.4272 1.0013 0.4021,
-0.5728 1.0013 0.4021,
-0.4272 1.0057 0.399,
-0.5728 1.0057 0.399,
-0.4272 1.01 0.3959,
-0.5728 1.01 0.3959,
-0.4272 1.0179 0.3887,
-0.5728 1.0179 0.3887,
-0.4272 1.0247 0.3804,
-0.5728 1.0247 0.3804,
-0.4272 1.0275 0.3759,
-0.5728 1.0275 0.3759,
-0.4272 1.0303 0.3713,
-0.5728 1.0303 0.3713,
-0.5787 0.9721 0.4185,
-0.5787 0.9606 0.4193,
-0.5787 0.9606 0.4862,
-0.5787 1.097 0.4007,
-0.5787 1.0355 0.3741,
-0.5787 1.0896 0.4142,
-0.5787 1.0295 0.3839,
-0.5787 1.0043 0.4071,
-0.5787 1.0475 0.4588,
-0.5787 1.0137 0.4005,
-0.5787 1.0597 0.4493,
-0.5787 1.0222 0.3927,
-0.5787 1.0709 0.4387,
-0.5787 1.0809 0.4269,
-0.5787 0.976 0.4854,
-0.5787 0.9913 0.4831,
-0.5787 0.9833 0.4162,
-0.5787 1.0062 0.4792,
-0.5787 0.9941 0.4124,
-0.5787 1.0206 0.4738,
-0.5787 1.0345 0.467,
-0.5787 0.9055 0.4193,
-0.5787 0.9055 0.4862,
-0.5728 0.9055 0.4921,
-0.4272 0.9055 0.4921,
-0.4213 0.9055 0.4193,
-0.4213 0.9055 0.4862,
-0.5728 0.9055 0.4134,
-0.4272 0.9055 0.4134,
-0.5728 1.4162 -0.0138,
-0.5728 1.4185 0.0531,
-0.4272 1.4162 -0.0138,
-0.4272 1.4185 0.0531,
-0.4256 0.9055 0.4136,
-0.5744 0.9055 0.4919,
-0.5758 0.9055 0.4142,
-0.5785 0.9055 0.4178,
-0.577 0.9055 0.4151,
-0.5779 0.9055 0.4163,
-0.4215 0.9055 0.4877,
-0.5744 0.9055 0.4136,
-0.4221 0.9055 0.4892,
-0.423 0.9055 0.4904,
-0.4242 0.9055 0.4142,
-0.423 0.9055 0.4151,
-0.4242 0.9055 0.4913,
-0.4256 0.9055 0.4919,
-0.5758 0.9055 0.4913,
-0.577 0.9055 0.4904,
-0.4221 0.9055 0.4163,
-0.4215 0.9055 0.4178,
-0.5779 0.9055 0.4892,
-0.5785 0.9055 0.4877,
-0.4256 0.9606 0.4919,
-0.4242 0.9606 0.4913,
-0.423 0.9606 0.4904,
-0.4221 0.9606 0.4892,
-0.4215 0.9606 0.4877,
-0.4215 1.1045 0.387,
-0.4215 1.0984 0.4014,
-0.4221 1.1058 0.3875,
-0.4221 1.0997 0.402,
-0.423 1.107 0.3879,
-0.423 1.1008 0.4025,
-0.4242 1.1078 0.3882,
-0.4242 1.1016 0.4029,
-0.4256 1.1084 0.3884,
-0.4256 1.1022 0.4032,
-0.4256 1.0945 0.4172,
-0.4256 1.0854 0.4304,
-0.4256 1.075 0.4426,
-0.4256 1.0634 0.4536,
-0.4256 1.0508 0.4635,
-0.4256 1.0373 0.472,
-0.4256 1.0229 0.4791,
-0.4256 1.0079 0.4846,
-0.4256 0.9924 0.4887,
-0.4256 0.9766 0.4911,
-0.4242 1.094 0.4169,
-0.4242 1.0849 0.43,
-0.4242 1.0746 0.4422,
-0.4242 1.0631 0.4532,
-0.4242 1.0505 0.463,
-0.4242 1.037 0.4715,
-0.4242 1.0227 0.4785,
-0.4242 1.0077 0.4841,
-0.4242 0.9923 0.4881,
-0.4242 0.9765 0.4905,
-0.423 1.0932 0.4164,
-0.423 1.0842 0.4295,
-0.423 1.0739 0.4415,
-0.423 1.0624 0.4525,
-0.423 1.0499 0.4622,
-0.423 1.0365 0.4706,
-0.423 1.0223 0.4777,
-0.423 1.0074 0.4832,
-0.423 0.9921 0.4872,
-0.423 0.9764 0.4896,
-0.4221 1.0921 0.4158,
-0.4221 1.0832 0.4287,
-0.4221 1.073 0.4407,
-0.4221 1.0616 0.4516,
-0.4221 1.0492 0.4612,
-0.4221 1.0359 0.4696,
-0.4221 1.0218 0.4765,
-0.4221 1.0071 0.482,
-0.4221 0.9919 0.486,
-0.4221 0.9763 0.4884,
-0.4215 1.0909 0.415,
-0.4215 1.0821 0.4278,
-0.4215 1.072 0.4397,
-0.4215 1.0607 0.4505,
-0.4215 1.0484 0.4601,
-0.4215 1.0352 0.4683,
-0.4215 1.0212 0.4752,
-0.4215 1.0066 0.4807,
-0.4215 0.9916 0.4846,
-0.4215 0.9762 0.487,
-0.4215 0.9606 0.4178,
-0.4221 0.9606 0.4163,
-0.423 0.9606 0.4151,
-0.4242 0.9606 0.4142,
-0.4256 0.9606 0.4136,
-0.4215 1.2038 0.1142,
-0.4221 1.2051 0.1147,
-0.423 1.2063 0.1151,
-0.4242 1.2072 0.1154,
-0.4256 1.2077 0.1156,
-0.5785 0.9606 0.4877,
-0.5779 0.9606 0.4892,
-0.577 0.9606 0.4904,
-0.5758 0.9606 0.4913,
-0.5744 0.9606 0.4919,
-0.4256 0.9818 0.4107,
-0.4256 1.0102 0.3961,
-0.4256 1.0304 0.3714,
-0.4215 1.0387 0.3631,
-0.4215 1.0341 0.3734,
-0.4221 1.0374 0.3626,
-0.4221 1.0329 0.3727,
-0.423 1.0362 0.3622,
-0.423 1.0318 0.3721,
-0.4242 1.0353 0.3618,
-0.4242 1.031 0.3717,
-0.4256 1.0348 0.3616,
-0.4215 1.0282 0.383,
-0.4221 1.0271 0.3821,
-0.423 1.0261 0.3814,
-0.4242 1.0253 0.3809,
-0.4256 1.0248 0.3805,
-0.4215 1.0211 0.3917,
-0.4221 1.02 0.3907,
-0.423 1.0191 0.3899,
-0.4242 1.0185 0.3892,
-0.4256 1.018 0.3888,
-0.4215 1.0128 0.3993,
-0.4221 1.0119 0.3982,
-0.423 1.0111 0.3973,
-0.4242 1.0105 0.3965,
-0.4215 1.0036 0.4058,
-0.4221 1.0028 0.4046,
-0.423 1.0022 0.4035,
-0.4242 1.0017 0.4027,
-0.4256 1.0014 0.4022,
-0.4215 0.9935 0.411,
-0.4221 0.993 0.4097,
-0.423 0.9925 0.4085,
-0.4242 0.9921 0.4077,
-0.4256 0.9919 0.4071,
-0.4215 0.9829 0.4147,
-0.4221 0.9825 0.4133,
-0.423 0.9822 0.4122,
-0.4242 0.9819 0.4113,
-0.4215 0.9719 0.417,
-0.4221 0.9717 0.4156,
-0.423 0.9715 0.4144,
-0.4242 0.9714 0.4134,
-0.4256 0.9713 0.4129,
-0.4256 1.2587 0.0671,
-0.4256 1.2314 0.0819,
-0.4256 1.2119 0.1061,
-0.4215 1.2082 0.1041,
-0.4221 1.2095 0.1048,
-0.423 1.2105 0.1054,
-0.4242 1.2114 0.1058,
-0.4215 1.2139 0.0948,
-0.4221 1.2151 0.0956,
-0.423 1.2161 0.0963,
-0.4242 1.2168 0.0969,
-0.4256 1.2173 0.0972,
-0.4215 1.2208 0.0863,
-0.4221 1.2218 0.0872,
-0.423 1.2227 0.0881,
-0.4242 1.2234 0.0887,
-0.4256 1.2238 0.0891,
-0.4215 1.2287 0.0787,
-0.4221 1.2296 0.0798,
-0.423 1.2304 0.0808,
-0.4242 1.231 0.0815,
-0.4256 1.2398 0.0758,
-0.4242 1.2395 0.0753,
-0.423 1.239 0.0745,
-0.4221 1.2383 0.0735,
-0.4215 1.2376 0.0723,
-0.4215 1.2472 0.0671,
-0.4221 1.2478 0.0684,
-0.423 1.2483 0.0695,
-0.4242 1.2487 0.0703,
-0.4256 1.2489 0.0709,
-0.4215 1.2574 0.0632,
-0.4221 1.2579 0.0645,
-0.423 1.2582 0.0657,
-0.4242 1.2585 0.0666,
-0.4215 1.2681 0.0606,
-0.4221 1.2683 0.062,
-0.423 1.2685 0.0632,
-0.4242 1.2687 0.0642,
-0.4256 1.2688 0.0648,
-0.4215 1.279 0.0595,
-0.4221 1.279 0.061,
-0.423 1.2791 0.0622,
-0.4242 1.2791 0.0631,
-0.4256 1.2791 0.0637,
-0.5785 0.9762 0.487,
-0.5779 0.9763 0.4884,
-0.577 0.9764 0.4896,
-0.5758 0.9765 0.4905,
-0.5744 0.9766 0.4911,
-0.5744 0.9924 0.4887,
-0.5744 1.0079 0.4846,
-0.5744 1.0229 0.4791,
-0.5744 1.0373 0.472,
-0.5744 1.0508 0.4635,
-0.5744 1.0634 0.4536,
-0.5744 1.075 0.4426,
-0.5744 1.0854 0.4304,
-0.5744 1.0945 0.4172,
-0.5744 1.1022 0.4032,
-0.5744 1.1084 0.3884,
-0.5758 0.9923 0.4881,
-0.5758 1.0077 0.4841,
-0.5758 1.0227 0.4785,
-0.5758 1.037 0.4715,
-0.5758 1.0505 0.463,
-0.5758 1.0631 0.4532,
-0.5758 1.0746 0.4422,
-0.5758 1.0849 0.43,
-0.5758 1.094 0.4169,
-0.5758 1.1016 0.4029,
-0.5758 1.1078 0.3882,
-0.577 0.9921 0.4872,
-0.577 1.0074 0.4832,
-0.577 1.0223 0.4777,
-0.577 1.0365 0.4706,
-0.577 1.0499 0.4622,
-0.577 1.0624 0.4525,
-0.577 1.0739 0.4415,
-0.577 1.0842 0.4295,
-0.577 1.0932 0.4164,
-0.577 1.1008 0.4025,
-0.577 1.107 0.3879,
-0.5779 0.9919 0.486,
-0.5779 1.0071 0.482,
-0.5779 1.0218 0.4765,
-0.5779 1.0359 0.4696,
-0.5779 1.0492 0.4612,
-0.5779 1.0616 0.4516,
-0.5779 1.073 0.4407,
-0.5779 1.0832 0.4287,
-0.5779 1.0921 0.4158,
-0.5779 1.0997 0.402,
-0.5779 1.1058 0.3875,
-0.5785 0.9916 0.4846,
-0.5785 1.0066 0.4807,
-0.5785 1.0212 0.4752,
-0.5785 1.0352 0.4683,
-0.5785 1.0484 0.4601,
-0.5785 1.0607 0.4505,
-0.5785 1.072 0.4397,
-0.5785 1.0821 0.4278,
-0.5785 1.0909 0.415,
-0.5785 1.0984 0.4014,
-0.5785 1.1045 0.387,
-0.4256 1.1341 0.0888,
-0.4242 1.1346 0.089,
-0.423 1.1355 0.0893,
-0.4221 1.1367 0.0897,
-0.4215 1.138 0.0902,
-0.4214 1.4126 0.0544,
-0.4215 1.4126 0.0549,
-0.4218 1.4127 0.0557,
-0.4221 1.4127 0.0563,
-0.4225 1.4127 0.0568,
-0.423 1.4127 0.0575,
-0.4234 1.4127 0.0578,
-0.4242 1.4128 0.0584,
-0.4245 1.4128 0.0585,
-0.4256 1.4128 0.059,
-0.4257 1.4128 0.059,
-0.4257 1.4128 0.059,
-0.426 1.4128 0.0591,
-0.4263 1.4128 0.0591,
-0.4266 1.4128 0.0592,
-0.4269 1.4128 0.0592,
-0.4271 1.4128 0.0592,
-0.5744 1.2077 0.1156,
-0.5758 1.2072 0.1154,
-0.577 1.2063 0.1151,
-0.5779 1.2051 0.1147,
-0.5785 1.2038 0.1142,
-0.4215 1.1445 0.075,
-0.4221 1.1432 0.0744,
-0.423 1.1421 0.0739,
-0.4242 1.1413 0.0735,
-0.4256 1.1407 0.0732,
-0.4256 1.1589 0.0446,
-0.4256 1.149 0.0584,
-0.4256 1.1701 0.0319,
-0.4256 1.1827 0.0205,
-0.4256 1.1964 0.0106,
-0.4256 1.2112 0.0021,
-0.4256 1.2595 -0.0131,
-0.4256 1.2429 -0.0098,
-0.4256 1.2267 -0.0047,
-0.4256 1.2764 -0.0146,
-0.4242 1.1495 0.0587,
-0.4242 1.1593 0.045,
-0.4242 1.1706 0.0323,
-0.4242 1.1831 0.021,
-0.4242 1.1968 0.0111,
-0.4242 1.2114 0.0026,
-0.4242 1.2269 -0.0041,
-0.4242 1.243 -0.0092,
-0.4242 1.2596 -0.0125,
-0.4242 1.2764 -0.014,
-0.423 1.1503 0.0592,
-0.423 1.1601 0.0455,
-0.423 1.1712 0.033,
-0.423 1.1837 0.0217,
-0.423 1.1973 0.0118,
-0.423 1.2118 0.0035,
-0.423 1.2272 -0.0032,
-0.423 1.2432 -0.0083,
-0.423 1.2597 -0.0116,
-0.423 1.2765 -0.0131,
-0.4221 1.1514 0.0599,
-0.4221 1.161 0.0463,
-0.4221 1.1721 0.0339,
-0.4221 1.1844 0.0227,
-0.4221 1.1979 0.0129,
-0.4221 1.2124 0.0046,
-0.4221 1.2277 -0.0021,
-0.4221 1.2436 -0.0071,
-0.4221 1.2599 -0.0104,
-0.4221 1.2765 -0.0118,
-0.4215 1.1526 0.0606,
-0.4215 1.1621 0.0472,
-0.4215 1.1731 0.0349,
-0.4215 1.1853 0.0238,
-0.4215 1.1987 0.0141,
-0.4215 1.213 0.0059,
-0.4215 1.2282 -0.0008,
-0.4215 1.2439 -0.0057,
-0.4215 1.2601 -0.0089,
-0.4215 1.2765 -0.0104,
-0.4215 1.4141 0.0533,
-0.4219 1.4151 0.0532,
-0.4219 1.4151 0.0544,
-0.4221 1.4155 0.0532,
-0.4226 1.4162 0.0532,
-0.4226 1.4162 0.0544,
-0.423 1.4168 0.0532,
-0.4235 1.4172 0.0532,
-0.4235 1.4171 0.0544,
-0.4242 1.4177 0.0532,
-0.4246 1.4179 0.0532,
-0.4246 1.4178 0.0544,
-0.4256 1.4183 0.0531,
-0.4258 1.4183 0.0531,
-0.4259 1.4182 0.0544,
-0.4214 1.4139 0.0533,
-0.4215 1.4138 0.0544,
-0.4219 1.4138 0.0557,
-0.4225 1.4136 0.0568,
-0.4234 1.4134 0.0578,
-0.4245 1.4132 0.0586,
-0.4257 1.4129 0.0591,
-0.4268 1.414 0.0591,
-0.4266 1.4152 0.0586,
-0.4272 1.4153 0.0586,
-0.4272 1.4141 0.0591,
-0.4272 1.4143 0.059,
-0.4261 1.4172 0.0568,
-0.4272 1.4169 0.0573,
-0.4263 1.4163 0.0578,
-0.4272 1.4164 0.0578,
-0.4272 1.4157 0.0583,
-0.426 1.4179 0.0557,
-0.4272 1.4178 0.0561,
-0.4272 1.4173 0.0568,
-0.4272 1.4184 0.0544,
-0.4272 1.4183 0.0547,
-0.4272 1.418 0.0557,
-0.4265 1.4139 0.0591,
-0.426 1.415 0.0586,
-0.4255 1.416 0.0578,
-0.4251 1.4169 0.0568,
-0.4248 1.4175 0.0557,
-0.4262 1.4137 0.0591,
-0.4255 1.4147 0.0586,
-0.4248 1.4156 0.0578,
-0.4242 1.4163 0.0568,
-0.4238 1.4168 0.0557,
-0.426 1.4135 0.0591,
-0.425 1.4143 0.0586,
-0.4242 1.415 0.0578,
-0.4234 1.4155 0.0568,
-0.4229 1.4159 0.0557,
-0.4258 1.4132 0.0591,
-0.4247 1.4138 0.0586,
-0.4237 1.4142 0.0578,
-0.4229 1.4146 0.0568,
-0.4223 1.4149 0.0557,
-0.5744 1.2173 0.0972,
-0.5744 1.2398 0.0758,
-0.5744 1.2688 0.0648,
-0.5785 1.279 0.0595,
-0.5785 1.2681 0.0606,
-0.5779 1.279 0.061,
-0.5779 1.2683 0.062,
-0.577 1.2791 0.0622,
-0.577 1.2685 0.0632,
-0.5758 1.2791 0.0631,
-0.5758 1.2687 0.0642,
-0.5744 1.2791 0.0637,
-0.5744 1.2587 0.0671,
-0.5758 1.2585 0.0666,
-0.577 1.2582 0.0657,
-0.5779 1.2579 0.0645,
-0.5785 1.2574 0.0632,
-0.5785 1.2472 0.0671,
-0.5779 1.2478 0.0684,
-0.577 1.2483 0.0695,
-0.5758 1.2487 0.0703,
-0.5744 1.2489 0.0709,
-0.5785 1.2376 0.0723,
-0.5779 1.2383 0.0735,
-0.577 1.239 0.0745,
-0.5758 1.2395 0.0753,
-0.5785 1.2287 0.0787,
-0.5779 1.2296 0.0798,
-0.577 1.2304 0.0808,
-0.5758 1.231 0.0815,
-0.5744 1.2314 0.0819,
-0.5785 1.2208 0.0863,
-0.5779 1.2218 0.0872,
-0.577 1.2227 0.0881,
-0.5758 1.2234 0.0887,
-0.5744 1.2238 0.0891,
-0.5785 1.2139 0.0948,
-0.5779 1.2151 0.0956,
-0.577 1.2161 0.0963,
-0.5758 1.2168 0.0969,
-0.5744 1.2119 0.1061,
-0.5758 1.2114 0.1058,
-0.577 1.2105 0.1054,
-0.5779 1.2095 0.1048,
-0.5785 1.2082 0.1041,
-0.4268 1.41 -0.0194,
-0.4265 1.4101 -0.0194,
-0.427 1.41 -0.0194,
-0.4261 1.4101 -0.0193,
-0.4259 1.4101 -0.0193,
-0.4258 1.4101 -0.0193,
-0.4256 1.4101 -0.0193,
-0.4246 1.4101 -0.0188,
-0.4242 1.4101 -0.0187,
-0.4235 1.4101 -0.0181,
-0.423 1.4101 -0.0177,
-0.4226 1.4101 -0.0172,
-0.4221 1.4102 -0.0165,
-0.4219 1.4102 -0.0161,
-0.4215 1.4102 -0.0151,
-0.4214 1.4102 -0.0148,
-0.4215 1.4118 -0.0136,
-0.4221 1.4132 -0.0137,
-0.423 1.4144 -0.0137,
-0.4242 1.4154 -0.0137,
-0.4256 1.416 -0.0138,
-0.5728 1.4141 0.0591,
-0.5728 1.4143 0.059,
-0.5728 1.4153 0.0586,
-0.5728 1.4157 0.0583,
-0.5728 1.4164 0.0578,
-0.5728 1.4169 0.0573,
-0.5728 1.4173 0.0568,
-0.5728 1.4178 0.0561,
-0.5728 1.418 0.0557,
-0.5728 1.4183 0.0547,
-0.5728 1.4184 0.0544,
-0.5729 1.4128 0.0592,
-0.5731 1.4128 0.0592,
-0.5734 1.4128 0.0592,
-0.5743 1.4128 0.059,
-0.5743 1.4128 0.059,
-0.5737 1.4128 0.0591,
-0.574 1.4128 0.0591,
-0.5744 1.4128 0.059,
-0.5755 1.4128 0.0585,
-0.5758 1.4128 0.0584,
-0.5766 1.4127 0.0578,
-0.577 1.4127 0.0575,
-0.5775 1.4127 0.0568,
-0.5779 1.4127 0.0563,
-0.5782 1.4127 0.0557,
-0.5785 1.4126 0.0549,
-0.5786 1.4126 0.0544,
-0.4258 1.4103 -0.0193,
-0.4272 1.4103 -0.0195,
-0.4235 1.4103 -0.0182,
-0.4246 1.4103 -0.0189,
-0.4225 1.4103 -0.0172,
-0.4218 1.4103 -0.0161,
-0.4214 1.4103 -0.0148,
-0.4272 1.416 -0.0148,
-0.4257 1.4158 -0.0148,
-0.4272 1.4159 -0.0153,
-0.4258 1.4154 -0.0161,
-0.426 1.4147 -0.0172,
-0.4272 1.4153 -0.0167,
-0.4272 1.4155 -0.0161,
-0.4265 1.4127 -0.0189,
-0.4272 1.4139 -0.0181,
-0.4262 1.4138 -0.0182,
-0.4272 1.4143 -0.0179,
-0.4272 1.4149 -0.0172,
-0.4272 1.4116 -0.0193,
-0.4268 1.4115 -0.0193,
-0.4272 1.4116 -0.0193,
-0.4272 1.413 -0.0188,
-0.4243 1.4152 -0.0148,
-0.4245 1.4149 -0.0161,
-0.4248 1.4143 -0.0172,
-0.4253 1.4135 -0.0182,
-0.4259 1.4125 -0.0189,
-0.4265 1.4114 -0.0193,
-0.4231 1.4143 -0.0148,
-0.4234 1.414 -0.0161,
-0.4239 1.4135 -0.0172,
-0.4245 1.4129 -0.0182,
-0.4253 1.4121 -0.0189,
-0.4262 1.4112 -0.0193,
-0.4222 1.4131 -0.0148,
-0.4216 1.4117 -0.0148,
-0.4225 1.4129 -0.0161,
-0.422 1.4116 -0.0161,
-0.4231 1.4126 -0.0172,
-0.4227 1.4115 -0.0172,
-0.424 1.4121 -0.0182,
-0.4236 1.4112 -0.0182,
-0.4249 1.4115 -0.0189,
-0.4247 1.4109 -0.0189,
-0.426 1.4109 -0.0193,
-0.4259 1.4106 -0.0193,
-0.5775 1.4136 0.0568,
-0.5766 1.4134 0.0578,
-0.5755 1.4132 0.0586,
-0.5743 1.4129 0.0591,
-0.5786 1.4139 0.0533,
-0.5785 1.4138 0.0544,
-0.5785 1.4141 0.0533,
-0.5781 1.4151 0.0544,
-0.5781 1.4151 0.0532,
-0.5779 1.4155 0.0532,
-0.5774 1.4162 0.0544,
-0.5774 1.4162 0.0532,
-0.577 1.4168 0.0532,
-0.5765 1.4171 0.0544,
-0.5765 1.4172 0.0532,
-0.5758 1.4177 0.0532,
-0.5754 1.4178 0.0544,
-0.5754 1.4179 0.0532,
-0.5744 1.4183 0.0531,
-0.5741 1.4182 0.0544,
-0.5742 1.4183 0.0531,
-0.5742 1.4132 0.0591,
-0.574 1.4135 0.0591,
-0.5738 1.4137 0.0591,
-0.5735 1.4139 0.0591,
-0.5732 1.414 0.0591,
-0.5781 1.4138 0.0557,
-0.5734 1.4152 0.0586,
-0.574 1.415 0.0586,
-0.5745 1.4147 0.0586,
-0.575 1.4143 0.0586,
-0.5753 1.4138 0.0586,
-0.5763 1.4142 0.0578,
-0.5758 1.415 0.0578,
-0.5752 1.4156 0.0578,
-0.5745 1.416 0.0578,
-0.5737 1.4163 0.0578,
-0.5739 1.4172 0.0568,
-0.5749 1.4169 0.0568,
-0.5758 1.4163 0.0568,
-0.5766 1.4155 0.0568,
-0.5771 1.4146 0.0568,
-0.5777 1.4149 0.0557,
-0.5771 1.4159 0.0557,
-0.5762 1.4168 0.0557,
-0.5752 1.4175 0.0557,
-0.574 1.4179 0.0557,
-0.5728 1.4103 -0.0195,
-0.5728 1.4116 -0.0193,
-0.5728 1.4116 -0.0193,
-0.5728 1.413 -0.0188,
-0.5728 1.416 -0.0148,
-0.5728 1.4159 -0.0153,
-0.5728 1.4155 -0.0161,
-0.5728 1.4153 -0.0167,
-0.5728 1.4149 -0.0172,
-0.5728 1.4143 -0.0179,
-0.5728 1.4139 -0.0181,
-0.5785 1.4118 -0.0136,
-0.5779 1.4132 -0.0137,
-0.577 1.4144 -0.0137,
-0.5758 1.4154 -0.0137,
-0.5744 1.416 -0.0138,
-0.5732 1.4115 -0.0193,
-0.5738 1.4138 -0.0182,
-0.573 1.41 -0.0194,
-0.5735 1.4101 -0.0194,
-0.5732 1.41 -0.0194,
-0.5739 1.4101 -0.0193,
-0.5741 1.4101 -0.0193,
-0.5742 1.4101 -0.0193,
-0.5786 1.4103 -0.0148,
-0.5786 1.4102 -0.0148,
-0.5785 1.4102 -0.0151,
-0.5782 1.4103 -0.0161,
-0.5781 1.4102 -0.0161,
-0.5779 1.4102 -0.0165,
-0.5775 1.4103 -0.0172,
-0.5774 1.4101 -0.0172,
-0.577 1.4101 -0.0177,
-0.5765 1.4103 -0.0182,
-0.5765 1.4101 -0.0181,
-0.5758 1.4101 -0.0187,
-0.5754 1.4103 -0.0189,
-0.5754 1.4101 -0.0188,
-0.5744 1.4101 -0.0193,
-0.5742 1.4103 -0.0193,
-0.5743 1.4158 -0.0148,
-0.5742 1.4154 -0.0161,
-0.5757 1.4152 -0.0148,
-0.5755 1.4149 -0.0161,
-0.5752 1.4143 -0.0172,
-0.574 1.4147 -0.0172,
-0.5747 1.4135 -0.0182,
-0.5741 1.4125 -0.0189,
-0.5735 1.4127 -0.0189,
-0.5735 1.4114 -0.0193,
-0.5784 1.4117 -0.0148,
-0.578 1.4116 -0.0161,
-0.5773 1.4115 -0.0172,
-0.5764 1.4112 -0.0182,
-0.5753 1.4109 -0.0189,
-0.5741 1.4106 -0.0193,
-0.5778 1.4131 -0.0148,
-0.5769 1.4143 -0.0148,
-0.5775 1.4129 -0.0161,
-0.5766 1.414 -0.0161,
-0.5769 1.4126 -0.0172,
-0.5761 1.4135 -0.0172,
-0.576 1.4121 -0.0182,
-0.5755 1.4129 -0.0182,
-0.5751 1.4115 -0.0189,
-0.5747 1.4121 -0.0189,
-0.574 1.4109 -0.0193,
-0.5738 1.4112 -0.0193,
-0.5785 1.2765 -0.0104,
-0.5779 1.2765 -0.0118,
-0.577 1.2765 -0.0131,
-0.5758 1.2764 -0.014,
-0.5744 1.2764 -0.0146,
-0.5785 1.2601 -0.0089,
-0.5779 1.2599 -0.0104,
-0.577 1.2597 -0.0116,
-0.5758 1.2596 -0.0125,
-0.5744 1.2595 -0.0131,
-0.5744 1.2267 -0.0047,
-0.5744 1.2429 -0.0098,
-0.5744 1.2112 0.0021,
-0.5744 1.1964 0.0106,
-0.5744 1.1827 0.0205,
-0.5744 1.1701 0.0319,
-0.5744 1.1407 0.0732,
-0.5744 1.149 0.0584,
-0.5744 1.1589 0.0446,
-0.5744 1.1341 0.0888,
-0.5758 1.243 -0.0092,
-0.5758 1.2269 -0.0041,
-0.5758 1.2114 0.0026,
-0.5758 1.1968 0.0111,
-0.5758 1.1831 0.021,
-0.5758 1.1706 0.0323,
-0.5758 1.1593 0.045,
-0.5758 1.1495 0.0587,
-0.5758 1.1413 0.0735,
-0.5758 1.1346 0.089,
-0.577 1.2432 -0.0083,
-0.577 1.2272 -0.0032,
-0.577 1.2118 0.0035,
-0.577 1.1973 0.0118,
-0.577 1.1837 0.0217,
-0.577 1.1712 0.033,
-0.577 1.1601 0.0455,
-0.577 1.1503 0.0592,
-0.577 1.1421 0.0739,
-0.577 1.1355 0.0893,
-0.5779 1.2436 -0.0071,
-0.5779 1.2277 -0.0021,
-0.5779 1.2124 0.0046,
-0.5779 1.1979 0.0129,
-0.5779 1.1844 0.0227,
-0.5779 1.1721 0.0339,
-0.5779 1.161 0.0463,
-0.5779 1.1514 0.0599,
-0.5779 1.1432 0.0744,
-0.5779 1.1367 0.0897,
-0.5785 1.2439 -0.0057,
-0.5785 1.2282 -0.0008,
-0.5785 1.213 0.0059,
-0.5785 1.1987 0.0141,
-0.5785 1.1853 0.0238,
-0.5785 1.1731 0.0349,
-0.5785 1.1621 0.0472,
-0.5785 1.1526 0.0606,
-0.5785 1.1445 0.075,
-0.5785 1.138 0.0902,
-0.5785 1.0387 0.3631,
-0.5779 1.0374 0.3626,
-0.577 1.0362 0.3622,
-0.5758 1.0353 0.3618,
-0.5744 1.0348 0.3616,
-0.5744 1.0248 0.3805,
-0.5744 1.0014 0.4022,
-0.5744 0.9713 0.4129,
-0.5785 0.9606 0.4178,
-0.5785 0.9719 0.417,
-0.5779 0.9606 0.4163,
-0.5779 0.9717 0.4156,
-0.577 0.9606 0.4151,
-0.577 0.9715 0.4144,
-0.5758 0.9606 0.4142,
-0.5758 0.9714 0.4134,
-0.5744 0.9606 0.4136,
-0.5744 0.9818 0.4107,
-0.5758 0.9819 0.4113,
-0.577 0.9822 0.4122,
-0.5779 0.9825 0.4133,
-0.5785 0.9829 0.4147,
-0.5785 0.9935 0.411,
-0.5779 0.993 0.4097,
-0.577 0.9925 0.4085,
-0.5758 0.9921 0.4077,
-0.5744 0.9919 0.4071,
-0.5785 1.0036 0.4058,
-0.5779 1.0028 0.4046,
-0.577 1.0022 0.4035,
-0.5758 1.0017 0.4027,
-0.5744 1.0102 0.3961,
-0.5758 1.0105 0.3965,
-0.577 1.0111 0.3973,
-0.5779 1.0119 0.3982,
-0.5785 1.0128 0.3993,
-0.5785 1.0211 0.3917,
-0.5779 1.02 0.3907,
-0.577 1.0191 0.3899,
-0.5758 1.0185 0.3892,
-0.5744 1.018 0.3888,
-0.5785 1.0282 0.383,
-0.5779 1.0271 0.3821,
-0.577 1.0261 0.3814,
-0.5758 1.0253 0.3809,
-0.5744 1.0304 0.3714,
-0.5758 1.031 0.3717,
-0.577 1.0318 0.3721,
-0.5779 1.0329 0.3727,
-0.5785 1.0341 0.3734,
-0.0239 0.8128 0.0394,
-0.0162 -0.0347 0.0394,
-0.0239 -0.0438 0.0394,
-0.0162 -0.0434 0.0394,
0.0261 -0.0434 0.0394,
-0.0143 0.0267 0.0394,
0.0155 0.0267 0.0394,
0.0155 0.0008 0.0394,
0.0414 -0.0393 0.0394,
0.0414 -0.0306 0.0394,
0.0261 0.0354 0.0394,
0.0155 -0.0078 0.0394,
0.0155 -0.0347 0.0394,
-0.0123 -0.0078 0.0394,
-0.0123 0.0008 0.0394,
0.0804 -0.0407 0.0394,
0.1067 -0.0434 0.0394,
0.0728 -0.0433 0.0394,
0.0677 -0.0438 0.0394,
0.7734 -0.0438 0.0394,
0.1471 -0.0434 0.0394,
0.7734 0.8128 0.0394,
0.1471 0.0354 0.0394,
0.1365 0.0354 0.0394,
-0.0143 0.0354 0.0394,
0.0676 0.0268 0.0394,
0.0735 0.0247 0.0394,
0.0429 -0.0314 0.0394,
0.079 0.021 0.0394,
0.0837 0.0158 0.0394,
0.0895 -0.0048 0.0394,
0.0887 -0.0134 0.0394,
0.0865 -0.0201 0.0394,
0.069 -0.0349 0.0394,
0.0616 -0.0357 0.0394,
0.0747 -0.0327 0.0394,
0.0796 -0.0295 0.0394,
0.0833 -0.0256 0.0394,
0.0512 -0.0345 0.0394,
0.087 0.0097 0.0394,
0.0891 0.0013 0.0394,
0.0841 0.0288 0.0394,
0.0912 0.022 0.0394,
0.0959 0.0146 0.0394,
0.0868 -0.0366 0.0394,
0.0927 -0.0304 0.0394,
0.1067 -0.0347 0.0394,
0.0969 -0.0229 0.0394,
0.1365 -0.0347 0.0394,
0.0993 -0.0146 0.0394,
0.1 -0.0055 0.0394,
0.0989 0.0057 0.0394,
0.0767 0.0331 0.0394,
0.0679 0.0357 0.0394,
0.06 0.0363 0.0394,
0.0505 0.0357 0.0394,
0.0414 0.0332 0.0394,
0.0414 0.0226 0.0394,
0.0503 0.0264 0.0394,
0.0599 0.0277 0.0394,
0.0631 -0.0443 0.0394,
0.7734 -0.8128 0.0394,
0.061 -0.0443 0.0394,
-0.0239 -0.8128 0.0394,
0.0578 -0.0438 0.0394,
-0.7734 -0.8128 0.0394,
-0.7734 -0.0438 0.0394,
0.0498 -0.0427 0.0394,
-0.1007 -0.0434 0.0394,
-0.091 -0.0218 0.0394,
-0.0865 -0.0288 0.0394,
-0.1602 -0.0434 0.0394,
-0.1717 -0.0434 0.0394,
-0.141 0.0354 0.0394,
-0.7734 0.8128 0.0394,
-0.1304 0.0354 0.0394,
-0.08 -0.035 0.0394,
-0.0718 -0.0398 0.0394,
-0.0627 -0.0425 0.0394,
-0.0529 -0.0434 0.0394,
-0.0315 -0.0434 0.0394,
-0.0315 0.0354 0.0394,
-0.0538 0.0354 0.0394,
-0.083 0.0251 0.0394,
-0.0886 0.0189 0.0394,
-0.0922 0.0122 0.0394,
-0.0651 0.0342 0.0394,
-0.0743 0.0309 0.0394,
-0.0829 0.0252 0.0394,
-0.1122 -0.0434 0.0394,
-0.1197 -0.0213 0.0394,
-0.1522 -0.0213 0.0394,
-0.0943 0.0044 0.0394,
-0.0949 -0.003 0.0394,
-0.0938 -0.0135 0.0394,
0.7734 -0.8128 0.8661,
0.7734 -0.7636 0.8661,
0.2319 -0.7636 0.8661,
0.7734 -0.3157 0.8661,
0.2319 -0.3157 0.8661,
0.358 0.0854 0.8661,
0.358 -0.0443 0.8661,
0.3868 -0.0443 0.8661,
-0.3264 0.0856 0.8661,
-0.3169 0.0866 0.8661,
-0.4262 0.0866 0.8661,
-0.0919 0.0785 0.8661,
-0.0237 0.0866 0.8661,
-0.1105 0.0852 0.8661,
-0.1233 0.0866 0.8661,
-0.0636 -0.0801 0.8661,
-0.0784 -0.0951 0.8661,
-0.0237 -0.1127 0.8661,
-0.0527 -0.0618 0.8661,
-0.0948 -0.1052 0.8661,
-0.1138 -0.1115 0.8661,
-0.1254 -0.1127 0.8661,
-0.0748 0.067 0.8661,
-0.0602 0.0506 0.8661,
-0.0499 0.0309 0.8661,
-0.0443 0.009 0.8661,
-0.0429 -0.0107 0.8661,
-0.0455 -0.039 0.8661,
-0.1482 0.0866 0.8661,
-0.1343 0.0878 0.8661,
-0.0237 0.8128 0.8661,
-0.209 0.0543 0.8661,
-0.1937 0.0695 0.8661,
-0.2422 0.0866 0.8661,
-0.1755 0.0801 0.8661,
-0.2422 0.8128 0.8661,
-0.1556 0.0859 0.8661,
-0.1616 -0.1113 0.8661,
-0.1801 -0.105 0.8661,
-0.2422 -0.1127 0.8661,
-0.1962 -0.0947 0.8661,
-0.2302 -0.0154 0.8661,
-0.2275 0.0129 0.8661,
-0.2202 0.0358 0.8661,
-0.2103 -0.0801 0.8661,
-0.2212 -0.0617 0.8661,
-0.2279 -0.0404 0.8661,
-0.1488 -0.1127 0.8661,
-0.2422 -0.3157 0.8661,
-0.1375 -0.1139 0.8661,
-0.3363 -0.1127 0.8661,
-0.4262 -0.3157 0.8661,
-0.2614 0.0536 0.8661,
-0.2795 -0.0175 0.8661,
-0.2671 -0.0282 0.8661,
-0.2557 -0.0746 0.8661,
-0.2594 -0.0845 0.8661,
-0.2601 -0.0379 0.8661,
-0.256 -0.0477 0.8661,
-0.2542 -0.0607 0.8661,
-0.2657 -0.0938 0.8661,
-0.274 -0.101 0.8661,
-0.2851 -0.107 0.8661,
-0.3043 -0.1124 0.8661,
-0.3082 -0.1127 0.8661,
-0.3247 -0.1139 0.8661,
-0.306 -0.0024 0.8661,
-0.2763 0.0613 0.8661,
-0.3243 0.0073 0.8661,
-0.2931 0.0653 0.8661,
-0.3067 0.0662 0.8661,
-0.3449 0.0246 0.8661,
-0.3469 0.03 0.8661,
-0.3478 0.0375 0.8661,
-0.3415 0.0197 0.8661,
-0.3355 0.0144 0.8661,
-0.3426 0.053 0.8661,
-0.3454 0.0486 0.8661,
-0.3472 0.0435 0.8661,
-0.3205 0.0649 0.8661,
-0.3309 0.0616 0.8661,
-0.3381 0.0573 0.8661,
-0.3046 0.0878 0.8661,
-0.2827 0.0868 0.8661,
-0.2815 0.0866 0.8661,
-0.2614 0.0824 0.8661,
-0.4262 0.8128 0.8661,
-0.3679 -0.1067 0.8661,
-0.3742 -0.1037 0.8661,
-0.4262 -0.1127 0.8661,
-0.3742 -0.0749 0.8661,
-0.35 -0.1113 0.8661,
-0.3742 0.0349 0.8661,
-0.3724 0.0486 0.8661,
-0.3686 0.058 0.8661,
-0.3624 0.0665 0.8661,
-0.3519 -0.0058 0.8661,
-0.3624 0.0033 0.8661,
-0.3685 0.012 0.8661,
-0.3726 0.0222 0.8661,
-0.354 0.0739 0.8661,
-0.3429 0.0802 0.8661,
-0.3261 -0.0209 0.8661,
-0.3598 -0.0837 0.8661,
-0.2993 -0.0351 0.8661,
-0.3365 -0.0909 0.8661,
-0.2966 -0.0368 0.8661,
-0.3217 -0.0923 0.8661,
-0.3074 -0.0912 0.8661,
-0.2975 -0.0885 0.8661,
-0.2904 -0.0846 0.8661,
-0.2863 -0.0807 0.8661,
-0.2837 -0.0768 0.8661,
-0.2814 -0.0707 0.8661,
-0.2806 -0.0629 0.8661,
-0.2814 -0.0559 0.8661,
-0.2837 -0.0503 0.8661,
-0.2885 -0.0437 0.8661,
0.1323 0.0866 0.8661,
0.1323 0.8128 0.8661,
0.2319 0.0866 0.8661,
0.2319 0.8128 0.8661,
0.7734 0.0866 0.8661,
0.7734 0.8128 0.8661,
0.7734 -0.1127 0.8661,
0.358 -0.1115 0.8661,
0.2319 -0.1127 0.8661,
0.334 -0.1115 0.8661,
0.334 -0.0659 0.8661,
0.358 -0.0659 0.8661,
0.3868 -0.0659 0.8661,
0.3323 0.0854 0.8661,
0.3188 0.0605 0.8661,
0.2427 -0.0659 0.8661,
0.2427 -0.0454 0.8661,
0.2888 0.0138 0.8661,
0.1467 -0.0251 0.8661,
0.1323 -0.1127 0.8661,
0.2211 -0.0251 0.8661,
0.2211 -0.0443 0.8661,
0.1467 -0.0443 0.8661,
0.047 -0.0371 0.8661,
0.0219 -0.0371 0.8661,
0.0219 -0.1115 0.8661,
0.1114 -0.0028 0.8661,
0.1033 -0.0146 0.8661,
0.0916 -0.025 0.8661,
0.0771 -0.0326 0.8661,
0.0703 0.0838 0.8661,
0.0853 0.0794 0.8661,
0.1112 0.0566 0.8661,
0.1155 0.0456 0.8661,
0.1178 0.0299 0.8661,
0.1179 0.0264 0.8661,
0.116 0.0099 0.8661,
0.0511 0.0854 0.8661,
0.0969 0.0729 0.8661,
0.1041 0.0665 0.8661,
0.0615 -0.0364 0.8661,
-0.0045 -0.1115 0.8661,
-0.0045 0.0854 0.8661,
-0.0237 -0.3157 0.8661,
0.1323 -0.3157 0.8661,
-0.7242 0.8128 0.8661,
-0.7242 0.0866 0.8661,
-0.7242 -0.1127 0.8661,
-0.7242 -0.3157 0.8661,
0.1323 -0.7636 0.8661,
-0.0237 -0.7636 0.8661,
-0.2422 -0.7636 0.8661,
-0.4262 -0.7636 0.8661,
-0.5274 -0.7012 0.8661,
-0.507 -0.6856 0.8661,
-0.4914 -0.6652 0.8661,
-0.5511 -0.711 0.8661,
-0.5766 -0.7144 0.8661,
-0.7242 -0.7636 0.8661,
-0.6021 -0.711 0.8661,
-0.6258 -0.7012 0.8661,
-0.6462 -0.6856 0.8661,
-0.6618 -0.6652 0.8661,
-0.6258 -0.5307 0.8661,
-0.6462 -0.5464 0.8661,
-0.6618 -0.5668 0.8661,
-0.5274 -0.5307 0.8661,
-0.507 -0.5464 0.8661,
-0.4914 -0.5668 0.8661,
-0.4815 -0.5905 0.8661,
-0.4782 -0.616 0.8661,
-0.4815 -0.6414 0.8661,
-0.6717 -0.6414 0.8661,
-0.675 -0.616 0.8661,
-0.6717 -0.5905 0.8661,
-0.6021 -0.5209 0.8661,
-0.5766 -0.5175 0.8661,
-0.5511 -0.5209 0.8661,
-0.7734 0.8128 0.8661,
-0.7734 0.0866 0.8661,
-0.7734 -0.1127 0.8661,
-0.7734 -0.3157 0.8661,
-0.7734 -0.7636 0.8661,
0.2319 -0.8128 0.8661,
0.1323 -0.8128 0.8661,
-0.0237 -0.8128 0.8661,
-0.2422 -0.8128 0.8661,
-0.4262 -0.8128 0.8661,
-0.7242 -0.8128 0.8661,
-0.7734 -0.8128 0.8661,
0.8661 -0.8661 0.4134,
0.8661 0.8661 0.4134,
0.8661 -0.8661 0.4921,
0.8661 0.8661 0.4921,
-0.8268 0.9055 0.4921,
0.8268 0.9055 0.4921,
-0.8268 0.9055 0.4134,
0.8268 0.9055 0.4134,
-0.8661 0.8661 0.4134,
-0.8661 -0.8661 0.4134,
-0.8661 0.8661 0.4921,
-0.8661 -0.8661 0.4921,
0.8268 -0.9055 0.4921,
-0.8268 -0.9055 0.4921,
0.8268 -0.9055 0.4134,
-0.8268 -0.9055 0.4134,
-0.8273 -0.9055 0.4134,
-0.7734 -0.8517 0.0726,
0.7734 -0.8517 0.0726,
0.8273 -0.9055 0.4134,
0.8661 -0.8666 0.4134,
0.8123 -0.8128 0.0726,
0.8123 0.8128 0.0726,
0.8661 0.8666 0.4134,
-0.8661 0.8666 0.4134,
-0.8123 0.8128 0.0726,
-0.8123 -0.8128 0.0726,
-0.8661 -0.8666 0.4134,
0.8273 0.9055 0.4134,
0.7734 0.8517 0.0726,
-0.7734 0.8517 0.0726,
-0.8273 0.9055 0.4134,
-0.8273 0.9055 0.4921,
-0.7734 0.8517 0.8329,
0.7734 0.8517 0.8329,
0.8273 0.9055 0.4921,
-0.8661 -0.8666 0.4921,
-0.8123 -0.8128 0.8329,
-0.8123 0.8128 0.8329,
-0.8661 0.8666 0.4921,
0.8661 0.8666 0.4921,
0.8123 0.8128 0.8329,
0.8123 -0.8128 0.8329,
0.8661 -0.8666 0.4921,
0.8273 -0.9055 0.4921,
0.7734 -0.8517 0.8329,
-0.7734 -0.8517 0.8329,
-0.8273 -0.9055 0.4921,
0.7734 -0.822 0.0405,
-0.7734 -0.822 0.0405,
-0.7734 -0.8221 0.0405,
0.7734 -0.8221 0.0405,
-0.7734 -0.8307 0.0437,
0.7734 -0.8307 0.0437,
-0.7734 -0.8308 0.0437,
0.7734 -0.8308 0.0437,
-0.7734 -0.8384 0.0488,
0.7734 -0.8384 0.0488,
-0.7734 -0.8385 0.0489,
0.7734 -0.8385 0.0489,
-0.7734 -0.8447 0.0556,
0.7734 -0.8447 0.0556,
-0.7734 -0.8448 0.0558,
0.7734 -0.8448 0.0558,
-0.7734 -0.8492 0.0637,
0.7734 -0.8492 0.0637,
-0.7734 -0.8493 0.0639,
0.7734 -0.8493 0.0639,
0.7755 -0.8218 0.0405,
0.7807 -0.8186 0.0405,
0.7792 -0.82 0.0405,
0.7913 -0.8128 0.0437,
0.7914 -0.8128 0.0437,
0.791 -0.8168 0.0437,
0.799 -0.8128 0.0488,
0.7991 -0.8128 0.0489,
0.7985 -0.8185 0.0489,
0.8046 -0.8199 0.0558,
0.809 -0.8209 0.0639,
0.8063 -0.8286 0.0639,
0.8006 -0.84 0.0702,
0.7972 -0.8426 0.0703,
0.7962 -0.8413 0.0639,
0.7926 -0.8462 0.0704,
0.7901 -0.8473 0.0707,
0.7893 -0.8457 0.0639,
0.7834 -0.8502 0.0713,
0.782 -0.8504 0.0715,
0.7816 -0.8484 0.0639,
0.8079 -0.8294 0.0707,
0.8068 -0.832 0.0704,
0.8108 -0.8227 0.0713,
0.811 -0.8214 0.0715,
0.8099 -0.8128 0.0639,
0.8098 -0.8128 0.0637,
0.8054 -0.8128 0.0558,
0.8053 -0.8128 0.0556,
0.7806 -0.844 0.0558,
0.8023 -0.8267 0.0558,
0.802 -0.8356 0.0639,
0.8032 -0.8366 0.0703,
0.7792 -0.8379 0.0489,
0.7966 -0.824 0.0489,
0.7985 -0.8328 0.0558,
0.7774 -0.8303 0.0437,
0.7934 -0.8378 0.0558,
0.7935 -0.8288 0.0489,
0.7896 -0.8206 0.0437,
0.7825 -0.8149 0.0405,
0.7847 -0.8269 0.0437,
0.7873 -0.8416 0.0558,
0.7846 -0.836 0.0489,
0.7812 -0.829 0.0437,
0.7775 -0.8211 0.0405,
0.7826 -0.8128 0.0405,
0.7827 -0.8128 0.0405,
0.7895 -0.8329 0.0489,
0.7875 -0.824 0.0437,
0.7818 -0.8168 0.0405,
-0.7826 -0.8128 0.0405,
-0.7825 -0.8149 0.0405,
-0.7792 -0.82 0.0405,
-0.7807 -0.8186 0.0405,
-0.7774 -0.8303 0.0437,
-0.7792 -0.8379 0.0489,
-0.7806 -0.844 0.0558,
-0.7816 -0.8484 0.0639,
-0.7893 -0.8457 0.0639,
-0.8006 -0.84 0.0702,
-0.8032 -0.8366 0.0703,
-0.802 -0.8356 0.0639,
-0.8068 -0.832 0.0704,
-0.8079 -0.8294 0.0707,
-0.8063 -0.8286 0.0639,
-0.8108 -0.8227 0.0713,
-0.811 -0.8214 0.0715,
-0.809 -0.8209 0.0639,
-0.7901 -0.8473 0.0707,
-0.7926 -0.8462 0.0704,
-0.7834 -0.8502 0.0713,
-0.782 -0.8504 0.0715,
-0.8099 -0.8128 0.0639,
-0.8098 -0.8128 0.0637,
-0.8046 -0.8199 0.0558,
-0.7873 -0.8416 0.0558,
-0.7962 -0.8413 0.0639,
-0.7972 -0.8426 0.0703,
-0.8054 -0.8128 0.0558,
-0.8053 -0.8128 0.0556,
-0.7985 -0.8185 0.0489,
-0.7846 -0.836 0.0489,
-0.7934 -0.8378 0.0558,
-0.7991 -0.8128 0.0489,
-0.799 -0.8128 0.0488,
-0.791 -0.8168 0.0437,
-0.7985 -0.8328 0.0558,
-0.7895 -0.8329 0.0489,
-0.7812 -0.829 0.0437,
-0.7755 -0.8218 0.0405,
-0.7875 -0.824 0.0437,
-0.8023 -0.8267 0.0558,
-0.7966 -0.824 0.0489,
-0.7896 -0.8206 0.0437,
-0.7818 -0.8168 0.0405,
-0.7935 -0.8288 0.0489,
-0.7847 -0.8269 0.0437,
-0.7775 -0.8211 0.0405,
-0.7914 -0.8128 0.0437,
-0.7913 -0.8128 0.0437,
-0.7827 -0.8128 0.0405,
0.7826 0.8128 0.0405,
0.7827 0.8128 0.0405,
0.7913 0.8128 0.0437,
0.7914 0.8128 0.0437,
0.799 0.8128 0.0488,
0.7991 0.8128 0.0489,
0.8053 0.8128 0.0556,
0.8054 0.8128 0.0558,
0.8098 0.8128 0.0637,
0.8099 0.8128 0.0639,
0.8355 -0.9043 0.4128,
0.865 -0.8749 0.4128,
0.8647 -0.8766 0.4127,
0.862 -0.8831 0.4124,
0.8608 -0.886 0.4123,
0.8573 -0.8905 0.4122,
0.8546 -0.894 0.4121,
0.8511 -0.8967 0.4122,
0.8466 -0.9002 0.4123,
0.8437 -0.9014 0.4124,
0.8373 -0.9041 0.4127,
-0.8648 -0.8763 0.4127,
-0.8647 -0.8766 0.4127,
-0.8608 -0.8858 0.4123,
-0.8608 -0.886 0.4123,
-0.8546 -0.894 0.4121,
-0.837 -0.9041 0.4127,
-0.8373 -0.9041 0.4127,
-0.8464 -0.9002 0.4123,
-0.8466 -0.9002 0.4123,
-0.8099 0.8128 0.0639,
-0.8098 0.8128 0.0637,
-0.8054 0.8128 0.0558,
-0.8053 0.8128 0.0556,
-0.7991 0.8128 0.0489,
-0.799 0.8128 0.0488,
-0.7914 0.8128 0.0437,
-0.7913 0.8128 0.0437,
-0.7827 0.8128 0.0405,
-0.7826 0.8128 0.0405,
-0.7734 0.822 0.0405,
-0.7734 0.8493 0.0639,
0.7734 0.8493 0.0639,
-0.7734 0.8492 0.0637,
0.7734 0.8492 0.0637,
-0.7734 0.8448 0.0558,
0.7734 0.8448 0.0558,
-0.7734 0.8447 0.0556,
0.7734 0.8447 0.0556,
-0.7734 0.8385 0.0489,
0.7734 0.8385 0.0489,
-0.7734 0.8384 0.0488,
0.7734 0.8384 0.0488,
-0.7734 0.8308 0.0437,
0.7734 0.8308 0.0437,
-0.7734 0.8307 0.0437,
0.7734 0.8307 0.0437,
-0.7734 0.8221 0.0405,
0.7734 0.8221 0.0405,
0.7734 0.822 0.0405,
0.7824 0.8152 0.0405,
0.7781 0.8302 0.0437,
0.7801 0.8376 0.0489,
0.7817 0.8437 0.0558,
0.7829 0.8481 0.0639,
0.7917 0.8444 0.0639,
0.8108 0.8227 0.0713,
0.8068 0.832 0.0704,
0.8108 0.8228 0.0713,
0.8087 0.8223 0.0639,
0.7834 0.8502 0.0713,
0.7834 0.8501 0.0713,
0.7926 0.8462 0.0704,
0.7927 0.8461 0.0704,
0.8006 0.84 0.0702,
0.8043 0.8211 0.0558,
0.7894 0.8405 0.0558,
0.7992 0.8386 0.0639,
0.7983 0.8195 0.0489,
0.7863 0.8351 0.0489,
0.7961 0.8354 0.0558,
0.7908 0.8175 0.0437,
0.7916 0.831 0.0489,
0.7824 0.8284 0.0437,
0.7758 0.8217 0.0405,
0.8068 0.8321 0.0704,
0.805 0.8311 0.0639,
0.8011 0.8288 0.0558,
0.7957 0.8257 0.0489,
0.789 0.8218 0.0437,
0.7815 0.8174 0.0405,
0.7862 0.8255 0.0437,
0.7781 0.8208 0.0405,
0.78 0.8194 0.0405,
0.865 -0.8749 0.4927,
0.8647 -0.8766 0.4928,
0.862 -0.8831 0.4931,
0.8608 -0.886 0.4932,
0.8573 -0.8905 0.4933,
0.8546 -0.894 0.4934,
0.8511 -0.8967 0.4933,
0.8466 -0.9002 0.4932,
0.8437 -0.9014 0.4931,
0.8373 -0.9041 0.4928,
0.8355 -0.9043 0.4927,
-0.837 -0.9041 0.4928,
-0.8373 -0.9041 0.4928,
-0.8464 -0.9002 0.4932,
-0.8466 -0.9002 0.4932,
-0.8546 -0.894 0.4934,
-0.8608 -0.886 0.4932,
-0.8608 -0.8858 0.4932,
-0.8647 -0.8766 0.4928,
-0.8648 -0.8763 0.4928,
-0.7758 0.8217 0.0405,
-0.7908 0.8175 0.0437,
-0.7983 0.8195 0.0489,
-0.8043 0.8211 0.0558,
-0.8087 0.8223 0.0639,
-0.805 0.8311 0.0639,
-0.7834 0.8502 0.0713,
-0.7926 0.8462 0.0704,
-0.7834 0.8501 0.0713,
-0.7829 0.8481 0.0639,
-0.8108 0.8227 0.0713,
-0.8108 0.8228 0.0713,
-0.8068 0.832 0.0704,
-0.8068 0.8321 0.0704,
-0.8006 0.84 0.0702,
-0.7817 0.8437 0.0558,
-0.8011 0.8288 0.0558,
-0.7992 0.8386 0.0639,
-0.7801 0.8376 0.0489,
-0.7957 0.8257 0.0489,
-0.7961 0.8354 0.0558,
-0.7781 0.8302 0.0437,
-0.7916 0.831 0.0489,
-0.789 0.8218 0.0437,
-0.7824 0.8152 0.0405,
-0.7927 0.8461 0.0704,
-0.7917 0.8444 0.0639,
-0.7894 0.8405 0.0558,
-0.7863 0.8351 0.0489,
-0.7824 0.8284 0.0437,
-0.7781 0.8208 0.0405,
-0.7862 0.8255 0.0437,
-0.7815 0.8174 0.0405,
-0.78 0.8194 0.0405,
0.8608 0.886 0.4123,
0.8608 0.8858 0.4123,
0.8647 0.8766 0.4127,
0.8648 0.8763 0.4127,
0.8546 0.894 0.4121,
0.8466 0.9002 0.4123,
0.8464 0.9002 0.4123,
0.8373 0.9041 0.4127,
0.837 0.9041 0.4127,
0.8108 -0.8227 0.8342,
0.8068 -0.832 0.8351,
0.8108 -0.8228 0.8342,
0.8006 -0.84 0.8354,
0.8068 -0.8321 0.8351,
0.7927 -0.8461 0.8351,
0.7926 -0.8462 0.8351,
0.7834 -0.8501 0.8342,
0.7834 -0.8502 0.8342,
0.7734 -0.822 0.865,
-0.7734 -0.822 0.865,
0.7734 -0.8221 0.865,
-0.7734 -0.8221 0.865,
0.7734 -0.8307 0.8618,
-0.7734 -0.8307 0.8618,
0.7734 -0.8308 0.8618,
-0.7734 -0.8308 0.8618,
0.7734 -0.8384 0.8567,
-0.7734 -0.8384 0.8567,
0.7734 -0.8385 0.8566,
-0.7734 -0.8385 0.8566,
0.7734 -0.8447 0.8499,
-0.7734 -0.8447 0.8499,
0.7734 -0.8448 0.8497,
-0.7734 -0.8448 0.8497,
0.7734 -0.8492 0.8418,
-0.7734 -0.8492 0.8418,
0.7734 -0.8493 0.8416,
-0.7734 -0.8493 0.8416,
-0.782 -0.8504 0.8341,
-0.7834 -0.8502 0.8342,
-0.7901 -0.8473 0.8348,
-0.7926 -0.8462 0.8351,
-0.7972 -0.8426 0.8352,
-0.811 -0.8214 0.8341,
-0.8108 -0.8227 0.8342,
-0.8079 -0.8294 0.8348,
-0.8068 -0.832 0.8351,
-0.8032 -0.8366 0.8352,
-0.8006 -0.84 0.8354,
-0.8355 0.9043 0.4128,
-0.8373 0.9041 0.4127,
-0.8546 0.894 0.4121,
-0.8511 0.8967 0.4122,
-0.8437 0.9014 0.4124,
-0.8466 0.9002 0.4123,
-0.8573 0.8905 0.4122,
-0.8608 0.886 0.4123,
-0.862 0.8831 0.4124,
-0.8647 0.8766 0.4127,
-0.865 0.8749 0.4128,
0.8648 0.8763 0.4928,
0.8647 0.8766 0.4928,
0.8608 0.8858 0.4932,
0.8608 0.886 0.4932,
0.8546 0.894 0.4934,
0.8466 0.9002 0.4932,
0.8464 0.9002 0.4932,
0.8373 0.9041 0.4928,
0.837 0.9041 0.4928,
0.8053 -0.8128 0.8499,
0.7991 -0.8128 0.8566,
0.7983 -0.8195 0.8566,
0.7908 -0.8175 0.8618,
0.7824 -0.8152 0.865,
0.7815 -0.8174 0.865,
0.7781 -0.8208 0.865,
0.78 -0.8194 0.865,
0.7758 -0.8217 0.865,
0.7826 -0.8128 0.865,
0.8087 -0.8223 0.8416,
0.805 -0.8311 0.8416,
0.7992 -0.8386 0.8416,
0.7917 -0.8444 0.8416,
0.7829 -0.8481 0.8416,
0.799 -0.8128 0.8567,
0.7914 -0.8128 0.8618,
0.7913 -0.8128 0.8618,
0.7827 -0.8128 0.865,
0.789 -0.8218 0.8618,
0.7862 -0.8255 0.8618,
0.7824 -0.8284 0.8618,
0.7781 -0.8302 0.8618,
0.7957 -0.8257 0.8566,
0.7916 -0.831 0.8566,
0.7863 -0.8351 0.8566,
0.7801 -0.8376 0.8566,
0.8098 -0.8128 0.8418,
0.8054 -0.8128 0.8497,
0.8043 -0.8211 0.8497,
0.8011 -0.8288 0.8497,
0.7961 -0.8354 0.8497,
0.7894 -0.8405 0.8497,
0.7817 -0.8437 0.8497,
0.8099 -0.8128 0.8416,
-0.7806 -0.844 0.8497,
-0.7792 -0.8379 0.8566,
-0.7774 -0.8303 0.8618,
-0.7755 -0.8218 0.865,
-0.7775 -0.8211 0.865,
-0.7818 -0.8168 0.865,
-0.7807 -0.8186 0.865,
-0.7825 -0.8149 0.865,
-0.7816 -0.8484 0.8416,
-0.7893 -0.8457 0.8416,
-0.7962 -0.8413 0.8416,
-0.802 -0.8356 0.8416,
-0.8063 -0.8286 0.8416,
-0.809 -0.8209 0.8416,
-0.8099 -0.8128 0.8416,
-0.7826 -0.8128 0.865,
-0.7847 -0.8269 0.8618,
-0.7875 -0.824 0.8618,
-0.7896 -0.8206 0.8618,
-0.791 -0.8168 0.8618,
-0.7812 -0.829 0.8618,
-0.7792 -0.82 0.865,
-0.7827 -0.8128 0.865,
-0.7913 -0.8128 0.8618,
-0.7914 -0.8128 0.8618,
-0.799 -0.8128 0.8567,
-0.7846 -0.836 0.8566,
-0.7895 -0.8329 0.8566,
-0.7935 -0.8288 0.8566,
-0.7966 -0.824 0.8566,
-0.7985 -0.8185 0.8566,
-0.7873 -0.8416 0.8497,
-0.7934 -0.8378 0.8497,
-0.7985 -0.8328 0.8497,
-0.8023 -0.8267 0.8497,
-0.8046 -0.8199 0.8497,
-0.7991 -0.8128 0.8566,
-0.8053 -0.8128 0.8499,
-0.8054 -0.8128 0.8497,
-0.8098 -0.8128 0.8418,
-0.865 0.8749 0.4927,
-0.8647 0.8766 0.4928,
-0.862 0.8831 0.4931,
-0.8608 0.886 0.4932,
-0.8573 0.8905 0.4933,
-0.8546 0.894 0.4934,
-0.8511 0.8967 0.4933,
-0.8466 0.9002 0.4932,
-0.8437 0.9014 0.4931,
-0.8373 0.9041 0.4928,
-0.8355 0.9043 0.4927,
0.7834 0.8502 0.8342,
0.7834 0.8501 0.8342,
0.7926 0.8462 0.8351,
0.7927 0.8461 0.8351,
0.8006 0.84 0.8354,
0.8068 0.8321 0.8351,
0.8068 0.832 0.8351,
0.8108 0.8228 0.8342,
0.8108 0.8227 0.8342,
0.8099 0.8128 0.8416,
0.8098 0.8128 0.8418,
0.8054 0.8128 0.8497,
0.8053 0.8128 0.8499,
0.7991 0.8128 0.8566,
0.799 0.8128 0.8567,
0.7914 0.8128 0.8618,
0.7913 0.8128 0.8618,
0.7827 0.8128 0.865,
0.7826 0.8128 0.865,
-0.7826 0.8128 0.865,
-0.8099 0.8128 0.8416,
-0.8098 0.8128 0.8418,
-0.8054 0.8128 0.8497,
-0.8053 0.8128 0.8499,
-0.7991 0.8128 0.8566,
-0.799 0.8128 0.8567,
-0.7914 0.8128 0.8618,
-0.7913 0.8128 0.8618,
-0.7827 0.8128 0.865,
-0.8108 0.8227 0.8342,
-0.8108 0.8228 0.8342,
-0.8068 0.832 0.8351,
-0.8068 0.8321 0.8351,
-0.8006 0.84 0.8354,
-0.7927 0.8461 0.8351,
-0.7926 0.8462 0.8351,
-0.7834 0.8501 0.8342,
-0.7834 0.8502 0.8342,
0.7734 0.8447 0.8499,
0.7734 0.8385 0.8566,
0.7801 0.8376 0.8566,
0.7781 0.8302 0.8618,
0.7758 0.8217 0.865,
0.7781 0.8208 0.865,
0.7815 0.8174 0.865,
0.78 0.8194 0.865,
0.7824 0.8152 0.865,
0.7734 0.822 0.865,
0.7829 0.8481 0.8416,
0.7917 0.8444 0.8416,
0.7992 0.8386 0.8416,
0.805 0.8311 0.8416,
0.8087 0.8223 0.8416,
0.7734 0.8384 0.8567,
0.7734 0.8308 0.8618,
0.7734 0.8307 0.8618,
0.7734 0.8221 0.865,
0.7824 0.8284 0.8618,
0.7862 0.8255 0.8618,
0.789 0.8218 0.8618,
0.7908 0.8175 0.8618,
0.7863 0.8351 0.8566,
0.7916 0.831 0.8566,
0.7957 0.8257 0.8566,
0.7983 0.8195 0.8566,
0.7734 0.8492 0.8418,
0.7734 0.8448 0.8497,
0.7817 0.8437 0.8497,
0.7894 0.8405 0.8497,
0.7961 0.8354 0.8497,
0.8011 0.8288 0.8497,
0.8043 0.8211 0.8497,
0.7734 0.8493 0.8416,
-0.7983 0.8195 0.8566,
-0.7908 0.8175 0.8618,
-0.7824 0.8152 0.865,
-0.7815 0.8174 0.865,
-0.7781 0.8208 0.865,
-0.78 0.8194 0.865,
-0.7758 0.8217 0.865,
-0.8087 0.8223 0.8416,
-0.805 0.8311 0.8416,
-0.7992 0.8386 0.8416,
-0.7917 0.8444 0.8416,
-0.7829 0.8481 0.8416,
-0.7734 0.8493 0.8416,
-0.7734 0.822 0.865,
-0.789 0.8218 0.8618,
-0.7862 0.8255 0.8618,
-0.7824 0.8284 0.8618,
-0.7781 0.8302 0.8618,
-0.7734 0.8221 0.865,
-0.7734 0.8307 0.8618,
-0.7734 0.8308 0.8618,
-0.7734 0.8384 0.8567,
-0.7957 0.8257 0.8566,
-0.7916 0.831 0.8566,
-0.7863 0.8351 0.8566,
-0.7801 0.8376 0.8566,
-0.8043 0.8211 0.8497,
-0.8011 0.8288 0.8497,
-0.7961 0.8354 0.8497,
-0.7894 0.8405 0.8497,
-0.7817 0.8437 0.8497,
-0.7734 0.8385 0.8566,
-0.7734 0.8447 0.8499,
-0.7734 0.8448 0.8497,
-0.7734 0.8492 0.8418,
-0.4782 -0.616 0.8465,
-0.4815 -0.5905 0.8465,
-0.4914 -0.5668 0.8465,
-0.507 -0.5464 0.8465,
-0.5274 -0.5307 0.8465,
-0.5511 -0.5209 0.8465,
-0.5766 -0.5175 0.8465,
-0.6021 -0.5209 0.8465,
-0.6258 -0.5307 0.8465,
-0.6462 -0.5464 0.8465,
-0.6618 -0.5668 0.8465,
-0.6717 -0.5905 0.8465,
-0.675 -0.616 0.8465,
-0.6717 -0.6414 0.8465,
-0.6618 -0.6652 0.8465,
-0.6462 -0.6856 0.8465,
-0.6258 -0.7012 0.8465,
-0.6021 -0.711 0.8465,
-0.5766 -0.7144 0.8465,
-0.5511 -0.711 0.8465,
-0.5274 -0.7012 0.8465,
-0.507 -0.6856 0.8465,
-0.4914 -0.6652 0.8465,
-0.4815 -0.6414 0.8465,
-0.5766 -0.616 0.8465,
-0.3742 -0.1037 0.8622,
-0.3742 -0.0749 0.8622,
-0.3217 -0.0923 0.8622,
-0.3365 -0.0909 0.8622,
-0.3598 -0.0837 0.8622,
-0.2806 -0.0629 0.8622,
-0.2814 -0.0707 0.8622,
-0.2837 -0.0768 0.8622,
-0.2863 -0.0807 0.8622,
-0.2904 -0.0846 0.8622,
-0.2975 -0.0885 0.8622,
-0.3074 -0.0912 0.8622,
-0.3261 -0.0209 0.8622,
-0.2993 -0.0351 0.8622,
-0.2966 -0.0368 0.8622,
-0.2885 -0.0437 0.8622,
-0.2837 -0.0503 0.8622,
-0.2814 -0.0559 0.8622,
-0.3742 0.0349 0.8622,
-0.3726 0.0222 0.8622,
-0.3685 0.012 0.8622,
-0.3624 0.0033 0.8622,
-0.3519 -0.0058 0.8622,
-0.3046 0.0878 0.8622,
-0.3264 0.0856 0.8622,
-0.3429 0.0802 0.8622,
-0.354 0.0739 0.8622,
-0.3624 0.0665 0.8622,
-0.3686 0.058 0.8622,
-0.3724 0.0486 0.8622,
-0.2827 0.0868 0.8622,
-0.2614 0.0824 0.8622,
-0.2614 0.0536 0.8622,
-0.3067 0.0662 0.8622,
-0.2931 0.0653 0.8622,
-0.2763 0.0613 0.8622,
-0.3478 0.0375 0.8622,
-0.3472 0.0435 0.8622,
-0.3454 0.0486 0.8622,
-0.3426 0.053 0.8622,
-0.3381 0.0573 0.8622,
-0.3309 0.0616 0.8622,
-0.3205 0.0649 0.8622,
-0.306 -0.0024 0.8622,
-0.3243 0.0073 0.8622,
-0.3355 0.0144 0.8622,
-0.3415 0.0197 0.8622,
-0.3449 0.0246 0.8622,
-0.3469 0.03 0.8622,
-0.2542 -0.0607 0.8622,
-0.256 -0.0477 0.8622,
-0.2601 -0.0379 0.8622,
-0.2671 -0.0282 0.8622,
-0.2795 -0.0175 0.8622,
-0.3247 -0.1139 0.8622,
-0.3043 -0.1124 0.8622,
-0.2851 -0.107 0.8622,
-0.274 -0.101 0.8622,
-0.2657 -0.0938 0.8622,
-0.2594 -0.0845 0.8622,
-0.2557 -0.0746 0.8622,
-0.3679 -0.1067 0.8622,
-0.35 -0.1113 0.8622,
-0.2302 -0.0154 0.8622,
-0.2279 -0.0404 0.8622,
-0.2212 -0.0617 0.8622,
-0.2103 -0.0801 0.8622,
-0.1962 -0.0947 0.8622,
-0.1801 -0.105 0.8622,
-0.1616 -0.1113 0.8622,
-0.1375 -0.1139 0.8622,
-0.1343 0.0878 0.8622,
-0.1556 0.0859 0.8622,
-0.1755 0.0801 0.8622,
-0.1937 0.0695 0.8622,
-0.209 0.0543 0.8622,
-0.2202 0.0358 0.8622,
-0.2275 0.0129 0.8622,
-0.0429 -0.0107 0.8622,
-0.0443 0.009 0.8622,
-0.0499 0.0309 0.8622,
-0.0602 0.0506 0.8622,
-0.0748 0.067 0.8622,
-0.0919 0.0785 0.8622,
-0.1105 0.0852 0.8622,
-0.1138 -0.1115 0.8622,
-0.0948 -0.1052 0.8622,
-0.0784 -0.0951 0.8622,
-0.0636 -0.0801 0.8622,
-0.0527 -0.0618 0.8622,
-0.0455 -0.039 0.8622,
-0.2038 -0.0132 0.8622,
-0.2017 -0.0359 0.8622,
-0.196 -0.0539 0.8622,
-0.1876 -0.0679 0.8622,
-0.177 -0.079 0.8622,
-0.1654 -0.0863 0.8622,
-0.1518 -0.0909 0.8622,
-0.1374 -0.0923 0.8622,
-0.1197 -0.0904 0.8622,
-0.106 -0.0858 0.8622,
-0.0946 -0.0785 0.8622,
-0.0855 -0.0692 0.8622,
-0.0777 -0.0567 0.8622,
-0.0716 -0.0379 0.8622,
-0.0693 -0.0136 0.8622,
-0.0713 0.0096 0.8622,
-0.0764 0.0275 0.8622,
-0.0845 0.0422 0.8622,
-0.0942 0.0524 0.8622,
-0.1051 0.0596 0.8622,
-0.1181 0.0642 0.8622,
-0.1357 0.0662 0.8622,
-0.1533 0.0641 0.8622,
-0.1665 0.0591 0.8622,
-0.1783 0.0509 0.8622,
-0.1897 0.038 0.8622,
-0.1977 0.0226 0.8622,
-0.203 0.0008 0.8622,
-0.2038 -0.0132 0.8661,
-0.203 0.0008 0.8661,
-0.1977 0.0226 0.8661,
-0.1897 0.038 0.8661,
-0.1783 0.0509 0.8661,
-0.1665 0.0591 0.8661,
-0.1533 0.0641 0.8661,
-0.1357 0.0662 0.8661,
-0.1181 0.0642 0.8661,
-0.1051 0.0596 0.8661,
-0.0942 0.0524 0.8661,
-0.0845 0.0422 0.8661,
-0.0764 0.0275 0.8661,
-0.0713 0.0096 0.8661,
-0.0693 -0.0136 0.8661,
-0.0716 -0.0379 0.8661,
-0.0777 -0.0567 0.8661,
-0.0855 -0.0692 0.8661,
-0.0946 -0.0785 0.8661,
-0.106 -0.0858 0.8661,
-0.1197 -0.0904 0.8661,
-0.1374 -0.0923 0.8661,
-0.1518 -0.0909 0.8661,
-0.1654 -0.0863 0.8661,
-0.177 -0.079 0.8661,
-0.1876 -0.0679 0.8661,
-0.196 -0.0539 0.8661,
-0.2017 -0.0359 0.8661,
0.047 -0.0371 0.8622,
0.0219 -0.0371 0.8622,
0.0219 -0.1115 0.8622,
-0.0045 -0.1115 0.8622,
-0.0045 0.0854 0.8622,
0.0511 0.0854 0.8622,
0.1179 0.0264 0.8622,
0.1178 0.0299 0.8622,
0.1155 0.0456 0.8622,
0.1112 0.0566 0.8622,
0.1041 0.0665 0.8622,
0.0969 0.0729 0.8622,
0.0853 0.0794 0.8622,
0.0703 0.0838 0.8622,
0.0615 -0.0364 0.8622,
0.0771 -0.0326 0.8622,
0.0916 -0.025 0.8622,
0.1033 -0.0146 0.8622,
0.1114 -0.0028 0.8622,
0.116 0.0099 0.8622,
0.0219 0.0638 0.8622,
0.0474 0.0638 0.8622,
0.0521 0.0636 0.8622,
0.0666 0.0614 0.8622,
0.0755 0.0577 0.8622,
0.0803 0.0543 0.8622,
0.0847 0.0496 0.8622,
0.0883 0.0434 0.8622,
0.0907 0.0354 0.8622,
0.0915 0.0254 0.8622,
0.0915 0.0246 0.8622,
0.0901 0.0127 0.8622,
0.0872 0.005 0.8622,
0.0827 -0.0018 0.8622,
0.0763 -0.0075 0.8622,
0.0685 -0.0116 0.8622,
0.0583 -0.0144 0.8622,
0.045 -0.0155 0.8622,
0.0219 -0.0155 0.8622,
0.0474 0.0638 0.8661,
0.0219 0.0638 0.8661,
0.0521 0.0636 0.8661,
0.0666 0.0614 0.8661,
0.0755 0.0577 0.8661,
0.0803 0.0543 0.8661,
0.0847 0.0496 0.8661,
0.0883 0.0434 0.8661,
0.0907 0.0354 0.8661,
0.0915 0.0254 0.8661,
0.0915 0.0246 0.8661,
0.0901 0.0127 0.8661,
0.0872 0.005 0.8661,
0.0827 -0.0018 0.8661,
0.0763 -0.0075 0.8661,
0.0685 -0.0116 0.8661,
0.0583 -0.0144 0.8661,
0.045 -0.0155 0.8661,
0.0219 -0.0155 0.8661,
0.2211 -0.0251 0.8622,
0.2211 -0.0443 0.8622,
0.1467 -0.0443 0.8622,
0.1467 -0.0251 0.8622,
0.3323 0.0854 0.8622,
0.358 0.0854 0.8622,
0.358 -0.0443 0.8622,
0.3868 -0.0443 0.8622,
0.3868 -0.0659 0.8622,
0.358 -0.0659 0.8622,
0.358 -0.1115 0.8622,
0.334 -0.1115 0.8622,
0.334 -0.0659 0.8622,
0.2427 -0.0659 0.8622,
0.2427 -0.0454 0.8622,
0.3188 0.0605 0.8622,
0.2888 0.0138 0.8622,
0.334 0.0492 0.8622,
0.334 -0.0443 0.8622,
0.3044 0.0011 0.8622,
0.2706 -0.0443 0.8622,
0.2706 -0.0443 0.8661,
0.3044 0.0011 0.8661,
0.334 0.0492 0.8661,
0.334 -0.0443 0.8661,
-0.141 0.0354 0.0433,
-0.1717 -0.0434 0.0433,
-0.1602 -0.0434 0.0433,
-0.1522 -0.0213 0.0433,
-0.1197 -0.0213 0.0433,
-0.1122 -0.0434 0.0433,
-0.1007 -0.0434 0.0433,
-0.1304 0.0354 0.0433,
-0.1224 -0.0126 0.0433,
-0.1487 -0.0126 0.0433,
-0.1341 0.0202 0.0433,
-0.1349 0.023 0.0433,
-0.1354 0.0258 0.0433,
-0.1356 0.0258 0.0433,
-0.1361 0.023 0.0433,
-0.1369 0.0202 0.0433,
-0.1224 -0.0126 0.0394,
-0.1487 -0.0126 0.0394,
-0.1341 0.0202 0.0394,
-0.1349 0.023 0.0394,
-0.1354 0.0258 0.0394,
-0.1356 0.0258 0.0394,
-0.1361 0.023 0.0394,
-0.1369 0.0202 0.0394,
-0.0529 -0.0434 0.0433,
-0.0315 -0.0434 0.0433,
-0.0315 0.0354 0.0433,
-0.0538 0.0354 0.0433,
-0.0949 -0.003 0.0433,
-0.0943 0.0044 0.0433,
-0.0922 0.0122 0.0433,
-0.0886 0.0189 0.0433,
-0.083 0.0251 0.0433,
-0.0829 0.0252 0.0433,
-0.0743 0.0309 0.0433,
-0.0651 0.0342 0.0433,
-0.0627 -0.0425 0.0433,
-0.0718 -0.0398 0.0433,
-0.08 -0.035 0.0433,
-0.0865 -0.0288 0.0433,
-0.091 -0.0218 0.0433,
-0.0938 -0.0135 0.0433,
-0.0791 0.0157 0.0433,
-0.0753 0.0197 0.0433,
-0.0695 0.0235 0.0433,
-0.063 0.0257 0.0433,
-0.0537 0.0267 0.0433,
-0.0421 0.0267 0.0433,
-0.0421 -0.0347 0.0433,
-0.0533 -0.0347 0.0433,
-0.0616 -0.034 0.0433,
-0.0682 -0.0319 0.0433,
-0.0736 -0.0287 0.0433,
-0.078 -0.0243 0.0433,
-0.0813 -0.0189 0.0433,
-0.0836 -0.0115 0.0433,
-0.0844 -0.0032 0.0433,
-0.0837 0.0046 0.0433,
-0.0818 0.0108 0.0433,
-0.0537 0.0267 0.0394,
-0.0421 0.0267 0.0394,
-0.063 0.0257 0.0394,
-0.0695 0.0235 0.0394,
-0.0753 0.0197 0.0394,
-0.0791 0.0157 0.0394,
-0.0818 0.0108 0.0394,
-0.0837 0.0046 0.0394,
-0.0844 -0.0032 0.0394,
-0.0836 -0.0115 0.0394,
-0.0813 -0.0189 0.0394,
-0.078 -0.0243 0.0394,
-0.0736 -0.0287 0.0394,
-0.0682 -0.0319 0.0394,
-0.0616 -0.034 0.0394,
-0.0533 -0.0347 0.0394,
-0.0421 -0.0347 0.0394,
-0.0162 -0.0347 0.0433,
-0.0162 -0.0434 0.0433,
0.0261 -0.0434 0.0433,
0.0261 0.0354 0.0433,
-0.0143 0.0354 0.0433,
-0.0143 0.0267 0.0433,
0.0155 0.0267 0.0433,
0.0155 0.0008 0.0433,
-0.0123 0.0008 0.0433,
-0.0123 -0.0078 0.0433,
0.0155 -0.0078 0.0433,
0.0155 -0.0347 0.0433,
0.0414 -0.0306 0.0433,
0.0414 -0.0393 0.0433,
0.0498 -0.0427 0.0433,
0.0631 -0.0443 0.0433,
0.061 -0.0443 0.0433,
0.1 -0.0055 0.0433,
0.0993 -0.0146 0.0433,
0.0969 -0.0229 0.0433,
0.0927 -0.0304 0.0433,
0.0868 -0.0366 0.0433,
0.0804 -0.0407 0.0433,
0.0728 -0.0433 0.0433,
0.06 0.0363 0.0433,
0.0679 0.0357 0.0433,
0.0767 0.0331 0.0433,
0.0841 0.0288 0.0433,
0.0912 0.022 0.0433,
0.0959 0.0146 0.0433,
0.0989 0.0057 0.0433,
0.0414 0.0332 0.0433,
0.0505 0.0357 0.0433,
0.0414 0.0226 0.0433,
0.0599 0.0277 0.0433,
0.0503 0.0264 0.0433,
0.0895 -0.0048 0.0433,
0.0891 0.0013 0.0433,
0.087 0.0097 0.0433,
0.0837 0.0158 0.0433,
0.079 0.021 0.0433,
0.0735 0.0247 0.0433,
0.0676 0.0268 0.0433,
0.0616 -0.0357 0.0433,
0.069 -0.0349 0.0433,
0.0747 -0.0327 0.0433,
0.0796 -0.0295 0.0433,
0.0833 -0.0256 0.0433,
0.0865 -0.0201 0.0433,
0.0887 -0.0134 0.0433,
0.0429 -0.0314 0.0433,
0.0512 -0.0345 0.0433,
0.1067 -0.0347 0.0433,
0.1067 -0.0434 0.0433,
0.1471 -0.0434 0.0433,
0.1471 0.0354 0.0433,
0.1365 0.0354 0.0433,
0.1365 -0.0347 0.0433,
                    ]
                }
                coordIndex [
                    0, 1, 2, -1,
2, 1, 3, -1,
4, 5, 6, -1,
6, 5, 7, -1,
8, 9, 10, -1,
10, 9, 11, -1,
12, 13, 14, -1,
14, 13, 15, -1,
16, 17, 18, -1,
18, 17, 19, -1,
18, 19, 20, -1,
20, 19, 21, -1,
20, 21, 22, -1,
22, 21, 23, -1,
22, 23, 24, -1,
24, 23, 25, -1,
24, 25, 26, -1,
26, 25, 27, -1,
26, 27, 28, -1,
28, 27, 29, -1,
28, 29, 30, -1,
30, 29, 31, -1,
30, 31, 32, -1,
32, 31, 33, -1,
32, 33, 34, -1,
34, 33, 35, -1,
34, 35, 36, -1,
36, 35, 37, -1,
36, 37, 38, -1,
38, 37, 39, -1,
38, 39, 0, -1,
0, 39, 1, -1,
40, 41, 42, -1,
42, 41, 43, -1,
42, 43, 44, -1,
6, 7, 45, -1,
45, 7, 46, -1,
45, 46, 47, -1,
47, 46, 48, -1,
47, 48, 49, -1,
49, 48, 50, -1,
43, 51, 44, -1,
44, 51, 52, -1,
44, 52, 53, -1,
53, 52, 54, -1,
53, 54, 55, -1,
55, 54, 56, -1,
55, 56, 57, -1,
57, 56, 58, -1,
57, 58, 50, -1,
50, 58, 59, -1,
50, 59, 49, -1,
10, 11, 60, -1,
60, 11, 61, -1,
60, 61, 62, -1,
62, 61, 63, -1,
62, 63, 64, -1,
64, 63, 65, -1,
64, 65, 66, -1,
66, 65, 67, -1,
66, 67, 68, -1,
68, 67, 69, -1,
68, 69, 70, -1,
70, 69, 71, -1,
70, 71, 72, -1,
72, 71, 73, -1,
72, 73, 74, -1,
74, 73, 75, -1,
74, 75, 76, -1,
76, 75, 77, -1,
76, 77, 78, -1,
78, 77, 79, -1,
78, 79, 80, -1,
80, 79, 81, -1,
80, 81, 82, -1,
82, 81, 83, -1,
82, 83, 84, -1,
84, 83, 85, -1,
84, 85, 86, -1,
86, 85, 87, -1,
86, 87, 88, -1,
88, 87, 89, -1,
88, 89, 90, -1,
90, 89, 91, -1,
90, 91, 92, -1,
92, 91, 93, -1,
92, 93, 94, -1,
94, 93, 95, -1,
13, 12, 96, -1,
96, 12, 97, -1,
96, 97, 98, -1,
99, 100, 101, -1,
101, 100, 102, -1,
101, 102, 103, -1,
103, 102, 104, -1,
103, 104, 105, -1,
105, 104, 106, -1,
97, 107, 98, -1,
98, 107, 108, -1,
98, 108, 109, -1,
109, 108, 110, -1,
109, 110, 111, -1,
111, 110, 112, -1,
111, 112, 113, -1,
113, 112, 114, -1,
113, 114, 106, -1,
106, 114, 115, -1,
106, 115, 105, -1,
116, 117, 16, -1,
16, 117, 17, -1,
41, 40, 118, -1,
118, 40, 119, -1,
94, 95, 120, -1,
120, 95, 121, -1,
122, 123, 99, -1,
99, 123, 100, -1,
117, 116, 124, -1,
124, 116, 125, -1,
124, 125, 126, -1,
126, 125, 127, -1,
126, 127, 128, -1,
128, 127, 129, -1,
128, 129, 130, -1,
130, 129, 131, -1,
130, 131, 132, -1,
132, 131, 133, -1,
132, 133, 134, -1,
134, 133, 135, -1,
134, 135, 136, -1,
136, 135, 137, -1,
136, 137, 138, -1,
138, 137, 139, -1,
138, 139, 140, -1,
140, 139, 141, -1,
140, 141, 142, -1,
142, 141, 143, -1,
142, 143, 144, -1,
144, 143, 145, -1,
144, 145, 146, -1,
146, 145, 147, -1,
146, 147, 148, -1,
148, 147, 149, -1,
148, 149, 150, -1,
150, 149, 151, -1,
150, 151, 152, -1,
152, 151, 153, -1,
152, 153, 154, -1,
154, 153, 155, -1,
156, 118, 119, -1,
157, 158, 159, -1,
159, 158, 160, -1,
159, 160, 161, -1,
161, 160, 162, -1,
163, 164, 165, -1,
165, 164, 166, -1,
165, 166, 167, -1,
167, 166, 168, -1,
167, 168, 162, -1,
162, 168, 169, -1,
162, 169, 161, -1,
119, 170, 156, -1,
156, 170, 171, -1,
156, 171, 172, -1,
172, 171, 173, -1,
172, 173, 174, -1,
174, 173, 175, -1,
174, 175, 163, -1,
163, 175, 176, -1,
163, 176, 164, -1,
177, 178, 179, -1,
179, 178, 180, -1,
179, 180, 181, -1,
181, 180, 182, -1,
181, 182, 183, -1,
183, 182, 184, -1,
183, 184, 185, -1,
185, 184, 186, -1,
185, 186, 187, -1,
187, 186, 188, -1,
187, 188, 189, -1,
189, 188, 190, -1,
189, 190, 191, -1,
191, 190, 192, -1,
191, 192, 193, -1,
193, 192, 194, -1,
193, 194, 195, -1,
195, 194, 196, -1,
195, 196, 197, -1,
197, 196, 198, -1,
197, 198, 199, -1,
199, 198, 200, -1,
199, 200, 121, -1,
121, 200, 120, -1,
201, 202, 203, -1,
123, 122, 204, -1,
204, 122, 205, -1,
204, 205, 206, -1,
206, 205, 207, -1,
208, 209, 210, -1,
210, 209, 211, -1,
210, 211, 212, -1,
212, 211, 213, -1,
212, 213, 207, -1,
207, 213, 214, -1,
207, 214, 206, -1,
203, 215, 201, -1,
201, 215, 216, -1,
201, 216, 217, -1,
217, 216, 218, -1,
217, 218, 219, -1,
219, 218, 220, -1,
219, 220, 208, -1,
208, 220, 221, -1,
208, 221, 209, -1,
222, 223, 202, -1,
202, 223, 203, -1,
224, 225, 155, -1,
155, 225, 154, -1,
158, 157, 226, -1,
226, 157, 227, -1,
178, 177, 228, -1,
228, 177, 229, -1,
230, 231, 232, -1,
232, 231, 233, -1,
228, 229, 226, -1,
226, 229, 234, -1,
225, 224, 223, -1,
223, 224, 235, -1,
236, 237, 238, -1,
238, 237, 239, -1,
240, 225, 227, -1,
227, 225, 223, -1,
227, 223, 226, -1,
226, 223, 222, -1,
226, 222, 228, -1,
228, 222, 237, -1,
228, 237, 241, -1,
241, 237, 236, -1,
240, 242, 243, -1,
234, 244, 245, -1,
243, 246, 240, -1,
240, 246, 247, -1,
240, 247, 225, -1,
235, 248, 249, -1,
245, 250, 234, -1,
234, 250, 251, -1,
234, 251, 226, -1,
249, 252, 235, -1,
235, 252, 253, -1,
235, 253, 223, -1,
154, 225, 247, -1,
154, 247, 254, -1,
254, 247, 246, -1,
254, 246, 255, -1,
255, 246, 243, -1,
255, 243, 256, -1,
256, 243, 242, -1,
256, 242, 257, -1,
257, 242, 240, -1,
257, 240, 258, -1,
258, 240, 227, -1,
258, 227, 157, -1,
119, 259, 260, -1,
259, 261, 262, -1,
261, 263, 264, -1,
263, 265, 266, -1,
265, 267, 268, -1,
267, 117, 124, -1,
267, 124, 268, -1,
268, 124, 126, -1,
268, 126, 269, -1,
126, 128, 269, -1,
269, 128, 130, -1,
269, 130, 270, -1,
270, 130, 132, -1,
270, 132, 271, -1,
271, 132, 134, -1,
271, 134, 272, -1,
134, 136, 272, -1,
272, 136, 138, -1,
272, 138, 273, -1,
273, 138, 140, -1,
273, 140, 274, -1,
274, 140, 142, -1,
274, 142, 275, -1,
142, 144, 275, -1,
275, 144, 146, -1,
275, 146, 276, -1,
276, 146, 148, -1,
276, 148, 277, -1,
277, 148, 150, -1,
277, 150, 278, -1,
150, 152, 278, -1,
278, 152, 154, -1,
278, 154, 254, -1,
265, 268, 266, -1,
266, 268, 269, -1,
266, 269, 279, -1,
279, 269, 270, -1,
279, 270, 280, -1,
280, 270, 271, -1,
280, 271, 281, -1,
281, 271, 272, -1,
281, 272, 282, -1,
282, 272, 273, -1,
282, 273, 283, -1,
283, 273, 274, -1,
283, 274, 284, -1,
284, 274, 275, -1,
284, 275, 285, -1,
285, 275, 276, -1,
285, 276, 286, -1,
286, 276, 277, -1,
286, 277, 287, -1,
287, 277, 278, -1,
287, 278, 288, -1,
288, 278, 254, -1,
288, 254, 255, -1,
263, 266, 264, -1,
264, 266, 279, -1,
264, 279, 289, -1,
289, 279, 280, -1,
289, 280, 290, -1,
290, 280, 281, -1,
290, 281, 291, -1,
291, 281, 282, -1,
291, 282, 292, -1,
292, 282, 283, -1,
292, 283, 293, -1,
293, 283, 284, -1,
293, 284, 294, -1,
294, 284, 285, -1,
294, 285, 295, -1,
295, 285, 286, -1,
295, 286, 296, -1,
296, 286, 287, -1,
296, 287, 297, -1,
297, 287, 288, -1,
297, 288, 298, -1,
298, 288, 255, -1,
298, 255, 256, -1,
261, 264, 262, -1,
262, 264, 289, -1,
262, 289, 299, -1,
299, 289, 290, -1,
299, 290, 300, -1,
300, 290, 291, -1,
300, 291, 301, -1,
301, 291, 292, -1,
301, 292, 302, -1,
302, 292, 293, -1,
302, 293, 303, -1,
303, 293, 294, -1,
303, 294, 304, -1,
304, 294, 295, -1,
304, 295, 305, -1,
305, 295, 296, -1,
305, 296, 306, -1,
306, 296, 297, -1,
306, 297, 307, -1,
307, 297, 298, -1,
307, 298, 308, -1,
308, 298, 256, -1,
308, 256, 257, -1,
259, 262, 260, -1,
260, 262, 299, -1,
260, 299, 309, -1,
309, 299, 300, -1,
309, 300, 310, -1,
310, 300, 301, -1,
310, 301, 311, -1,
311, 301, 302, -1,
311, 302, 312, -1,
312, 302, 303, -1,
312, 303, 313, -1,
313, 303, 304, -1,
313, 304, 314, -1,
314, 304, 305, -1,
314, 305, 315, -1,
315, 305, 306, -1,
315, 306, 316, -1,
316, 306, 307, -1,
316, 307, 317, -1,
317, 307, 308, -1,
317, 308, 318, -1,
318, 308, 257, -1,
318, 257, 258, -1,
119, 260, 170, -1,
170, 260, 309, -1,
170, 309, 171, -1,
171, 309, 310, -1,
171, 310, 173, -1,
173, 310, 311, -1,
173, 311, 175, -1,
175, 311, 312, -1,
175, 312, 176, -1,
176, 312, 313, -1,
176, 313, 164, -1,
164, 313, 314, -1,
164, 314, 166, -1,
166, 314, 315, -1,
166, 315, 168, -1,
168, 315, 316, -1,
168, 316, 169, -1,
169, 316, 317, -1,
169, 317, 161, -1,
161, 317, 318, -1,
161, 318, 159, -1,
159, 318, 258, -1,
159, 258, 157, -1,
158, 226, 251, -1,
158, 251, 319, -1,
319, 251, 250, -1,
319, 250, 320, -1,
320, 250, 245, -1,
320, 245, 321, -1,
321, 245, 244, -1,
321, 244, 322, -1,
322, 244, 234, -1,
322, 234, 323, -1,
323, 234, 229, -1,
323, 229, 177, -1,
119, 40, 324, -1,
119, 324, 259, -1,
259, 324, 325, -1,
259, 325, 261, -1,
261, 325, 326, -1,
261, 326, 263, -1,
263, 326, 327, -1,
263, 327, 265, -1,
265, 327, 328, -1,
265, 328, 267, -1,
267, 328, 17, -1,
267, 17, 117, -1,
203, 223, 253, -1,
203, 253, 329, -1,
329, 253, 252, -1,
329, 252, 330, -1,
330, 252, 249, -1,
330, 249, 331, -1,
331, 249, 248, -1,
331, 248, 332, -1,
332, 248, 235, -1,
332, 235, 333, -1,
333, 235, 224, -1,
333, 224, 155, -1,
181, 183, 334, -1,
189, 191, 335, -1,
197, 199, 336, -1,
118, 156, 337, -1,
337, 156, 338, -1,
337, 338, 339, -1,
339, 338, 340, -1,
339, 340, 341, -1,
341, 340, 342, -1,
341, 342, 343, -1,
343, 342, 344, -1,
343, 344, 345, -1,
345, 344, 336, -1,
345, 336, 121, -1,
121, 336, 199, -1,
195, 197, 346, -1,
346, 197, 336, -1,
346, 336, 347, -1,
347, 336, 344, -1,
347, 344, 348, -1,
348, 344, 342, -1,
348, 342, 349, -1,
349, 342, 340, -1,
349, 340, 350, -1,
350, 340, 338, -1,
350, 338, 172, -1,
172, 338, 156, -1,
172, 174, 350, -1,
350, 174, 351, -1,
350, 351, 349, -1,
349, 351, 352, -1,
349, 352, 348, -1,
348, 352, 353, -1,
348, 353, 347, -1,
347, 353, 354, -1,
347, 354, 346, -1,
346, 354, 355, -1,
346, 355, 195, -1,
195, 355, 193, -1,
174, 163, 351, -1,
351, 163, 356, -1,
351, 356, 352, -1,
352, 356, 357, -1,
352, 357, 353, -1,
353, 357, 358, -1,
353, 358, 354, -1,
354, 358, 359, -1,
354, 359, 355, -1,
355, 359, 335, -1,
355, 335, 193, -1,
193, 335, 191, -1,
163, 165, 356, -1,
356, 165, 360, -1,
356, 360, 357, -1,
357, 360, 361, -1,
357, 361, 358, -1,
358, 361, 362, -1,
358, 362, 359, -1,
359, 362, 363, -1,
359, 363, 335, -1,
335, 363, 364, -1,
335, 364, 189, -1,
189, 364, 187, -1,
165, 167, 360, -1,
360, 167, 365, -1,
360, 365, 361, -1,
361, 365, 366, -1,
361, 366, 362, -1,
362, 366, 367, -1,
362, 367, 363, -1,
363, 367, 368, -1,
363, 368, 364, -1,
364, 368, 369, -1,
364, 369, 187, -1,
187, 369, 185, -1,
167, 162, 365, -1,
365, 162, 370, -1,
365, 370, 366, -1,
366, 370, 371, -1,
366, 371, 367, -1,
367, 371, 372, -1,
367, 372, 368, -1,
368, 372, 373, -1,
368, 373, 369, -1,
369, 373, 334, -1,
369, 334, 185, -1,
185, 334, 183, -1,
179, 181, 374, -1,
374, 181, 334, -1,
374, 334, 375, -1,
375, 334, 373, -1,
375, 373, 376, -1,
376, 373, 372, -1,
376, 372, 377, -1,
377, 372, 371, -1,
377, 371, 378, -1,
378, 371, 370, -1,
378, 370, 160, -1,
160, 370, 162, -1,
160, 158, 378, -1,
378, 158, 319, -1,
378, 319, 377, -1,
377, 319, 320, -1,
377, 320, 376, -1,
376, 320, 321, -1,
376, 321, 375, -1,
375, 321, 322, -1,
375, 322, 374, -1,
374, 322, 323, -1,
374, 323, 179, -1,
179, 323, 177, -1,
37, 35, 379, -1,
29, 27, 380, -1,
21, 19, 381, -1,
40, 42, 324, -1,
324, 42, 382, -1,
324, 382, 325, -1,
325, 382, 383, -1,
325, 383, 326, -1,
326, 383, 384, -1,
326, 384, 327, -1,
327, 384, 385, -1,
327, 385, 328, -1,
328, 385, 381, -1,
328, 381, 17, -1,
17, 381, 19, -1,
42, 44, 382, -1,
382, 44, 386, -1,
382, 386, 383, -1,
383, 386, 387, -1,
383, 387, 384, -1,
384, 387, 388, -1,
384, 388, 385, -1,
385, 388, 389, -1,
385, 389, 381, -1,
381, 389, 390, -1,
381, 390, 21, -1,
21, 390, 23, -1,
44, 53, 386, -1,
386, 53, 391, -1,
386, 391, 387, -1,
387, 391, 392, -1,
387, 392, 388, -1,
388, 392, 393, -1,
388, 393, 389, -1,
389, 393, 394, -1,
389, 394, 390, -1,
390, 394, 395, -1,
390, 395, 23, -1,
23, 395, 25, -1,
53, 55, 391, -1,
391, 55, 396, -1,
391, 396, 392, -1,
392, 396, 397, -1,
392, 397, 393, -1,
393, 397, 398, -1,
393, 398, 394, -1,
394, 398, 399, -1,
394, 399, 395, -1,
395, 399, 380, -1,
395, 380, 25, -1,
25, 380, 27, -1,
31, 29, 400, -1,
400, 29, 380, -1,
400, 380, 401, -1,
401, 380, 399, -1,
401, 399, 402, -1,
402, 399, 398, -1,
402, 398, 403, -1,
403, 398, 397, -1,
403, 397, 404, -1,
404, 397, 396, -1,
404, 396, 57, -1,
57, 396, 55, -1,
57, 50, 404, -1,
404, 50, 405, -1,
404, 405, 403, -1,
403, 405, 406, -1,
403, 406, 402, -1,
402, 406, 407, -1,
402, 407, 401, -1,
401, 407, 408, -1,
401, 408, 400, -1,
400, 408, 409, -1,
400, 409, 31, -1,
31, 409, 33, -1,
50, 48, 405, -1,
405, 48, 410, -1,
405, 410, 406, -1,
406, 410, 411, -1,
406, 411, 407, -1,
407, 411, 412, -1,
407, 412, 408, -1,
408, 412, 413, -1,
408, 413, 409, -1,
409, 413, 379, -1,
409, 379, 33, -1,
33, 379, 35, -1,
48, 46, 410, -1,
410, 46, 414, -1,
410, 414, 411, -1,
411, 414, 415, -1,
411, 415, 412, -1,
412, 415, 416, -1,
412, 416, 413, -1,
413, 416, 417, -1,
413, 417, 379, -1,
379, 417, 418, -1,
379, 418, 37, -1,
37, 418, 39, -1,
46, 7, 414, -1,
414, 7, 419, -1,
414, 419, 415, -1,
415, 419, 420, -1,
415, 420, 416, -1,
416, 420, 421, -1,
416, 421, 417, -1,
417, 421, 422, -1,
417, 422, 418, -1,
418, 422, 423, -1,
418, 423, 39, -1,
39, 423, 1, -1,
203, 329, 424, -1,
329, 330, 425, -1,
330, 331, 426, -1,
331, 332, 427, -1,
332, 333, 428, -1,
333, 155, 153, -1,
333, 153, 428, -1,
428, 153, 151, -1,
428, 151, 429, -1,
151, 149, 429, -1,
429, 149, 147, -1,
429, 147, 430, -1,
430, 147, 145, -1,
430, 145, 431, -1,
431, 145, 143, -1,
431, 143, 432, -1,
143, 141, 432, -1,
432, 141, 139, -1,
432, 139, 433, -1,
433, 139, 137, -1,
433, 137, 434, -1,
434, 137, 135, -1,
434, 135, 435, -1,
135, 133, 435, -1,
435, 133, 131, -1,
435, 131, 436, -1,
436, 131, 129, -1,
436, 129, 437, -1,
437, 129, 127, -1,
437, 127, 438, -1,
127, 125, 438, -1,
438, 125, 116, -1,
438, 116, 439, -1,
332, 428, 427, -1,
427, 428, 429, -1,
427, 429, 440, -1,
440, 429, 430, -1,
440, 430, 441, -1,
441, 430, 431, -1,
441, 431, 442, -1,
442, 431, 432, -1,
442, 432, 443, -1,
443, 432, 433, -1,
443, 433, 444, -1,
444, 433, 434, -1,
444, 434, 445, -1,
445, 434, 435, -1,
445, 435, 446, -1,
446, 435, 436, -1,
446, 436, 447, -1,
447, 436, 437, -1,
447, 437, 448, -1,
448, 437, 438, -1,
448, 438, 449, -1,
449, 438, 439, -1,
449, 439, 450, -1,
331, 427, 426, -1,
426, 427, 440, -1,
426, 440, 451, -1,
451, 440, 441, -1,
451, 441, 452, -1,
452, 441, 442, -1,
452, 442, 453, -1,
453, 442, 443, -1,
453, 443, 454, -1,
454, 443, 444, -1,
454, 444, 455, -1,
455, 444, 445, -1,
455, 445, 456, -1,
456, 445, 446, -1,
456, 446, 457, -1,
457, 446, 447, -1,
457, 447, 458, -1,
458, 447, 448, -1,
458, 448, 459, -1,
459, 448, 449, -1,
459, 449, 460, -1,
460, 449, 450, -1,
460, 450, 461, -1,
330, 426, 425, -1,
425, 426, 451, -1,
425, 451, 462, -1,
462, 451, 452, -1,
462, 452, 463, -1,
463, 452, 453, -1,
463, 453, 464, -1,
464, 453, 454, -1,
464, 454, 465, -1,
465, 454, 455, -1,
465, 455, 466, -1,
466, 455, 456, -1,
466, 456, 467, -1,
467, 456, 457, -1,
467, 457, 468, -1,
468, 457, 458, -1,
468, 458, 469, -1,
469, 458, 459, -1,
469, 459, 470, -1,
470, 459, 460, -1,
470, 460, 471, -1,
471, 460, 461, -1,
471, 461, 472, -1,
329, 425, 424, -1,
424, 425, 462, -1,
424, 462, 473, -1,
473, 462, 463, -1,
473, 463, 474, -1,
474, 463, 464, -1,
474, 464, 475, -1,
475, 464, 465, -1,
475, 465, 476, -1,
476, 465, 466, -1,
476, 466, 477, -1,
477, 466, 467, -1,
477, 467, 478, -1,
478, 467, 468, -1,
478, 468, 479, -1,
479, 468, 469, -1,
479, 469, 480, -1,
480, 469, 470, -1,
480, 470, 481, -1,
481, 470, 471, -1,
481, 471, 482, -1,
482, 471, 472, -1,
482, 472, 483, -1,
203, 424, 215, -1,
215, 424, 473, -1,
215, 473, 216, -1,
216, 473, 474, -1,
216, 474, 218, -1,
218, 474, 475, -1,
218, 475, 220, -1,
220, 475, 476, -1,
220, 476, 221, -1,
221, 476, 477, -1,
221, 477, 209, -1,
209, 477, 478, -1,
209, 478, 211, -1,
211, 478, 479, -1,
211, 479, 213, -1,
213, 479, 480, -1,
213, 480, 214, -1,
214, 480, 481, -1,
214, 481, 206, -1,
206, 481, 482, -1,
206, 482, 204, -1,
204, 482, 483, -1,
204, 483, 123, -1,
121, 95, 484, -1,
121, 484, 345, -1,
345, 484, 485, -1,
345, 485, 343, -1,
343, 485, 486, -1,
343, 486, 341, -1,
341, 486, 487, -1,
341, 487, 339, -1,
339, 487, 488, -1,
339, 488, 337, -1,
337, 488, 41, -1,
337, 41, 118, -1,
5, 489, 7, -1,
7, 489, 419, -1,
489, 490, 419, -1,
419, 490, 491, -1,
419, 491, 420, -1,
491, 492, 420, -1,
420, 492, 493, -1,
420, 493, 421, -1,
421, 493, 494, -1,
421, 494, 422, -1,
494, 495, 422, -1,
422, 495, 496, -1,
422, 496, 423, -1,
496, 497, 423, -1,
423, 497, 498, -1,
423, 498, 1, -1,
1, 498, 499, -1,
1, 499, 500, -1,
500, 501, 1, -1,
1, 501, 502, -1,
1, 502, 503, -1,
503, 504, 1, -1,
1, 504, 505, -1,
1, 505, 3, -1,
116, 16, 506, -1,
116, 506, 439, -1,
439, 506, 507, -1,
439, 507, 450, -1,
450, 507, 508, -1,
450, 508, 461, -1,
461, 508, 509, -1,
461, 509, 472, -1,
472, 509, 510, -1,
472, 510, 483, -1,
483, 510, 100, -1,
483, 100, 123, -1,
41, 488, 511, -1,
488, 487, 512, -1,
487, 486, 513, -1,
486, 485, 514, -1,
485, 484, 515, -1,
87, 516, 89, -1,
89, 516, 517, -1,
89, 517, 91, -1,
91, 517, 515, -1,
91, 515, 93, -1,
93, 515, 484, -1,
93, 484, 95, -1,
87, 85, 516, -1,
516, 85, 83, -1,
516, 83, 518, -1,
518, 83, 81, -1,
518, 81, 519, -1,
81, 79, 519, -1,
519, 79, 77, -1,
519, 77, 520, -1,
520, 77, 75, -1,
520, 75, 521, -1,
521, 75, 73, -1,
63, 522, 523, -1,
73, 71, 521, -1,
521, 71, 69, -1,
521, 69, 524, -1,
524, 69, 67, -1,
524, 67, 523, -1,
523, 67, 65, -1,
523, 65, 63, -1,
63, 61, 522, -1,
522, 61, 11, -1,
522, 11, 525, -1,
485, 515, 514, -1,
514, 515, 517, -1,
514, 517, 526, -1,
526, 517, 516, -1,
526, 516, 527, -1,
527, 516, 518, -1,
527, 518, 528, -1,
528, 518, 519, -1,
528, 519, 529, -1,
529, 519, 520, -1,
529, 520, 530, -1,
530, 520, 521, -1,
530, 521, 531, -1,
531, 521, 524, -1,
531, 524, 532, -1,
532, 524, 523, -1,
532, 523, 533, -1,
533, 523, 522, -1,
533, 522, 534, -1,
534, 522, 525, -1,
534, 525, 535, -1,
486, 514, 513, -1,
513, 514, 526, -1,
513, 526, 536, -1,
536, 526, 527, -1,
536, 527, 537, -1,
537, 527, 528, -1,
537, 528, 538, -1,
538, 528, 529, -1,
538, 529, 539, -1,
539, 529, 530, -1,
539, 530, 540, -1,
540, 530, 531, -1,
540, 531, 541, -1,
541, 531, 532, -1,
541, 532, 542, -1,
542, 532, 533, -1,
542, 533, 543, -1,
543, 533, 534, -1,
543, 534, 544, -1,
544, 534, 535, -1,
544, 535, 545, -1,
487, 513, 512, -1,
512, 513, 536, -1,
512, 536, 546, -1,
546, 536, 537, -1,
546, 537, 547, -1,
547, 537, 538, -1,
547, 538, 548, -1,
548, 538, 539, -1,
548, 539, 549, -1,
549, 539, 540, -1,
549, 540, 550, -1,
550, 540, 541, -1,
550, 541, 551, -1,
551, 541, 542, -1,
551, 542, 552, -1,
552, 542, 543, -1,
552, 543, 553, -1,
553, 543, 544, -1,
553, 544, 554, -1,
554, 544, 545, -1,
554, 545, 555, -1,
488, 512, 511, -1,
511, 512, 546, -1,
511, 546, 556, -1,
556, 546, 547, -1,
556, 547, 557, -1,
557, 547, 548, -1,
557, 548, 558, -1,
558, 548, 549, -1,
558, 549, 559, -1,
559, 549, 550, -1,
559, 550, 560, -1,
560, 550, 551, -1,
560, 551, 561, -1,
561, 551, 552, -1,
561, 552, 562, -1,
562, 552, 553, -1,
562, 553, 563, -1,
563, 553, 554, -1,
563, 554, 564, -1,
564, 554, 555, -1,
564, 555, 565, -1,
41, 511, 43, -1,
43, 511, 556, -1,
43, 556, 51, -1,
51, 556, 557, -1,
51, 557, 52, -1,
52, 557, 558, -1,
52, 558, 54, -1,
54, 558, 559, -1,
54, 559, 56, -1,
56, 559, 560, -1,
56, 560, 58, -1,
58, 560, 561, -1,
58, 561, 59, -1,
59, 561, 562, -1,
59, 562, 49, -1,
49, 562, 563, -1,
49, 563, 47, -1,
47, 563, 564, -1,
47, 564, 45, -1,
45, 564, 565, -1,
45, 565, 6, -1,
566, 567, 568, -1,
569, 570, 571, -1,
572, 573, 574, -1,
575, 576, 577, -1,
578, 579, 580, -1,
580, 579, 233, -1,
5, 581, 489, -1,
489, 581, 582, -1,
489, 582, 490, -1,
490, 582, 583, -1,
584, 492, 583, -1,
583, 492, 491, -1,
583, 491, 490, -1,
585, 494, 584, -1,
584, 494, 493, -1,
584, 493, 492, -1,
586, 496, 585, -1,
585, 496, 495, -1,
585, 495, 494, -1,
500, 499, 587, -1,
587, 499, 498, -1,
587, 498, 586, -1,
586, 498, 497, -1,
586, 497, 496, -1,
588, 589, 590, -1,
3, 505, 591, -1,
591, 505, 588, -1,
591, 588, 592, -1,
592, 588, 590, -1,
593, 594, 595, -1,
595, 594, 596, -1,
595, 596, 589, -1,
589, 596, 597, -1,
589, 597, 590, -1,
598, 599, 593, -1,
593, 599, 600, -1,
593, 600, 594, -1,
233, 601, 580, -1,
580, 601, 602, -1,
580, 602, 598, -1,
598, 602, 603, -1,
598, 603, 599, -1,
505, 504, 588, -1,
588, 504, 604, -1,
588, 604, 589, -1,
589, 604, 605, -1,
589, 605, 595, -1,
595, 605, 606, -1,
595, 606, 593, -1,
593, 606, 607, -1,
593, 607, 598, -1,
598, 607, 608, -1,
598, 608, 580, -1,
580, 608, 577, -1,
580, 577, 578, -1,
578, 577, 576, -1,
504, 503, 604, -1,
604, 503, 609, -1,
604, 609, 605, -1,
605, 609, 610, -1,
605, 610, 606, -1,
606, 610, 611, -1,
606, 611, 607, -1,
607, 611, 612, -1,
607, 612, 608, -1,
608, 612, 613, -1,
608, 613, 577, -1,
577, 613, 574, -1,
577, 574, 575, -1,
575, 574, 573, -1,
503, 502, 609, -1,
609, 502, 614, -1,
609, 614, 610, -1,
610, 614, 615, -1,
610, 615, 611, -1,
611, 615, 616, -1,
611, 616, 612, -1,
612, 616, 617, -1,
612, 617, 613, -1,
613, 617, 618, -1,
613, 618, 574, -1,
574, 618, 571, -1,
574, 571, 572, -1,
572, 571, 570, -1,
502, 501, 614, -1,
614, 501, 619, -1,
614, 619, 615, -1,
615, 619, 620, -1,
615, 620, 616, -1,
616, 620, 621, -1,
616, 621, 617, -1,
617, 621, 622, -1,
617, 622, 618, -1,
618, 622, 623, -1,
618, 623, 571, -1,
571, 623, 568, -1,
571, 568, 569, -1,
569, 568, 567, -1,
501, 500, 619, -1,
619, 500, 587, -1,
619, 587, 620, -1,
620, 587, 586, -1,
620, 586, 621, -1,
621, 586, 585, -1,
621, 585, 622, -1,
622, 585, 584, -1,
622, 584, 623, -1,
623, 584, 583, -1,
623, 583, 568, -1,
568, 583, 582, -1,
568, 582, 566, -1,
566, 582, 581, -1,
20, 22, 624, -1,
28, 30, 625, -1,
36, 38, 626, -1,
13, 96, 627, -1,
627, 96, 628, -1,
627, 628, 629, -1,
629, 628, 630, -1,
629, 630, 631, -1,
631, 630, 632, -1,
631, 632, 633, -1,
633, 632, 634, -1,
633, 634, 635, -1,
635, 634, 626, -1,
635, 626, 0, -1,
0, 626, 38, -1,
34, 36, 636, -1,
636, 36, 626, -1,
636, 626, 637, -1,
637, 626, 634, -1,
637, 634, 638, -1,
638, 634, 632, -1,
638, 632, 639, -1,
639, 632, 630, -1,
639, 630, 640, -1,
640, 630, 628, -1,
640, 628, 98, -1,
98, 628, 96, -1,
98, 109, 640, -1,
640, 109, 641, -1,
640, 641, 639, -1,
639, 641, 642, -1,
639, 642, 638, -1,
638, 642, 643, -1,
638, 643, 637, -1,
637, 643, 644, -1,
637, 644, 636, -1,
636, 644, 645, -1,
636, 645, 34, -1,
34, 645, 32, -1,
109, 111, 641, -1,
641, 111, 646, -1,
641, 646, 642, -1,
642, 646, 647, -1,
642, 647, 643, -1,
643, 647, 648, -1,
643, 648, 644, -1,
644, 648, 649, -1,
644, 649, 645, -1,
645, 649, 625, -1,
645, 625, 32, -1,
32, 625, 30, -1,
111, 113, 646, -1,
646, 113, 650, -1,
646, 650, 647, -1,
647, 650, 651, -1,
647, 651, 648, -1,
648, 651, 652, -1,
648, 652, 649, -1,
649, 652, 653, -1,
649, 653, 625, -1,
625, 653, 654, -1,
625, 654, 28, -1,
28, 654, 26, -1,
113, 106, 650, -1,
650, 106, 655, -1,
650, 655, 651, -1,
651, 655, 656, -1,
651, 656, 652, -1,
652, 656, 657, -1,
652, 657, 653, -1,
653, 657, 658, -1,
653, 658, 654, -1,
654, 658, 659, -1,
654, 659, 26, -1,
26, 659, 24, -1,
106, 104, 655, -1,
655, 104, 660, -1,
655, 660, 656, -1,
656, 660, 661, -1,
656, 661, 657, -1,
657, 661, 662, -1,
657, 662, 658, -1,
658, 662, 663, -1,
658, 663, 659, -1,
659, 663, 624, -1,
659, 624, 24, -1,
24, 624, 22, -1,
18, 20, 664, -1,
664, 20, 624, -1,
664, 624, 665, -1,
665, 624, 663, -1,
665, 663, 666, -1,
666, 663, 662, -1,
666, 662, 667, -1,
667, 662, 661, -1,
667, 661, 668, -1,
668, 661, 660, -1,
668, 660, 102, -1,
102, 660, 104, -1,
102, 100, 668, -1,
668, 100, 510, -1,
668, 510, 667, -1,
667, 510, 509, -1,
667, 509, 666, -1,
666, 509, 508, -1,
666, 508, 665, -1,
665, 508, 507, -1,
665, 507, 664, -1,
664, 507, 506, -1,
664, 506, 18, -1,
18, 506, 16, -1,
669, 670, 525, -1,
11, 9, 525, -1,
525, 9, 671, -1,
525, 671, 669, -1,
670, 672, 525, -1,
525, 672, 673, -1,
525, 673, 674, -1,
674, 675, 525, -1,
525, 675, 676, -1,
525, 676, 535, -1,
676, 677, 535, -1,
535, 677, 678, -1,
535, 678, 545, -1,
678, 679, 545, -1,
545, 679, 680, -1,
545, 680, 555, -1,
555, 680, 681, -1,
555, 681, 565, -1,
681, 682, 565, -1,
565, 682, 683, -1,
565, 683, 6, -1,
6, 683, 684, -1,
6, 684, 4, -1,
581, 5, 4, -1,
581, 4, 566, -1,
566, 4, 685, -1,
566, 685, 567, -1,
567, 685, 686, -1,
567, 686, 569, -1,
569, 686, 570, -1,
570, 686, 687, -1,
570, 687, 572, -1,
572, 687, 573, -1,
573, 687, 688, -1,
573, 688, 575, -1,
575, 688, 576, -1,
576, 688, 689, -1,
576, 689, 578, -1,
578, 689, 579, -1,
579, 689, 232, -1,
579, 232, 233, -1,
2, 3, 690, -1,
690, 3, 591, -1,
690, 591, 691, -1,
691, 591, 592, -1,
691, 592, 692, -1,
692, 592, 590, -1,
692, 590, 693, -1,
693, 590, 597, -1,
693, 597, 694, -1,
694, 597, 596, -1,
694, 596, 695, -1,
695, 596, 594, -1,
695, 594, 696, -1,
696, 594, 600, -1,
696, 600, 697, -1,
697, 600, 599, -1,
697, 599, 698, -1,
698, 599, 603, -1,
698, 603, 699, -1,
699, 603, 602, -1,
699, 602, 700, -1,
700, 602, 601, -1,
700, 601, 231, -1,
231, 601, 233, -1,
635, 0, 2, -1,
2, 701, 635, -1,
635, 701, 702, -1,
635, 702, 703, -1,
704, 705, 635, -1,
703, 706, 635, -1,
635, 706, 707, -1,
635, 707, 704, -1,
705, 708, 635, -1,
635, 708, 709, -1,
635, 709, 633, -1,
709, 710, 633, -1,
633, 710, 711, -1,
633, 711, 631, -1,
711, 712, 631, -1,
631, 712, 713, -1,
631, 713, 629, -1,
629, 713, 714, -1,
629, 714, 627, -1,
714, 715, 627, -1,
627, 715, 716, -1,
627, 716, 13, -1,
13, 716, 717, -1,
13, 717, 15, -1,
718, 674, 719, -1,
673, 672, 719, -1,
719, 672, 670, -1,
671, 719, 669, -1,
719, 671, 9, -1,
670, 669, 719, -1,
674, 673, 719, -1,
720, 677, 721, -1,
721, 677, 676, -1,
721, 676, 718, -1,
718, 676, 675, -1,
718, 675, 674, -1,
722, 679, 720, -1,
720, 679, 678, -1,
720, 678, 677, -1,
723, 681, 722, -1,
722, 681, 680, -1,
722, 680, 679, -1,
4, 684, 724, -1,
724, 684, 683, -1,
724, 683, 723, -1,
723, 683, 682, -1,
723, 682, 681, -1,
232, 689, 725, -1,
725, 689, 726, -1,
725, 726, 727, -1,
727, 726, 728, -1,
729, 730, 728, -1,
728, 730, 731, -1,
728, 731, 727, -1,
732, 733, 734, -1,
734, 733, 735, -1,
734, 735, 729, -1,
729, 735, 736, -1,
729, 736, 730, -1,
719, 737, 738, -1,
738, 737, 739, -1,
738, 739, 732, -1,
732, 739, 740, -1,
732, 740, 733, -1,
689, 688, 726, -1,
726, 688, 741, -1,
726, 741, 728, -1,
728, 741, 742, -1,
728, 742, 729, -1,
729, 742, 743, -1,
729, 743, 734, -1,
734, 743, 744, -1,
734, 744, 732, -1,
732, 744, 745, -1,
732, 745, 738, -1,
738, 745, 746, -1,
738, 746, 719, -1,
688, 687, 741, -1,
741, 687, 747, -1,
741, 747, 742, -1,
742, 747, 748, -1,
742, 748, 743, -1,
743, 748, 749, -1,
743, 749, 744, -1,
744, 749, 750, -1,
744, 750, 745, -1,
745, 750, 751, -1,
745, 751, 746, -1,
746, 751, 752, -1,
746, 752, 719, -1,
686, 685, 753, -1,
753, 685, 754, -1,
753, 754, 755, -1,
755, 754, 756, -1,
755, 756, 757, -1,
757, 756, 758, -1,
757, 758, 759, -1,
759, 758, 760, -1,
759, 760, 761, -1,
761, 760, 762, -1,
761, 762, 763, -1,
763, 762, 764, -1,
763, 764, 719, -1,
685, 4, 754, -1,
754, 4, 724, -1,
754, 724, 756, -1,
756, 724, 723, -1,
756, 723, 758, -1,
758, 723, 722, -1,
758, 722, 760, -1,
760, 722, 720, -1,
760, 720, 762, -1,
762, 720, 721, -1,
762, 721, 764, -1,
764, 721, 718, -1,
764, 718, 719, -1,
687, 686, 747, -1,
747, 686, 753, -1,
747, 753, 748, -1,
748, 753, 755, -1,
748, 755, 749, -1,
749, 755, 757, -1,
749, 757, 750, -1,
750, 757, 759, -1,
750, 759, 751, -1,
751, 759, 761, -1,
751, 761, 752, -1,
752, 761, 763, -1,
752, 763, 719, -1,
714, 713, 765, -1,
712, 711, 766, -1,
710, 709, 767, -1,
708, 705, 768, -1,
769, 770, 771, -1,
771, 770, 772, -1,
771, 772, 773, -1,
773, 772, 774, -1,
774, 772, 775, -1,
774, 775, 776, -1,
776, 775, 777, -1,
777, 775, 778, -1,
777, 778, 779, -1,
779, 778, 780, -1,
780, 778, 781, -1,
780, 781, 782, -1,
782, 781, 783, -1,
783, 781, 784, -1,
783, 784, 785, -1,
785, 784, 700, -1,
785, 700, 231, -1,
705, 704, 768, -1,
768, 704, 707, -1,
768, 707, 786, -1,
786, 707, 706, -1,
786, 706, 787, -1,
787, 706, 703, -1,
787, 703, 788, -1,
788, 703, 702, -1,
788, 702, 789, -1,
789, 702, 701, -1,
789, 701, 790, -1,
710, 767, 711, -1,
716, 715, 791, -1,
791, 715, 714, -1,
769, 15, 770, -1,
770, 15, 717, -1,
770, 717, 716, -1,
701, 2, 790, -1,
790, 2, 690, -1,
790, 690, 691, -1,
691, 792, 790, -1,
790, 792, 793, -1,
790, 793, 789, -1,
789, 793, 794, -1,
789, 794, 788, -1,
788, 794, 795, -1,
788, 795, 787, -1,
787, 795, 796, -1,
787, 796, 786, -1,
786, 796, 767, -1,
786, 767, 768, -1,
768, 767, 709, -1,
768, 709, 708, -1,
711, 767, 766, -1,
766, 767, 796, -1,
766, 796, 797, -1,
797, 796, 795, -1,
797, 795, 798, -1,
798, 795, 794, -1,
798, 794, 799, -1,
799, 794, 793, -1,
799, 793, 800, -1,
800, 793, 792, -1,
800, 792, 801, -1,
691, 692, 792, -1,
792, 692, 693, -1,
792, 693, 801, -1,
801, 693, 694, -1,
801, 694, 695, -1,
695, 802, 801, -1,
801, 802, 803, -1,
801, 803, 800, -1,
800, 803, 804, -1,
800, 804, 799, -1,
799, 804, 805, -1,
799, 805, 798, -1,
798, 805, 806, -1,
798, 806, 797, -1,
797, 806, 765, -1,
797, 765, 766, -1,
766, 765, 713, -1,
766, 713, 712, -1,
714, 765, 791, -1,
791, 765, 806, -1,
791, 806, 807, -1,
807, 806, 805, -1,
807, 805, 808, -1,
808, 805, 804, -1,
808, 804, 809, -1,
809, 804, 803, -1,
809, 803, 810, -1,
810, 803, 802, -1,
810, 802, 811, -1,
695, 696, 802, -1,
802, 696, 697, -1,
802, 697, 811, -1,
811, 697, 698, -1,
811, 698, 699, -1,
716, 791, 770, -1,
770, 791, 807, -1,
770, 807, 772, -1,
772, 807, 808, -1,
772, 808, 775, -1,
775, 808, 809, -1,
775, 809, 778, -1,
778, 809, 810, -1,
778, 810, 781, -1,
781, 810, 811, -1,
781, 811, 784, -1,
784, 811, 699, -1,
784, 699, 700, -1,
9, 8, 719, -1,
719, 8, 812, -1,
719, 812, 737, -1,
737, 812, 813, -1,
737, 813, 739, -1,
739, 813, 814, -1,
739, 814, 815, -1,
230, 232, 816, -1,
816, 232, 725, -1,
816, 725, 817, -1,
817, 725, 727, -1,
817, 727, 818, -1,
818, 727, 731, -1,
818, 731, 819, -1,
819, 731, 730, -1,
819, 730, 820, -1,
820, 730, 736, -1,
820, 736, 821, -1,
821, 736, 735, -1,
821, 735, 822, -1,
822, 735, 733, -1,
822, 733, 815, -1,
815, 733, 740, -1,
815, 740, 739, -1,
15, 769, 14, -1,
14, 769, 823, -1,
769, 771, 823, -1,
823, 771, 773, -1,
823, 773, 824, -1,
773, 774, 824, -1,
824, 774, 776, -1,
824, 776, 825, -1,
776, 777, 825, -1,
825, 777, 779, -1,
825, 779, 826, -1,
779, 780, 826, -1,
826, 780, 782, -1,
826, 782, 827, -1,
827, 782, 783, -1,
827, 783, 230, -1,
230, 783, 785, -1,
230, 785, 231, -1,
828, 813, 812, -1,
813, 828, 814, -1,
821, 822, 829, -1,
830, 812, 8, -1,
831, 812, 832, -1,
812, 831, 833, -1,
830, 832, 812, -1,
834, 835, 812, -1,
14, 836, 837, -1,
837, 836, 838, -1,
838, 836, 839, -1,
838, 839, 840, -1,
840, 839, 841, -1,
841, 839, 842, -1,
841, 842, 843, -1,
843, 842, 844, -1,
844, 842, 845, -1,
844, 845, 846, -1,
846, 845, 847, -1,
847, 845, 848, -1,
847, 848, 849, -1,
849, 848, 850, -1,
850, 848, 851, -1,
850, 851, 835, -1,
835, 851, 812, -1,
833, 834, 812, -1,
852, 827, 230, -1,
230, 816, 852, -1,
852, 816, 817, -1,
852, 817, 853, -1,
826, 827, 854, -1,
854, 827, 852, -1,
854, 852, 855, -1,
855, 852, 853, -1,
855, 853, 856, -1,
856, 853, 857, -1,
856, 857, 858, -1,
820, 857, 819, -1,
819, 857, 853, -1,
819, 853, 818, -1,
818, 853, 817, -1,
820, 821, 857, -1,
857, 821, 829, -1,
857, 829, 858, -1,
858, 829, 859, -1,
822, 815, 829, -1,
829, 815, 860, -1,
829, 860, 859, -1,
859, 860, 861, -1,
14, 823, 836, -1,
836, 823, 862, -1,
836, 862, 839, -1,
839, 862, 863, -1,
839, 863, 842, -1,
842, 863, 864, -1,
842, 864, 845, -1,
845, 864, 865, -1,
845, 865, 848, -1,
848, 865, 866, -1,
848, 866, 851, -1,
851, 866, 867, -1,
851, 867, 812, -1,
824, 825, 868, -1,
868, 825, 869, -1,
868, 869, 870, -1,
870, 869, 871, -1,
870, 871, 872, -1,
872, 871, 873, -1,
872, 873, 874, -1,
874, 873, 875, -1,
874, 875, 876, -1,
876, 875, 877, -1,
876, 877, 878, -1,
878, 877, 879, -1,
878, 879, 812, -1,
825, 826, 869, -1,
869, 826, 854, -1,
869, 854, 871, -1,
871, 854, 855, -1,
871, 855, 873, -1,
873, 855, 856, -1,
873, 856, 875, -1,
875, 856, 858, -1,
875, 858, 877, -1,
877, 858, 859, -1,
877, 859, 879, -1,
879, 859, 861, -1,
879, 861, 812, -1,
823, 824, 862, -1,
862, 824, 868, -1,
862, 868, 863, -1,
863, 868, 870, -1,
863, 870, 864, -1,
864, 870, 872, -1,
864, 872, 865, -1,
865, 872, 874, -1,
865, 874, 866, -1,
866, 874, 876, -1,
866, 876, 867, -1,
867, 876, 878, -1,
867, 878, 812, -1,
815, 814, 860, -1,
860, 814, 828, -1,
860, 828, 861, -1,
861, 828, 812, -1,
14, 837, 12, -1,
12, 837, 880, -1,
837, 838, 880, -1,
880, 838, 840, -1,
880, 840, 881, -1,
840, 841, 881, -1,
881, 841, 843, -1,
881, 843, 882, -1,
882, 843, 844, -1,
882, 844, 883, -1,
844, 846, 883, -1,
883, 846, 847, -1,
883, 847, 884, -1,
847, 849, 884, -1,
884, 849, 850, -1,
884, 850, 10, -1,
10, 850, 835, -1,
835, 834, 10, -1,
10, 834, 833, -1,
10, 833, 831, -1,
831, 832, 10, -1,
10, 832, 830, -1,
10, 830, 8, -1,
12, 880, 885, -1,
880, 881, 886, -1,
881, 882, 887, -1,
882, 883, 888, -1,
883, 884, 889, -1,
66, 890, 64, -1,
64, 890, 891, -1,
64, 891, 62, -1,
62, 891, 889, -1,
62, 889, 60, -1,
60, 889, 884, -1,
60, 884, 10, -1,
66, 68, 890, -1,
890, 68, 70, -1,
890, 70, 892, -1,
892, 70, 72, -1,
892, 72, 893, -1,
72, 74, 893, -1,
893, 74, 76, -1,
893, 76, 894, -1,
894, 76, 78, -1,
894, 78, 895, -1,
895, 78, 80, -1,
90, 896, 897, -1,
80, 82, 895, -1,
895, 82, 84, -1,
895, 84, 898, -1,
898, 84, 86, -1,
898, 86, 897, -1,
897, 86, 88, -1,
897, 88, 90, -1,
90, 92, 896, -1,
896, 92, 94, -1,
896, 94, 899, -1,
883, 889, 888, -1,
888, 889, 891, -1,
888, 891, 900, -1,
900, 891, 890, -1,
900, 890, 901, -1,
901, 890, 892, -1,
901, 892, 902, -1,
902, 892, 893, -1,
902, 893, 903, -1,
903, 893, 894, -1,
903, 894, 904, -1,
904, 894, 895, -1,
904, 895, 905, -1,
905, 895, 898, -1,
905, 898, 906, -1,
906, 898, 897, -1,
906, 897, 907, -1,
907, 897, 896, -1,
907, 896, 908, -1,
908, 896, 899, -1,
908, 899, 909, -1,
882, 888, 887, -1,
887, 888, 900, -1,
887, 900, 910, -1,
910, 900, 901, -1,
910, 901, 911, -1,
911, 901, 902, -1,
911, 902, 912, -1,
912, 902, 903, -1,
912, 903, 913, -1,
913, 903, 904, -1,
913, 904, 914, -1,
914, 904, 905, -1,
914, 905, 915, -1,
915, 905, 906, -1,
915, 906, 916, -1,
916, 906, 907, -1,
916, 907, 917, -1,
917, 907, 908, -1,
917, 908, 918, -1,
918, 908, 909, -1,
918, 909, 919, -1,
881, 887, 886, -1,
886, 887, 910, -1,
886, 910, 920, -1,
920, 910, 911, -1,
920, 911, 921, -1,
921, 911, 912, -1,
921, 912, 922, -1,
922, 912, 913, -1,
922, 913, 923, -1,
923, 913, 914, -1,
923, 914, 924, -1,
924, 914, 915, -1,
924, 915, 925, -1,
925, 915, 916, -1,
925, 916, 926, -1,
926, 916, 917, -1,
926, 917, 927, -1,
927, 917, 918, -1,
927, 918, 928, -1,
928, 918, 919, -1,
928, 919, 929, -1,
880, 886, 885, -1,
885, 886, 920, -1,
885, 920, 930, -1,
930, 920, 921, -1,
930, 921, 931, -1,
931, 921, 922, -1,
931, 922, 932, -1,
932, 922, 923, -1,
932, 923, 933, -1,
933, 923, 924, -1,
933, 924, 934, -1,
934, 924, 925, -1,
934, 925, 935, -1,
935, 925, 926, -1,
935, 926, 936, -1,
936, 926, 927, -1,
936, 927, 937, -1,
937, 927, 928, -1,
937, 928, 938, -1,
938, 928, 929, -1,
938, 929, 939, -1,
12, 885, 97, -1,
97, 885, 930, -1,
97, 930, 107, -1,
107, 930, 931, -1,
107, 931, 108, -1,
108, 931, 932, -1,
108, 932, 110, -1,
110, 932, 933, -1,
110, 933, 112, -1,
112, 933, 934, -1,
112, 934, 114, -1,
114, 934, 935, -1,
114, 935, 115, -1,
115, 935, 936, -1,
115, 936, 105, -1,
105, 936, 937, -1,
105, 937, 103, -1,
103, 937, 938, -1,
103, 938, 101, -1,
101, 938, 939, -1,
101, 939, 99, -1,
122, 99, 939, -1,
122, 939, 940, -1,
940, 939, 929, -1,
940, 929, 941, -1,
941, 929, 919, -1,
941, 919, 942, -1,
942, 919, 909, -1,
942, 909, 943, -1,
943, 909, 899, -1,
943, 899, 944, -1,
944, 899, 94, -1,
944, 94, 120, -1,
198, 196, 945, -1,
190, 188, 946, -1,
182, 180, 947, -1,
202, 201, 948, -1,
948, 201, 949, -1,
948, 949, 950, -1,
950, 949, 951, -1,
950, 951, 952, -1,
952, 951, 953, -1,
952, 953, 954, -1,
954, 953, 955, -1,
954, 955, 956, -1,
956, 955, 947, -1,
956, 947, 178, -1,
178, 947, 180, -1,
201, 217, 949, -1,
949, 217, 957, -1,
949, 957, 951, -1,
951, 957, 958, -1,
951, 958, 953, -1,
953, 958, 959, -1,
953, 959, 955, -1,
955, 959, 960, -1,
955, 960, 947, -1,
947, 960, 961, -1,
947, 961, 182, -1,
182, 961, 184, -1,
217, 219, 957, -1,
957, 219, 962, -1,
957, 962, 958, -1,
958, 962, 963, -1,
958, 963, 959, -1,
959, 963, 964, -1,
959, 964, 960, -1,
960, 964, 965, -1,
960, 965, 961, -1,
961, 965, 966, -1,
961, 966, 184, -1,
184, 966, 186, -1,
219, 208, 962, -1,
962, 208, 967, -1,
962, 967, 963, -1,
963, 967, 968, -1,
963, 968, 964, -1,
964, 968, 969, -1,
964, 969, 965, -1,
965, 969, 970, -1,
965, 970, 966, -1,
966, 970, 946, -1,
966, 946, 186, -1,
186, 946, 188, -1,
192, 190, 971, -1,
971, 190, 946, -1,
971, 946, 972, -1,
972, 946, 970, -1,
972, 970, 973, -1,
973, 970, 969, -1,
973, 969, 974, -1,
974, 969, 968, -1,
974, 968, 975, -1,
975, 968, 967, -1,
975, 967, 210, -1,
210, 967, 208, -1,
210, 212, 975, -1,
975, 212, 976, -1,
975, 976, 974, -1,
974, 976, 977, -1,
974, 977, 973, -1,
973, 977, 978, -1,
973, 978, 972, -1,
972, 978, 979, -1,
972, 979, 971, -1,
971, 979, 980, -1,
971, 980, 192, -1,
192, 980, 194, -1,
212, 207, 976, -1,
976, 207, 981, -1,
976, 981, 977, -1,
977, 981, 982, -1,
977, 982, 978, -1,
978, 982, 983, -1,
978, 983, 979, -1,
979, 983, 984, -1,
979, 984, 980, -1,
980, 984, 945, -1,
980, 945, 194, -1,
194, 945, 196, -1,
207, 205, 981, -1,
981, 205, 985, -1,
981, 985, 982, -1,
982, 985, 986, -1,
982, 986, 983, -1,
983, 986, 987, -1,
983, 987, 984, -1,
984, 987, 988, -1,
984, 988, 945, -1,
945, 988, 989, -1,
945, 989, 198, -1,
198, 989, 200, -1,
205, 122, 985, -1,
985, 122, 940, -1,
985, 940, 986, -1,
986, 940, 941, -1,
986, 941, 987, -1,
987, 941, 942, -1,
987, 942, 988, -1,
988, 942, 943, -1,
988, 943, 989, -1,
989, 943, 944, -1,
989, 944, 200, -1,
200, 944, 120, -1,
178, 228, 241, -1,
178, 241, 956, -1,
956, 241, 236, -1,
956, 236, 954, -1,
954, 236, 238, -1,
954, 238, 952, -1,
952, 238, 239, -1,
952, 239, 950, -1,
950, 239, 237, -1,
950, 237, 948, -1,
948, 237, 222, -1,
948, 222, 202, -1,
990, 991, 992, -1,
992, 991, 993, -1,
994, 995, 996, -1,
996, 995, 997, -1,
998, 999, 1000, -1,
1000, 999, 1001, -1,
1002, 1003, 1004, -1,
1004, 1003, 1005, -1,
1006, 1007, 1008, -1,
1008, 1007, 1009, -1,
1008, 1009, 1010, -1,
1010, 1009, 1011, -1,
1010, 1011, 1012, -1,
1012, 1011, 1013, -1,
1012, 1013, 1014, -1,
1014, 1013, 1015, -1,
1014, 1015, 1016, -1,
1016, 1015, 1017, -1,
1016, 1017, 1018, -1,
1018, 1017, 1019, -1,
1018, 1019, 1020, -1,
1020, 1019, 1021, -1,
1020, 1021, 1022, -1,
1022, 1021, 1023, -1,
1022, 1023, 1024, -1,
1024, 1023, 1025, -1,
1024, 1025, 1026, -1,
1026, 1025, 1027, -1,
1026, 1027, 1028, -1,
1028, 1027, 1029, -1,
1028, 1029, 990, -1,
990, 1029, 991, -1,
1030, 1031, 1032, -1,
1032, 1031, 1033, -1,
1032, 1033, 1034, -1,
996, 997, 1035, -1,
1035, 997, 1036, -1,
1035, 1036, 1037, -1,
1037, 1036, 1038, -1,
1037, 1038, 1039, -1,
1039, 1038, 1040, -1,
1033, 1041, 1034, -1,
1034, 1041, 1042, -1,
1034, 1042, 1043, -1,
1043, 1042, 1044, -1,
1043, 1044, 1045, -1,
1045, 1044, 1046, -1,
1045, 1046, 1047, -1,
1047, 1046, 1048, -1,
1047, 1048, 1040, -1,
1040, 1048, 1049, -1,
1040, 1049, 1039, -1,
1000, 1001, 1050, -1,
1050, 1001, 1051, -1,
1050, 1051, 1052, -1,
1052, 1051, 1053, -1,
1052, 1053, 1054, -1,
1054, 1053, 1055, -1,
1054, 1055, 1056, -1,
1056, 1055, 1057, -1,
1056, 1057, 1058, -1,
1058, 1057, 1059, -1,
1058, 1059, 1060, -1,
1060, 1059, 1061, -1,
1060, 1061, 1062, -1,
1062, 1061, 1063, -1,
1062, 1063, 1064, -1,
1064, 1063, 1065, -1,
1064, 1065, 1066, -1,
1066, 1065, 1067, -1,
1066, 1067, 1068, -1,
1068, 1067, 1069, -1,
1068, 1069, 1070, -1,
1070, 1069, 1071, -1,
1070, 1071, 1072, -1,
1072, 1071, 1073, -1,
1072, 1073, 1074, -1,
1074, 1073, 1075, -1,
1074, 1075, 1076, -1,
1076, 1075, 1077, -1,
1076, 1077, 1078, -1,
1078, 1077, 1079, -1,
1078, 1079, 1080, -1,
1080, 1079, 1081, -1,
1080, 1081, 1082, -1,
1082, 1081, 1083, -1,
1082, 1083, 1084, -1,
1084, 1083, 1085, -1,
1003, 1002, 1086, -1,
1086, 1002, 1087, -1,
1086, 1087, 1088, -1,
1089, 1090, 1091, -1,
1091, 1090, 1092, -1,
1091, 1092, 1093, -1,
1093, 1092, 1094, -1,
1093, 1094, 1095, -1,
1095, 1094, 1096, -1,
1087, 1097, 1088, -1,
1088, 1097, 1098, -1,
1088, 1098, 1099, -1,
1099, 1098, 1100, -1,
1099, 1100, 1101, -1,
1101, 1100, 1102, -1,
1101, 1102, 1103, -1,
1103, 1102, 1104, -1,
1103, 1104, 1096, -1,
1096, 1104, 1105, -1,
1096, 1105, 1095, -1,
1106, 1107, 1006, -1,
1006, 1107, 1007, -1,
1031, 1030, 1108, -1,
1108, 1030, 1109, -1,
1084, 1085, 1110, -1,
1110, 1085, 1111, -1,
1112, 1113, 1089, -1,
1089, 1113, 1090, -1,
1107, 1106, 1114, -1,
1114, 1106, 1115, -1,
1114, 1115, 1116, -1,
1116, 1115, 1117, -1,
1116, 1117, 1118, -1,
1118, 1117, 1119, -1,
1118, 1119, 1120, -1,
1120, 1119, 1121, -1,
1120, 1121, 1122, -1,
1122, 1121, 1123, -1,
1122, 1123, 1124, -1,
1124, 1123, 1125, -1,
1124, 1125, 1126, -1,
1126, 1125, 1127, -1,
1126, 1127, 1128, -1,
1128, 1127, 1129, -1,
1128, 1129, 1130, -1,
1130, 1129, 1131, -1,
1130, 1131, 1132, -1,
1132, 1131, 1133, -1,
1132, 1133, 1134, -1,
1134, 1133, 1135, -1,
1134, 1135, 1136, -1,
1136, 1135, 1137, -1,
1136, 1137, 1138, -1,
1138, 1137, 1139, -1,
1138, 1139, 1140, -1,
1140, 1139, 1141, -1,
1140, 1141, 1142, -1,
1142, 1141, 1143, -1,
1142, 1143, 1144, -1,
1144, 1143, 1145, -1,
1146, 1108, 1109, -1,
1147, 1148, 1149, -1,
1149, 1148, 1150, -1,
1149, 1150, 1151, -1,
1151, 1150, 1152, -1,
1153, 1154, 1155, -1,
1155, 1154, 1156, -1,
1155, 1156, 1157, -1,
1157, 1156, 1158, -1,
1157, 1158, 1152, -1,
1152, 1158, 1159, -1,
1152, 1159, 1151, -1,
1109, 1160, 1146, -1,
1146, 1160, 1161, -1,
1146, 1161, 1162, -1,
1162, 1161, 1163, -1,
1162, 1163, 1164, -1,
1164, 1163, 1165, -1,
1164, 1165, 1153, -1,
1153, 1165, 1166, -1,
1153, 1166, 1154, -1,
1167, 1168, 1169, -1,
1169, 1168, 1170, -1,
1169, 1170, 1171, -1,
1171, 1170, 1172, -1,
1171, 1172, 1173, -1,
1173, 1172, 1174, -1,
1173, 1174, 1175, -1,
1175, 1174, 1176, -1,
1175, 1176, 1177, -1,
1177, 1176, 1178, -1,
1177, 1178, 1179, -1,
1179, 1178, 1180, -1,
1179, 1180, 1181, -1,
1181, 1180, 1182, -1,
1181, 1182, 1183, -1,
1183, 1182, 1184, -1,
1183, 1184, 1185, -1,
1185, 1184, 1186, -1,
1185, 1186, 1187, -1,
1187, 1186, 1188, -1,
1187, 1188, 1189, -1,
1189, 1188, 1190, -1,
1189, 1190, 1111, -1,
1111, 1190, 1110, -1,
1191, 1192, 1193, -1,
1113, 1112, 1194, -1,
1194, 1112, 1195, -1,
1194, 1195, 1196, -1,
1196, 1195, 1197, -1,
1198, 1199, 1200, -1,
1200, 1199, 1201, -1,
1200, 1201, 1202, -1,
1202, 1201, 1203, -1,
1202, 1203, 1197, -1,
1197, 1203, 1204, -1,
1197, 1204, 1196, -1,
1193, 1205, 1191, -1,
1191, 1205, 1206, -1,
1191, 1206, 1207, -1,
1207, 1206, 1208, -1,
1207, 1208, 1209, -1,
1209, 1208, 1210, -1,
1209, 1210, 1198, -1,
1198, 1210, 1211, -1,
1198, 1211, 1199, -1,
1212, 1213, 1192, -1,
1192, 1213, 1193, -1,
1214, 1215, 1145, -1,
1145, 1215, 1144, -1,
1148, 1147, 1216, -1,
1216, 1147, 1217, -1,
1168, 1167, 1218, -1,
1218, 1167, 1219, -1,
1220, 1221, 1222, -1,
1222, 1221, 1223, -1,
1218, 1219, 1216, -1,
1216, 1219, 1224, -1,
1215, 1214, 1213, -1,
1213, 1214, 1225, -1,
1226, 1227, 1228, -1,
1228, 1227, 1229, -1,
1230, 1215, 1217, -1,
1217, 1215, 1213, -1,
1217, 1213, 1216, -1,
1216, 1213, 1212, -1,
1216, 1212, 1218, -1,
1218, 1212, 1227, -1,
1218, 1227, 1231, -1,
1231, 1227, 1226, -1,
1230, 1232, 1233, -1,
1224, 1234, 1235, -1,
1233, 1236, 1230, -1,
1230, 1236, 1237, -1,
1230, 1237, 1215, -1,
1225, 1238, 1239, -1,
1235, 1240, 1224, -1,
1224, 1240, 1241, -1,
1224, 1241, 1216, -1,
1239, 1242, 1225, -1,
1225, 1242, 1243, -1,
1225, 1243, 1213, -1,
1144, 1215, 1237, -1,
1144, 1237, 1244, -1,
1244, 1237, 1236, -1,
1244, 1236, 1245, -1,
1245, 1236, 1233, -1,
1245, 1233, 1246, -1,
1246, 1233, 1232, -1,
1246, 1232, 1247, -1,
1247, 1232, 1230, -1,
1247, 1230, 1248, -1,
1248, 1230, 1217, -1,
1248, 1217, 1147, -1,
1109, 1249, 1250, -1,
1249, 1251, 1252, -1,
1251, 1253, 1254, -1,
1253, 1255, 1256, -1,
1255, 1257, 1258, -1,
1257, 1107, 1114, -1,
1257, 1114, 1258, -1,
1258, 1114, 1116, -1,
1258, 1116, 1259, -1,
1116, 1118, 1259, -1,
1259, 1118, 1120, -1,
1259, 1120, 1260, -1,
1260, 1120, 1122, -1,
1260, 1122, 1261, -1,
1261, 1122, 1124, -1,
1261, 1124, 1262, -1,
1124, 1126, 1262, -1,
1262, 1126, 1128, -1,
1262, 1128, 1263, -1,
1263, 1128, 1130, -1,
1263, 1130, 1264, -1,
1264, 1130, 1132, -1,
1264, 1132, 1265, -1,
1132, 1134, 1265, -1,
1265, 1134, 1136, -1,
1265, 1136, 1266, -1,
1266, 1136, 1138, -1,
1266, 1138, 1267, -1,
1267, 1138, 1140, -1,
1267, 1140, 1268, -1,
1140, 1142, 1268, -1,
1268, 1142, 1144, -1,
1268, 1144, 1244, -1,
1255, 1258, 1256, -1,
1256, 1258, 1259, -1,
1256, 1259, 1269, -1,
1269, 1259, 1260, -1,
1269, 1260, 1270, -1,
1270, 1260, 1261, -1,
1270, 1261, 1271, -1,
1271, 1261, 1262, -1,
1271, 1262, 1272, -1,
1272, 1262, 1263, -1,
1272, 1263, 1273, -1,
1273, 1263, 1264, -1,
1273, 1264, 1274, -1,
1274, 1264, 1265, -1,
1274, 1265, 1275, -1,
1275, 1265, 1266, -1,
1275, 1266, 1276, -1,
1276, 1266, 1267, -1,
1276, 1267, 1277, -1,
1277, 1267, 1268, -1,
1277, 1268, 1278, -1,
1278, 1268, 1244, -1,
1278, 1244, 1245, -1,
1253, 1256, 1254, -1,
1254, 1256, 1269, -1,
1254, 1269, 1279, -1,
1279, 1269, 1270, -1,
1279, 1270, 1280, -1,
1280, 1270, 1271, -1,
1280, 1271, 1281, -1,
1281, 1271, 1272, -1,
1281, 1272, 1282, -1,
1282, 1272, 1273, -1,
1282, 1273, 1283, -1,
1283, 1273, 1274, -1,
1283, 1274, 1284, -1,
1284, 1274, 1275, -1,
1284, 1275, 1285, -1,
1285, 1275, 1276, -1,
1285, 1276, 1286, -1,
1286, 1276, 1277, -1,
1286, 1277, 1287, -1,
1287, 1277, 1278, -1,
1287, 1278, 1288, -1,
1288, 1278, 1245, -1,
1288, 1245, 1246, -1,
1251, 1254, 1252, -1,
1252, 1254, 1279, -1,
1252, 1279, 1289, -1,
1289, 1279, 1280, -1,
1289, 1280, 1290, -1,
1290, 1280, 1281, -1,
1290, 1281, 1291, -1,
1291, 1281, 1282, -1,
1291, 1282, 1292, -1,
1292, 1282, 1283, -1,
1292, 1283, 1293, -1,
1293, 1283, 1284, -1,
1293, 1284, 1294, -1,
1294, 1284, 1285, -1,
1294, 1285, 1295, -1,
1295, 1285, 1286, -1,
1295, 1286, 1296, -1,
1296, 1286, 1287, -1,
1296, 1287, 1297, -1,
1297, 1287, 1288, -1,
1297, 1288, 1298, -1,
1298, 1288, 1246, -1,
1298, 1246, 1247, -1,
1249, 1252, 1250, -1,
1250, 1252, 1289, -1,
1250, 1289, 1299, -1,
1299, 1289, 1290, -1,
1299, 1290, 1300, -1,
1300, 1290, 1291, -1,
1300, 1291, 1301, -1,
1301, 1291, 1292, -1,
1301, 1292, 1302, -1,
1302, 1292, 1293, -1,
1302, 1293, 1303, -1,
1303, 1293, 1294, -1,
1303, 1294, 1304, -1,
1304, 1294, 1295, -1,
1304, 1295, 1305, -1,
1305, 1295, 1296, -1,
1305, 1296, 1306, -1,
1306, 1296, 1297, -1,
1306, 1297, 1307, -1,
1307, 1297, 1298, -1,
1307, 1298, 1308, -1,
1308, 1298, 1247, -1,
1308, 1247, 1248, -1,
1109, 1250, 1160, -1,
1160, 1250, 1299, -1,
1160, 1299, 1161, -1,
1161, 1299, 1300, -1,
1161, 1300, 1163, -1,
1163, 1300, 1301, -1,
1163, 1301, 1165, -1,
1165, 1301, 1302, -1,
1165, 1302, 1166, -1,
1166, 1302, 1303, -1,
1166, 1303, 1154, -1,
1154, 1303, 1304, -1,
1154, 1304, 1156, -1,
1156, 1304, 1305, -1,
1156, 1305, 1158, -1,
1158, 1305, 1306, -1,
1158, 1306, 1159, -1,
1159, 1306, 1307, -1,
1159, 1307, 1151, -1,
1151, 1307, 1308, -1,
1151, 1308, 1149, -1,
1149, 1308, 1248, -1,
1149, 1248, 1147, -1,
1148, 1216, 1241, -1,
1148, 1241, 1309, -1,
1309, 1241, 1240, -1,
1309, 1240, 1310, -1,
1310, 1240, 1235, -1,
1310, 1235, 1311, -1,
1311, 1235, 1234, -1,
1311, 1234, 1312, -1,
1312, 1234, 1224, -1,
1312, 1224, 1313, -1,
1313, 1224, 1219, -1,
1313, 1219, 1167, -1,
1109, 1030, 1314, -1,
1109, 1314, 1249, -1,
1249, 1314, 1315, -1,
1249, 1315, 1251, -1,
1251, 1315, 1316, -1,
1251, 1316, 1253, -1,
1253, 1316, 1317, -1,
1253, 1317, 1255, -1,
1255, 1317, 1318, -1,
1255, 1318, 1257, -1,
1257, 1318, 1007, -1,
1257, 1007, 1107, -1,
1193, 1213, 1243, -1,
1193, 1243, 1319, -1,
1319, 1243, 1242, -1,
1319, 1242, 1320, -1,
1320, 1242, 1239, -1,
1320, 1239, 1321, -1,
1321, 1239, 1238, -1,
1321, 1238, 1322, -1,
1322, 1238, 1225, -1,
1322, 1225, 1323, -1,
1323, 1225, 1214, -1,
1323, 1214, 1145, -1,
1171, 1173, 1324, -1,
1179, 1181, 1325, -1,
1187, 1189, 1326, -1,
1108, 1146, 1327, -1,
1327, 1146, 1328, -1,
1327, 1328, 1329, -1,
1329, 1328, 1330, -1,
1329, 1330, 1331, -1,
1331, 1330, 1332, -1,
1331, 1332, 1333, -1,
1333, 1332, 1334, -1,
1333, 1334, 1335, -1,
1335, 1334, 1326, -1,
1335, 1326, 1111, -1,
1111, 1326, 1189, -1,
1185, 1187, 1336, -1,
1336, 1187, 1326, -1,
1336, 1326, 1337, -1,
1337, 1326, 1334, -1,
1337, 1334, 1338, -1,
1338, 1334, 1332, -1,
1338, 1332, 1339, -1,
1339, 1332, 1330, -1,
1339, 1330, 1340, -1,
1340, 1330, 1328, -1,
1340, 1328, 1162, -1,
1162, 1328, 1146, -1,
1162, 1164, 1340, -1,
1340, 1164, 1341, -1,
1340, 1341, 1339, -1,
1339, 1341, 1342, -1,
1339, 1342, 1338, -1,
1338, 1342, 1343, -1,
1338, 1343, 1337, -1,
1337, 1343, 1344, -1,
1337, 1344, 1336, -1,
1336, 1344, 1345, -1,
1336, 1345, 1185, -1,
1185, 1345, 1183, -1,
1164, 1153, 1341, -1,
1341, 1153, 1346, -1,
1341, 1346, 1342, -1,
1342, 1346, 1347, -1,
1342, 1347, 1343, -1,
1343, 1347, 1348, -1,
1343, 1348, 1344, -1,
1344, 1348, 1349, -1,
1344, 1349, 1345, -1,
1345, 1349, 1325, -1,
1345, 1325, 1183, -1,
1183, 1325, 1181, -1,
1153, 1155, 1346, -1,
1346, 1155, 1350, -1,
1346, 1350, 1347, -1,
1347, 1350, 1351, -1,
1347, 1351, 1348, -1,
1348, 1351, 1352, -1,
1348, 1352, 1349, -1,
1349, 1352, 1353, -1,
1349, 1353, 1325, -1,
1325, 1353, 1354, -1,
1325, 1354, 1179, -1,
1179, 1354, 1177, -1,
1155, 1157, 1350, -1,
1350, 1157, 1355, -1,
1350, 1355, 1351, -1,
1351, 1355, 1356, -1,
1351, 1356, 1352, -1,
1352, 1356, 1357, -1,
1352, 1357, 1353, -1,
1353, 1357, 1358, -1,
1353, 1358, 1354, -1,
1354, 1358, 1359, -1,
1354, 1359, 1177, -1,
1177, 1359, 1175, -1,
1157, 1152, 1355, -1,
1355, 1152, 1360, -1,
1355, 1360, 1356, -1,
1356, 1360, 1361, -1,
1356, 1361, 1357, -1,
1357, 1361, 1362, -1,
1357, 1362, 1358, -1,
1358, 1362, 1363, -1,
1358, 1363, 1359, -1,
1359, 1363, 1324, -1,
1359, 1324, 1175, -1,
1175, 1324, 1173, -1,
1169, 1171, 1364, -1,
1364, 1171, 1324, -1,
1364, 1324, 1365, -1,
1365, 1324, 1363, -1,
1365, 1363, 1366, -1,
1366, 1363, 1362, -1,
1366, 1362, 1367, -1,
1367, 1362, 1361, -1,
1367, 1361, 1368, -1,
1368, 1361, 1360, -1,
1368, 1360, 1150, -1,
1150, 1360, 1152, -1,
1150, 1148, 1368, -1,
1368, 1148, 1309, -1,
1368, 1309, 1367, -1,
1367, 1309, 1310, -1,
1367, 1310, 1366, -1,
1366, 1310, 1311, -1,
1366, 1311, 1365, -1,
1365, 1311, 1312, -1,
1365, 1312, 1364, -1,
1364, 1312, 1313, -1,
1364, 1313, 1169, -1,
1169, 1313, 1167, -1,
1027, 1025, 1369, -1,
1019, 1017, 1370, -1,
1011, 1009, 1371, -1,
1030, 1032, 1314, -1,
1314, 1032, 1372, -1,
1314, 1372, 1315, -1,
1315, 1372, 1373, -1,
1315, 1373, 1316, -1,
1316, 1373, 1374, -1,
1316, 1374, 1317, -1,
1317, 1374, 1375, -1,
1317, 1375, 1318, -1,
1318, 1375, 1371, -1,
1318, 1371, 1007, -1,
1007, 1371, 1009, -1,
1032, 1034, 1372, -1,
1372, 1034, 1376, -1,
1372, 1376, 1373, -1,
1373, 1376, 1377, -1,
1373, 1377, 1374, -1,
1374, 1377, 1378, -1,
1374, 1378, 1375, -1,
1375, 1378, 1379, -1,
1375, 1379, 1371, -1,
1371, 1379, 1380, -1,
1371, 1380, 1011, -1,
1011, 1380, 1013, -1,
1034, 1043, 1376, -1,
1376, 1043, 1381, -1,
1376, 1381, 1377, -1,
1377, 1381, 1382, -1,
1377, 1382, 1378, -1,
1378, 1382, 1383, -1,
1378, 1383, 1379, -1,
1379, 1383, 1384, -1,
1379, 1384, 1380, -1,
1380, 1384, 1385, -1,
1380, 1385, 1013, -1,
1013, 1385, 1015, -1,
1043, 1045, 1381, -1,
1381, 1045, 1386, -1,
1381, 1386, 1382, -1,
1382, 1386, 1387, -1,
1382, 1387, 1383, -1,
1383, 1387, 1388, -1,
1383, 1388, 1384, -1,
1384, 1388, 1389, -1,
1384, 1389, 1385, -1,
1385, 1389, 1370, -1,
1385, 1370, 1015, -1,
1015, 1370, 1017, -1,
1021, 1019, 1390, -1,
1390, 1019, 1370, -1,
1390, 1370, 1391, -1,
1391, 1370, 1389, -1,
1391, 1389, 1392, -1,
1392, 1389, 1388, -1,
1392, 1388, 1393, -1,
1393, 1388, 1387, -1,
1393, 1387, 1394, -1,
1394, 1387, 1386, -1,
1394, 1386, 1047, -1,
1047, 1386, 1045, -1,
1047, 1040, 1394, -1,
1394, 1040, 1395, -1,
1394, 1395, 1393, -1,
1393, 1395, 1396, -1,
1393, 1396, 1392, -1,
1392, 1396, 1397, -1,
1392, 1397, 1391, -1,
1391, 1397, 1398, -1,
1391, 1398, 1390, -1,
1390, 1398, 1399, -1,
1390, 1399, 1021, -1,
1021, 1399, 1023, -1,
1040, 1038, 1395, -1,
1395, 1038, 1400, -1,
1395, 1400, 1396, -1,
1396, 1400, 1401, -1,
1396, 1401, 1397, -1,
1397, 1401, 1402, -1,
1397, 1402, 1398, -1,
1398, 1402, 1403, -1,
1398, 1403, 1399, -1,
1399, 1403, 1369, -1,
1399, 1369, 1023, -1,
1023, 1369, 1025, -1,
1038, 1036, 1400, -1,
1400, 1036, 1404, -1,
1400, 1404, 1401, -1,
1401, 1404, 1405, -1,
1401, 1405, 1402, -1,
1402, 1405, 1406, -1,
1402, 1406, 1403, -1,
1403, 1406, 1407, -1,
1403, 1407, 1369, -1,
1369, 1407, 1408, -1,
1369, 1408, 1027, -1,
1027, 1408, 1029, -1,
1036, 997, 1404, -1,
1404, 997, 1409, -1,
1404, 1409, 1405, -1,
1405, 1409, 1410, -1,
1405, 1410, 1406, -1,
1406, 1410, 1411, -1,
1406, 1411, 1407, -1,
1407, 1411, 1412, -1,
1407, 1412, 1408, -1,
1408, 1412, 1413, -1,
1408, 1413, 1029, -1,
1029, 1413, 991, -1,
1193, 1319, 1414, -1,
1319, 1320, 1415, -1,
1320, 1321, 1416, -1,
1321, 1322, 1417, -1,
1322, 1323, 1418, -1,
1323, 1145, 1143, -1,
1323, 1143, 1418, -1,
1418, 1143, 1141, -1,
1418, 1141, 1419, -1,
1141, 1139, 1419, -1,
1419, 1139, 1137, -1,
1419, 1137, 1420, -1,
1420, 1137, 1135, -1,
1420, 1135, 1421, -1,
1421, 1135, 1133, -1,
1421, 1133, 1422, -1,
1133, 1131, 1422, -1,
1422, 1131, 1129, -1,
1422, 1129, 1423, -1,
1423, 1129, 1127, -1,
1423, 1127, 1424, -1,
1424, 1127, 1125, -1,
1424, 1125, 1425, -1,
1125, 1123, 1425, -1,
1425, 1123, 1121, -1,
1425, 1121, 1426, -1,
1426, 1121, 1119, -1,
1426, 1119, 1427, -1,
1427, 1119, 1117, -1,
1427, 1117, 1428, -1,
1117, 1115, 1428, -1,
1428, 1115, 1106, -1,
1428, 1106, 1429, -1,
1322, 1418, 1417, -1,
1417, 1418, 1419, -1,
1417, 1419, 1430, -1,
1430, 1419, 1420, -1,
1430, 1420, 1431, -1,
1431, 1420, 1421, -1,
1431, 1421, 1432, -1,
1432, 1421, 1422, -1,
1432, 1422, 1433, -1,
1433, 1422, 1423, -1,
1433, 1423, 1434, -1,
1434, 1423, 1424, -1,
1434, 1424, 1435, -1,
1435, 1424, 1425, -1,
1435, 1425, 1436, -1,
1436, 1425, 1426, -1,
1436, 1426, 1437, -1,
1437, 1426, 1427, -1,
1437, 1427, 1438, -1,
1438, 1427, 1428, -1,
1438, 1428, 1439, -1,
1439, 1428, 1429, -1,
1439, 1429, 1440, -1,
1321, 1417, 1416, -1,
1416, 1417, 1430, -1,
1416, 1430, 1441, -1,
1441, 1430, 1431, -1,
1441, 1431, 1442, -1,
1442, 1431, 1432, -1,
1442, 1432, 1443, -1,
1443, 1432, 1433, -1,
1443, 1433, 1444, -1,
1444, 1433, 1434, -1,
1444, 1434, 1445, -1,
1445, 1434, 1435, -1,
1445, 1435, 1446, -1,
1446, 1435, 1436, -1,
1446, 1436, 1447, -1,
1447, 1436, 1437, -1,
1447, 1437, 1448, -1,
1448, 1437, 1438, -1,
1448, 1438, 1449, -1,
1449, 1438, 1439, -1,
1449, 1439, 1450, -1,
1450, 1439, 1440, -1,
1450, 1440, 1451, -1,
1320, 1416, 1415, -1,
1415, 1416, 1441, -1,
1415, 1441, 1452, -1,
1452, 1441, 1442, -1,
1452, 1442, 1453, -1,
1453, 1442, 1443, -1,
1453, 1443, 1454, -1,
1454, 1443, 1444, -1,
1454, 1444, 1455, -1,
1455, 1444, 1445, -1,
1455, 1445, 1456, -1,
1456, 1445, 1446, -1,
1456, 1446, 1457, -1,
1457, 1446, 1447, -1,
1457, 1447, 1458, -1,
1458, 1447, 1448, -1,
1458, 1448, 1459, -1,
1459, 1448, 1449, -1,
1459, 1449, 1460, -1,
1460, 1449, 1450, -1,
1460, 1450, 1461, -1,
1461, 1450, 1451, -1,
1461, 1451, 1462, -1,
1319, 1415, 1414, -1,
1414, 1415, 1452, -1,
1414, 1452, 1463, -1,
1463, 1452, 1453, -1,
1463, 1453, 1464, -1,
1464, 1453, 1454, -1,
1464, 1454, 1465, -1,
1465, 1454, 1455, -1,
1465, 1455, 1466, -1,
1466, 1455, 1456, -1,
1466, 1456, 1467, -1,
1467, 1456, 1457, -1,
1467, 1457, 1468, -1,
1468, 1457, 1458, -1,
1468, 1458, 1469, -1,
1469, 1458, 1459, -1,
1469, 1459, 1470, -1,
1470, 1459, 1460, -1,
1470, 1460, 1471, -1,
1471, 1460, 1461, -1,
1471, 1461, 1472, -1,
1472, 1461, 1462, -1,
1472, 1462, 1473, -1,
1193, 1414, 1205, -1,
1205, 1414, 1463, -1,
1205, 1463, 1206, -1,
1206, 1463, 1464, -1,
1206, 1464, 1208, -1,
1208, 1464, 1465, -1,
1208, 1465, 1210, -1,
1210, 1465, 1466, -1,
1210, 1466, 1211, -1,
1211, 1466, 1467, -1,
1211, 1467, 1199, -1,
1199, 1467, 1468, -1,
1199, 1468, 1201, -1,
1201, 1468, 1469, -1,
1201, 1469, 1203, -1,
1203, 1469, 1470, -1,
1203, 1470, 1204, -1,
1204, 1470, 1471, -1,
1204, 1471, 1196, -1,
1196, 1471, 1472, -1,
1196, 1472, 1194, -1,
1194, 1472, 1473, -1,
1194, 1473, 1113, -1,
1111, 1085, 1474, -1,
1111, 1474, 1335, -1,
1335, 1474, 1475, -1,
1335, 1475, 1333, -1,
1333, 1475, 1476, -1,
1333, 1476, 1331, -1,
1331, 1476, 1477, -1,
1331, 1477, 1329, -1,
1329, 1477, 1478, -1,
1329, 1478, 1327, -1,
1327, 1478, 1031, -1,
1327, 1031, 1108, -1,
995, 1479, 997, -1,
997, 1479, 1409, -1,
1479, 1480, 1409, -1,
1409, 1480, 1481, -1,
1409, 1481, 1410, -1,
1481, 1482, 1410, -1,
1410, 1482, 1483, -1,
1410, 1483, 1411, -1,
1411, 1483, 1484, -1,
1411, 1484, 1412, -1,
1484, 1485, 1412, -1,
1412, 1485, 1486, -1,
1412, 1486, 1413, -1,
1486, 1487, 1413, -1,
1413, 1487, 1488, -1,
1413, 1488, 991, -1,
991, 1488, 1489, -1,
991, 1489, 1490, -1,
1490, 1491, 991, -1,
991, 1491, 1492, -1,
991, 1492, 1493, -1,
1493, 1494, 991, -1,
991, 1494, 1495, -1,
991, 1495, 993, -1,
1106, 1006, 1496, -1,
1106, 1496, 1429, -1,
1429, 1496, 1497, -1,
1429, 1497, 1440, -1,
1440, 1497, 1498, -1,
1440, 1498, 1451, -1,
1451, 1498, 1499, -1,
1451, 1499, 1462, -1,
1462, 1499, 1500, -1,
1462, 1500, 1473, -1,
1473, 1500, 1090, -1,
1473, 1090, 1113, -1,
1031, 1478, 1501, -1,
1478, 1477, 1502, -1,
1477, 1476, 1503, -1,
1476, 1475, 1504, -1,
1475, 1474, 1505, -1,
1077, 1506, 1079, -1,
1079, 1506, 1507, -1,
1079, 1507, 1081, -1,
1081, 1507, 1505, -1,
1081, 1505, 1083, -1,
1083, 1505, 1474, -1,
1083, 1474, 1085, -1,
1077, 1075, 1506, -1,
1506, 1075, 1073, -1,
1506, 1073, 1508, -1,
1508, 1073, 1071, -1,
1508, 1071, 1509, -1,
1071, 1069, 1509, -1,
1509, 1069, 1067, -1,
1509, 1067, 1510, -1,
1510, 1067, 1065, -1,
1510, 1065, 1511, -1,
1511, 1065, 1063, -1,
1053, 1512, 1513, -1,
1063, 1061, 1511, -1,
1511, 1061, 1059, -1,
1511, 1059, 1514, -1,
1514, 1059, 1057, -1,
1514, 1057, 1513, -1,
1513, 1057, 1055, -1,
1513, 1055, 1053, -1,
1053, 1051, 1512, -1,
1512, 1051, 1001, -1,
1512, 1001, 1515, -1,
1475, 1505, 1504, -1,
1504, 1505, 1507, -1,
1504, 1507, 1516, -1,
1516, 1507, 1506, -1,
1516, 1506, 1517, -1,
1517, 1506, 1508, -1,
1517, 1508, 1518, -1,
1518, 1508, 1509, -1,
1518, 1509, 1519, -1,
1519, 1509, 1510, -1,
1519, 1510, 1520, -1,
1520, 1510, 1511, -1,
1520, 1511, 1521, -1,
1521, 1511, 1514, -1,
1521, 1514, 1522, -1,
1522, 1514, 1513, -1,
1522, 1513, 1523, -1,
1523, 1513, 1512, -1,
1523, 1512, 1524, -1,
1524, 1512, 1515, -1,
1524, 1515, 1525, -1,
1476, 1504, 1503, -1,
1503, 1504, 1516, -1,
1503, 1516, 1526, -1,
1526, 1516, 1517, -1,
1526, 1517, 1527, -1,
1527, 1517, 1518, -1,
1527, 1518, 1528, -1,
1528, 1518, 1519, -1,
1528, 1519, 1529, -1,
1529, 1519, 1520, -1,
1529, 1520, 1530, -1,
1530, 1520, 1521, -1,
1530, 1521, 1531, -1,
1531, 1521, 1522, -1,
1531, 1522, 1532, -1,
1532, 1522, 1523, -1,
1532, 1523, 1533, -1,
1533, 1523, 1524, -1,
1533, 1524, 1534, -1,
1534, 1524, 1525, -1,
1534, 1525, 1535, -1,
1477, 1503, 1502, -1,
1502, 1503, 1526, -1,
1502, 1526, 1536, -1,
1536, 1526, 1527, -1,
1536, 1527, 1537, -1,
1537, 1527, 1528, -1,
1537, 1528, 1538, -1,
1538, 1528, 1529, -1,
1538, 1529, 1539, -1,
1539, 1529, 1530, -1,
1539, 1530, 1540, -1,
1540, 1530, 1531, -1,
1540, 1531, 1541, -1,
1541, 1531, 1532, -1,
1541, 1532, 1542, -1,
1542, 1532, 1533, -1,
1542, 1533, 1543, -1,
1543, 1533, 1534, -1,
1543, 1534, 1544, -1,
1544, 1534, 1535, -1,
1544, 1535, 1545, -1,
1478, 1502, 1501, -1,
1501, 1502, 1536, -1,
1501, 1536, 1546, -1,
1546, 1536, 1537, -1,
1546, 1537, 1547, -1,
1547, 1537, 1538, -1,
1547, 1538, 1548, -1,
1548, 1538, 1539, -1,
1548, 1539, 1549, -1,
1549, 1539, 1540, -1,
1549, 1540, 1550, -1,
1550, 1540, 1541, -1,
1550, 1541, 1551, -1,
1551, 1541, 1542, -1,
1551, 1542, 1552, -1,
1552, 1542, 1543, -1,
1552, 1543, 1553, -1,
1553, 1543, 1544, -1,
1553, 1544, 1554, -1,
1554, 1544, 1545, -1,
1554, 1545, 1555, -1,
1031, 1501, 1033, -1,
1033, 1501, 1546, -1,
1033, 1546, 1041, -1,
1041, 1546, 1547, -1,
1041, 1547, 1042, -1,
1042, 1547, 1548, -1,
1042, 1548, 1044, -1,
1044, 1548, 1549, -1,
1044, 1549, 1046, -1,
1046, 1549, 1550, -1,
1046, 1550, 1048, -1,
1048, 1550, 1551, -1,
1048, 1551, 1049, -1,
1049, 1551, 1552, -1,
1049, 1552, 1039, -1,
1039, 1552, 1553, -1,
1039, 1553, 1037, -1,
1037, 1553, 1554, -1,
1037, 1554, 1035, -1,
1035, 1554, 1555, -1,
1035, 1555, 996, -1,
1556, 1557, 1558, -1,
1559, 1560, 1561, -1,
1562, 1563, 1564, -1,
1565, 1566, 1567, -1,
1568, 1569, 1570, -1,
1570, 1569, 1223, -1,
995, 1571, 1479, -1,
1479, 1571, 1572, -1,
1479, 1572, 1480, -1,
1480, 1572, 1573, -1,
1574, 1482, 1573, -1,
1573, 1482, 1481, -1,
1573, 1481, 1480, -1,
1575, 1484, 1574, -1,
1574, 1484, 1483, -1,
1574, 1483, 1482, -1,
1576, 1486, 1575, -1,
1575, 1486, 1485, -1,
1575, 1485, 1484, -1,
1490, 1489, 1577, -1,
1577, 1489, 1488, -1,
1577, 1488, 1576, -1,
1576, 1488, 1487, -1,
1576, 1487, 1486, -1,
1578, 1579, 1580, -1,
993, 1495, 1581, -1,
1581, 1495, 1578, -1,
1581, 1578, 1582, -1,
1582, 1578, 1580, -1,
1583, 1584, 1585, -1,
1585, 1584, 1586, -1,
1585, 1586, 1579, -1,
1579, 1586, 1587, -1,
1579, 1587, 1580, -1,
1588, 1589, 1583, -1,
1583, 1589, 1590, -1,
1583, 1590, 1584, -1,
1223, 1591, 1570, -1,
1570, 1591, 1592, -1,
1570, 1592, 1588, -1,
1588, 1592, 1593, -1,
1588, 1593, 1589, -1,
1495, 1494, 1578, -1,
1578, 1494, 1594, -1,
1578, 1594, 1579, -1,
1579, 1594, 1595, -1,
1579, 1595, 1585, -1,
1585, 1595, 1596, -1,
1585, 1596, 1583, -1,
1583, 1596, 1597, -1,
1583, 1597, 1588, -1,
1588, 1597, 1598, -1,
1588, 1598, 1570, -1,
1570, 1598, 1567, -1,
1570, 1567, 1568, -1,
1568, 1567, 1566, -1,
1494, 1493, 1594, -1,
1594, 1493, 1599, -1,
1594, 1599, 1595, -1,
1595, 1599, 1600, -1,
1595, 1600, 1596, -1,
1596, 1600, 1601, -1,
1596, 1601, 1597, -1,
1597, 1601, 1602, -1,
1597, 1602, 1598, -1,
1598, 1602, 1603, -1,
1598, 1603, 1567, -1,
1567, 1603, 1564, -1,
1567, 1564, 1565, -1,
1565, 1564, 1563, -1,
1493, 1492, 1599, -1,
1599, 1492, 1604, -1,
1599, 1604, 1600, -1,
1600, 1604, 1605, -1,
1600, 1605, 1601, -1,
1601, 1605, 1606, -1,
1601, 1606, 1602, -1,
1602, 1606, 1607, -1,
1602, 1607, 1603, -1,
1603, 1607, 1608, -1,
1603, 1608, 1564, -1,
1564, 1608, 1561, -1,
1564, 1561, 1562, -1,
1562, 1561, 1560, -1,
1492, 1491, 1604, -1,
1604, 1491, 1609, -1,
1604, 1609, 1605, -1,
1605, 1609, 1610, -1,
1605, 1610, 1606, -1,
1606, 1610, 1611, -1,
1606, 1611, 1607, -1,
1607, 1611, 1612, -1,
1607, 1612, 1608, -1,
1608, 1612, 1613, -1,
1608, 1613, 1561, -1,
1561, 1613, 1558, -1,
1561, 1558, 1559, -1,
1559, 1558, 1557, -1,
1491, 1490, 1609, -1,
1609, 1490, 1577, -1,
1609, 1577, 1610, -1,
1610, 1577, 1576, -1,
1610, 1576, 1611, -1,
1611, 1576, 1575, -1,
1611, 1575, 1612, -1,
1612, 1575, 1574, -1,
1612, 1574, 1613, -1,
1613, 1574, 1573, -1,
1613, 1573, 1558, -1,
1558, 1573, 1572, -1,
1558, 1572, 1556, -1,
1556, 1572, 1571, -1,
1010, 1012, 1614, -1,
1018, 1020, 1615, -1,
1026, 1028, 1616, -1,
1003, 1086, 1617, -1,
1617, 1086, 1618, -1,
1617, 1618, 1619, -1,
1619, 1618, 1620, -1,
1619, 1620, 1621, -1,
1621, 1620, 1622, -1,
1621, 1622, 1623, -1,
1623, 1622, 1624, -1,
1623, 1624, 1625, -1,
1625, 1624, 1616, -1,
1625, 1616, 990, -1,
990, 1616, 1028, -1,
1024, 1026, 1626, -1,
1626, 1026, 1616, -1,
1626, 1616, 1627, -1,
1627, 1616, 1624, -1,
1627, 1624, 1628, -1,
1628, 1624, 1622, -1,
1628, 1622, 1629, -1,
1629, 1622, 1620, -1,
1629, 1620, 1630, -1,
1630, 1620, 1618, -1,
1630, 1618, 1088, -1,
1088, 1618, 1086, -1,
1088, 1099, 1630, -1,
1630, 1099, 1631, -1,
1630, 1631, 1629, -1,
1629, 1631, 1632, -1,
1629, 1632, 1628, -1,
1628, 1632, 1633, -1,
1628, 1633, 1627, -1,
1627, 1633, 1634, -1,
1627, 1634, 1626, -1,
1626, 1634, 1635, -1,
1626, 1635, 1024, -1,
1024, 1635, 1022, -1,
1099, 1101, 1631, -1,
1631, 1101, 1636, -1,
1631, 1636, 1632, -1,
1632, 1636, 1637, -1,
1632, 1637, 1633, -1,
1633, 1637, 1638, -1,
1633, 1638, 1634, -1,
1634, 1638, 1639, -1,
1634, 1639, 1635, -1,
1635, 1639, 1615, -1,
1635, 1615, 1022, -1,
1022, 1615, 1020, -1,
1101, 1103, 1636, -1,
1636, 1103, 1640, -1,
1636, 1640, 1637, -1,
1637, 1640, 1641, -1,
1637, 1641, 1638, -1,
1638, 1641, 1642, -1,
1638, 1642, 1639, -1,
1639, 1642, 1643, -1,
1639, 1643, 1615, -1,
1615, 1643, 1644, -1,
1615, 1644, 1018, -1,
1018, 1644, 1016, -1,
1103, 1096, 1640, -1,
1640, 1096, 1645, -1,
1640, 1645, 1641, -1,
1641, 1645, 1646, -1,
1641, 1646, 1642, -1,
1642, 1646, 1647, -1,
1642, 1647, 1643, -1,
1643, 1647, 1648, -1,
1643, 1648, 1644, -1,
1644, 1648, 1649, -1,
1644, 1649, 1016, -1,
1016, 1649, 1014, -1,
1096, 1094, 1645, -1,
1645, 1094, 1650, -1,
1645, 1650, 1646, -1,
1646, 1650, 1651, -1,
1646, 1651, 1647, -1,
1647, 1651, 1652, -1,
1647, 1652, 1648, -1,
1648, 1652, 1653, -1,
1648, 1653, 1649, -1,
1649, 1653, 1614, -1,
1649, 1614, 1014, -1,
1014, 1614, 1012, -1,
1008, 1010, 1654, -1,
1654, 1010, 1614, -1,
1654, 1614, 1655, -1,
1655, 1614, 1653, -1,
1655, 1653, 1656, -1,
1656, 1653, 1652, -1,
1656, 1652, 1657, -1,
1657, 1652, 1651, -1,
1657, 1651, 1658, -1,
1658, 1651, 1650, -1,
1658, 1650, 1092, -1,
1092, 1650, 1094, -1,
1092, 1090, 1658, -1,
1658, 1090, 1500, -1,
1658, 1500, 1657, -1,
1657, 1500, 1499, -1,
1657, 1499, 1656, -1,
1656, 1499, 1498, -1,
1656, 1498, 1655, -1,
1655, 1498, 1497, -1,
1655, 1497, 1654, -1,
1654, 1497, 1496, -1,
1654, 1496, 1008, -1,
1008, 1496, 1006, -1,
1659, 1660, 1515, -1,
1001, 999, 1515, -1,
1515, 999, 1661, -1,
1515, 1661, 1659, -1,
1660, 1662, 1515, -1,
1515, 1662, 1663, -1,
1515, 1663, 1664, -1,
1664, 1665, 1515, -1,
1515, 1665, 1666, -1,
1515, 1666, 1525, -1,
1666, 1667, 1525, -1,
1525, 1667, 1668, -1,
1525, 1668, 1535, -1,
1668, 1669, 1535, -1,
1535, 1669, 1670, -1,
1535, 1670, 1545, -1,
1545, 1670, 1671, -1,
1545, 1671, 1555, -1,
1671, 1672, 1555, -1,
1555, 1672, 1673, -1,
1555, 1673, 996, -1,
996, 1673, 1674, -1,
996, 1674, 994, -1,
1571, 995, 994, -1,
1571, 994, 1556, -1,
1556, 994, 1675, -1,
1556, 1675, 1557, -1,
1557, 1675, 1676, -1,
1557, 1676, 1559, -1,
1559, 1676, 1560, -1,
1560, 1676, 1677, -1,
1560, 1677, 1562, -1,
1562, 1677, 1563, -1,
1563, 1677, 1678, -1,
1563, 1678, 1565, -1,
1565, 1678, 1566, -1,
1566, 1678, 1679, -1,
1566, 1679, 1568, -1,
1568, 1679, 1569, -1,
1569, 1679, 1222, -1,
1569, 1222, 1223, -1,
992, 993, 1680, -1,
1680, 993, 1581, -1,
1680, 1581, 1681, -1,
1681, 1581, 1582, -1,
1681, 1582, 1682, -1,
1682, 1582, 1580, -1,
1682, 1580, 1683, -1,
1683, 1580, 1587, -1,
1683, 1587, 1684, -1,
1684, 1587, 1586, -1,
1684, 1586, 1685, -1,
1685, 1586, 1584, -1,
1685, 1584, 1686, -1,
1686, 1584, 1590, -1,
1686, 1590, 1687, -1,
1687, 1590, 1589, -1,
1687, 1589, 1688, -1,
1688, 1589, 1593, -1,
1688, 1593, 1689, -1,
1689, 1593, 1592, -1,
1689, 1592, 1690, -1,
1690, 1592, 1591, -1,
1690, 1591, 1221, -1,
1221, 1591, 1223, -1,
1625, 990, 992, -1,
992, 1691, 1625, -1,
1625, 1691, 1692, -1,
1625, 1692, 1693, -1,
1694, 1695, 1625, -1,
1693, 1696, 1625, -1,
1625, 1696, 1697, -1,
1625, 1697, 1694, -1,
1695, 1698, 1625, -1,
1625, 1698, 1699, -1,
1625, 1699, 1623, -1,
1699, 1700, 1623, -1,
1623, 1700, 1701, -1,
1623, 1701, 1621, -1,
1701, 1702, 1621, -1,
1621, 1702, 1703, -1,
1621, 1703, 1619, -1,
1619, 1703, 1704, -1,
1619, 1704, 1617, -1,
1704, 1705, 1617, -1,
1617, 1705, 1706, -1,
1617, 1706, 1003, -1,
1003, 1706, 1707, -1,
1003, 1707, 1005, -1,
1708, 1664, 1709, -1,
1663, 1662, 1709, -1,
1709, 1662, 1660, -1,
1661, 1709, 1659, -1,
1709, 1661, 999, -1,
1660, 1659, 1709, -1,
1664, 1663, 1709, -1,
1710, 1667, 1711, -1,
1711, 1667, 1666, -1,
1711, 1666, 1708, -1,
1708, 1666, 1665, -1,
1708, 1665, 1664, -1,
1712, 1669, 1710, -1,
1710, 1669, 1668, -1,
1710, 1668, 1667, -1,
1713, 1671, 1712, -1,
1712, 1671, 1670, -1,
1712, 1670, 1669, -1,
994, 1674, 1714, -1,
1714, 1674, 1673, -1,
1714, 1673, 1713, -1,
1713, 1673, 1672, -1,
1713, 1672, 1671, -1,
1222, 1679, 1715, -1,
1715, 1679, 1716, -1,
1715, 1716, 1717, -1,
1717, 1716, 1718, -1,
1719, 1720, 1718, -1,
1718, 1720, 1721, -1,
1718, 1721, 1717, -1,
1722, 1723, 1724, -1,
1724, 1723, 1725, -1,
1724, 1725, 1719, -1,
1719, 1725, 1726, -1,
1719, 1726, 1720, -1,
1709, 1727, 1728, -1,
1728, 1727, 1729, -1,
1728, 1729, 1722, -1,
1722, 1729, 1730, -1,
1722, 1730, 1723, -1,
1679, 1678, 1716, -1,
1716, 1678, 1731, -1,
1716, 1731, 1718, -1,
1718, 1731, 1732, -1,
1718, 1732, 1719, -1,
1719, 1732, 1733, -1,
1719, 1733, 1724, -1,
1724, 1733, 1734, -1,
1724, 1734, 1722, -1,
1722, 1734, 1735, -1,
1722, 1735, 1728, -1,
1728, 1735, 1736, -1,
1728, 1736, 1709, -1,
1678, 1677, 1731, -1,
1731, 1677, 1737, -1,
1731, 1737, 1732, -1,
1732, 1737, 1738, -1,
1732, 1738, 1733, -1,
1733, 1738, 1739, -1,
1733, 1739, 1734, -1,
1734, 1739, 1740, -1,
1734, 1740, 1735, -1,
1735, 1740, 1741, -1,
1735, 1741, 1736, -1,
1736, 1741, 1742, -1,
1736, 1742, 1709, -1,
1676, 1675, 1743, -1,
1743, 1675, 1744, -1,
1743, 1744, 1745, -1,
1745, 1744, 1746, -1,
1745, 1746, 1747, -1,
1747, 1746, 1748, -1,
1747, 1748, 1749, -1,
1749, 1748, 1750, -1,
1749, 1750, 1751, -1,
1751, 1750, 1752, -1,
1751, 1752, 1753, -1,
1753, 1752, 1754, -1,
1753, 1754, 1709, -1,
1675, 994, 1744, -1,
1744, 994, 1714, -1,
1744, 1714, 1746, -1,
1746, 1714, 1713, -1,
1746, 1713, 1748, -1,
1748, 1713, 1712, -1,
1748, 1712, 1750, -1,
1750, 1712, 1710, -1,
1750, 1710, 1752, -1,
1752, 1710, 1711, -1,
1752, 1711, 1754, -1,
1754, 1711, 1708, -1,
1754, 1708, 1709, -1,
1677, 1676, 1737, -1,
1737, 1676, 1743, -1,
1737, 1743, 1738, -1,
1738, 1743, 1745, -1,
1738, 1745, 1739, -1,
1739, 1745, 1747, -1,
1739, 1747, 1740, -1,
1740, 1747, 1749, -1,
1740, 1749, 1741, -1,
1741, 1749, 1751, -1,
1741, 1751, 1742, -1,
1742, 1751, 1753, -1,
1742, 1753, 1709, -1,
1704, 1703, 1755, -1,
1702, 1701, 1756, -1,
1700, 1699, 1757, -1,
1698, 1695, 1758, -1,
1759, 1760, 1761, -1,
1761, 1760, 1762, -1,
1761, 1762, 1763, -1,
1763, 1762, 1764, -1,
1764, 1762, 1765, -1,
1764, 1765, 1766, -1,
1766, 1765, 1767, -1,
1767, 1765, 1768, -1,
1767, 1768, 1769, -1,
1769, 1768, 1770, -1,
1770, 1768, 1771, -1,
1770, 1771, 1772, -1,
1772, 1771, 1773, -1,
1773, 1771, 1774, -1,
1773, 1774, 1775, -1,
1775, 1774, 1690, -1,
1775, 1690, 1221, -1,
1695, 1694, 1758, -1,
1758, 1694, 1697, -1,
1758, 1697, 1776, -1,
1776, 1697, 1696, -1,
1776, 1696, 1777, -1,
1777, 1696, 1693, -1,
1777, 1693, 1778, -1,
1778, 1693, 1692, -1,
1778, 1692, 1779, -1,
1779, 1692, 1691, -1,
1779, 1691, 1780, -1,
1700, 1757, 1701, -1,
1706, 1705, 1781, -1,
1781, 1705, 1704, -1,
1759, 1005, 1760, -1,
1760, 1005, 1707, -1,
1760, 1707, 1706, -1,
1691, 992, 1780, -1,
1780, 992, 1680, -1,
1780, 1680, 1681, -1,
1681, 1782, 1780, -1,
1780, 1782, 1783, -1,
1780, 1783, 1779, -1,
1779, 1783, 1784, -1,
1779, 1784, 1778, -1,
1778, 1784, 1785, -1,
1778, 1785, 1777, -1,
1777, 1785, 1786, -1,
1777, 1786, 1776, -1,
1776, 1786, 1757, -1,
1776, 1757, 1758, -1,
1758, 1757, 1699, -1,
1758, 1699, 1698, -1,
1701, 1757, 1756, -1,
1756, 1757, 1786, -1,
1756, 1786, 1787, -1,
1787, 1786, 1785, -1,
1787, 1785, 1788, -1,
1788, 1785, 1784, -1,
1788, 1784, 1789, -1,
1789, 1784, 1783, -1,
1789, 1783, 1790, -1,
1790, 1783, 1782, -1,
1790, 1782, 1791, -1,
1681, 1682, 1782, -1,
1782, 1682, 1683, -1,
1782, 1683, 1791, -1,
1791, 1683, 1684, -1,
1791, 1684, 1685, -1,
1685, 1792, 1791, -1,
1791, 1792, 1793, -1,
1791, 1793, 1790, -1,
1790, 1793, 1794, -1,
1790, 1794, 1789, -1,
1789, 1794, 1795, -1,
1789, 1795, 1788, -1,
1788, 1795, 1796, -1,
1788, 1796, 1787, -1,
1787, 1796, 1755, -1,
1787, 1755, 1756, -1,
1756, 1755, 1703, -1,
1756, 1703, 1702, -1,
1704, 1755, 1781, -1,
1781, 1755, 1796, -1,
1781, 1796, 1797, -1,
1797, 1796, 1795, -1,
1797, 1795, 1798, -1,
1798, 1795, 1794, -1,
1798, 1794, 1799, -1,
1799, 1794, 1793, -1,
1799, 1793, 1800, -1,
1800, 1793, 1792, -1,
1800, 1792, 1801, -1,
1685, 1686, 1792, -1,
1792, 1686, 1687, -1,
1792, 1687, 1801, -1,
1801, 1687, 1688, -1,
1801, 1688, 1689, -1,
1706, 1781, 1760, -1,
1760, 1781, 1797, -1,
1760, 1797, 1762, -1,
1762, 1797, 1798, -1,
1762, 1798, 1765, -1,
1765, 1798, 1799, -1,
1765, 1799, 1768, -1,
1768, 1799, 1800, -1,
1768, 1800, 1771, -1,
1771, 1800, 1801, -1,
1771, 1801, 1774, -1,
1774, 1801, 1689, -1,
1774, 1689, 1690, -1,
999, 998, 1709, -1,
1709, 998, 1802, -1,
1709, 1802, 1727, -1,
1727, 1802, 1803, -1,
1727, 1803, 1729, -1,
1729, 1803, 1804, -1,
1729, 1804, 1805, -1,
1220, 1222, 1806, -1,
1806, 1222, 1715, -1,
1806, 1715, 1807, -1,
1807, 1715, 1717, -1,
1807, 1717, 1808, -1,
1808, 1717, 1721, -1,
1808, 1721, 1809, -1,
1809, 1721, 1720, -1,
1809, 1720, 1810, -1,
1810, 1720, 1726, -1,
1810, 1726, 1811, -1,
1811, 1726, 1725, -1,
1811, 1725, 1812, -1,
1812, 1725, 1723, -1,
1812, 1723, 1805, -1,
1805, 1723, 1730, -1,
1805, 1730, 1729, -1,
1005, 1759, 1004, -1,
1004, 1759, 1813, -1,
1759, 1761, 1813, -1,
1813, 1761, 1763, -1,
1813, 1763, 1814, -1,
1763, 1764, 1814, -1,
1814, 1764, 1766, -1,
1814, 1766, 1815, -1,
1766, 1767, 1815, -1,
1815, 1767, 1769, -1,
1815, 1769, 1816, -1,
1769, 1770, 1816, -1,
1816, 1770, 1772, -1,
1816, 1772, 1817, -1,
1817, 1772, 1773, -1,
1817, 1773, 1220, -1,
1220, 1773, 1775, -1,
1220, 1775, 1221, -1,
1818, 1803, 1802, -1,
1803, 1818, 1804, -1,
1811, 1812, 1819, -1,
1820, 1802, 998, -1,
1821, 1802, 1822, -1,
1802, 1821, 1823, -1,
1820, 1822, 1802, -1,
1824, 1825, 1802, -1,
1004, 1826, 1827, -1,
1827, 1826, 1828, -1,
1828, 1826, 1829, -1,
1828, 1829, 1830, -1,
1830, 1829, 1831, -1,
1831, 1829, 1832, -1,
1831, 1832, 1833, -1,
1833, 1832, 1834, -1,
1834, 1832, 1835, -1,
1834, 1835, 1836, -1,
1836, 1835, 1837, -1,
1837, 1835, 1838, -1,
1837, 1838, 1839, -1,
1839, 1838, 1840, -1,
1840, 1838, 1841, -1,
1840, 1841, 1825, -1,
1825, 1841, 1802, -1,
1823, 1824, 1802, -1,
1842, 1817, 1220, -1,
1220, 1806, 1842, -1,
1842, 1806, 1807, -1,
1842, 1807, 1843, -1,
1816, 1817, 1844, -1,
1844, 1817, 1842, -1,
1844, 1842, 1845, -1,
1845, 1842, 1843, -1,
1845, 1843, 1846, -1,
1846, 1843, 1847, -1,
1846, 1847, 1848, -1,
1810, 1847, 1809, -1,
1809, 1847, 1843, -1,
1809, 1843, 1808, -1,
1808, 1843, 1807, -1,
1810, 1811, 1847, -1,
1847, 1811, 1819, -1,
1847, 1819, 1848, -1,
1848, 1819, 1849, -1,
1812, 1805, 1819, -1,
1819, 1805, 1850, -1,
1819, 1850, 1849, -1,
1849, 1850, 1851, -1,
1004, 1813, 1826, -1,
1826, 1813, 1852, -1,
1826, 1852, 1829, -1,
1829, 1852, 1853, -1,
1829, 1853, 1832, -1,
1832, 1853, 1854, -1,
1832, 1854, 1835, -1,
1835, 1854, 1855, -1,
1835, 1855, 1838, -1,
1838, 1855, 1856, -1,
1838, 1856, 1841, -1,
1841, 1856, 1857, -1,
1841, 1857, 1802, -1,
1814, 1815, 1858, -1,
1858, 1815, 1859, -1,
1858, 1859, 1860, -1,
1860, 1859, 1861, -1,
1860, 1861, 1862, -1,
1862, 1861, 1863, -1,
1862, 1863, 1864, -1,
1864, 1863, 1865, -1,
1864, 1865, 1866, -1,
1866, 1865, 1867, -1,
1866, 1867, 1868, -1,
1868, 1867, 1869, -1,
1868, 1869, 1802, -1,
1815, 1816, 1859, -1,
1859, 1816, 1844, -1,
1859, 1844, 1861, -1,
1861, 1844, 1845, -1,
1861, 1845, 1863, -1,
1863, 1845, 1846, -1,
1863, 1846, 1865, -1,
1865, 1846, 1848, -1,
1865, 1848, 1867, -1,
1867, 1848, 1849, -1,
1867, 1849, 1869, -1,
1869, 1849, 1851, -1,
1869, 1851, 1802, -1,
1813, 1814, 1852, -1,
1852, 1814, 1858, -1,
1852, 1858, 1853, -1,
1853, 1858, 1860, -1,
1853, 1860, 1854, -1,
1854, 1860, 1862, -1,
1854, 1862, 1855, -1,
1855, 1862, 1864, -1,
1855, 1864, 1856, -1,
1856, 1864, 1866, -1,
1856, 1866, 1857, -1,
1857, 1866, 1868, -1,
1857, 1868, 1802, -1,
1805, 1804, 1850, -1,
1850, 1804, 1818, -1,
1850, 1818, 1851, -1,
1851, 1818, 1802, -1,
1004, 1827, 1002, -1,
1002, 1827, 1870, -1,
1827, 1828, 1870, -1,
1870, 1828, 1830, -1,
1870, 1830, 1871, -1,
1830, 1831, 1871, -1,
1871, 1831, 1833, -1,
1871, 1833, 1872, -1,
1872, 1833, 1834, -1,
1872, 1834, 1873, -1,
1834, 1836, 1873, -1,
1873, 1836, 1837, -1,
1873, 1837, 1874, -1,
1837, 1839, 1874, -1,
1874, 1839, 1840, -1,
1874, 1840, 1000, -1,
1000, 1840, 1825, -1,
1825, 1824, 1000, -1,
1000, 1824, 1823, -1,
1000, 1823, 1821, -1,
1821, 1822, 1000, -1,
1000, 1822, 1820, -1,
1000, 1820, 998, -1,
1002, 1870, 1875, -1,
1870, 1871, 1876, -1,
1871, 1872, 1877, -1,
1872, 1873, 1878, -1,
1873, 1874, 1879, -1,
1056, 1880, 1054, -1,
1054, 1880, 1881, -1,
1054, 1881, 1052, -1,
1052, 1881, 1879, -1,
1052, 1879, 1050, -1,
1050, 1879, 1874, -1,
1050, 1874, 1000, -1,
1056, 1058, 1880, -1,
1880, 1058, 1060, -1,
1880, 1060, 1882, -1,
1882, 1060, 1062, -1,
1882, 1062, 1883, -1,
1062, 1064, 1883, -1,
1883, 1064, 1066, -1,
1883, 1066, 1884, -1,
1884, 1066, 1068, -1,
1884, 1068, 1885, -1,
1885, 1068, 1070, -1,
1080, 1886, 1887, -1,
1070, 1072, 1885, -1,
1885, 1072, 1074, -1,
1885, 1074, 1888, -1,
1888, 1074, 1076, -1,
1888, 1076, 1887, -1,
1887, 1076, 1078, -1,
1887, 1078, 1080, -1,
1080, 1082, 1886, -1,
1886, 1082, 1084, -1,
1886, 1084, 1889, -1,
1873, 1879, 1878, -1,
1878, 1879, 1881, -1,
1878, 1881, 1890, -1,
1890, 1881, 1880, -1,
1890, 1880, 1891, -1,
1891, 1880, 1882, -1,
1891, 1882, 1892, -1,
1892, 1882, 1883, -1,
1892, 1883, 1893, -1,
1893, 1883, 1884, -1,
1893, 1884, 1894, -1,
1894, 1884, 1885, -1,
1894, 1885, 1895, -1,
1895, 1885, 1888, -1,
1895, 1888, 1896, -1,
1896, 1888, 1887, -1,
1896, 1887, 1897, -1,
1897, 1887, 1886, -1,
1897, 1886, 1898, -1,
1898, 1886, 1889, -1,
1898, 1889, 1899, -1,
1872, 1878, 1877, -1,
1877, 1878, 1890, -1,
1877, 1890, 1900, -1,
1900, 1890, 1891, -1,
1900, 1891, 1901, -1,
1901, 1891, 1892, -1,
1901, 1892, 1902, -1,
1902, 1892, 1893, -1,
1902, 1893, 1903, -1,
1903, 1893, 1894, -1,
1903, 1894, 1904, -1,
1904, 1894, 1895, -1,
1904, 1895, 1905, -1,
1905, 1895, 1896, -1,
1905, 1896, 1906, -1,
1906, 1896, 1897, -1,
1906, 1897, 1907, -1,
1907, 1897, 1898, -1,
1907, 1898, 1908, -1,
1908, 1898, 1899, -1,
1908, 1899, 1909, -1,
1871, 1877, 1876, -1,
1876, 1877, 1900, -1,
1876, 1900, 1910, -1,
1910, 1900, 1901, -1,
1910, 1901, 1911, -1,
1911, 1901, 1902, -1,
1911, 1902, 1912, -1,
1912, 1902, 1903, -1,
1912, 1903, 1913, -1,
1913, 1903, 1904, -1,
1913, 1904, 1914, -1,
1914, 1904, 1905, -1,
1914, 1905, 1915, -1,
1915, 1905, 1906, -1,
1915, 1906, 1916, -1,
1916, 1906, 1907, -1,
1916, 1907, 1917, -1,
1917, 1907, 1908, -1,
1917, 1908, 1918, -1,
1918, 1908, 1909, -1,
1918, 1909, 1919, -1,
1870, 1876, 1875, -1,
1875, 1876, 1910, -1,
1875, 1910, 1920, -1,
1920, 1910, 1911, -1,
1920, 1911, 1921, -1,
1921, 1911, 1912, -1,
1921, 1912, 1922, -1,
1922, 1912, 1913, -1,
1922, 1913, 1923, -1,
1923, 1913, 1914, -1,
1923, 1914, 1924, -1,
1924, 1914, 1915, -1,
1924, 1915, 1925, -1,
1925, 1915, 1916, -1,
1925, 1916, 1926, -1,
1926, 1916, 1917, -1,
1926, 1917, 1927, -1,
1927, 1917, 1918, -1,
1927, 1918, 1928, -1,
1928, 1918, 1919, -1,
1928, 1919, 1929, -1,
1002, 1875, 1087, -1,
1087, 1875, 1920, -1,
1087, 1920, 1097, -1,
1097, 1920, 1921, -1,
1097, 1921, 1098, -1,
1098, 1921, 1922, -1,
1098, 1922, 1100, -1,
1100, 1922, 1923, -1,
1100, 1923, 1102, -1,
1102, 1923, 1924, -1,
1102, 1924, 1104, -1,
1104, 1924, 1925, -1,
1104, 1925, 1105, -1,
1105, 1925, 1926, -1,
1105, 1926, 1095, -1,
1095, 1926, 1927, -1,
1095, 1927, 1093, -1,
1093, 1927, 1928, -1,
1093, 1928, 1091, -1,
1091, 1928, 1929, -1,
1091, 1929, 1089, -1,
1112, 1089, 1929, -1,
1112, 1929, 1930, -1,
1930, 1929, 1919, -1,
1930, 1919, 1931, -1,
1931, 1919, 1909, -1,
1931, 1909, 1932, -1,
1932, 1909, 1899, -1,
1932, 1899, 1933, -1,
1933, 1899, 1889, -1,
1933, 1889, 1934, -1,
1934, 1889, 1084, -1,
1934, 1084, 1110, -1,
1188, 1186, 1935, -1,
1180, 1178, 1936, -1,
1172, 1170, 1937, -1,
1192, 1191, 1938, -1,
1938, 1191, 1939, -1,
1938, 1939, 1940, -1,
1940, 1939, 1941, -1,
1940, 1941, 1942, -1,
1942, 1941, 1943, -1,
1942, 1943, 1944, -1,
1944, 1943, 1945, -1,
1944, 1945, 1946, -1,
1946, 1945, 1937, -1,
1946, 1937, 1168, -1,
1168, 1937, 1170, -1,
1191, 1207, 1939, -1,
1939, 1207, 1947, -1,
1939, 1947, 1941, -1,
1941, 1947, 1948, -1,
1941, 1948, 1943, -1,
1943, 1948, 1949, -1,
1943, 1949, 1945, -1,
1945, 1949, 1950, -1,
1945, 1950, 1937, -1,
1937, 1950, 1951, -1,
1937, 1951, 1172, -1,
1172, 1951, 1174, -1,
1207, 1209, 1947, -1,
1947, 1209, 1952, -1,
1947, 1952, 1948, -1,
1948, 1952, 1953, -1,
1948, 1953, 1949, -1,
1949, 1953, 1954, -1,
1949, 1954, 1950, -1,
1950, 1954, 1955, -1,
1950, 1955, 1951, -1,
1951, 1955, 1956, -1,
1951, 1956, 1174, -1,
1174, 1956, 1176, -1,
1209, 1198, 1952, -1,
1952, 1198, 1957, -1,
1952, 1957, 1953, -1,
1953, 1957, 1958, -1,
1953, 1958, 1954, -1,
1954, 1958, 1959, -1,
1954, 1959, 1955, -1,
1955, 1959, 1960, -1,
1955, 1960, 1956, -1,
1956, 1960, 1936, -1,
1956, 1936, 1176, -1,
1176, 1936, 1178, -1,
1182, 1180, 1961, -1,
1961, 1180, 1936, -1,
1961, 1936, 1962, -1,
1962, 1936, 1960, -1,
1962, 1960, 1963, -1,
1963, 1960, 1959, -1,
1963, 1959, 1964, -1,
1964, 1959, 1958, -1,
1964, 1958, 1965, -1,
1965, 1958, 1957, -1,
1965, 1957, 1200, -1,
1200, 1957, 1198, -1,
1200, 1202, 1965, -1,
1965, 1202, 1966, -1,
1965, 1966, 1964, -1,
1964, 1966, 1967, -1,
1964, 1967, 1963, -1,
1963, 1967, 1968, -1,
1963, 1968, 1962, -1,
1962, 1968, 1969, -1,
1962, 1969, 1961, -1,
1961, 1969, 1970, -1,
1961, 1970, 1182, -1,
1182, 1970, 1184, -1,
1202, 1197, 1966, -1,
1966, 1197, 1971, -1,
1966, 1971, 1967, -1,
1967, 1971, 1972, -1,
1967, 1972, 1968, -1,
1968, 1972, 1973, -1,
1968, 1973, 1969, -1,
1969, 1973, 1974, -1,
1969, 1974, 1970, -1,
1970, 1974, 1935, -1,
1970, 1935, 1184, -1,
1184, 1935, 1186, -1,
1197, 1195, 1971, -1,
1971, 1195, 1975, -1,
1971, 1975, 1972, -1,
1972, 1975, 1976, -1,
1972, 1976, 1973, -1,
1973, 1976, 1977, -1,
1973, 1977, 1974, -1,
1974, 1977, 1978, -1,
1974, 1978, 1935, -1,
1935, 1978, 1979, -1,
1935, 1979, 1188, -1,
1188, 1979, 1190, -1,
1195, 1112, 1975, -1,
1975, 1112, 1930, -1,
1975, 1930, 1976, -1,
1976, 1930, 1931, -1,
1976, 1931, 1977, -1,
1977, 1931, 1932, -1,
1977, 1932, 1978, -1,
1978, 1932, 1933, -1,
1978, 1933, 1979, -1,
1979, 1933, 1934, -1,
1979, 1934, 1190, -1,
1190, 1934, 1110, -1,
1168, 1218, 1231, -1,
1168, 1231, 1946, -1,
1946, 1231, 1226, -1,
1946, 1226, 1944, -1,
1944, 1226, 1228, -1,
1944, 1228, 1942, -1,
1942, 1228, 1229, -1,
1942, 1229, 1940, -1,
1940, 1229, 1227, -1,
1940, 1227, 1938, -1,
1938, 1227, 1212, -1,
1938, 1212, 1192, -1,
1980, 1981, 1982, -1,
1982, 1981, 1983, -1,
1984, 1985, 1986, -1,
1986, 1985, 1987, -1,
1988, 1989, 1990, -1,
1990, 1989, 1991, -1,
1992, 1993, 1994, -1,
1994, 1993, 1995, -1,
1996, 1997, 1998, -1,
1998, 1997, 1999, -1,
1998, 1999, 2000, -1,
2000, 1999, 2001, -1,
2000, 2001, 2002, -1,
2002, 2001, 2003, -1,
2002, 2003, 2004, -1,
2004, 2003, 2005, -1,
2004, 2005, 2006, -1,
2006, 2005, 2007, -1,
2006, 2007, 2008, -1,
2008, 2007, 2009, -1,
2008, 2009, 2010, -1,
2010, 2009, 2011, -1,
2010, 2011, 2012, -1,
2012, 2011, 2013, -1,
2012, 2013, 2014, -1,
2014, 2013, 2015, -1,
2014, 2015, 2016, -1,
2016, 2015, 2017, -1,
2016, 2017, 2018, -1,
2018, 2017, 2019, -1,
2018, 2019, 1980, -1,
1980, 2019, 1981, -1,
2020, 2021, 2022, -1,
2022, 2021, 2023, -1,
2022, 2023, 2024, -1,
1986, 1987, 2025, -1,
2025, 1987, 2026, -1,
2025, 2026, 2027, -1,
2027, 2026, 2028, -1,
2027, 2028, 2029, -1,
2029, 2028, 2030, -1,
2023, 2031, 2024, -1,
2024, 2031, 2032, -1,
2024, 2032, 2033, -1,
2033, 2032, 2034, -1,
2033, 2034, 2035, -1,
2035, 2034, 2036, -1,
2035, 2036, 2037, -1,
2037, 2036, 2038, -1,
2037, 2038, 2030, -1,
2030, 2038, 2039, -1,
2030, 2039, 2029, -1,
1990, 1991, 2040, -1,
2040, 1991, 2041, -1,
2040, 2041, 2042, -1,
2042, 2041, 2043, -1,
2042, 2043, 2044, -1,
2044, 2043, 2045, -1,
2044, 2045, 2046, -1,
2046, 2045, 2047, -1,
2046, 2047, 2048, -1,
2048, 2047, 2049, -1,
2048, 2049, 2050, -1,
2050, 2049, 2051, -1,
2050, 2051, 2052, -1,
2052, 2051, 2053, -1,
2052, 2053, 2054, -1,
2054, 2053, 2055, -1,
2054, 2055, 2056, -1,
2056, 2055, 2057, -1,
2056, 2057, 2058, -1,
2058, 2057, 2059, -1,
2058, 2059, 2060, -1,
2060, 2059, 2061, -1,
2060, 2061, 2062, -1,
2062, 2061, 2063, -1,
2062, 2063, 2064, -1,
2064, 2063, 2065, -1,
2064, 2065, 2066, -1,
2066, 2065, 2067, -1,
2066, 2067, 2068, -1,
2068, 2067, 2069, -1,
2068, 2069, 2070, -1,
2070, 2069, 2071, -1,
2070, 2071, 2072, -1,
2072, 2071, 2073, -1,
2072, 2073, 2074, -1,
2074, 2073, 2075, -1,
1993, 1992, 2076, -1,
2076, 1992, 2077, -1,
2076, 2077, 2078, -1,
2079, 2080, 2081, -1,
2081, 2080, 2082, -1,
2081, 2082, 2083, -1,
2083, 2082, 2084, -1,
2083, 2084, 2085, -1,
2085, 2084, 2086, -1,
2077, 2087, 2078, -1,
2078, 2087, 2088, -1,
2078, 2088, 2089, -1,
2089, 2088, 2090, -1,
2089, 2090, 2091, -1,
2091, 2090, 2092, -1,
2091, 2092, 2093, -1,
2093, 2092, 2094, -1,
2093, 2094, 2086, -1,
2086, 2094, 2095, -1,
2086, 2095, 2085, -1,
2096, 2097, 1996, -1,
1996, 2097, 1997, -1,
2021, 2020, 2098, -1,
2098, 2020, 2099, -1,
2074, 2075, 2100, -1,
2100, 2075, 2101, -1,
2102, 2103, 2079, -1,
2079, 2103, 2080, -1,
2097, 2096, 2104, -1,
2104, 2096, 2105, -1,
2104, 2105, 2106, -1,
2106, 2105, 2107, -1,
2106, 2107, 2108, -1,
2108, 2107, 2109, -1,
2108, 2109, 2110, -1,
2110, 2109, 2111, -1,
2110, 2111, 2112, -1,
2112, 2111, 2113, -1,
2112, 2113, 2114, -1,
2114, 2113, 2115, -1,
2114, 2115, 2116, -1,
2116, 2115, 2117, -1,
2116, 2117, 2118, -1,
2118, 2117, 2119, -1,
2118, 2119, 2120, -1,
2120, 2119, 2121, -1,
2120, 2121, 2122, -1,
2122, 2121, 2123, -1,
2122, 2123, 2124, -1,
2124, 2123, 2125, -1,
2124, 2125, 2126, -1,
2126, 2125, 2127, -1,
2126, 2127, 2128, -1,
2128, 2127, 2129, -1,
2128, 2129, 2130, -1,
2130, 2129, 2131, -1,
2130, 2131, 2132, -1,
2132, 2131, 2133, -1,
2132, 2133, 2134, -1,
2134, 2133, 2135, -1,
2136, 2098, 2099, -1,
2137, 2138, 2139, -1,
2139, 2138, 2140, -1,
2139, 2140, 2141, -1,
2141, 2140, 2142, -1,
2143, 2144, 2145, -1,
2145, 2144, 2146, -1,
2145, 2146, 2147, -1,
2147, 2146, 2148, -1,
2147, 2148, 2142, -1,
2142, 2148, 2149, -1,
2142, 2149, 2141, -1,
2099, 2150, 2136, -1,
2136, 2150, 2151, -1,
2136, 2151, 2152, -1,
2152, 2151, 2153, -1,
2152, 2153, 2154, -1,
2154, 2153, 2155, -1,
2154, 2155, 2143, -1,
2143, 2155, 2156, -1,
2143, 2156, 2144, -1,
2157, 2158, 2159, -1,
2159, 2158, 2160, -1,
2159, 2160, 2161, -1,
2161, 2160, 2162, -1,
2161, 2162, 2163, -1,
2163, 2162, 2164, -1,
2163, 2164, 2165, -1,
2165, 2164, 2166, -1,
2165, 2166, 2167, -1,
2167, 2166, 2168, -1,
2167, 2168, 2169, -1,
2169, 2168, 2170, -1,
2169, 2170, 2171, -1,
2171, 2170, 2172, -1,
2171, 2172, 2173, -1,
2173, 2172, 2174, -1,
2173, 2174, 2175, -1,
2175, 2174, 2176, -1,
2175, 2176, 2177, -1,
2177, 2176, 2178, -1,
2177, 2178, 2179, -1,
2179, 2178, 2180, -1,
2179, 2180, 2101, -1,
2101, 2180, 2100, -1,
2181, 2182, 2183, -1,
2103, 2102, 2184, -1,
2184, 2102, 2185, -1,
2184, 2185, 2186, -1,
2186, 2185, 2187, -1,
2188, 2189, 2190, -1,
2190, 2189, 2191, -1,
2190, 2191, 2192, -1,
2192, 2191, 2193, -1,
2192, 2193, 2187, -1,
2187, 2193, 2194, -1,
2187, 2194, 2186, -1,
2183, 2195, 2181, -1,
2181, 2195, 2196, -1,
2181, 2196, 2197, -1,
2197, 2196, 2198, -1,
2197, 2198, 2199, -1,
2199, 2198, 2200, -1,
2199, 2200, 2188, -1,
2188, 2200, 2201, -1,
2188, 2201, 2189, -1,
2202, 2203, 2182, -1,
2182, 2203, 2183, -1,
2204, 2205, 2135, -1,
2135, 2205, 2134, -1,
2138, 2137, 2206, -1,
2206, 2137, 2207, -1,
2158, 2157, 2208, -1,
2208, 2157, 2209, -1,
2210, 2211, 2212, -1,
2212, 2211, 2213, -1,
2208, 2209, 2206, -1,
2206, 2209, 2214, -1,
2205, 2204, 2203, -1,
2203, 2204, 2215, -1,
2216, 2217, 2218, -1,
2218, 2217, 2219, -1,
2220, 2205, 2207, -1,
2207, 2205, 2203, -1,
2207, 2203, 2206, -1,
2206, 2203, 2202, -1,
2206, 2202, 2208, -1,
2208, 2202, 2217, -1,
2208, 2217, 2221, -1,
2221, 2217, 2216, -1,
2220, 2222, 2223, -1,
2214, 2224, 2225, -1,
2223, 2226, 2220, -1,
2220, 2226, 2227, -1,
2220, 2227, 2205, -1,
2215, 2228, 2229, -1,
2225, 2230, 2214, -1,
2214, 2230, 2231, -1,
2214, 2231, 2206, -1,
2229, 2232, 2215, -1,
2215, 2232, 2233, -1,
2215, 2233, 2203, -1,
2134, 2205, 2227, -1,
2134, 2227, 2234, -1,
2234, 2227, 2226, -1,
2234, 2226, 2235, -1,
2235, 2226, 2223, -1,
2235, 2223, 2236, -1,
2236, 2223, 2222, -1,
2236, 2222, 2237, -1,
2237, 2222, 2220, -1,
2237, 2220, 2238, -1,
2238, 2220, 2207, -1,
2238, 2207, 2137, -1,
2099, 2239, 2240, -1,
2239, 2241, 2242, -1,
2241, 2243, 2244, -1,
2243, 2245, 2246, -1,
2245, 2247, 2248, -1,
2247, 2097, 2104, -1,
2247, 2104, 2248, -1,
2248, 2104, 2106, -1,
2248, 2106, 2249, -1,
2106, 2108, 2249, -1,
2249, 2108, 2110, -1,
2249, 2110, 2250, -1,
2250, 2110, 2112, -1,
2250, 2112, 2251, -1,
2251, 2112, 2114, -1,
2251, 2114, 2252, -1,
2114, 2116, 2252, -1,
2252, 2116, 2118, -1,
2252, 2118, 2253, -1,
2253, 2118, 2120, -1,
2253, 2120, 2254, -1,
2254, 2120, 2122, -1,
2254, 2122, 2255, -1,
2122, 2124, 2255, -1,
2255, 2124, 2126, -1,
2255, 2126, 2256, -1,
2256, 2126, 2128, -1,
2256, 2128, 2257, -1,
2257, 2128, 2130, -1,
2257, 2130, 2258, -1,
2130, 2132, 2258, -1,
2258, 2132, 2134, -1,
2258, 2134, 2234, -1,
2245, 2248, 2246, -1,
2246, 2248, 2249, -1,
2246, 2249, 2259, -1,
2259, 2249, 2250, -1,
2259, 2250, 2260, -1,
2260, 2250, 2251, -1,
2260, 2251, 2261, -1,
2261, 2251, 2252, -1,
2261, 2252, 2262, -1,
2262, 2252, 2253, -1,
2262, 2253, 2263, -1,
2263, 2253, 2254, -1,
2263, 2254, 2264, -1,
2264, 2254, 2255, -1,
2264, 2255, 2265, -1,
2265, 2255, 2256, -1,
2265, 2256, 2266, -1,
2266, 2256, 2257, -1,
2266, 2257, 2267, -1,
2267, 2257, 2258, -1,
2267, 2258, 2268, -1,
2268, 2258, 2234, -1,
2268, 2234, 2235, -1,
2243, 2246, 2244, -1,
2244, 2246, 2259, -1,
2244, 2259, 2269, -1,
2269, 2259, 2260, -1,
2269, 2260, 2270, -1,
2270, 2260, 2261, -1,
2270, 2261, 2271, -1,
2271, 2261, 2262, -1,
2271, 2262, 2272, -1,
2272, 2262, 2263, -1,
2272, 2263, 2273, -1,
2273, 2263, 2264, -1,
2273, 2264, 2274, -1,
2274, 2264, 2265, -1,
2274, 2265, 2275, -1,
2275, 2265, 2266, -1,
2275, 2266, 2276, -1,
2276, 2266, 2267, -1,
2276, 2267, 2277, -1,
2277, 2267, 2268, -1,
2277, 2268, 2278, -1,
2278, 2268, 2235, -1,
2278, 2235, 2236, -1,
2241, 2244, 2242, -1,
2242, 2244, 2269, -1,
2242, 2269, 2279, -1,
2279, 2269, 2270, -1,
2279, 2270, 2280, -1,
2280, 2270, 2271, -1,
2280, 2271, 2281, -1,
2281, 2271, 2272, -1,
2281, 2272, 2282, -1,
2282, 2272, 2273, -1,
2282, 2273, 2283, -1,
2283, 2273, 2274, -1,
2283, 2274, 2284, -1,
2284, 2274, 2275, -1,
2284, 2275, 2285, -1,
2285, 2275, 2276, -1,
2285, 2276, 2286, -1,
2286, 2276, 2277, -1,
2286, 2277, 2287, -1,
2287, 2277, 2278, -1,
2287, 2278, 2288, -1,
2288, 2278, 2236, -1,
2288, 2236, 2237, -1,
2239, 2242, 2240, -1,
2240, 2242, 2279, -1,
2240, 2279, 2289, -1,
2289, 2279, 2280, -1,
2289, 2280, 2290, -1,
2290, 2280, 2281, -1,
2290, 2281, 2291, -1,
2291, 2281, 2282, -1,
2291, 2282, 2292, -1,
2292, 2282, 2283, -1,
2292, 2283, 2293, -1,
2293, 2283, 2284, -1,
2293, 2284, 2294, -1,
2294, 2284, 2285, -1,
2294, 2285, 2295, -1,
2295, 2285, 2286, -1,
2295, 2286, 2296, -1,
2296, 2286, 2287, -1,
2296, 2287, 2297, -1,
2297, 2287, 2288, -1,
2297, 2288, 2298, -1,
2298, 2288, 2237, -1,
2298, 2237, 2238, -1,
2099, 2240, 2150, -1,
2150, 2240, 2289, -1,
2150, 2289, 2151, -1,
2151, 2289, 2290, -1,
2151, 2290, 2153, -1,
2153, 2290, 2291, -1,
2153, 2291, 2155, -1,
2155, 2291, 2292, -1,
2155, 2292, 2156, -1,
2156, 2292, 2293, -1,
2156, 2293, 2144, -1,
2144, 2293, 2294, -1,
2144, 2294, 2146, -1,
2146, 2294, 2295, -1,
2146, 2295, 2148, -1,
2148, 2295, 2296, -1,
2148, 2296, 2149, -1,
2149, 2296, 2297, -1,
2149, 2297, 2141, -1,
2141, 2297, 2298, -1,
2141, 2298, 2139, -1,
2139, 2298, 2238, -1,
2139, 2238, 2137, -1,
2138, 2206, 2231, -1,
2138, 2231, 2299, -1,
2299, 2231, 2230, -1,
2299, 2230, 2300, -1,
2300, 2230, 2225, -1,
2300, 2225, 2301, -1,
2301, 2225, 2224, -1,
2301, 2224, 2302, -1,
2302, 2224, 2214, -1,
2302, 2214, 2303, -1,
2303, 2214, 2209, -1,
2303, 2209, 2157, -1,
2099, 2020, 2304, -1,
2099, 2304, 2239, -1,
2239, 2304, 2305, -1,
2239, 2305, 2241, -1,
2241, 2305, 2306, -1,
2241, 2306, 2243, -1,
2243, 2306, 2307, -1,
2243, 2307, 2245, -1,
2245, 2307, 2308, -1,
2245, 2308, 2247, -1,
2247, 2308, 1997, -1,
2247, 1997, 2097, -1,
2183, 2203, 2233, -1,
2183, 2233, 2309, -1,
2309, 2233, 2232, -1,
2309, 2232, 2310, -1,
2310, 2232, 2229, -1,
2310, 2229, 2311, -1,
2311, 2229, 2228, -1,
2311, 2228, 2312, -1,
2312, 2228, 2215, -1,
2312, 2215, 2313, -1,
2313, 2215, 2204, -1,
2313, 2204, 2135, -1,
2161, 2163, 2314, -1,
2169, 2171, 2315, -1,
2177, 2179, 2316, -1,
2098, 2136, 2317, -1,
2317, 2136, 2318, -1,
2317, 2318, 2319, -1,
2319, 2318, 2320, -1,
2319, 2320, 2321, -1,
2321, 2320, 2322, -1,
2321, 2322, 2323, -1,
2323, 2322, 2324, -1,
2323, 2324, 2325, -1,
2325, 2324, 2316, -1,
2325, 2316, 2101, -1,
2101, 2316, 2179, -1,
2136, 2152, 2318, -1,
2318, 2152, 2326, -1,
2318, 2326, 2320, -1,
2320, 2326, 2327, -1,
2320, 2327, 2322, -1,
2322, 2327, 2328, -1,
2322, 2328, 2324, -1,
2324, 2328, 2329, -1,
2324, 2329, 2316, -1,
2316, 2329, 2330, -1,
2316, 2330, 2177, -1,
2177, 2330, 2175, -1,
2152, 2154, 2326, -1,
2326, 2154, 2331, -1,
2326, 2331, 2327, -1,
2327, 2331, 2332, -1,
2327, 2332, 2328, -1,
2328, 2332, 2333, -1,
2328, 2333, 2329, -1,
2329, 2333, 2334, -1,
2329, 2334, 2330, -1,
2330, 2334, 2335, -1,
2330, 2335, 2175, -1,
2175, 2335, 2173, -1,
2154, 2143, 2331, -1,
2331, 2143, 2336, -1,
2331, 2336, 2332, -1,
2332, 2336, 2337, -1,
2332, 2337, 2333, -1,
2333, 2337, 2338, -1,
2333, 2338, 2334, -1,
2334, 2338, 2339, -1,
2334, 2339, 2335, -1,
2335, 2339, 2315, -1,
2335, 2315, 2173, -1,
2173, 2315, 2171, -1,
2143, 2145, 2336, -1,
2336, 2145, 2340, -1,
2336, 2340, 2337, -1,
2337, 2340, 2341, -1,
2337, 2341, 2338, -1,
2338, 2341, 2342, -1,
2338, 2342, 2339, -1,
2339, 2342, 2343, -1,
2339, 2343, 2315, -1,
2315, 2343, 2344, -1,
2315, 2344, 2169, -1,
2169, 2344, 2167, -1,
2145, 2147, 2340, -1,
2340, 2147, 2345, -1,
2340, 2345, 2341, -1,
2341, 2345, 2346, -1,
2341, 2346, 2342, -1,
2342, 2346, 2347, -1,
2342, 2347, 2343, -1,
2343, 2347, 2348, -1,
2343, 2348, 2344, -1,
2344, 2348, 2349, -1,
2344, 2349, 2167, -1,
2167, 2349, 2165, -1,
2147, 2142, 2345, -1,
2345, 2142, 2350, -1,
2345, 2350, 2346, -1,
2346, 2350, 2351, -1,
2346, 2351, 2347, -1,
2347, 2351, 2352, -1,
2347, 2352, 2348, -1,
2348, 2352, 2353, -1,
2348, 2353, 2349, -1,
2349, 2353, 2314, -1,
2349, 2314, 2165, -1,
2165, 2314, 2163, -1,
2142, 2140, 2350, -1,
2350, 2140, 2354, -1,
2350, 2354, 2351, -1,
2351, 2354, 2355, -1,
2351, 2355, 2352, -1,
2352, 2355, 2356, -1,
2352, 2356, 2353, -1,
2353, 2356, 2357, -1,
2353, 2357, 2314, -1,
2314, 2357, 2358, -1,
2314, 2358, 2161, -1,
2161, 2358, 2159, -1,
2140, 2138, 2354, -1,
2354, 2138, 2299, -1,
2354, 2299, 2355, -1,
2355, 2299, 2300, -1,
2355, 2300, 2356, -1,
2356, 2300, 2301, -1,
2356, 2301, 2357, -1,
2357, 2301, 2302, -1,
2357, 2302, 2358, -1,
2358, 2302, 2303, -1,
2358, 2303, 2159, -1,
2159, 2303, 2157, -1,
2017, 2015, 2359, -1,
2009, 2007, 2360, -1,
2001, 1999, 2361, -1,
2020, 2022, 2304, -1,
2304, 2022, 2362, -1,
2304, 2362, 2305, -1,
2305, 2362, 2363, -1,
2305, 2363, 2306, -1,
2306, 2363, 2364, -1,
2306, 2364, 2307, -1,
2307, 2364, 2365, -1,
2307, 2365, 2308, -1,
2308, 2365, 2361, -1,
2308, 2361, 1997, -1,
1997, 2361, 1999, -1,
2022, 2024, 2362, -1,
2362, 2024, 2366, -1,
2362, 2366, 2363, -1,
2363, 2366, 2367, -1,
2363, 2367, 2364, -1,
2364, 2367, 2368, -1,
2364, 2368, 2365, -1,
2365, 2368, 2369, -1,
2365, 2369, 2361, -1,
2361, 2369, 2370, -1,
2361, 2370, 2001, -1,
2001, 2370, 2003, -1,
2024, 2033, 2366, -1,
2366, 2033, 2371, -1,
2366, 2371, 2367, -1,
2367, 2371, 2372, -1,
2367, 2372, 2368, -1,
2368, 2372, 2373, -1,
2368, 2373, 2369, -1,
2369, 2373, 2374, -1,
2369, 2374, 2370, -1,
2370, 2374, 2375, -1,
2370, 2375, 2003, -1,
2003, 2375, 2005, -1,
2033, 2035, 2371, -1,
2371, 2035, 2376, -1,
2371, 2376, 2372, -1,
2372, 2376, 2377, -1,
2372, 2377, 2373, -1,
2373, 2377, 2378, -1,
2373, 2378, 2374, -1,
2374, 2378, 2379, -1,
2374, 2379, 2375, -1,
2375, 2379, 2360, -1,
2375, 2360, 2005, -1,
2005, 2360, 2007, -1,
2011, 2009, 2380, -1,
2380, 2009, 2360, -1,
2380, 2360, 2381, -1,
2381, 2360, 2379, -1,
2381, 2379, 2382, -1,
2382, 2379, 2378, -1,
2382, 2378, 2383, -1,
2383, 2378, 2377, -1,
2383, 2377, 2384, -1,
2384, 2377, 2376, -1,
2384, 2376, 2037, -1,
2037, 2376, 2035, -1,
2037, 2030, 2384, -1,
2384, 2030, 2385, -1,
2384, 2385, 2383, -1,
2383, 2385, 2386, -1,
2383, 2386, 2382, -1,
2382, 2386, 2387, -1,
2382, 2387, 2381, -1,
2381, 2387, 2388, -1,
2381, 2388, 2380, -1,
2380, 2388, 2389, -1,
2380, 2389, 2011, -1,
2011, 2389, 2013, -1,
2030, 2028, 2385, -1,
2385, 2028, 2390, -1,
2385, 2390, 2386, -1,
2386, 2390, 2391, -1,
2386, 2391, 2387, -1,
2387, 2391, 2392, -1,
2387, 2392, 2388, -1,
2388, 2392, 2393, -1,
2388, 2393, 2389, -1,
2389, 2393, 2359, -1,
2389, 2359, 2013, -1,
2013, 2359, 2015, -1,
2028, 2026, 2390, -1,
2390, 2026, 2394, -1,
2390, 2394, 2391, -1,
2391, 2394, 2395, -1,
2391, 2395, 2392, -1,
2392, 2395, 2396, -1,
2392, 2396, 2393, -1,
2393, 2396, 2397, -1,
2393, 2397, 2359, -1,
2359, 2397, 2398, -1,
2359, 2398, 2017, -1,
2017, 2398, 2019, -1,
2026, 1987, 2394, -1,
2394, 1987, 2399, -1,
2394, 2399, 2395, -1,
2395, 2399, 2400, -1,
2395, 2400, 2396, -1,
2396, 2400, 2401, -1,
2396, 2401, 2397, -1,
2397, 2401, 2402, -1,
2397, 2402, 2398, -1,
2398, 2402, 2403, -1,
2398, 2403, 2019, -1,
2019, 2403, 1981, -1,
2183, 2309, 2404, -1,
2309, 2310, 2405, -1,
2310, 2311, 2406, -1,
2311, 2312, 2407, -1,
2312, 2313, 2408, -1,
2313, 2135, 2133, -1,
2313, 2133, 2408, -1,
2408, 2133, 2131, -1,
2408, 2131, 2409, -1,
2131, 2129, 2409, -1,
2409, 2129, 2127, -1,
2409, 2127, 2410, -1,
2410, 2127, 2125, -1,
2410, 2125, 2411, -1,
2411, 2125, 2123, -1,
2411, 2123, 2412, -1,
2123, 2121, 2412, -1,
2412, 2121, 2119, -1,
2412, 2119, 2413, -1,
2413, 2119, 2117, -1,
2413, 2117, 2414, -1,
2414, 2117, 2115, -1,
2414, 2115, 2415, -1,
2115, 2113, 2415, -1,
2415, 2113, 2111, -1,
2415, 2111, 2416, -1,
2416, 2111, 2109, -1,
2416, 2109, 2417, -1,
2417, 2109, 2107, -1,
2417, 2107, 2418, -1,
2107, 2105, 2418, -1,
2418, 2105, 2096, -1,
2418, 2096, 2419, -1,
2312, 2408, 2407, -1,
2407, 2408, 2409, -1,
2407, 2409, 2420, -1,
2420, 2409, 2410, -1,
2420, 2410, 2421, -1,
2421, 2410, 2411, -1,
2421, 2411, 2422, -1,
2422, 2411, 2412, -1,
2422, 2412, 2423, -1,
2423, 2412, 2413, -1,
2423, 2413, 2424, -1,
2424, 2413, 2414, -1,
2424, 2414, 2425, -1,
2425, 2414, 2415, -1,
2425, 2415, 2426, -1,
2426, 2415, 2416, -1,
2426, 2416, 2427, -1,
2427, 2416, 2417, -1,
2427, 2417, 2428, -1,
2428, 2417, 2418, -1,
2428, 2418, 2429, -1,
2429, 2418, 2419, -1,
2429, 2419, 2430, -1,
2311, 2407, 2406, -1,
2406, 2407, 2420, -1,
2406, 2420, 2431, -1,
2431, 2420, 2421, -1,
2431, 2421, 2432, -1,
2432, 2421, 2422, -1,
2432, 2422, 2433, -1,
2433, 2422, 2423, -1,
2433, 2423, 2434, -1,
2434, 2423, 2424, -1,
2434, 2424, 2435, -1,
2435, 2424, 2425, -1,
2435, 2425, 2436, -1,
2436, 2425, 2426, -1,
2436, 2426, 2437, -1,
2437, 2426, 2427, -1,
2437, 2427, 2438, -1,
2438, 2427, 2428, -1,
2438, 2428, 2439, -1,
2439, 2428, 2429, -1,
2439, 2429, 2440, -1,
2440, 2429, 2430, -1,
2440, 2430, 2441, -1,
2310, 2406, 2405, -1,
2405, 2406, 2431, -1,
2405, 2431, 2442, -1,
2442, 2431, 2432, -1,
2442, 2432, 2443, -1,
2443, 2432, 2433, -1,
2443, 2433, 2444, -1,
2444, 2433, 2434, -1,
2444, 2434, 2445, -1,
2445, 2434, 2435, -1,
2445, 2435, 2446, -1,
2446, 2435, 2436, -1,
2446, 2436, 2447, -1,
2447, 2436, 2437, -1,
2447, 2437, 2448, -1,
2448, 2437, 2438, -1,
2448, 2438, 2449, -1,
2449, 2438, 2439, -1,
2449, 2439, 2450, -1,
2450, 2439, 2440, -1,
2450, 2440, 2451, -1,
2451, 2440, 2441, -1,
2451, 2441, 2452, -1,
2309, 2405, 2404, -1,
2404, 2405, 2442, -1,
2404, 2442, 2453, -1,
2453, 2442, 2443, -1,
2453, 2443, 2454, -1,
2454, 2443, 2444, -1,
2454, 2444, 2455, -1,
2455, 2444, 2445, -1,
2455, 2445, 2456, -1,
2456, 2445, 2446, -1,
2456, 2446, 2457, -1,
2457, 2446, 2447, -1,
2457, 2447, 2458, -1,
2458, 2447, 2448, -1,
2458, 2448, 2459, -1,
2459, 2448, 2449, -1,
2459, 2449, 2460, -1,
2460, 2449, 2450, -1,
2460, 2450, 2461, -1,
2461, 2450, 2451, -1,
2461, 2451, 2462, -1,
2462, 2451, 2452, -1,
2462, 2452, 2463, -1,
2183, 2404, 2195, -1,
2195, 2404, 2453, -1,
2195, 2453, 2196, -1,
2196, 2453, 2454, -1,
2196, 2454, 2198, -1,
2198, 2454, 2455, -1,
2198, 2455, 2200, -1,
2200, 2455, 2456, -1,
2200, 2456, 2201, -1,
2201, 2456, 2457, -1,
2201, 2457, 2189, -1,
2189, 2457, 2458, -1,
2189, 2458, 2191, -1,
2191, 2458, 2459, -1,
2191, 2459, 2193, -1,
2193, 2459, 2460, -1,
2193, 2460, 2194, -1,
2194, 2460, 2461, -1,
2194, 2461, 2186, -1,
2186, 2461, 2462, -1,
2186, 2462, 2184, -1,
2184, 2462, 2463, -1,
2184, 2463, 2103, -1,
2101, 2075, 2464, -1,
2101, 2464, 2325, -1,
2325, 2464, 2465, -1,
2325, 2465, 2323, -1,
2323, 2465, 2466, -1,
2323, 2466, 2321, -1,
2321, 2466, 2467, -1,
2321, 2467, 2319, -1,
2319, 2467, 2468, -1,
2319, 2468, 2317, -1,
2317, 2468, 2021, -1,
2317, 2021, 2098, -1,
1985, 2469, 1987, -1,
1987, 2469, 2399, -1,
2469, 2470, 2399, -1,
2399, 2470, 2471, -1,
2399, 2471, 2400, -1,
2471, 2472, 2400, -1,
2400, 2472, 2473, -1,
2400, 2473, 2401, -1,
2401, 2473, 2474, -1,
2401, 2474, 2402, -1,
2474, 2475, 2402, -1,
2402, 2475, 2476, -1,
2402, 2476, 2403, -1,
2476, 2477, 2403, -1,
2403, 2477, 2478, -1,
2403, 2478, 1981, -1,
1981, 2478, 2479, -1,
1981, 2479, 2480, -1,
2480, 2481, 1981, -1,
1981, 2481, 2482, -1,
1981, 2482, 2483, -1,
2483, 2484, 1981, -1,
1981, 2484, 2485, -1,
1981, 2485, 1983, -1,
2096, 1996, 2486, -1,
2096, 2486, 2419, -1,
2419, 2486, 2487, -1,
2419, 2487, 2430, -1,
2430, 2487, 2488, -1,
2430, 2488, 2441, -1,
2441, 2488, 2489, -1,
2441, 2489, 2452, -1,
2452, 2489, 2490, -1,
2452, 2490, 2463, -1,
2463, 2490, 2080, -1,
2463, 2080, 2103, -1,
2021, 2468, 2491, -1,
2468, 2467, 2492, -1,
2467, 2466, 2493, -1,
2466, 2465, 2494, -1,
2465, 2464, 2495, -1,
2067, 2496, 2069, -1,
2069, 2496, 2497, -1,
2069, 2497, 2071, -1,
2071, 2497, 2495, -1,
2071, 2495, 2073, -1,
2073, 2495, 2464, -1,
2073, 2464, 2075, -1,
2067, 2065, 2496, -1,
2496, 2065, 2063, -1,
2496, 2063, 2498, -1,
2498, 2063, 2061, -1,
2498, 2061, 2499, -1,
2061, 2059, 2499, -1,
2499, 2059, 2057, -1,
2499, 2057, 2500, -1,
2500, 2057, 2055, -1,
2500, 2055, 2501, -1,
2501, 2055, 2053, -1,
2043, 2502, 2503, -1,
2053, 2051, 2501, -1,
2501, 2051, 2049, -1,
2501, 2049, 2504, -1,
2504, 2049, 2047, -1,
2504, 2047, 2503, -1,
2503, 2047, 2045, -1,
2503, 2045, 2043, -1,
2043, 2041, 2502, -1,
2502, 2041, 1991, -1,
2502, 1991, 2505, -1,
2465, 2495, 2494, -1,
2494, 2495, 2497, -1,
2494, 2497, 2506, -1,
2506, 2497, 2496, -1,
2506, 2496, 2507, -1,
2507, 2496, 2498, -1,
2507, 2498, 2508, -1,
2508, 2498, 2499, -1,
2508, 2499, 2509, -1,
2509, 2499, 2500, -1,
2509, 2500, 2510, -1,
2510, 2500, 2501, -1,
2510, 2501, 2511, -1,
2511, 2501, 2504, -1,
2511, 2504, 2512, -1,
2512, 2504, 2503, -1,
2512, 2503, 2513, -1,
2513, 2503, 2502, -1,
2513, 2502, 2514, -1,
2514, 2502, 2505, -1,
2514, 2505, 2515, -1,
2466, 2494, 2493, -1,
2493, 2494, 2506, -1,
2493, 2506, 2516, -1,
2516, 2506, 2507, -1,
2516, 2507, 2517, -1,
2517, 2507, 2508, -1,
2517, 2508, 2518, -1,
2518, 2508, 2509, -1,
2518, 2509, 2519, -1,
2519, 2509, 2510, -1,
2519, 2510, 2520, -1,
2520, 2510, 2511, -1,
2520, 2511, 2521, -1,
2521, 2511, 2512, -1,
2521, 2512, 2522, -1,
2522, 2512, 2513, -1,
2522, 2513, 2523, -1,
2523, 2513, 2514, -1,
2523, 2514, 2524, -1,
2524, 2514, 2515, -1,
2524, 2515, 2525, -1,
2467, 2493, 2492, -1,
2492, 2493, 2516, -1,
2492, 2516, 2526, -1,
2526, 2516, 2517, -1,
2526, 2517, 2527, -1,
2527, 2517, 2518, -1,
2527, 2518, 2528, -1,
2528, 2518, 2519, -1,
2528, 2519, 2529, -1,
2529, 2519, 2520, -1,
2529, 2520, 2530, -1,
2530, 2520, 2521, -1,
2530, 2521, 2531, -1,
2531, 2521, 2522, -1,
2531, 2522, 2532, -1,
2532, 2522, 2523, -1,
2532, 2523, 2533, -1,
2533, 2523, 2524, -1,
2533, 2524, 2534, -1,
2534, 2524, 2525, -1,
2534, 2525, 2535, -1,
2468, 2492, 2491, -1,
2491, 2492, 2526, -1,
2491, 2526, 2536, -1,
2536, 2526, 2527, -1,
2536, 2527, 2537, -1,
2537, 2527, 2528, -1,
2537, 2528, 2538, -1,
2538, 2528, 2529, -1,
2538, 2529, 2539, -1,
2539, 2529, 2530, -1,
2539, 2530, 2540, -1,
2540, 2530, 2531, -1,
2540, 2531, 2541, -1,
2541, 2531, 2532, -1,
2541, 2532, 2542, -1,
2542, 2532, 2533, -1,
2542, 2533, 2543, -1,
2543, 2533, 2534, -1,
2543, 2534, 2544, -1,
2544, 2534, 2535, -1,
2544, 2535, 2545, -1,
2021, 2491, 2023, -1,
2023, 2491, 2536, -1,
2023, 2536, 2031, -1,
2031, 2536, 2537, -1,
2031, 2537, 2032, -1,
2032, 2537, 2538, -1,
2032, 2538, 2034, -1,
2034, 2538, 2539, -1,
2034, 2539, 2036, -1,
2036, 2539, 2540, -1,
2036, 2540, 2038, -1,
2038, 2540, 2541, -1,
2038, 2541, 2039, -1,
2039, 2541, 2542, -1,
2039, 2542, 2029, -1,
2029, 2542, 2543, -1,
2029, 2543, 2027, -1,
2027, 2543, 2544, -1,
2027, 2544, 2025, -1,
2025, 2544, 2545, -1,
2025, 2545, 1986, -1,
2546, 2547, 2548, -1,
2549, 2550, 2551, -1,
2552, 2553, 2554, -1,
2555, 2556, 2557, -1,
2558, 2559, 2560, -1,
2560, 2559, 2213, -1,
1985, 2561, 2469, -1,
2469, 2561, 2562, -1,
2469, 2562, 2470, -1,
2470, 2562, 2563, -1,
2564, 2472, 2563, -1,
2563, 2472, 2471, -1,
2563, 2471, 2470, -1,
2565, 2474, 2564, -1,
2564, 2474, 2473, -1,
2564, 2473, 2472, -1,
2566, 2476, 2565, -1,
2565, 2476, 2475, -1,
2565, 2475, 2474, -1,
2480, 2479, 2567, -1,
2567, 2479, 2478, -1,
2567, 2478, 2566, -1,
2566, 2478, 2477, -1,
2566, 2477, 2476, -1,
2568, 2569, 2570, -1,
1983, 2485, 2571, -1,
2571, 2485, 2568, -1,
2571, 2568, 2572, -1,
2572, 2568, 2570, -1,
2573, 2574, 2575, -1,
2575, 2574, 2576, -1,
2575, 2576, 2569, -1,
2569, 2576, 2577, -1,
2569, 2577, 2570, -1,
2578, 2579, 2573, -1,
2573, 2579, 2580, -1,
2573, 2580, 2574, -1,
2213, 2581, 2560, -1,
2560, 2581, 2582, -1,
2560, 2582, 2578, -1,
2578, 2582, 2583, -1,
2578, 2583, 2579, -1,
2485, 2484, 2568, -1,
2568, 2484, 2584, -1,
2568, 2584, 2569, -1,
2569, 2584, 2585, -1,
2569, 2585, 2575, -1,
2575, 2585, 2586, -1,
2575, 2586, 2573, -1,
2573, 2586, 2587, -1,
2573, 2587, 2578, -1,
2578, 2587, 2588, -1,
2578, 2588, 2560, -1,
2560, 2588, 2557, -1,
2560, 2557, 2558, -1,
2558, 2557, 2556, -1,
2484, 2483, 2584, -1,
2584, 2483, 2589, -1,
2584, 2589, 2585, -1,
2585, 2589, 2590, -1,
2585, 2590, 2586, -1,
2586, 2590, 2591, -1,
2586, 2591, 2587, -1,
2587, 2591, 2592, -1,
2587, 2592, 2588, -1,
2588, 2592, 2593, -1,
2588, 2593, 2557, -1,
2557, 2593, 2554, -1,
2557, 2554, 2555, -1,
2555, 2554, 2553, -1,
2483, 2482, 2589, -1,
2589, 2482, 2594, -1,
2589, 2594, 2590, -1,
2590, 2594, 2595, -1,
2590, 2595, 2591, -1,
2591, 2595, 2596, -1,
2591, 2596, 2592, -1,
2592, 2596, 2597, -1,
2592, 2597, 2593, -1,
2593, 2597, 2598, -1,
2593, 2598, 2554, -1,
2554, 2598, 2551, -1,
2554, 2551, 2552, -1,
2552, 2551, 2550, -1,
2482, 2481, 2594, -1,
2594, 2481, 2599, -1,
2594, 2599, 2595, -1,
2595, 2599, 2600, -1,
2595, 2600, 2596, -1,
2596, 2600, 2601, -1,
2596, 2601, 2597, -1,
2597, 2601, 2602, -1,
2597, 2602, 2598, -1,
2598, 2602, 2603, -1,
2598, 2603, 2551, -1,
2551, 2603, 2548, -1,
2551, 2548, 2549, -1,
2549, 2548, 2547, -1,
2481, 2480, 2599, -1,
2599, 2480, 2567, -1,
2599, 2567, 2600, -1,
2600, 2567, 2566, -1,
2600, 2566, 2601, -1,
2601, 2566, 2565, -1,
2601, 2565, 2602, -1,
2602, 2565, 2564, -1,
2602, 2564, 2603, -1,
2603, 2564, 2563, -1,
2603, 2563, 2548, -1,
2548, 2563, 2562, -1,
2548, 2562, 2546, -1,
2546, 2562, 2561, -1,
2000, 2002, 2604, -1,
2008, 2010, 2605, -1,
2016, 2018, 2606, -1,
1993, 2076, 2607, -1,
2607, 2076, 2608, -1,
2607, 2608, 2609, -1,
2609, 2608, 2610, -1,
2609, 2610, 2611, -1,
2611, 2610, 2612, -1,
2611, 2612, 2613, -1,
2613, 2612, 2614, -1,
2613, 2614, 2615, -1,
2615, 2614, 2606, -1,
2615, 2606, 1980, -1,
1980, 2606, 2018, -1,
2014, 2016, 2616, -1,
2616, 2016, 2606, -1,
2616, 2606, 2617, -1,
2617, 2606, 2614, -1,
2617, 2614, 2618, -1,
2618, 2614, 2612, -1,
2618, 2612, 2619, -1,
2619, 2612, 2610, -1,
2619, 2610, 2620, -1,
2620, 2610, 2608, -1,
2620, 2608, 2078, -1,
2078, 2608, 2076, -1,
2078, 2089, 2620, -1,
2620, 2089, 2621, -1,
2620, 2621, 2619, -1,
2619, 2621, 2622, -1,
2619, 2622, 2618, -1,
2618, 2622, 2623, -1,
2618, 2623, 2617, -1,
2617, 2623, 2624, -1,
2617, 2624, 2616, -1,
2616, 2624, 2625, -1,
2616, 2625, 2014, -1,
2014, 2625, 2012, -1,
2089, 2091, 2621, -1,
2621, 2091, 2626, -1,
2621, 2626, 2622, -1,
2622, 2626, 2627, -1,
2622, 2627, 2623, -1,
2623, 2627, 2628, -1,
2623, 2628, 2624, -1,
2624, 2628, 2629, -1,
2624, 2629, 2625, -1,
2625, 2629, 2605, -1,
2625, 2605, 2012, -1,
2012, 2605, 2010, -1,
2091, 2093, 2626, -1,
2626, 2093, 2630, -1,
2626, 2630, 2627, -1,
2627, 2630, 2631, -1,
2627, 2631, 2628, -1,
2628, 2631, 2632, -1,
2628, 2632, 2629, -1,
2629, 2632, 2633, -1,
2629, 2633, 2605, -1,
2605, 2633, 2634, -1,
2605, 2634, 2008, -1,
2008, 2634, 2006, -1,
2093, 2086, 2630, -1,
2630, 2086, 2635, -1,
2630, 2635, 2631, -1,
2631, 2635, 2636, -1,
2631, 2636, 2632, -1,
2632, 2636, 2637, -1,
2632, 2637, 2633, -1,
2633, 2637, 2638, -1,
2633, 2638, 2634, -1,
2634, 2638, 2639, -1,
2634, 2639, 2006, -1,
2006, 2639, 2004, -1,
2086, 2084, 2635, -1,
2635, 2084, 2640, -1,
2635, 2640, 2636, -1,
2636, 2640, 2641, -1,
2636, 2641, 2637, -1,
2637, 2641, 2642, -1,
2637, 2642, 2638, -1,
2638, 2642, 2643, -1,
2638, 2643, 2639, -1,
2639, 2643, 2604, -1,
2639, 2604, 2004, -1,
2004, 2604, 2002, -1,
1998, 2000, 2644, -1,
2644, 2000, 2604, -1,
2644, 2604, 2645, -1,
2645, 2604, 2643, -1,
2645, 2643, 2646, -1,
2646, 2643, 2642, -1,
2646, 2642, 2647, -1,
2647, 2642, 2641, -1,
2647, 2641, 2648, -1,
2648, 2641, 2640, -1,
2648, 2640, 2082, -1,
2082, 2640, 2084, -1,
2082, 2080, 2648, -1,
2648, 2080, 2490, -1,
2648, 2490, 2647, -1,
2647, 2490, 2489, -1,
2647, 2489, 2646, -1,
2646, 2489, 2488, -1,
2646, 2488, 2645, -1,
2645, 2488, 2487, -1,
2645, 2487, 2644, -1,
2644, 2487, 2486, -1,
2644, 2486, 1998, -1,
1998, 2486, 1996, -1,
2649, 2650, 2505, -1,
1991, 1989, 2505, -1,
2505, 1989, 2651, -1,
2505, 2651, 2649, -1,
2650, 2652, 2505, -1,
2505, 2652, 2653, -1,
2505, 2653, 2654, -1,
2654, 2655, 2505, -1,
2505, 2655, 2656, -1,
2505, 2656, 2515, -1,
2656, 2657, 2515, -1,
2515, 2657, 2658, -1,
2515, 2658, 2525, -1,
2658, 2659, 2525, -1,
2525, 2659, 2660, -1,
2525, 2660, 2535, -1,
2535, 2660, 2661, -1,
2535, 2661, 2545, -1,
2661, 2662, 2545, -1,
2545, 2662, 2663, -1,
2545, 2663, 1986, -1,
1986, 2663, 2664, -1,
1986, 2664, 1984, -1,
2561, 1985, 1984, -1,
2561, 1984, 2546, -1,
2546, 1984, 2665, -1,
2546, 2665, 2547, -1,
2547, 2665, 2666, -1,
2547, 2666, 2549, -1,
2549, 2666, 2550, -1,
2550, 2666, 2667, -1,
2550, 2667, 2552, -1,
2552, 2667, 2553, -1,
2553, 2667, 2668, -1,
2553, 2668, 2555, -1,
2555, 2668, 2556, -1,
2556, 2668, 2669, -1,
2556, 2669, 2558, -1,
2558, 2669, 2559, -1,
2559, 2669, 2212, -1,
2559, 2212, 2213, -1,
1982, 1983, 2670, -1,
2670, 1983, 2571, -1,
2670, 2571, 2671, -1,
2671, 2571, 2572, -1,
2671, 2572, 2672, -1,
2672, 2572, 2570, -1,
2672, 2570, 2673, -1,
2673, 2570, 2577, -1,
2673, 2577, 2674, -1,
2674, 2577, 2576, -1,
2674, 2576, 2675, -1,
2675, 2576, 2574, -1,
2675, 2574, 2676, -1,
2676, 2574, 2580, -1,
2676, 2580, 2677, -1,
2677, 2580, 2579, -1,
2677, 2579, 2678, -1,
2678, 2579, 2583, -1,
2678, 2583, 2679, -1,
2679, 2583, 2582, -1,
2679, 2582, 2680, -1,
2680, 2582, 2581, -1,
2680, 2581, 2211, -1,
2211, 2581, 2213, -1,
2615, 1980, 1982, -1,
1982, 2681, 2615, -1,
2615, 2681, 2682, -1,
2615, 2682, 2683, -1,
2684, 2685, 2615, -1,
2683, 2686, 2615, -1,
2615, 2686, 2687, -1,
2615, 2687, 2684, -1,
2685, 2688, 2615, -1,
2615, 2688, 2689, -1,
2615, 2689, 2613, -1,
2689, 2690, 2613, -1,
2613, 2690, 2691, -1,
2613, 2691, 2611, -1,
2691, 2692, 2611, -1,
2611, 2692, 2693, -1,
2611, 2693, 2609, -1,
2609, 2693, 2694, -1,
2609, 2694, 2607, -1,
2694, 2695, 2607, -1,
2607, 2695, 2696, -1,
2607, 2696, 1993, -1,
1993, 2696, 2697, -1,
1993, 2697, 1995, -1,
2698, 2654, 2699, -1,
2653, 2652, 2699, -1,
2699, 2652, 2650, -1,
2651, 2699, 2649, -1,
2699, 2651, 1989, -1,
2650, 2649, 2699, -1,
2654, 2653, 2699, -1,
2700, 2657, 2701, -1,
2701, 2657, 2656, -1,
2701, 2656, 2698, -1,
2698, 2656, 2655, -1,
2698, 2655, 2654, -1,
2702, 2659, 2700, -1,
2700, 2659, 2658, -1,
2700, 2658, 2657, -1,
2703, 2661, 2702, -1,
2702, 2661, 2660, -1,
2702, 2660, 2659, -1,
1984, 2664, 2704, -1,
2704, 2664, 2663, -1,
2704, 2663, 2703, -1,
2703, 2663, 2662, -1,
2703, 2662, 2661, -1,
2212, 2669, 2705, -1,
2705, 2669, 2706, -1,
2705, 2706, 2707, -1,
2707, 2706, 2708, -1,
2709, 2710, 2708, -1,
2708, 2710, 2711, -1,
2708, 2711, 2707, -1,
2712, 2713, 2714, -1,
2714, 2713, 2715, -1,
2714, 2715, 2709, -1,
2709, 2715, 2716, -1,
2709, 2716, 2710, -1,
2699, 2717, 2718, -1,
2718, 2717, 2719, -1,
2718, 2719, 2712, -1,
2712, 2719, 2720, -1,
2712, 2720, 2713, -1,
2669, 2668, 2706, -1,
2706, 2668, 2721, -1,
2706, 2721, 2708, -1,
2708, 2721, 2722, -1,
2708, 2722, 2709, -1,
2709, 2722, 2723, -1,
2709, 2723, 2714, -1,
2714, 2723, 2724, -1,
2714, 2724, 2712, -1,
2712, 2724, 2725, -1,
2712, 2725, 2718, -1,
2718, 2725, 2726, -1,
2718, 2726, 2699, -1,
2668, 2667, 2721, -1,
2721, 2667, 2727, -1,
2721, 2727, 2722, -1,
2722, 2727, 2728, -1,
2722, 2728, 2723, -1,
2723, 2728, 2729, -1,
2723, 2729, 2724, -1,
2724, 2729, 2730, -1,
2724, 2730, 2725, -1,
2725, 2730, 2731, -1,
2725, 2731, 2726, -1,
2726, 2731, 2732, -1,
2726, 2732, 2699, -1,
2666, 2665, 2733, -1,
2733, 2665, 2734, -1,
2733, 2734, 2735, -1,
2735, 2734, 2736, -1,
2735, 2736, 2737, -1,
2737, 2736, 2738, -1,
2737, 2738, 2739, -1,
2739, 2738, 2740, -1,
2739, 2740, 2741, -1,
2741, 2740, 2742, -1,
2741, 2742, 2743, -1,
2743, 2742, 2744, -1,
2743, 2744, 2699, -1,
2665, 1984, 2734, -1,
2734, 1984, 2704, -1,
2734, 2704, 2736, -1,
2736, 2704, 2703, -1,
2736, 2703, 2738, -1,
2738, 2703, 2702, -1,
2738, 2702, 2740, -1,
2740, 2702, 2700, -1,
2740, 2700, 2742, -1,
2742, 2700, 2701, -1,
2742, 2701, 2744, -1,
2744, 2701, 2698, -1,
2744, 2698, 2699, -1,
2667, 2666, 2727, -1,
2727, 2666, 2733, -1,
2727, 2733, 2728, -1,
2728, 2733, 2735, -1,
2728, 2735, 2729, -1,
2729, 2735, 2737, -1,
2729, 2737, 2730, -1,
2730, 2737, 2739, -1,
2730, 2739, 2731, -1,
2731, 2739, 2741, -1,
2731, 2741, 2732, -1,
2732, 2741, 2743, -1,
2732, 2743, 2699, -1,
2694, 2693, 2745, -1,
2692, 2691, 2746, -1,
2690, 2689, 2747, -1,
2688, 2685, 2748, -1,
2749, 2750, 2751, -1,
2751, 2750, 2752, -1,
2751, 2752, 2753, -1,
2753, 2752, 2754, -1,
2754, 2752, 2755, -1,
2754, 2755, 2756, -1,
2756, 2755, 2757, -1,
2757, 2755, 2758, -1,
2757, 2758, 2759, -1,
2759, 2758, 2760, -1,
2760, 2758, 2761, -1,
2760, 2761, 2762, -1,
2762, 2761, 2763, -1,
2763, 2761, 2764, -1,
2763, 2764, 2765, -1,
2765, 2764, 2680, -1,
2765, 2680, 2211, -1,
2685, 2684, 2748, -1,
2748, 2684, 2687, -1,
2748, 2687, 2766, -1,
2766, 2687, 2686, -1,
2766, 2686, 2767, -1,
2767, 2686, 2683, -1,
2767, 2683, 2768, -1,
2768, 2683, 2682, -1,
2768, 2682, 2769, -1,
2769, 2682, 2681, -1,
2769, 2681, 2770, -1,
2690, 2747, 2691, -1,
2696, 2695, 2771, -1,
2771, 2695, 2694, -1,
2749, 1995, 2750, -1,
2750, 1995, 2697, -1,
2750, 2697, 2696, -1,
2681, 1982, 2770, -1,
2770, 1982, 2670, -1,
2770, 2670, 2671, -1,
2671, 2772, 2770, -1,
2770, 2772, 2773, -1,
2770, 2773, 2769, -1,
2769, 2773, 2774, -1,
2769, 2774, 2768, -1,
2768, 2774, 2775, -1,
2768, 2775, 2767, -1,
2767, 2775, 2776, -1,
2767, 2776, 2766, -1,
2766, 2776, 2747, -1,
2766, 2747, 2748, -1,
2748, 2747, 2689, -1,
2748, 2689, 2688, -1,
2691, 2747, 2746, -1,
2746, 2747, 2776, -1,
2746, 2776, 2777, -1,
2777, 2776, 2775, -1,
2777, 2775, 2778, -1,
2778, 2775, 2774, -1,
2778, 2774, 2779, -1,
2779, 2774, 2773, -1,
2779, 2773, 2780, -1,
2780, 2773, 2772, -1,
2780, 2772, 2781, -1,
2671, 2672, 2772, -1,
2772, 2672, 2673, -1,
2772, 2673, 2781, -1,
2781, 2673, 2674, -1,
2781, 2674, 2675, -1,
2675, 2782, 2781, -1,
2781, 2782, 2783, -1,
2781, 2783, 2780, -1,
2780, 2783, 2784, -1,
2780, 2784, 2779, -1,
2779, 2784, 2785, -1,
2779, 2785, 2778, -1,
2778, 2785, 2786, -1,
2778, 2786, 2777, -1,
2777, 2786, 2745, -1,
2777, 2745, 2746, -1,
2746, 2745, 2693, -1,
2746, 2693, 2692, -1,
2694, 2745, 2771, -1,
2771, 2745, 2786, -1,
2771, 2786, 2787, -1,
2787, 2786, 2785, -1,
2787, 2785, 2788, -1,
2788, 2785, 2784, -1,
2788, 2784, 2789, -1,
2789, 2784, 2783, -1,
2789, 2783, 2790, -1,
2790, 2783, 2782, -1,
2790, 2782, 2791, -1,
2675, 2676, 2782, -1,
2782, 2676, 2677, -1,
2782, 2677, 2791, -1,
2791, 2677, 2678, -1,
2791, 2678, 2679, -1,
2696, 2771, 2750, -1,
2750, 2771, 2787, -1,
2750, 2787, 2752, -1,
2752, 2787, 2788, -1,
2752, 2788, 2755, -1,
2755, 2788, 2789, -1,
2755, 2789, 2758, -1,
2758, 2789, 2790, -1,
2758, 2790, 2761, -1,
2761, 2790, 2791, -1,
2761, 2791, 2764, -1,
2764, 2791, 2679, -1,
2764, 2679, 2680, -1,
1989, 1988, 2699, -1,
2699, 1988, 2792, -1,
2699, 2792, 2717, -1,
2717, 2792, 2793, -1,
2717, 2793, 2719, -1,
2719, 2793, 2794, -1,
2719, 2794, 2795, -1,
2210, 2212, 2796, -1,
2796, 2212, 2705, -1,
2796, 2705, 2797, -1,
2797, 2705, 2707, -1,
2797, 2707, 2798, -1,
2798, 2707, 2711, -1,
2798, 2711, 2799, -1,
2799, 2711, 2710, -1,
2799, 2710, 2800, -1,
2800, 2710, 2716, -1,
2800, 2716, 2801, -1,
2801, 2716, 2715, -1,
2801, 2715, 2802, -1,
2802, 2715, 2713, -1,
2802, 2713, 2795, -1,
2795, 2713, 2720, -1,
2795, 2720, 2719, -1,
1995, 2749, 1994, -1,
1994, 2749, 2803, -1,
2749, 2751, 2803, -1,
2803, 2751, 2753, -1,
2803, 2753, 2804, -1,
2753, 2754, 2804, -1,
2804, 2754, 2756, -1,
2804, 2756, 2805, -1,
2756, 2757, 2805, -1,
2805, 2757, 2759, -1,
2805, 2759, 2806, -1,
2759, 2760, 2806, -1,
2806, 2760, 2762, -1,
2806, 2762, 2807, -1,
2807, 2762, 2763, -1,
2807, 2763, 2210, -1,
2210, 2763, 2765, -1,
2210, 2765, 2211, -1,
2808, 2793, 2792, -1,
2793, 2808, 2794, -1,
2801, 2802, 2809, -1,
2810, 2792, 1988, -1,
2811, 2792, 2812, -1,
2792, 2811, 2813, -1,
2810, 2812, 2792, -1,
2814, 2815, 2792, -1,
1994, 2816, 2817, -1,
2817, 2816, 2818, -1,
2818, 2816, 2819, -1,
2818, 2819, 2820, -1,
2820, 2819, 2821, -1,
2821, 2819, 2822, -1,
2821, 2822, 2823, -1,
2823, 2822, 2824, -1,
2824, 2822, 2825, -1,
2824, 2825, 2826, -1,
2826, 2825, 2827, -1,
2827, 2825, 2828, -1,
2827, 2828, 2829, -1,
2829, 2828, 2830, -1,
2830, 2828, 2831, -1,
2830, 2831, 2815, -1,
2815, 2831, 2792, -1,
2813, 2814, 2792, -1,
2832, 2807, 2210, -1,
2210, 2796, 2832, -1,
2832, 2796, 2797, -1,
2832, 2797, 2833, -1,
2806, 2807, 2834, -1,
2834, 2807, 2832, -1,
2834, 2832, 2835, -1,
2835, 2832, 2833, -1,
2835, 2833, 2836, -1,
2836, 2833, 2837, -1,
2836, 2837, 2838, -1,
2800, 2837, 2799, -1,
2799, 2837, 2833, -1,
2799, 2833, 2798, -1,
2798, 2833, 2797, -1,
2800, 2801, 2837, -1,
2837, 2801, 2809, -1,
2837, 2809, 2838, -1,
2838, 2809, 2839, -1,
2802, 2795, 2809, -1,
2809, 2795, 2840, -1,
2809, 2840, 2839, -1,
2839, 2840, 2841, -1,
1994, 2803, 2816, -1,
2816, 2803, 2842, -1,
2816, 2842, 2819, -1,
2819, 2842, 2843, -1,
2819, 2843, 2822, -1,
2822, 2843, 2844, -1,
2822, 2844, 2825, -1,
2825, 2844, 2845, -1,
2825, 2845, 2828, -1,
2828, 2845, 2846, -1,
2828, 2846, 2831, -1,
2831, 2846, 2847, -1,
2831, 2847, 2792, -1,
2804, 2805, 2848, -1,
2848, 2805, 2849, -1,
2848, 2849, 2850, -1,
2850, 2849, 2851, -1,
2850, 2851, 2852, -1,
2852, 2851, 2853, -1,
2852, 2853, 2854, -1,
2854, 2853, 2855, -1,
2854, 2855, 2856, -1,
2856, 2855, 2857, -1,
2856, 2857, 2858, -1,
2858, 2857, 2859, -1,
2858, 2859, 2792, -1,
2805, 2806, 2849, -1,
2849, 2806, 2834, -1,
2849, 2834, 2851, -1,
2851, 2834, 2835, -1,
2851, 2835, 2853, -1,
2853, 2835, 2836, -1,
2853, 2836, 2855, -1,
2855, 2836, 2838, -1,
2855, 2838, 2857, -1,
2857, 2838, 2839, -1,
2857, 2839, 2859, -1,
2859, 2839, 2841, -1,
2859, 2841, 2792, -1,
2803, 2804, 2842, -1,
2842, 2804, 2848, -1,
2842, 2848, 2843, -1,
2843, 2848, 2850, -1,
2843, 2850, 2844, -1,
2844, 2850, 2852, -1,
2844, 2852, 2845, -1,
2845, 2852, 2854, -1,
2845, 2854, 2846, -1,
2846, 2854, 2856, -1,
2846, 2856, 2847, -1,
2847, 2856, 2858, -1,
2847, 2858, 2792, -1,
2795, 2794, 2840, -1,
2840, 2794, 2808, -1,
2840, 2808, 2841, -1,
2841, 2808, 2792, -1,
1994, 2817, 1992, -1,
1992, 2817, 2860, -1,
2817, 2818, 2860, -1,
2860, 2818, 2820, -1,
2860, 2820, 2861, -1,
2820, 2821, 2861, -1,
2861, 2821, 2823, -1,
2861, 2823, 2862, -1,
2862, 2823, 2824, -1,
2862, 2824, 2863, -1,
2824, 2826, 2863, -1,
2863, 2826, 2827, -1,
2863, 2827, 2864, -1,
2827, 2829, 2864, -1,
2864, 2829, 2830, -1,
2864, 2830, 1990, -1,
1990, 2830, 2815, -1,
2815, 2814, 1990, -1,
1990, 2814, 2813, -1,
1990, 2813, 2811, -1,
2811, 2812, 1990, -1,
1990, 2812, 2810, -1,
1990, 2810, 1988, -1,
1992, 2860, 2865, -1,
2860, 2861, 2866, -1,
2861, 2862, 2867, -1,
2862, 2863, 2868, -1,
2863, 2864, 2869, -1,
2046, 2870, 2044, -1,
2044, 2870, 2871, -1,
2044, 2871, 2042, -1,
2042, 2871, 2869, -1,
2042, 2869, 2040, -1,
2040, 2869, 2864, -1,
2040, 2864, 1990, -1,
2046, 2048, 2870, -1,
2870, 2048, 2050, -1,
2870, 2050, 2872, -1,
2872, 2050, 2052, -1,
2872, 2052, 2873, -1,
2052, 2054, 2873, -1,
2873, 2054, 2056, -1,
2873, 2056, 2874, -1,
2874, 2056, 2058, -1,
2874, 2058, 2875, -1,
2875, 2058, 2060, -1,
2070, 2876, 2877, -1,
2060, 2062, 2875, -1,
2875, 2062, 2064, -1,
2875, 2064, 2878, -1,
2878, 2064, 2066, -1,
2878, 2066, 2877, -1,
2877, 2066, 2068, -1,
2877, 2068, 2070, -1,
2070, 2072, 2876, -1,
2876, 2072, 2074, -1,
2876, 2074, 2879, -1,
2863, 2869, 2868, -1,
2868, 2869, 2871, -1,
2868, 2871, 2880, -1,
2880, 2871, 2870, -1,
2880, 2870, 2881, -1,
2881, 2870, 2872, -1,
2881, 2872, 2882, -1,
2882, 2872, 2873, -1,
2882, 2873, 2883, -1,
2883, 2873, 2874, -1,
2883, 2874, 2884, -1,
2884, 2874, 2875, -1,
2884, 2875, 2885, -1,
2885, 2875, 2878, -1,
2885, 2878, 2886, -1,
2886, 2878, 2877, -1,
2886, 2877, 2887, -1,
2887, 2877, 2876, -1,
2887, 2876, 2888, -1,
2888, 2876, 2879, -1,
2888, 2879, 2889, -1,
2862, 2868, 2867, -1,
2867, 2868, 2880, -1,
2867, 2880, 2890, -1,
2890, 2880, 2881, -1,
2890, 2881, 2891, -1,
2891, 2881, 2882, -1,
2891, 2882, 2892, -1,
2892, 2882, 2883, -1,
2892, 2883, 2893, -1,
2893, 2883, 2884, -1,
2893, 2884, 2894, -1,
2894, 2884, 2885, -1,
2894, 2885, 2895, -1,
2895, 2885, 2886, -1,
2895, 2886, 2896, -1,
2896, 2886, 2887, -1,
2896, 2887, 2897, -1,
2897, 2887, 2888, -1,
2897, 2888, 2898, -1,
2898, 2888, 2889, -1,
2898, 2889, 2899, -1,
2861, 2867, 2866, -1,
2866, 2867, 2890, -1,
2866, 2890, 2900, -1,
2900, 2890, 2891, -1,
2900, 2891, 2901, -1,
2901, 2891, 2892, -1,
2901, 2892, 2902, -1,
2902, 2892, 2893, -1,
2902, 2893, 2903, -1,
2903, 2893, 2894, -1,
2903, 2894, 2904, -1,
2904, 2894, 2895, -1,
2904, 2895, 2905, -1,
2905, 2895, 2896, -1,
2905, 2896, 2906, -1,
2906, 2896, 2897, -1,
2906, 2897, 2907, -1,
2907, 2897, 2898, -1,
2907, 2898, 2908, -1,
2908, 2898, 2899, -1,
2908, 2899, 2909, -1,
2860, 2866, 2865, -1,
2865, 2866, 2900, -1,
2865, 2900, 2910, -1,
2910, 2900, 2901, -1,
2910, 2901, 2911, -1,
2911, 2901, 2902, -1,
2911, 2902, 2912, -1,
2912, 2902, 2903, -1,
2912, 2903, 2913, -1,
2913, 2903, 2904, -1,
2913, 2904, 2914, -1,
2914, 2904, 2905, -1,
2914, 2905, 2915, -1,
2915, 2905, 2906, -1,
2915, 2906, 2916, -1,
2916, 2906, 2907, -1,
2916, 2907, 2917, -1,
2917, 2907, 2908, -1,
2917, 2908, 2918, -1,
2918, 2908, 2909, -1,
2918, 2909, 2919, -1,
1992, 2865, 2077, -1,
2077, 2865, 2910, -1,
2077, 2910, 2087, -1,
2087, 2910, 2911, -1,
2087, 2911, 2088, -1,
2088, 2911, 2912, -1,
2088, 2912, 2090, -1,
2090, 2912, 2913, -1,
2090, 2913, 2092, -1,
2092, 2913, 2914, -1,
2092, 2914, 2094, -1,
2094, 2914, 2915, -1,
2094, 2915, 2095, -1,
2095, 2915, 2916, -1,
2095, 2916, 2085, -1,
2085, 2916, 2917, -1,
2085, 2917, 2083, -1,
2083, 2917, 2918, -1,
2083, 2918, 2081, -1,
2081, 2918, 2919, -1,
2081, 2919, 2079, -1,
2102, 2079, 2919, -1,
2102, 2919, 2920, -1,
2920, 2919, 2909, -1,
2920, 2909, 2921, -1,
2921, 2909, 2899, -1,
2921, 2899, 2922, -1,
2922, 2899, 2889, -1,
2922, 2889, 2923, -1,
2923, 2889, 2879, -1,
2923, 2879, 2924, -1,
2924, 2879, 2074, -1,
2924, 2074, 2100, -1,
2178, 2176, 2925, -1,
2170, 2168, 2926, -1,
2162, 2160, 2927, -1,
2182, 2181, 2928, -1,
2928, 2181, 2929, -1,
2928, 2929, 2930, -1,
2930, 2929, 2931, -1,
2930, 2931, 2932, -1,
2932, 2931, 2933, -1,
2932, 2933, 2934, -1,
2934, 2933, 2935, -1,
2934, 2935, 2936, -1,
2936, 2935, 2927, -1,
2936, 2927, 2158, -1,
2158, 2927, 2160, -1,
2164, 2162, 2937, -1,
2937, 2162, 2927, -1,
2937, 2927, 2938, -1,
2938, 2927, 2935, -1,
2938, 2935, 2939, -1,
2939, 2935, 2933, -1,
2939, 2933, 2940, -1,
2940, 2933, 2931, -1,
2940, 2931, 2941, -1,
2941, 2931, 2929, -1,
2941, 2929, 2197, -1,
2197, 2929, 2181, -1,
2197, 2199, 2941, -1,
2941, 2199, 2942, -1,
2941, 2942, 2940, -1,
2940, 2942, 2943, -1,
2940, 2943, 2939, -1,
2939, 2943, 2944, -1,
2939, 2944, 2938, -1,
2938, 2944, 2945, -1,
2938, 2945, 2937, -1,
2937, 2945, 2946, -1,
2937, 2946, 2164, -1,
2164, 2946, 2166, -1,
2199, 2188, 2942, -1,
2942, 2188, 2947, -1,
2942, 2947, 2943, -1,
2943, 2947, 2948, -1,
2943, 2948, 2944, -1,
2944, 2948, 2949, -1,
2944, 2949, 2945, -1,
2945, 2949, 2950, -1,
2945, 2950, 2946, -1,
2946, 2950, 2926, -1,
2946, 2926, 2166, -1,
2166, 2926, 2168, -1,
2172, 2170, 2951, -1,
2951, 2170, 2926, -1,
2951, 2926, 2952, -1,
2952, 2926, 2950, -1,
2952, 2950, 2953, -1,
2953, 2950, 2949, -1,
2953, 2949, 2954, -1,
2954, 2949, 2948, -1,
2954, 2948, 2955, -1,
2955, 2948, 2947, -1,
2955, 2947, 2190, -1,
2190, 2947, 2188, -1,
2190, 2192, 2955, -1,
2955, 2192, 2956, -1,
2955, 2956, 2954, -1,
2954, 2956, 2957, -1,
2954, 2957, 2953, -1,
2953, 2957, 2958, -1,
2953, 2958, 2952, -1,
2952, 2958, 2959, -1,
2952, 2959, 2951, -1,
2951, 2959, 2960, -1,
2951, 2960, 2172, -1,
2172, 2960, 2174, -1,
2192, 2187, 2956, -1,
2956, 2187, 2961, -1,
2956, 2961, 2957, -1,
2957, 2961, 2962, -1,
2957, 2962, 2958, -1,
2958, 2962, 2963, -1,
2958, 2963, 2959, -1,
2959, 2963, 2964, -1,
2959, 2964, 2960, -1,
2960, 2964, 2925, -1,
2960, 2925, 2174, -1,
2174, 2925, 2176, -1,
2180, 2178, 2965, -1,
2965, 2178, 2925, -1,
2965, 2925, 2966, -1,
2966, 2925, 2964, -1,
2966, 2964, 2967, -1,
2967, 2964, 2963, -1,
2967, 2963, 2968, -1,
2968, 2963, 2962, -1,
2968, 2962, 2969, -1,
2969, 2962, 2961, -1,
2969, 2961, 2185, -1,
2185, 2961, 2187, -1,
2185, 2102, 2969, -1,
2969, 2102, 2920, -1,
2969, 2920, 2968, -1,
2968, 2920, 2921, -1,
2968, 2921, 2967, -1,
2967, 2921, 2922, -1,
2967, 2922, 2966, -1,
2966, 2922, 2923, -1,
2966, 2923, 2965, -1,
2965, 2923, 2924, -1,
2965, 2924, 2180, -1,
2180, 2924, 2100, -1,
2158, 2208, 2221, -1,
2158, 2221, 2936, -1,
2936, 2221, 2216, -1,
2936, 2216, 2934, -1,
2934, 2216, 2218, -1,
2934, 2218, 2932, -1,
2932, 2218, 2219, -1,
2932, 2219, 2930, -1,
2930, 2219, 2217, -1,
2930, 2217, 2928, -1,
2928, 2217, 2202, -1,
2928, 2202, 2182, -1,
2970, 2971, 2972, -1,
2972, 2971, 2973, -1,
2974, 2975, 2976, -1,
2976, 2975, 2977, -1,
2978, 2979, 2980, -1,
2980, 2979, 2981, -1,
2982, 2983, 2984, -1,
2984, 2983, 2985, -1,
2986, 2987, 2988, -1,
2988, 2987, 2989, -1,
2988, 2989, 2990, -1,
2990, 2989, 2991, -1,
2990, 2991, 2992, -1,
2992, 2991, 2993, -1,
2992, 2993, 2994, -1,
2994, 2993, 2995, -1,
2994, 2995, 2996, -1,
2996, 2995, 2997, -1,
2996, 2997, 2998, -1,
2998, 2997, 2999, -1,
2998, 2999, 3000, -1,
3000, 2999, 3001, -1,
3000, 3001, 3002, -1,
3002, 3001, 3003, -1,
3002, 3003, 3004, -1,
3004, 3003, 3005, -1,
3004, 3005, 3006, -1,
3006, 3005, 3007, -1,
3006, 3007, 3008, -1,
3008, 3007, 3009, -1,
3008, 3009, 2970, -1,
2970, 3009, 2971, -1,
3010, 3011, 3012, -1,
3012, 3011, 3013, -1,
3012, 3013, 3014, -1,
2976, 2977, 3015, -1,
3015, 2977, 3016, -1,
3015, 3016, 3017, -1,
3017, 3016, 3018, -1,
3017, 3018, 3019, -1,
3019, 3018, 3020, -1,
3013, 3021, 3014, -1,
3014, 3021, 3022, -1,
3014, 3022, 3023, -1,
3023, 3022, 3024, -1,
3023, 3024, 3025, -1,
3025, 3024, 3026, -1,
3025, 3026, 3027, -1,
3027, 3026, 3028, -1,
3027, 3028, 3020, -1,
3020, 3028, 3029, -1,
3020, 3029, 3019, -1,
2980, 2981, 3030, -1,
3030, 2981, 3031, -1,
3030, 3031, 3032, -1,
3032, 3031, 3033, -1,
3032, 3033, 3034, -1,
3034, 3033, 3035, -1,
3034, 3035, 3036, -1,
3036, 3035, 3037, -1,
3036, 3037, 3038, -1,
3038, 3037, 3039, -1,
3038, 3039, 3040, -1,
3040, 3039, 3041, -1,
3040, 3041, 3042, -1,
3042, 3041, 3043, -1,
3042, 3043, 3044, -1,
3044, 3043, 3045, -1,
3044, 3045, 3046, -1,
3046, 3045, 3047, -1,
3046, 3047, 3048, -1,
3048, 3047, 3049, -1,
3048, 3049, 3050, -1,
3050, 3049, 3051, -1,
3050, 3051, 3052, -1,
3052, 3051, 3053, -1,
3052, 3053, 3054, -1,
3054, 3053, 3055, -1,
3054, 3055, 3056, -1,
3056, 3055, 3057, -1,
3056, 3057, 3058, -1,
3058, 3057, 3059, -1,
3058, 3059, 3060, -1,
3060, 3059, 3061, -1,
3060, 3061, 3062, -1,
3062, 3061, 3063, -1,
3062, 3063, 3064, -1,
3064, 3063, 3065, -1,
2983, 2982, 3066, -1,
3066, 2982, 3067, -1,
3066, 3067, 3068, -1,
3069, 3070, 3071, -1,
3071, 3070, 3072, -1,
3071, 3072, 3073, -1,
3073, 3072, 3074, -1,
3073, 3074, 3075, -1,
3075, 3074, 3076, -1,
3067, 3077, 3068, -1,
3068, 3077, 3078, -1,
3068, 3078, 3079, -1,
3079, 3078, 3080, -1,
3079, 3080, 3081, -1,
3081, 3080, 3082, -1,
3081, 3082, 3083, -1,
3083, 3082, 3084, -1,
3083, 3084, 3076, -1,
3076, 3084, 3085, -1,
3076, 3085, 3075, -1,
3086, 3087, 2986, -1,
2986, 3087, 2987, -1,
3011, 3010, 3088, -1,
3088, 3010, 3089, -1,
3064, 3065, 3090, -1,
3090, 3065, 3091, -1,
3092, 3093, 3069, -1,
3069, 3093, 3070, -1,
3087, 3086, 3094, -1,
3094, 3086, 3095, -1,
3094, 3095, 3096, -1,
3096, 3095, 3097, -1,
3096, 3097, 3098, -1,
3098, 3097, 3099, -1,
3098, 3099, 3100, -1,
3100, 3099, 3101, -1,
3100, 3101, 3102, -1,
3102, 3101, 3103, -1,
3102, 3103, 3104, -1,
3104, 3103, 3105, -1,
3104, 3105, 3106, -1,
3106, 3105, 3107, -1,
3106, 3107, 3108, -1,
3108, 3107, 3109, -1,
3108, 3109, 3110, -1,
3110, 3109, 3111, -1,
3110, 3111, 3112, -1,
3112, 3111, 3113, -1,
3112, 3113, 3114, -1,
3114, 3113, 3115, -1,
3114, 3115, 3116, -1,
3116, 3115, 3117, -1,
3116, 3117, 3118, -1,
3118, 3117, 3119, -1,
3118, 3119, 3120, -1,
3120, 3119, 3121, -1,
3120, 3121, 3122, -1,
3122, 3121, 3123, -1,
3122, 3123, 3124, -1,
3124, 3123, 3125, -1,
3126, 3088, 3089, -1,
3127, 3128, 3129, -1,
3129, 3128, 3130, -1,
3129, 3130, 3131, -1,
3131, 3130, 3132, -1,
3133, 3134, 3135, -1,
3135, 3134, 3136, -1,
3135, 3136, 3137, -1,
3137, 3136, 3138, -1,
3137, 3138, 3132, -1,
3132, 3138, 3139, -1,
3132, 3139, 3131, -1,
3089, 3140, 3126, -1,
3126, 3140, 3141, -1,
3126, 3141, 3142, -1,
3142, 3141, 3143, -1,
3142, 3143, 3144, -1,
3144, 3143, 3145, -1,
3144, 3145, 3133, -1,
3133, 3145, 3146, -1,
3133, 3146, 3134, -1,
3147, 3148, 3149, -1,
3149, 3148, 3150, -1,
3149, 3150, 3151, -1,
3151, 3150, 3152, -1,
3151, 3152, 3153, -1,
3153, 3152, 3154, -1,
3153, 3154, 3155, -1,
3155, 3154, 3156, -1,
3155, 3156, 3157, -1,
3157, 3156, 3158, -1,
3157, 3158, 3159, -1,
3159, 3158, 3160, -1,
3159, 3160, 3161, -1,
3161, 3160, 3162, -1,
3161, 3162, 3163, -1,
3163, 3162, 3164, -1,
3163, 3164, 3165, -1,
3165, 3164, 3166, -1,
3165, 3166, 3167, -1,
3167, 3166, 3168, -1,
3167, 3168, 3169, -1,
3169, 3168, 3170, -1,
3169, 3170, 3091, -1,
3091, 3170, 3090, -1,
3171, 3172, 3173, -1,
3093, 3092, 3174, -1,
3174, 3092, 3175, -1,
3174, 3175, 3176, -1,
3176, 3175, 3177, -1,
3178, 3179, 3180, -1,
3180, 3179, 3181, -1,
3180, 3181, 3182, -1,
3182, 3181, 3183, -1,
3182, 3183, 3177, -1,
3177, 3183, 3184, -1,
3177, 3184, 3176, -1,
3173, 3185, 3171, -1,
3171, 3185, 3186, -1,
3171, 3186, 3187, -1,
3187, 3186, 3188, -1,
3187, 3188, 3189, -1,
3189, 3188, 3190, -1,
3189, 3190, 3178, -1,
3178, 3190, 3191, -1,
3178, 3191, 3179, -1,
3192, 3193, 3172, -1,
3172, 3193, 3173, -1,
3194, 3195, 3125, -1,
3125, 3195, 3124, -1,
3128, 3127, 3196, -1,
3196, 3127, 3197, -1,
3148, 3147, 3198, -1,
3198, 3147, 3199, -1,
3200, 3201, 3202, -1,
3202, 3201, 3203, -1,
3198, 3199, 3196, -1,
3196, 3199, 3204, -1,
3195, 3194, 3193, -1,
3193, 3194, 3205, -1,
3206, 3207, 3208, -1,
3208, 3207, 3209, -1,
3210, 3195, 3197, -1,
3197, 3195, 3193, -1,
3197, 3193, 3196, -1,
3196, 3193, 3192, -1,
3196, 3192, 3198, -1,
3198, 3192, 3207, -1,
3198, 3207, 3211, -1,
3211, 3207, 3206, -1,
3210, 3212, 3213, -1,
3204, 3214, 3215, -1,
3213, 3216, 3210, -1,
3210, 3216, 3217, -1,
3210, 3217, 3195, -1,
3205, 3218, 3219, -1,
3215, 3220, 3204, -1,
3204, 3220, 3221, -1,
3204, 3221, 3196, -1,
3219, 3222, 3205, -1,
3205, 3222, 3223, -1,
3205, 3223, 3193, -1,
3124, 3195, 3217, -1,
3124, 3217, 3224, -1,
3224, 3217, 3216, -1,
3224, 3216, 3225, -1,
3225, 3216, 3213, -1,
3225, 3213, 3226, -1,
3226, 3213, 3212, -1,
3226, 3212, 3227, -1,
3227, 3212, 3210, -1,
3227, 3210, 3228, -1,
3228, 3210, 3197, -1,
3228, 3197, 3127, -1,
3089, 3229, 3230, -1,
3229, 3231, 3232, -1,
3231, 3233, 3234, -1,
3233, 3235, 3236, -1,
3235, 3237, 3238, -1,
3237, 3087, 3094, -1,
3237, 3094, 3238, -1,
3238, 3094, 3096, -1,
3238, 3096, 3239, -1,
3096, 3098, 3239, -1,
3239, 3098, 3100, -1,
3239, 3100, 3240, -1,
3240, 3100, 3102, -1,
3240, 3102, 3241, -1,
3241, 3102, 3104, -1,
3241, 3104, 3242, -1,
3104, 3106, 3242, -1,
3242, 3106, 3108, -1,
3242, 3108, 3243, -1,
3243, 3108, 3110, -1,
3243, 3110, 3244, -1,
3244, 3110, 3112, -1,
3244, 3112, 3245, -1,
3112, 3114, 3245, -1,
3245, 3114, 3116, -1,
3245, 3116, 3246, -1,
3246, 3116, 3118, -1,
3246, 3118, 3247, -1,
3247, 3118, 3120, -1,
3247, 3120, 3248, -1,
3120, 3122, 3248, -1,
3248, 3122, 3124, -1,
3248, 3124, 3224, -1,
3235, 3238, 3236, -1,
3236, 3238, 3239, -1,
3236, 3239, 3249, -1,
3249, 3239, 3240, -1,
3249, 3240, 3250, -1,
3250, 3240, 3241, -1,
3250, 3241, 3251, -1,
3251, 3241, 3242, -1,
3251, 3242, 3252, -1,
3252, 3242, 3243, -1,
3252, 3243, 3253, -1,
3253, 3243, 3244, -1,
3253, 3244, 3254, -1,
3254, 3244, 3245, -1,
3254, 3245, 3255, -1,
3255, 3245, 3246, -1,
3255, 3246, 3256, -1,
3256, 3246, 3247, -1,
3256, 3247, 3257, -1,
3257, 3247, 3248, -1,
3257, 3248, 3258, -1,
3258, 3248, 3224, -1,
3258, 3224, 3225, -1,
3233, 3236, 3234, -1,
3234, 3236, 3249, -1,
3234, 3249, 3259, -1,
3259, 3249, 3250, -1,
3259, 3250, 3260, -1,
3260, 3250, 3251, -1,
3260, 3251, 3261, -1,
3261, 3251, 3252, -1,
3261, 3252, 3262, -1,
3262, 3252, 3253, -1,
3262, 3253, 3263, -1,
3263, 3253, 3254, -1,
3263, 3254, 3264, -1,
3264, 3254, 3255, -1,
3264, 3255, 3265, -1,
3265, 3255, 3256, -1,
3265, 3256, 3266, -1,
3266, 3256, 3257, -1,
3266, 3257, 3267, -1,
3267, 3257, 3258, -1,
3267, 3258, 3268, -1,
3268, 3258, 3225, -1,
3268, 3225, 3226, -1,
3231, 3234, 3232, -1,
3232, 3234, 3259, -1,
3232, 3259, 3269, -1,
3269, 3259, 3260, -1,
3269, 3260, 3270, -1,
3270, 3260, 3261, -1,
3270, 3261, 3271, -1,
3271, 3261, 3262, -1,
3271, 3262, 3272, -1,
3272, 3262, 3263, -1,
3272, 3263, 3273, -1,
3273, 3263, 3264, -1,
3273, 3264, 3274, -1,
3274, 3264, 3265, -1,
3274, 3265, 3275, -1,
3275, 3265, 3266, -1,
3275, 3266, 3276, -1,
3276, 3266, 3267, -1,
3276, 3267, 3277, -1,
3277, 3267, 3268, -1,
3277, 3268, 3278, -1,
3278, 3268, 3226, -1,
3278, 3226, 3227, -1,
3229, 3232, 3230, -1,
3230, 3232, 3269, -1,
3230, 3269, 3279, -1,
3279, 3269, 3270, -1,
3279, 3270, 3280, -1,
3280, 3270, 3271, -1,
3280, 3271, 3281, -1,
3281, 3271, 3272, -1,
3281, 3272, 3282, -1,
3282, 3272, 3273, -1,
3282, 3273, 3283, -1,
3283, 3273, 3274, -1,
3283, 3274, 3284, -1,
3284, 3274, 3275, -1,
3284, 3275, 3285, -1,
3285, 3275, 3276, -1,
3285, 3276, 3286, -1,
3286, 3276, 3277, -1,
3286, 3277, 3287, -1,
3287, 3277, 3278, -1,
3287, 3278, 3288, -1,
3288, 3278, 3227, -1,
3288, 3227, 3228, -1,
3089, 3230, 3140, -1,
3140, 3230, 3279, -1,
3140, 3279, 3141, -1,
3141, 3279, 3280, -1,
3141, 3280, 3143, -1,
3143, 3280, 3281, -1,
3143, 3281, 3145, -1,
3145, 3281, 3282, -1,
3145, 3282, 3146, -1,
3146, 3282, 3283, -1,
3146, 3283, 3134, -1,
3134, 3283, 3284, -1,
3134, 3284, 3136, -1,
3136, 3284, 3285, -1,
3136, 3285, 3138, -1,
3138, 3285, 3286, -1,
3138, 3286, 3139, -1,
3139, 3286, 3287, -1,
3139, 3287, 3131, -1,
3131, 3287, 3288, -1,
3131, 3288, 3129, -1,
3129, 3288, 3228, -1,
3129, 3228, 3127, -1,
3128, 3196, 3221, -1,
3128, 3221, 3289, -1,
3289, 3221, 3220, -1,
3289, 3220, 3290, -1,
3290, 3220, 3215, -1,
3290, 3215, 3291, -1,
3291, 3215, 3214, -1,
3291, 3214, 3292, -1,
3292, 3214, 3204, -1,
3292, 3204, 3293, -1,
3293, 3204, 3199, -1,
3293, 3199, 3147, -1,
3089, 3010, 3294, -1,
3089, 3294, 3229, -1,
3229, 3294, 3295, -1,
3229, 3295, 3231, -1,
3231, 3295, 3296, -1,
3231, 3296, 3233, -1,
3233, 3296, 3297, -1,
3233, 3297, 3235, -1,
3235, 3297, 3298, -1,
3235, 3298, 3237, -1,
3237, 3298, 2987, -1,
3237, 2987, 3087, -1,
3173, 3193, 3223, -1,
3173, 3223, 3299, -1,
3299, 3223, 3222, -1,
3299, 3222, 3300, -1,
3300, 3222, 3219, -1,
3300, 3219, 3301, -1,
3301, 3219, 3218, -1,
3301, 3218, 3302, -1,
3302, 3218, 3205, -1,
3302, 3205, 3303, -1,
3303, 3205, 3194, -1,
3303, 3194, 3125, -1,
3151, 3153, 3304, -1,
3159, 3161, 3305, -1,
3167, 3169, 3306, -1,
3088, 3126, 3307, -1,
3307, 3126, 3308, -1,
3307, 3308, 3309, -1,
3309, 3308, 3310, -1,
3309, 3310, 3311, -1,
3311, 3310, 3312, -1,
3311, 3312, 3313, -1,
3313, 3312, 3314, -1,
3313, 3314, 3315, -1,
3315, 3314, 3306, -1,
3315, 3306, 3091, -1,
3091, 3306, 3169, -1,
3126, 3142, 3308, -1,
3308, 3142, 3316, -1,
3308, 3316, 3310, -1,
3310, 3316, 3317, -1,
3310, 3317, 3312, -1,
3312, 3317, 3318, -1,
3312, 3318, 3314, -1,
3314, 3318, 3319, -1,
3314, 3319, 3306, -1,
3306, 3319, 3320, -1,
3306, 3320, 3167, -1,
3167, 3320, 3165, -1,
3142, 3144, 3316, -1,
3316, 3144, 3321, -1,
3316, 3321, 3317, -1,
3317, 3321, 3322, -1,
3317, 3322, 3318, -1,
3318, 3322, 3323, -1,
3318, 3323, 3319, -1,
3319, 3323, 3324, -1,
3319, 3324, 3320, -1,
3320, 3324, 3325, -1,
3320, 3325, 3165, -1,
3165, 3325, 3163, -1,
3144, 3133, 3321, -1,
3321, 3133, 3326, -1,
3321, 3326, 3322, -1,
3322, 3326, 3327, -1,
3322, 3327, 3323, -1,
3323, 3327, 3328, -1,
3323, 3328, 3324, -1,
3324, 3328, 3329, -1,
3324, 3329, 3325, -1,
3325, 3329, 3305, -1,
3325, 3305, 3163, -1,
3163, 3305, 3161, -1,
3133, 3135, 3326, -1,
3326, 3135, 3330, -1,
3326, 3330, 3327, -1,
3327, 3330, 3331, -1,
3327, 3331, 3328, -1,
3328, 3331, 3332, -1,
3328, 3332, 3329, -1,
3329, 3332, 3333, -1,
3329, 3333, 3305, -1,
3305, 3333, 3334, -1,
3305, 3334, 3159, -1,
3159, 3334, 3157, -1,
3135, 3137, 3330, -1,
3330, 3137, 3335, -1,
3330, 3335, 3331, -1,
3331, 3335, 3336, -1,
3331, 3336, 3332, -1,
3332, 3336, 3337, -1,
3332, 3337, 3333, -1,
3333, 3337, 3338, -1,
3333, 3338, 3334, -1,
3334, 3338, 3339, -1,
3334, 3339, 3157, -1,
3157, 3339, 3155, -1,
3137, 3132, 3335, -1,
3335, 3132, 3340, -1,
3335, 3340, 3336, -1,
3336, 3340, 3341, -1,
3336, 3341, 3337, -1,
3337, 3341, 3342, -1,
3337, 3342, 3338, -1,
3338, 3342, 3343, -1,
3338, 3343, 3339, -1,
3339, 3343, 3304, -1,
3339, 3304, 3155, -1,
3155, 3304, 3153, -1,
3132, 3130, 3340, -1,
3340, 3130, 3344, -1,
3340, 3344, 3341, -1,
3341, 3344, 3345, -1,
3341, 3345, 3342, -1,
3342, 3345, 3346, -1,
3342, 3346, 3343, -1,
3343, 3346, 3347, -1,
3343, 3347, 3304, -1,
3304, 3347, 3348, -1,
3304, 3348, 3151, -1,
3151, 3348, 3149, -1,
3130, 3128, 3344, -1,
3344, 3128, 3289, -1,
3344, 3289, 3345, -1,
3345, 3289, 3290, -1,
3345, 3290, 3346, -1,
3346, 3290, 3291, -1,
3346, 3291, 3347, -1,
3347, 3291, 3292, -1,
3347, 3292, 3348, -1,
3348, 3292, 3293, -1,
3348, 3293, 3149, -1,
3149, 3293, 3147, -1,
3007, 3005, 3349, -1,
2999, 2997, 3350, -1,
2991, 2989, 3351, -1,
3010, 3012, 3294, -1,
3294, 3012, 3352, -1,
3294, 3352, 3295, -1,
3295, 3352, 3353, -1,
3295, 3353, 3296, -1,
3296, 3353, 3354, -1,
3296, 3354, 3297, -1,
3297, 3354, 3355, -1,
3297, 3355, 3298, -1,
3298, 3355, 3351, -1,
3298, 3351, 2987, -1,
2987, 3351, 2989, -1,
3012, 3014, 3352, -1,
3352, 3014, 3356, -1,
3352, 3356, 3353, -1,
3353, 3356, 3357, -1,
3353, 3357, 3354, -1,
3354, 3357, 3358, -1,
3354, 3358, 3355, -1,
3355, 3358, 3359, -1,
3355, 3359, 3351, -1,
3351, 3359, 3360, -1,
3351, 3360, 2991, -1,
2991, 3360, 2993, -1,
3014, 3023, 3356, -1,
3356, 3023, 3361, -1,
3356, 3361, 3357, -1,
3357, 3361, 3362, -1,
3357, 3362, 3358, -1,
3358, 3362, 3363, -1,
3358, 3363, 3359, -1,
3359, 3363, 3364, -1,
3359, 3364, 3360, -1,
3360, 3364, 3365, -1,
3360, 3365, 2993, -1,
2993, 3365, 2995, -1,
3023, 3025, 3361, -1,
3361, 3025, 3366, -1,
3361, 3366, 3362, -1,
3362, 3366, 3367, -1,
3362, 3367, 3363, -1,
3363, 3367, 3368, -1,
3363, 3368, 3364, -1,
3364, 3368, 3369, -1,
3364, 3369, 3365, -1,
3365, 3369, 3350, -1,
3365, 3350, 2995, -1,
2995, 3350, 2997, -1,
3001, 2999, 3370, -1,
3370, 2999, 3350, -1,
3370, 3350, 3371, -1,
3371, 3350, 3369, -1,
3371, 3369, 3372, -1,
3372, 3369, 3368, -1,
3372, 3368, 3373, -1,
3373, 3368, 3367, -1,
3373, 3367, 3374, -1,
3374, 3367, 3366, -1,
3374, 3366, 3027, -1,
3027, 3366, 3025, -1,
3027, 3020, 3374, -1,
3374, 3020, 3375, -1,
3374, 3375, 3373, -1,
3373, 3375, 3376, -1,
3373, 3376, 3372, -1,
3372, 3376, 3377, -1,
3372, 3377, 3371, -1,
3371, 3377, 3378, -1,
3371, 3378, 3370, -1,
3370, 3378, 3379, -1,
3370, 3379, 3001, -1,
3001, 3379, 3003, -1,
3020, 3018, 3375, -1,
3375, 3018, 3380, -1,
3375, 3380, 3376, -1,
3376, 3380, 3381, -1,
3376, 3381, 3377, -1,
3377, 3381, 3382, -1,
3377, 3382, 3378, -1,
3378, 3382, 3383, -1,
3378, 3383, 3379, -1,
3379, 3383, 3349, -1,
3379, 3349, 3003, -1,
3003, 3349, 3005, -1,
3018, 3016, 3380, -1,
3380, 3016, 3384, -1,
3380, 3384, 3381, -1,
3381, 3384, 3385, -1,
3381, 3385, 3382, -1,
3382, 3385, 3386, -1,
3382, 3386, 3383, -1,
3383, 3386, 3387, -1,
3383, 3387, 3349, -1,
3349, 3387, 3388, -1,
3349, 3388, 3007, -1,
3007, 3388, 3009, -1,
3016, 2977, 3384, -1,
3384, 2977, 3389, -1,
3384, 3389, 3385, -1,
3385, 3389, 3390, -1,
3385, 3390, 3386, -1,
3386, 3390, 3391, -1,
3386, 3391, 3387, -1,
3387, 3391, 3392, -1,
3387, 3392, 3388, -1,
3388, 3392, 3393, -1,
3388, 3393, 3009, -1,
3009, 3393, 2971, -1,
3173, 3299, 3394, -1,
3299, 3300, 3395, -1,
3300, 3301, 3396, -1,
3301, 3302, 3397, -1,
3302, 3303, 3398, -1,
3303, 3125, 3123, -1,
3303, 3123, 3398, -1,
3398, 3123, 3121, -1,
3398, 3121, 3399, -1,
3121, 3119, 3399, -1,
3399, 3119, 3117, -1,
3399, 3117, 3400, -1,
3400, 3117, 3115, -1,
3400, 3115, 3401, -1,
3401, 3115, 3113, -1,
3401, 3113, 3402, -1,
3113, 3111, 3402, -1,
3402, 3111, 3109, -1,
3402, 3109, 3403, -1,
3403, 3109, 3107, -1,
3403, 3107, 3404, -1,
3404, 3107, 3105, -1,
3404, 3105, 3405, -1,
3105, 3103, 3405, -1,
3405, 3103, 3101, -1,
3405, 3101, 3406, -1,
3406, 3101, 3099, -1,
3406, 3099, 3407, -1,
3407, 3099, 3097, -1,
3407, 3097, 3408, -1,
3097, 3095, 3408, -1,
3408, 3095, 3086, -1,
3408, 3086, 3409, -1,
3302, 3398, 3397, -1,
3397, 3398, 3399, -1,
3397, 3399, 3410, -1,
3410, 3399, 3400, -1,
3410, 3400, 3411, -1,
3411, 3400, 3401, -1,
3411, 3401, 3412, -1,
3412, 3401, 3402, -1,
3412, 3402, 3413, -1,
3413, 3402, 3403, -1,
3413, 3403, 3414, -1,
3414, 3403, 3404, -1,
3414, 3404, 3415, -1,
3415, 3404, 3405, -1,
3415, 3405, 3416, -1,
3416, 3405, 3406, -1,
3416, 3406, 3417, -1,
3417, 3406, 3407, -1,
3417, 3407, 3418, -1,
3418, 3407, 3408, -1,
3418, 3408, 3419, -1,
3419, 3408, 3409, -1,
3419, 3409, 3420, -1,
3301, 3397, 3396, -1,
3396, 3397, 3410, -1,
3396, 3410, 3421, -1,
3421, 3410, 3411, -1,
3421, 3411, 3422, -1,
3422, 3411, 3412, -1,
3422, 3412, 3423, -1,
3423, 3412, 3413, -1,
3423, 3413, 3424, -1,
3424, 3413, 3414, -1,
3424, 3414, 3425, -1,
3425, 3414, 3415, -1,
3425, 3415, 3426, -1,
3426, 3415, 3416, -1,
3426, 3416, 3427, -1,
3427, 3416, 3417, -1,
3427, 3417, 3428, -1,
3428, 3417, 3418, -1,
3428, 3418, 3429, -1,
3429, 3418, 3419, -1,
3429, 3419, 3430, -1,
3430, 3419, 3420, -1,
3430, 3420, 3431, -1,
3300, 3396, 3395, -1,
3395, 3396, 3421, -1,
3395, 3421, 3432, -1,
3432, 3421, 3422, -1,
3432, 3422, 3433, -1,
3433, 3422, 3423, -1,
3433, 3423, 3434, -1,
3434, 3423, 3424, -1,
3434, 3424, 3435, -1,
3435, 3424, 3425, -1,
3435, 3425, 3436, -1,
3436, 3425, 3426, -1,
3436, 3426, 3437, -1,
3437, 3426, 3427, -1,
3437, 3427, 3438, -1,
3438, 3427, 3428, -1,
3438, 3428, 3439, -1,
3439, 3428, 3429, -1,
3439, 3429, 3440, -1,
3440, 3429, 3430, -1,
3440, 3430, 3441, -1,
3441, 3430, 3431, -1,
3441, 3431, 3442, -1,
3299, 3395, 3394, -1,
3394, 3395, 3432, -1,
3394, 3432, 3443, -1,
3443, 3432, 3433, -1,
3443, 3433, 3444, -1,
3444, 3433, 3434, -1,
3444, 3434, 3445, -1,
3445, 3434, 3435, -1,
3445, 3435, 3446, -1,
3446, 3435, 3436, -1,
3446, 3436, 3447, -1,
3447, 3436, 3437, -1,
3447, 3437, 3448, -1,
3448, 3437, 3438, -1,
3448, 3438, 3449, -1,
3449, 3438, 3439, -1,
3449, 3439, 3450, -1,
3450, 3439, 3440, -1,
3450, 3440, 3451, -1,
3451, 3440, 3441, -1,
3451, 3441, 3452, -1,
3452, 3441, 3442, -1,
3452, 3442, 3453, -1,
3173, 3394, 3185, -1,
3185, 3394, 3443, -1,
3185, 3443, 3186, -1,
3186, 3443, 3444, -1,
3186, 3444, 3188, -1,
3188, 3444, 3445, -1,
3188, 3445, 3190, -1,
3190, 3445, 3446, -1,
3190, 3446, 3191, -1,
3191, 3446, 3447, -1,
3191, 3447, 3179, -1,
3179, 3447, 3448, -1,
3179, 3448, 3181, -1,
3181, 3448, 3449, -1,
3181, 3449, 3183, -1,
3183, 3449, 3450, -1,
3183, 3450, 3184, -1,
3184, 3450, 3451, -1,
3184, 3451, 3176, -1,
3176, 3451, 3452, -1,
3176, 3452, 3174, -1,
3174, 3452, 3453, -1,
3174, 3453, 3093, -1,
3091, 3065, 3454, -1,
3091, 3454, 3315, -1,
3315, 3454, 3455, -1,
3315, 3455, 3313, -1,
3313, 3455, 3456, -1,
3313, 3456, 3311, -1,
3311, 3456, 3457, -1,
3311, 3457, 3309, -1,
3309, 3457, 3458, -1,
3309, 3458, 3307, -1,
3307, 3458, 3011, -1,
3307, 3011, 3088, -1,
2975, 3459, 2977, -1,
2977, 3459, 3389, -1,
3459, 3460, 3389, -1,
3389, 3460, 3461, -1,
3389, 3461, 3390, -1,
3461, 3462, 3390, -1,
3390, 3462, 3463, -1,
3390, 3463, 3391, -1,
3391, 3463, 3464, -1,
3391, 3464, 3392, -1,
3464, 3465, 3392, -1,
3392, 3465, 3466, -1,
3392, 3466, 3393, -1,
3466, 3467, 3393, -1,
3393, 3467, 3468, -1,
3393, 3468, 2971, -1,
2971, 3468, 3469, -1,
2971, 3469, 3470, -1,
3470, 3471, 2971, -1,
2971, 3471, 3472, -1,
2971, 3472, 3473, -1,
3473, 3474, 2971, -1,
2971, 3474, 3475, -1,
2971, 3475, 2973, -1,
3086, 2986, 3476, -1,
3086, 3476, 3409, -1,
3409, 3476, 3477, -1,
3409, 3477, 3420, -1,
3420, 3477, 3478, -1,
3420, 3478, 3431, -1,
3431, 3478, 3479, -1,
3431, 3479, 3442, -1,
3442, 3479, 3480, -1,
3442, 3480, 3453, -1,
3453, 3480, 3070, -1,
3453, 3070, 3093, -1,
3011, 3458, 3481, -1,
3458, 3457, 3482, -1,
3457, 3456, 3483, -1,
3456, 3455, 3484, -1,
3455, 3454, 3485, -1,
3057, 3486, 3059, -1,
3059, 3486, 3487, -1,
3059, 3487, 3061, -1,
3061, 3487, 3485, -1,
3061, 3485, 3063, -1,
3063, 3485, 3454, -1,
3063, 3454, 3065, -1,
3057, 3055, 3486, -1,
3486, 3055, 3053, -1,
3486, 3053, 3488, -1,
3488, 3053, 3051, -1,
3488, 3051, 3489, -1,
3051, 3049, 3489, -1,
3489, 3049, 3047, -1,
3489, 3047, 3490, -1,
3490, 3047, 3045, -1,
3490, 3045, 3491, -1,
3491, 3045, 3043, -1,
3033, 3492, 3493, -1,
3043, 3041, 3491, -1,
3491, 3041, 3039, -1,
3491, 3039, 3494, -1,
3494, 3039, 3037, -1,
3494, 3037, 3493, -1,
3493, 3037, 3035, -1,
3493, 3035, 3033, -1,
3033, 3031, 3492, -1,
3492, 3031, 2981, -1,
3492, 2981, 3495, -1,
3455, 3485, 3484, -1,
3484, 3485, 3487, -1,
3484, 3487, 3496, -1,
3496, 3487, 3486, -1,
3496, 3486, 3497, -1,
3497, 3486, 3488, -1,
3497, 3488, 3498, -1,
3498, 3488, 3489, -1,
3498, 3489, 3499, -1,
3499, 3489, 3490, -1,
3499, 3490, 3500, -1,
3500, 3490, 3491, -1,
3500, 3491, 3501, -1,
3501, 3491, 3494, -1,
3501, 3494, 3502, -1,
3502, 3494, 3493, -1,
3502, 3493, 3503, -1,
3503, 3493, 3492, -1,
3503, 3492, 3504, -1,
3504, 3492, 3495, -1,
3504, 3495, 3505, -1,
3456, 3484, 3483, -1,
3483, 3484, 3496, -1,
3483, 3496, 3506, -1,
3506, 3496, 3497, -1,
3506, 3497, 3507, -1,
3507, 3497, 3498, -1,
3507, 3498, 3508, -1,
3508, 3498, 3499, -1,
3508, 3499, 3509, -1,
3509, 3499, 3500, -1,
3509, 3500, 3510, -1,
3510, 3500, 3501, -1,
3510, 3501, 3511, -1,
3511, 3501, 3502, -1,
3511, 3502, 3512, -1,
3512, 3502, 3503, -1,
3512, 3503, 3513, -1,
3513, 3503, 3504, -1,
3513, 3504, 3514, -1,
3514, 3504, 3505, -1,
3514, 3505, 3515, -1,
3457, 3483, 3482, -1,
3482, 3483, 3506, -1,
3482, 3506, 3516, -1,
3516, 3506, 3507, -1,
3516, 3507, 3517, -1,
3517, 3507, 3508, -1,
3517, 3508, 3518, -1,
3518, 3508, 3509, -1,
3518, 3509, 3519, -1,
3519, 3509, 3510, -1,
3519, 3510, 3520, -1,
3520, 3510, 3511, -1,
3520, 3511, 3521, -1,
3521, 3511, 3512, -1,
3521, 3512, 3522, -1,
3522, 3512, 3513, -1,
3522, 3513, 3523, -1,
3523, 3513, 3514, -1,
3523, 3514, 3524, -1,
3524, 3514, 3515, -1,
3524, 3515, 3525, -1,
3458, 3482, 3481, -1,
3481, 3482, 3516, -1,
3481, 3516, 3526, -1,
3526, 3516, 3517, -1,
3526, 3517, 3527, -1,
3527, 3517, 3518, -1,
3527, 3518, 3528, -1,
3528, 3518, 3519, -1,
3528, 3519, 3529, -1,
3529, 3519, 3520, -1,
3529, 3520, 3530, -1,
3530, 3520, 3521, -1,
3530, 3521, 3531, -1,
3531, 3521, 3522, -1,
3531, 3522, 3532, -1,
3532, 3522, 3523, -1,
3532, 3523, 3533, -1,
3533, 3523, 3524, -1,
3533, 3524, 3534, -1,
3534, 3524, 3525, -1,
3534, 3525, 3535, -1,
3011, 3481, 3013, -1,
3013, 3481, 3526, -1,
3013, 3526, 3021, -1,
3021, 3526, 3527, -1,
3021, 3527, 3022, -1,
3022, 3527, 3528, -1,
3022, 3528, 3024, -1,
3024, 3528, 3529, -1,
3024, 3529, 3026, -1,
3026, 3529, 3530, -1,
3026, 3530, 3028, -1,
3028, 3530, 3531, -1,
3028, 3531, 3029, -1,
3029, 3531, 3532, -1,
3029, 3532, 3019, -1,
3019, 3532, 3533, -1,
3019, 3533, 3017, -1,
3017, 3533, 3534, -1,
3017, 3534, 3015, -1,
3015, 3534, 3535, -1,
3015, 3535, 2976, -1,
3536, 3537, 3538, -1,
3539, 3540, 3541, -1,
3542, 3543, 3544, -1,
3545, 3546, 3547, -1,
3548, 3549, 3550, -1,
3550, 3549, 3203, -1,
2975, 3551, 3459, -1,
3459, 3551, 3552, -1,
3459, 3552, 3460, -1,
3460, 3552, 3553, -1,
3554, 3462, 3553, -1,
3553, 3462, 3461, -1,
3553, 3461, 3460, -1,
3555, 3464, 3554, -1,
3554, 3464, 3463, -1,
3554, 3463, 3462, -1,
3556, 3466, 3555, -1,
3555, 3466, 3465, -1,
3555, 3465, 3464, -1,
3470, 3469, 3557, -1,
3557, 3469, 3468, -1,
3557, 3468, 3556, -1,
3556, 3468, 3467, -1,
3556, 3467, 3466, -1,
3558, 3559, 3560, -1,
2973, 3475, 3561, -1,
3561, 3475, 3558, -1,
3561, 3558, 3562, -1,
3562, 3558, 3560, -1,
3563, 3564, 3565, -1,
3565, 3564, 3566, -1,
3565, 3566, 3559, -1,
3559, 3566, 3567, -1,
3559, 3567, 3560, -1,
3568, 3569, 3563, -1,
3563, 3569, 3570, -1,
3563, 3570, 3564, -1,
3203, 3571, 3550, -1,
3550, 3571, 3572, -1,
3550, 3572, 3568, -1,
3568, 3572, 3573, -1,
3568, 3573, 3569, -1,
3475, 3474, 3558, -1,
3558, 3474, 3574, -1,
3558, 3574, 3559, -1,
3559, 3574, 3575, -1,
3559, 3575, 3565, -1,
3565, 3575, 3576, -1,
3565, 3576, 3563, -1,
3563, 3576, 3577, -1,
3563, 3577, 3568, -1,
3568, 3577, 3578, -1,
3568, 3578, 3550, -1,
3550, 3578, 3547, -1,
3550, 3547, 3548, -1,
3548, 3547, 3546, -1,
3474, 3473, 3574, -1,
3574, 3473, 3579, -1,
3574, 3579, 3575, -1,
3575, 3579, 3580, -1,
3575, 3580, 3576, -1,
3576, 3580, 3581, -1,
3576, 3581, 3577, -1,
3577, 3581, 3582, -1,
3577, 3582, 3578, -1,
3578, 3582, 3583, -1,
3578, 3583, 3547, -1,
3547, 3583, 3544, -1,
3547, 3544, 3545, -1,
3545, 3544, 3543, -1,
3473, 3472, 3579, -1,
3579, 3472, 3584, -1,
3579, 3584, 3580, -1,
3580, 3584, 3585, -1,
3580, 3585, 3581, -1,
3581, 3585, 3586, -1,
3581, 3586, 3582, -1,
3582, 3586, 3587, -1,
3582, 3587, 3583, -1,
3583, 3587, 3588, -1,
3583, 3588, 3544, -1,
3544, 3588, 3541, -1,
3544, 3541, 3542, -1,
3542, 3541, 3540, -1,
3472, 3471, 3584, -1,
3584, 3471, 3589, -1,
3584, 3589, 3585, -1,
3585, 3589, 3590, -1,
3585, 3590, 3586, -1,
3586, 3590, 3591, -1,
3586, 3591, 3587, -1,
3587, 3591, 3592, -1,
3587, 3592, 3588, -1,
3588, 3592, 3593, -1,
3588, 3593, 3541, -1,
3541, 3593, 3538, -1,
3541, 3538, 3539, -1,
3539, 3538, 3537, -1,
3471, 3470, 3589, -1,
3589, 3470, 3557, -1,
3589, 3557, 3590, -1,
3590, 3557, 3556, -1,
3590, 3556, 3591, -1,
3591, 3556, 3555, -1,
3591, 3555, 3592, -1,
3592, 3555, 3554, -1,
3592, 3554, 3593, -1,
3593, 3554, 3553, -1,
3593, 3553, 3538, -1,
3538, 3553, 3552, -1,
3538, 3552, 3536, -1,
3536, 3552, 3551, -1,
2990, 2992, 3594, -1,
2998, 3000, 3595, -1,
3006, 3008, 3596, -1,
2983, 3066, 3597, -1,
3597, 3066, 3598, -1,
3597, 3598, 3599, -1,
3599, 3598, 3600, -1,
3599, 3600, 3601, -1,
3601, 3600, 3602, -1,
3601, 3602, 3603, -1,
3603, 3602, 3604, -1,
3603, 3604, 3605, -1,
3605, 3604, 3596, -1,
3605, 3596, 2970, -1,
2970, 3596, 3008, -1,
3004, 3006, 3606, -1,
3606, 3006, 3596, -1,
3606, 3596, 3607, -1,
3607, 3596, 3604, -1,
3607, 3604, 3608, -1,
3608, 3604, 3602, -1,
3608, 3602, 3609, -1,
3609, 3602, 3600, -1,
3609, 3600, 3610, -1,
3610, 3600, 3598, -1,
3610, 3598, 3068, -1,
3068, 3598, 3066, -1,
3068, 3079, 3610, -1,
3610, 3079, 3611, -1,
3610, 3611, 3609, -1,
3609, 3611, 3612, -1,
3609, 3612, 3608, -1,
3608, 3612, 3613, -1,
3608, 3613, 3607, -1,
3607, 3613, 3614, -1,
3607, 3614, 3606, -1,
3606, 3614, 3615, -1,
3606, 3615, 3004, -1,
3004, 3615, 3002, -1,
3079, 3081, 3611, -1,
3611, 3081, 3616, -1,
3611, 3616, 3612, -1,
3612, 3616, 3617, -1,
3612, 3617, 3613, -1,
3613, 3617, 3618, -1,
3613, 3618, 3614, -1,
3614, 3618, 3619, -1,
3614, 3619, 3615, -1,
3615, 3619, 3595, -1,
3615, 3595, 3002, -1,
3002, 3595, 3000, -1,
3081, 3083, 3616, -1,
3616, 3083, 3620, -1,
3616, 3620, 3617, -1,
3617, 3620, 3621, -1,
3617, 3621, 3618, -1,
3618, 3621, 3622, -1,
3618, 3622, 3619, -1,
3619, 3622, 3623, -1,
3619, 3623, 3595, -1,
3595, 3623, 3624, -1,
3595, 3624, 2998, -1,
2998, 3624, 2996, -1,
3083, 3076, 3620, -1,
3620, 3076, 3625, -1,
3620, 3625, 3621, -1,
3621, 3625, 3626, -1,
3621, 3626, 3622, -1,
3622, 3626, 3627, -1,
3622, 3627, 3623, -1,
3623, 3627, 3628, -1,
3623, 3628, 3624, -1,
3624, 3628, 3629, -1,
3624, 3629, 2996, -1,
2996, 3629, 2994, -1,
3076, 3074, 3625, -1,
3625, 3074, 3630, -1,
3625, 3630, 3626, -1,
3626, 3630, 3631, -1,
3626, 3631, 3627, -1,
3627, 3631, 3632, -1,
3627, 3632, 3628, -1,
3628, 3632, 3633, -1,
3628, 3633, 3629, -1,
3629, 3633, 3594, -1,
3629, 3594, 2994, -1,
2994, 3594, 2992, -1,
2988, 2990, 3634, -1,
3634, 2990, 3594, -1,
3634, 3594, 3635, -1,
3635, 3594, 3633, -1,
3635, 3633, 3636, -1,
3636, 3633, 3632, -1,
3636, 3632, 3637, -1,
3637, 3632, 3631, -1,
3637, 3631, 3638, -1,
3638, 3631, 3630, -1,
3638, 3630, 3072, -1,
3072, 3630, 3074, -1,
3072, 3070, 3638, -1,
3638, 3070, 3480, -1,
3638, 3480, 3637, -1,
3637, 3480, 3479, -1,
3637, 3479, 3636, -1,
3636, 3479, 3478, -1,
3636, 3478, 3635, -1,
3635, 3478, 3477, -1,
3635, 3477, 3634, -1,
3634, 3477, 3476, -1,
3634, 3476, 2988, -1,
2988, 3476, 2986, -1,
3639, 3640, 3495, -1,
2981, 2979, 3495, -1,
3495, 2979, 3641, -1,
3495, 3641, 3639, -1,
3640, 3642, 3495, -1,
3495, 3642, 3643, -1,
3495, 3643, 3644, -1,
3644, 3645, 3495, -1,
3495, 3645, 3646, -1,
3495, 3646, 3505, -1,
3646, 3647, 3505, -1,
3505, 3647, 3648, -1,
3505, 3648, 3515, -1,
3648, 3649, 3515, -1,
3515, 3649, 3650, -1,
3515, 3650, 3525, -1,
3525, 3650, 3651, -1,
3525, 3651, 3535, -1,
3651, 3652, 3535, -1,
3535, 3652, 3653, -1,
3535, 3653, 2976, -1,
2976, 3653, 3654, -1,
2976, 3654, 2974, -1,
3551, 2975, 2974, -1,
3551, 2974, 3536, -1,
3536, 2974, 3655, -1,
3536, 3655, 3537, -1,
3537, 3655, 3656, -1,
3537, 3656, 3539, -1,
3539, 3656, 3540, -1,
3540, 3656, 3657, -1,
3540, 3657, 3542, -1,
3542, 3657, 3543, -1,
3543, 3657, 3658, -1,
3543, 3658, 3545, -1,
3545, 3658, 3546, -1,
3546, 3658, 3659, -1,
3546, 3659, 3548, -1,
3548, 3659, 3549, -1,
3549, 3659, 3202, -1,
3549, 3202, 3203, -1,
2972, 2973, 3660, -1,
3660, 2973, 3561, -1,
3660, 3561, 3661, -1,
3661, 3561, 3562, -1,
3661, 3562, 3662, -1,
3662, 3562, 3560, -1,
3662, 3560, 3663, -1,
3663, 3560, 3567, -1,
3663, 3567, 3664, -1,
3664, 3567, 3566, -1,
3664, 3566, 3665, -1,
3665, 3566, 3564, -1,
3665, 3564, 3666, -1,
3666, 3564, 3570, -1,
3666, 3570, 3667, -1,
3667, 3570, 3569, -1,
3667, 3569, 3668, -1,
3668, 3569, 3573, -1,
3668, 3573, 3669, -1,
3669, 3573, 3572, -1,
3669, 3572, 3670, -1,
3670, 3572, 3571, -1,
3670, 3571, 3201, -1,
3201, 3571, 3203, -1,
3605, 2970, 2972, -1,
2972, 3671, 3605, -1,
3605, 3671, 3672, -1,
3605, 3672, 3673, -1,
3674, 3675, 3605, -1,
3673, 3676, 3605, -1,
3605, 3676, 3677, -1,
3605, 3677, 3674, -1,
3675, 3678, 3605, -1,
3605, 3678, 3679, -1,
3605, 3679, 3603, -1,
3679, 3680, 3603, -1,
3603, 3680, 3681, -1,
3603, 3681, 3601, -1,
3681, 3682, 3601, -1,
3601, 3682, 3683, -1,
3601, 3683, 3599, -1,
3599, 3683, 3684, -1,
3599, 3684, 3597, -1,
3684, 3685, 3597, -1,
3597, 3685, 3686, -1,
3597, 3686, 2983, -1,
2983, 3686, 3687, -1,
2983, 3687, 2985, -1,
3688, 3644, 3689, -1,
3643, 3642, 3689, -1,
3689, 3642, 3640, -1,
3641, 3689, 3639, -1,
3689, 3641, 2979, -1,
3640, 3639, 3689, -1,
3644, 3643, 3689, -1,
3690, 3647, 3691, -1,
3691, 3647, 3646, -1,
3691, 3646, 3688, -1,
3688, 3646, 3645, -1,
3688, 3645, 3644, -1,
3692, 3649, 3690, -1,
3690, 3649, 3648, -1,
3690, 3648, 3647, -1,
3693, 3651, 3692, -1,
3692, 3651, 3650, -1,
3692, 3650, 3649, -1,
2974, 3654, 3694, -1,
3694, 3654, 3653, -1,
3694, 3653, 3693, -1,
3693, 3653, 3652, -1,
3693, 3652, 3651, -1,
3202, 3659, 3695, -1,
3695, 3659, 3696, -1,
3695, 3696, 3697, -1,
3697, 3696, 3698, -1,
3699, 3700, 3698, -1,
3698, 3700, 3701, -1,
3698, 3701, 3697, -1,
3702, 3703, 3704, -1,
3704, 3703, 3705, -1,
3704, 3705, 3699, -1,
3699, 3705, 3706, -1,
3699, 3706, 3700, -1,
3689, 3707, 3708, -1,
3708, 3707, 3709, -1,
3708, 3709, 3702, -1,
3702, 3709, 3710, -1,
3702, 3710, 3703, -1,
3659, 3658, 3696, -1,
3696, 3658, 3711, -1,
3696, 3711, 3698, -1,
3698, 3711, 3712, -1,
3698, 3712, 3699, -1,
3699, 3712, 3713, -1,
3699, 3713, 3704, -1,
3704, 3713, 3714, -1,
3704, 3714, 3702, -1,
3702, 3714, 3715, -1,
3702, 3715, 3708, -1,
3708, 3715, 3716, -1,
3708, 3716, 3689, -1,
3658, 3657, 3711, -1,
3711, 3657, 3717, -1,
3711, 3717, 3712, -1,
3712, 3717, 3718, -1,
3712, 3718, 3713, -1,
3713, 3718, 3719, -1,
3713, 3719, 3714, -1,
3714, 3719, 3720, -1,
3714, 3720, 3715, -1,
3715, 3720, 3721, -1,
3715, 3721, 3716, -1,
3716, 3721, 3722, -1,
3716, 3722, 3689, -1,
3656, 3655, 3723, -1,
3723, 3655, 3724, -1,
3723, 3724, 3725, -1,
3725, 3724, 3726, -1,
3725, 3726, 3727, -1,
3727, 3726, 3728, -1,
3727, 3728, 3729, -1,
3729, 3728, 3730, -1,
3729, 3730, 3731, -1,
3731, 3730, 3732, -1,
3731, 3732, 3733, -1,
3733, 3732, 3734, -1,
3733, 3734, 3689, -1,
3655, 2974, 3724, -1,
3724, 2974, 3694, -1,
3724, 3694, 3726, -1,
3726, 3694, 3693, -1,
3726, 3693, 3728, -1,
3728, 3693, 3692, -1,
3728, 3692, 3730, -1,
3730, 3692, 3690, -1,
3730, 3690, 3732, -1,
3732, 3690, 3691, -1,
3732, 3691, 3734, -1,
3734, 3691, 3688, -1,
3734, 3688, 3689, -1,
3657, 3656, 3717, -1,
3717, 3656, 3723, -1,
3717, 3723, 3718, -1,
3718, 3723, 3725, -1,
3718, 3725, 3719, -1,
3719, 3725, 3727, -1,
3719, 3727, 3720, -1,
3720, 3727, 3729, -1,
3720, 3729, 3721, -1,
3721, 3729, 3731, -1,
3721, 3731, 3722, -1,
3722, 3731, 3733, -1,
3722, 3733, 3689, -1,
3684, 3683, 3735, -1,
3682, 3681, 3736, -1,
3680, 3679, 3737, -1,
3678, 3675, 3738, -1,
3739, 3740, 3741, -1,
3741, 3740, 3742, -1,
3741, 3742, 3743, -1,
3743, 3742, 3744, -1,
3744, 3742, 3745, -1,
3744, 3745, 3746, -1,
3746, 3745, 3747, -1,
3747, 3745, 3748, -1,
3747, 3748, 3749, -1,
3749, 3748, 3750, -1,
3750, 3748, 3751, -1,
3750, 3751, 3752, -1,
3752, 3751, 3753, -1,
3753, 3751, 3754, -1,
3753, 3754, 3755, -1,
3755, 3754, 3670, -1,
3755, 3670, 3201, -1,
3675, 3674, 3738, -1,
3738, 3674, 3677, -1,
3738, 3677, 3756, -1,
3756, 3677, 3676, -1,
3756, 3676, 3757, -1,
3757, 3676, 3673, -1,
3757, 3673, 3758, -1,
3758, 3673, 3672, -1,
3758, 3672, 3759, -1,
3759, 3672, 3671, -1,
3759, 3671, 3760, -1,
3680, 3737, 3681, -1,
3686, 3685, 3761, -1,
3761, 3685, 3684, -1,
3739, 2985, 3740, -1,
3740, 2985, 3687, -1,
3740, 3687, 3686, -1,
3671, 2972, 3760, -1,
3760, 2972, 3660, -1,
3760, 3660, 3661, -1,
3661, 3762, 3760, -1,
3760, 3762, 3763, -1,
3760, 3763, 3759, -1,
3759, 3763, 3764, -1,
3759, 3764, 3758, -1,
3758, 3764, 3765, -1,
3758, 3765, 3757, -1,
3757, 3765, 3766, -1,
3757, 3766, 3756, -1,
3756, 3766, 3737, -1,
3756, 3737, 3738, -1,
3738, 3737, 3679, -1,
3738, 3679, 3678, -1,
3681, 3737, 3736, -1,
3736, 3737, 3766, -1,
3736, 3766, 3767, -1,
3767, 3766, 3765, -1,
3767, 3765, 3768, -1,
3768, 3765, 3764, -1,
3768, 3764, 3769, -1,
3769, 3764, 3763, -1,
3769, 3763, 3770, -1,
3770, 3763, 3762, -1,
3770, 3762, 3771, -1,
3661, 3662, 3762, -1,
3762, 3662, 3663, -1,
3762, 3663, 3771, -1,
3771, 3663, 3664, -1,
3771, 3664, 3665, -1,
3665, 3772, 3771, -1,
3771, 3772, 3773, -1,
3771, 3773, 3770, -1,
3770, 3773, 3774, -1,
3770, 3774, 3769, -1,
3769, 3774, 3775, -1,
3769, 3775, 3768, -1,
3768, 3775, 3776, -1,
3768, 3776, 3767, -1,
3767, 3776, 3735, -1,
3767, 3735, 3736, -1,
3736, 3735, 3683, -1,
3736, 3683, 3682, -1,
3684, 3735, 3761, -1,
3761, 3735, 3776, -1,
3761, 3776, 3777, -1,
3777, 3776, 3775, -1,
3777, 3775, 3778, -1,
3778, 3775, 3774, -1,
3778, 3774, 3779, -1,
3779, 3774, 3773, -1,
3779, 3773, 3780, -1,
3780, 3773, 3772, -1,
3780, 3772, 3781, -1,
3665, 3666, 3772, -1,
3772, 3666, 3667, -1,
3772, 3667, 3781, -1,
3781, 3667, 3668, -1,
3781, 3668, 3669, -1,
3686, 3761, 3740, -1,
3740, 3761, 3777, -1,
3740, 3777, 3742, -1,
3742, 3777, 3778, -1,
3742, 3778, 3745, -1,
3745, 3778, 3779, -1,
3745, 3779, 3748, -1,
3748, 3779, 3780, -1,
3748, 3780, 3751, -1,
3751, 3780, 3781, -1,
3751, 3781, 3754, -1,
3754, 3781, 3669, -1,
3754, 3669, 3670, -1,
2979, 2978, 3689, -1,
3689, 2978, 3782, -1,
3689, 3782, 3707, -1,
3707, 3782, 3783, -1,
3707, 3783, 3709, -1,
3709, 3783, 3784, -1,
3709, 3784, 3785, -1,
3200, 3202, 3786, -1,
3786, 3202, 3695, -1,
3786, 3695, 3787, -1,
3787, 3695, 3697, -1,
3787, 3697, 3788, -1,
3788, 3697, 3701, -1,
3788, 3701, 3789, -1,
3789, 3701, 3700, -1,
3789, 3700, 3790, -1,
3790, 3700, 3706, -1,
3790, 3706, 3791, -1,
3791, 3706, 3705, -1,
3791, 3705, 3792, -1,
3792, 3705, 3703, -1,
3792, 3703, 3785, -1,
3785, 3703, 3710, -1,
3785, 3710, 3709, -1,
2985, 3739, 2984, -1,
2984, 3739, 3793, -1,
3739, 3741, 3793, -1,
3793, 3741, 3743, -1,
3793, 3743, 3794, -1,
3743, 3744, 3794, -1,
3794, 3744, 3746, -1,
3794, 3746, 3795, -1,
3746, 3747, 3795, -1,
3795, 3747, 3749, -1,
3795, 3749, 3796, -1,
3749, 3750, 3796, -1,
3796, 3750, 3752, -1,
3796, 3752, 3797, -1,
3797, 3752, 3753, -1,
3797, 3753, 3200, -1,
3200, 3753, 3755, -1,
3200, 3755, 3201, -1,
3798, 3783, 3782, -1,
3783, 3798, 3784, -1,
3791, 3792, 3799, -1,
3800, 3782, 2978, -1,
3801, 3782, 3802, -1,
3782, 3801, 3803, -1,
3800, 3802, 3782, -1,
3804, 3805, 3782, -1,
2984, 3806, 3807, -1,
3807, 3806, 3808, -1,
3808, 3806, 3809, -1,
3808, 3809, 3810, -1,
3810, 3809, 3811, -1,
3811, 3809, 3812, -1,
3811, 3812, 3813, -1,
3813, 3812, 3814, -1,
3814, 3812, 3815, -1,
3814, 3815, 3816, -1,
3816, 3815, 3817, -1,
3817, 3815, 3818, -1,
3817, 3818, 3819, -1,
3819, 3818, 3820, -1,
3820, 3818, 3821, -1,
3820, 3821, 3805, -1,
3805, 3821, 3782, -1,
3803, 3804, 3782, -1,
3822, 3797, 3200, -1,
3200, 3786, 3822, -1,
3822, 3786, 3787, -1,
3822, 3787, 3823, -1,
3796, 3797, 3824, -1,
3824, 3797, 3822, -1,
3824, 3822, 3825, -1,
3825, 3822, 3823, -1,
3825, 3823, 3826, -1,
3826, 3823, 3827, -1,
3826, 3827, 3828, -1,
3790, 3827, 3789, -1,
3789, 3827, 3823, -1,
3789, 3823, 3788, -1,
3788, 3823, 3787, -1,
3790, 3791, 3827, -1,
3827, 3791, 3799, -1,
3827, 3799, 3828, -1,
3828, 3799, 3829, -1,
3792, 3785, 3799, -1,
3799, 3785, 3830, -1,
3799, 3830, 3829, -1,
3829, 3830, 3831, -1,
2984, 3793, 3806, -1,
3806, 3793, 3832, -1,
3806, 3832, 3809, -1,
3809, 3832, 3833, -1,
3809, 3833, 3812, -1,
3812, 3833, 3834, -1,
3812, 3834, 3815, -1,
3815, 3834, 3835, -1,
3815, 3835, 3818, -1,
3818, 3835, 3836, -1,
3818, 3836, 3821, -1,
3821, 3836, 3837, -1,
3821, 3837, 3782, -1,
3794, 3795, 3838, -1,
3838, 3795, 3839, -1,
3838, 3839, 3840, -1,
3840, 3839, 3841, -1,
3840, 3841, 3842, -1,
3842, 3841, 3843, -1,
3842, 3843, 3844, -1,
3844, 3843, 3845, -1,
3844, 3845, 3846, -1,
3846, 3845, 3847, -1,
3846, 3847, 3848, -1,
3848, 3847, 3849, -1,
3848, 3849, 3782, -1,
3795, 3796, 3839, -1,
3839, 3796, 3824, -1,
3839, 3824, 3841, -1,
3841, 3824, 3825, -1,
3841, 3825, 3843, -1,
3843, 3825, 3826, -1,
3843, 3826, 3845, -1,
3845, 3826, 3828, -1,
3845, 3828, 3847, -1,
3847, 3828, 3829, -1,
3847, 3829, 3849, -1,
3849, 3829, 3831, -1,
3849, 3831, 3782, -1,
3793, 3794, 3832, -1,
3832, 3794, 3838, -1,
3832, 3838, 3833, -1,
3833, 3838, 3840, -1,
3833, 3840, 3834, -1,
3834, 3840, 3842, -1,
3834, 3842, 3835, -1,
3835, 3842, 3844, -1,
3835, 3844, 3836, -1,
3836, 3844, 3846, -1,
3836, 3846, 3837, -1,
3837, 3846, 3848, -1,
3837, 3848, 3782, -1,
3785, 3784, 3830, -1,
3830, 3784, 3798, -1,
3830, 3798, 3831, -1,
3831, 3798, 3782, -1,
2984, 3807, 2982, -1,
2982, 3807, 3850, -1,
3807, 3808, 3850, -1,
3850, 3808, 3810, -1,
3850, 3810, 3851, -1,
3810, 3811, 3851, -1,
3851, 3811, 3813, -1,
3851, 3813, 3852, -1,
3852, 3813, 3814, -1,
3852, 3814, 3853, -1,
3814, 3816, 3853, -1,
3853, 3816, 3817, -1,
3853, 3817, 3854, -1,
3817, 3819, 3854, -1,
3854, 3819, 3820, -1,
3854, 3820, 2980, -1,
2980, 3820, 3805, -1,
3805, 3804, 2980, -1,
2980, 3804, 3803, -1,
2980, 3803, 3801, -1,
3801, 3802, 2980, -1,
2980, 3802, 3800, -1,
2980, 3800, 2978, -1,
2982, 3850, 3855, -1,
3850, 3851, 3856, -1,
3851, 3852, 3857, -1,
3852, 3853, 3858, -1,
3853, 3854, 3859, -1,
3036, 3860, 3034, -1,
3034, 3860, 3861, -1,
3034, 3861, 3032, -1,
3032, 3861, 3859, -1,
3032, 3859, 3030, -1,
3030, 3859, 3854, -1,
3030, 3854, 2980, -1,
3036, 3038, 3860, -1,
3860, 3038, 3040, -1,
3860, 3040, 3862, -1,
3862, 3040, 3042, -1,
3862, 3042, 3863, -1,
3042, 3044, 3863, -1,
3863, 3044, 3046, -1,
3863, 3046, 3864, -1,
3864, 3046, 3048, -1,
3864, 3048, 3865, -1,
3865, 3048, 3050, -1,
3060, 3866, 3867, -1,
3050, 3052, 3865, -1,
3865, 3052, 3054, -1,
3865, 3054, 3868, -1,
3868, 3054, 3056, -1,
3868, 3056, 3867, -1,
3867, 3056, 3058, -1,
3867, 3058, 3060, -1,
3060, 3062, 3866, -1,
3866, 3062, 3064, -1,
3866, 3064, 3869, -1,
3853, 3859, 3858, -1,
3858, 3859, 3861, -1,
3858, 3861, 3870, -1,
3870, 3861, 3860, -1,
3870, 3860, 3871, -1,
3871, 3860, 3862, -1,
3871, 3862, 3872, -1,
3872, 3862, 3863, -1,
3872, 3863, 3873, -1,
3873, 3863, 3864, -1,
3873, 3864, 3874, -1,
3874, 3864, 3865, -1,
3874, 3865, 3875, -1,
3875, 3865, 3868, -1,
3875, 3868, 3876, -1,
3876, 3868, 3867, -1,
3876, 3867, 3877, -1,
3877, 3867, 3866, -1,
3877, 3866, 3878, -1,
3878, 3866, 3869, -1,
3878, 3869, 3879, -1,
3852, 3858, 3857, -1,
3857, 3858, 3870, -1,
3857, 3870, 3880, -1,
3880, 3870, 3871, -1,
3880, 3871, 3881, -1,
3881, 3871, 3872, -1,
3881, 3872, 3882, -1,
3882, 3872, 3873, -1,
3882, 3873, 3883, -1,
3883, 3873, 3874, -1,
3883, 3874, 3884, -1,
3884, 3874, 3875, -1,
3884, 3875, 3885, -1,
3885, 3875, 3876, -1,
3885, 3876, 3886, -1,
3886, 3876, 3877, -1,
3886, 3877, 3887, -1,
3887, 3877, 3878, -1,
3887, 3878, 3888, -1,
3888, 3878, 3879, -1,
3888, 3879, 3889, -1,
3851, 3857, 3856, -1,
3856, 3857, 3880, -1,
3856, 3880, 3890, -1,
3890, 3880, 3881, -1,
3890, 3881, 3891, -1,
3891, 3881, 3882, -1,
3891, 3882, 3892, -1,
3892, 3882, 3883, -1,
3892, 3883, 3893, -1,
3893, 3883, 3884, -1,
3893, 3884, 3894, -1,
3894, 3884, 3885, -1,
3894, 3885, 3895, -1,
3895, 3885, 3886, -1,
3895, 3886, 3896, -1,
3896, 3886, 3887, -1,
3896, 3887, 3897, -1,
3897, 3887, 3888, -1,
3897, 3888, 3898, -1,
3898, 3888, 3889, -1,
3898, 3889, 3899, -1,
3850, 3856, 3855, -1,
3855, 3856, 3890, -1,
3855, 3890, 3900, -1,
3900, 3890, 3891, -1,
3900, 3891, 3901, -1,
3901, 3891, 3892, -1,
3901, 3892, 3902, -1,
3902, 3892, 3893, -1,
3902, 3893, 3903, -1,
3903, 3893, 3894, -1,
3903, 3894, 3904, -1,
3904, 3894, 3895, -1,
3904, 3895, 3905, -1,
3905, 3895, 3896, -1,
3905, 3896, 3906, -1,
3906, 3896, 3897, -1,
3906, 3897, 3907, -1,
3907, 3897, 3898, -1,
3907, 3898, 3908, -1,
3908, 3898, 3899, -1,
3908, 3899, 3909, -1,
2982, 3855, 3067, -1,
3067, 3855, 3900, -1,
3067, 3900, 3077, -1,
3077, 3900, 3901, -1,
3077, 3901, 3078, -1,
3078, 3901, 3902, -1,
3078, 3902, 3080, -1,
3080, 3902, 3903, -1,
3080, 3903, 3082, -1,
3082, 3903, 3904, -1,
3082, 3904, 3084, -1,
3084, 3904, 3905, -1,
3084, 3905, 3085, -1,
3085, 3905, 3906, -1,
3085, 3906, 3075, -1,
3075, 3906, 3907, -1,
3075, 3907, 3073, -1,
3073, 3907, 3908, -1,
3073, 3908, 3071, -1,
3071, 3908, 3909, -1,
3071, 3909, 3069, -1,
3092, 3069, 3909, -1,
3092, 3909, 3910, -1,
3910, 3909, 3899, -1,
3910, 3899, 3911, -1,
3911, 3899, 3889, -1,
3911, 3889, 3912, -1,
3912, 3889, 3879, -1,
3912, 3879, 3913, -1,
3913, 3879, 3869, -1,
3913, 3869, 3914, -1,
3914, 3869, 3064, -1,
3914, 3064, 3090, -1,
3168, 3166, 3915, -1,
3160, 3158, 3916, -1,
3152, 3150, 3917, -1,
3172, 3171, 3918, -1,
3918, 3171, 3919, -1,
3918, 3919, 3920, -1,
3920, 3919, 3921, -1,
3920, 3921, 3922, -1,
3922, 3921, 3923, -1,
3922, 3923, 3924, -1,
3924, 3923, 3925, -1,
3924, 3925, 3926, -1,
3926, 3925, 3917, -1,
3926, 3917, 3148, -1,
3148, 3917, 3150, -1,
3154, 3152, 3927, -1,
3927, 3152, 3917, -1,
3927, 3917, 3928, -1,
3928, 3917, 3925, -1,
3928, 3925, 3929, -1,
3929, 3925, 3923, -1,
3929, 3923, 3930, -1,
3930, 3923, 3921, -1,
3930, 3921, 3931, -1,
3931, 3921, 3919, -1,
3931, 3919, 3187, -1,
3187, 3919, 3171, -1,
3187, 3189, 3931, -1,
3931, 3189, 3932, -1,
3931, 3932, 3930, -1,
3930, 3932, 3933, -1,
3930, 3933, 3929, -1,
3929, 3933, 3934, -1,
3929, 3934, 3928, -1,
3928, 3934, 3935, -1,
3928, 3935, 3927, -1,
3927, 3935, 3936, -1,
3927, 3936, 3154, -1,
3154, 3936, 3156, -1,
3189, 3178, 3932, -1,
3932, 3178, 3937, -1,
3932, 3937, 3933, -1,
3933, 3937, 3938, -1,
3933, 3938, 3934, -1,
3934, 3938, 3939, -1,
3934, 3939, 3935, -1,
3935, 3939, 3940, -1,
3935, 3940, 3936, -1,
3936, 3940, 3916, -1,
3936, 3916, 3156, -1,
3156, 3916, 3158, -1,
3162, 3160, 3941, -1,
3941, 3160, 3916, -1,
3941, 3916, 3942, -1,
3942, 3916, 3940, -1,
3942, 3940, 3943, -1,
3943, 3940, 3939, -1,
3943, 3939, 3944, -1,
3944, 3939, 3938, -1,
3944, 3938, 3945, -1,
3945, 3938, 3937, -1,
3945, 3937, 3180, -1,
3180, 3937, 3178, -1,
3180, 3182, 3945, -1,
3945, 3182, 3946, -1,
3945, 3946, 3944, -1,
3944, 3946, 3947, -1,
3944, 3947, 3943, -1,
3943, 3947, 3948, -1,
3943, 3948, 3942, -1,
3942, 3948, 3949, -1,
3942, 3949, 3941, -1,
3941, 3949, 3950, -1,
3941, 3950, 3162, -1,
3162, 3950, 3164, -1,
3182, 3177, 3946, -1,
3946, 3177, 3951, -1,
3946, 3951, 3947, -1,
3947, 3951, 3952, -1,
3947, 3952, 3948, -1,
3948, 3952, 3953, -1,
3948, 3953, 3949, -1,
3949, 3953, 3954, -1,
3949, 3954, 3950, -1,
3950, 3954, 3915, -1,
3950, 3915, 3164, -1,
3164, 3915, 3166, -1,
3170, 3168, 3955, -1,
3955, 3168, 3915, -1,
3955, 3915, 3956, -1,
3956, 3915, 3954, -1,
3956, 3954, 3957, -1,
3957, 3954, 3953, -1,
3957, 3953, 3958, -1,
3958, 3953, 3952, -1,
3958, 3952, 3959, -1,
3959, 3952, 3951, -1,
3959, 3951, 3175, -1,
3175, 3951, 3177, -1,
3175, 3092, 3959, -1,
3959, 3092, 3910, -1,
3959, 3910, 3958, -1,
3958, 3910, 3911, -1,
3958, 3911, 3957, -1,
3957, 3911, 3912, -1,
3957, 3912, 3956, -1,
3956, 3912, 3913, -1,
3956, 3913, 3955, -1,
3955, 3913, 3914, -1,
3955, 3914, 3170, -1,
3170, 3914, 3090, -1,
3148, 3198, 3211, -1,
3148, 3211, 3926, -1,
3926, 3211, 3206, -1,
3926, 3206, 3924, -1,
3924, 3206, 3208, -1,
3924, 3208, 3922, -1,
3922, 3208, 3209, -1,
3922, 3209, 3920, -1,
3920, 3209, 3207, -1,
3920, 3207, 3918, -1,
3918, 3207, 3192, -1,
3918, 3192, 3172, -1,
3960, 3961, 3962, -1,
3962, 3961, 3963, -1,
3962, 3963, 3964, -1,
3965, 3966, 3967, -1,
3968, 3964, 3969, -1,
3969, 3964, 3970, -1,
3971, 3972, 3973, -1,
3973, 3972, 3961, -1,
3973, 3961, 3974, -1,
3975, 3976, 3977, -1,
3977, 3976, 3978, -1,
3979, 3980, 3981, -1,
3981, 3980, 3982, -1,
3981, 3982, 3960, -1,
3960, 3982, 3983, -1,
3967, 3974, 3965, -1,
3965, 3974, 3961, -1,
3965, 3961, 3984, -1,
3984, 3961, 3960, -1,
3984, 3960, 3970, -1,
3985, 3986, 3987, -1,
3987, 3986, 3988, -1,
3987, 3988, 3989, -1,
3990, 3991, 3987, -1,
3987, 3991, 3992, -1,
3993, 3994, 3995, -1,
3995, 3994, 3996, -1,
3992, 3997, 3987, -1,
3987, 3997, 3996, -1,
3987, 3996, 3998, -1,
3998, 3996, 3994, -1,
3989, 3999, 3987, -1,
3987, 3999, 4000, -1,
3987, 4000, 3990, -1,
4001, 3960, 4002, -1,
4002, 3960, 3983, -1,
4002, 3983, 4003, -1,
3975, 4004, 3976, -1,
3976, 4004, 4005, -1,
3976, 4005, 4006, -1,
4006, 4005, 4007, -1,
4006, 4007, 4008, -1,
4007, 4009, 4008, -1,
4008, 4009, 4010, -1,
4008, 4010, 3983, -1,
3983, 4010, 4011, -1,
3983, 4011, 4003, -1,
4001, 4012, 3960, -1,
3960, 4012, 4013, -1,
3960, 4013, 4014, -1,
4014, 4015, 3960, -1,
3960, 4015, 4016, -1,
3960, 4016, 3970, -1,
3970, 4016, 4017, -1,
3970, 4017, 3969, -1,
3969, 4017, 4018, -1,
3969, 4018, 3987, -1,
3987, 4018, 4019, -1,
3987, 4019, 3985, -1,
3976, 3980, 3978, -1,
3978, 3980, 3979, -1,
3978, 3979, 4020, -1,
4020, 3979, 4021, -1,
4020, 4021, 4022, -1,
4022, 4021, 4023, -1,
4022, 4023, 4024, -1,
4025, 4026, 4023, -1,
4023, 4026, 3962, -1,
4023, 3962, 4024, -1,
4024, 3962, 3964, -1,
4024, 3964, 4027, -1,
4027, 3964, 3968, -1,
4028, 4029, 4030, -1,
4031, 3962, 4032, -1,
4032, 3962, 4026, -1,
4032, 4026, 4033, -1,
4033, 4026, 4034, -1,
4033, 4034, 4035, -1,
4035, 4034, 3960, -1,
4030, 4036, 4028, -1,
4028, 4036, 4037, -1,
4028, 4037, 4038, -1,
4039, 4040, 3962, -1,
3962, 4040, 4041, -1,
3962, 4041, 3960, -1,
3960, 4041, 4042, -1,
4043, 4044, 4035, -1,
4035, 4044, 4045, -1,
4042, 4046, 3960, -1,
3960, 4046, 4047, -1,
3960, 4047, 4035, -1,
4035, 4047, 4048, -1,
4035, 4048, 4043, -1,
4038, 4039, 4028, -1,
4028, 4039, 3962, -1,
4028, 3962, 4049, -1,
4049, 3962, 4031, -1,
4049, 4031, 4050, -1,
4050, 4031, 4051, -1,
4045, 4052, 4035, -1,
4035, 4052, 4053, -1,
4035, 4053, 4028, -1,
4028, 4053, 4054, -1,
4028, 4054, 4029, -1,
4055, 4056, 4057, -1,
4056, 4058, 4059, -1,
4060, 4061, 4062, -1,
4063, 4064, 4065, -1,
4066, 4067, 4068, -1,
4068, 4067, 4069, -1,
4070, 4071, 4072, -1,
4070, 4072, 4073, -1,
4071, 4074, 4072, -1,
4072, 4074, 4075, -1,
4072, 4075, 4076, -1,
4066, 4077, 4067, -1,
4067, 4077, 4078, -1,
4067, 4078, 4079, -1,
4079, 4080, 4067, -1,
4067, 4080, 4081, -1,
4067, 4081, 4072, -1,
4072, 4081, 4082, -1,
4072, 4082, 4073, -1,
4083, 4084, 4085, -1,
4086, 4087, 4088, -1,
4088, 4087, 4089, -1,
4085, 4090, 4083, -1,
4083, 4090, 4088, -1,
4083, 4088, 4091, -1,
4091, 4088, 4089, -1,
4092, 4093, 4094, -1,
4094, 4093, 4095, -1,
4096, 4097, 4088, -1,
4088, 4097, 4098, -1,
4088, 4098, 4086, -1,
4095, 4099, 4094, -1,
4094, 4099, 4100, -1,
4094, 4100, 4101, -1,
4092, 4094, 4102, -1,
4102, 4094, 4103, -1,
4102, 4103, 4104, -1,
4105, 4106, 4103, -1,
4101, 4096, 4094, -1,
4094, 4096, 4088, -1,
4094, 4088, 4107, -1,
4108, 4109, 4107, -1,
4110, 4111, 4094, -1,
4109, 4112, 4107, -1,
4107, 4112, 4113, -1,
4107, 4113, 4094, -1,
4094, 4113, 4114, -1,
4094, 4114, 4110, -1,
4111, 4115, 4094, -1,
4094, 4115, 4116, -1,
4094, 4116, 4117, -1,
4117, 4118, 4094, -1,
4094, 4118, 4119, -1,
4094, 4119, 4103, -1,
4103, 4119, 4120, -1,
4103, 4120, 4105, -1,
4108, 4107, 4121, -1,
4121, 4107, 4122, -1,
4121, 4122, 4123, -1,
4123, 4122, 4124, -1,
4123, 4124, 4125, -1,
4126, 4125, 4127, -1,
4127, 4125, 4128, -1,
4126, 4129, 4125, -1,
4125, 4129, 4130, -1,
4125, 4130, 4123, -1,
4131, 4132, 4133, -1,
4125, 4134, 4128, -1,
4128, 4134, 4135, -1,
4128, 4135, 4133, -1,
4133, 4135, 4136, -1,
4133, 4136, 4131, -1,
4137, 4138, 4090, -1,
4090, 4138, 4139, -1,
4090, 4139, 4088, -1,
4088, 4139, 4140, -1,
4088, 4140, 4107, -1,
4137, 4090, 4064, -1,
4064, 4090, 4141, -1,
4064, 4141, 4065, -1,
4142, 4143, 4144, -1,
4144, 4143, 4145, -1,
4144, 4145, 4065, -1,
4106, 4105, 4144, -1,
4144, 4105, 4146, -1,
4144, 4146, 4142, -1,
4147, 4148, 4065, -1,
4065, 4148, 4149, -1,
4065, 4149, 4150, -1,
4151, 4152, 4145, -1,
4145, 4152, 4153, -1,
4145, 4153, 4065, -1,
4065, 4153, 4154, -1,
4065, 4154, 4147, -1,
4150, 4155, 4065, -1,
4065, 4155, 4156, -1,
4065, 4156, 4063, -1,
4151, 4145, 4157, -1,
4157, 4145, 4158, -1,
4157, 4158, 4159, -1,
4159, 4158, 4160, -1,
4159, 4160, 4161, -1,
4161, 4160, 4162, -1,
4161, 4162, 4163, -1,
4163, 4164, 4161, -1,
4161, 4164, 4165, -1,
4161, 4165, 4166, -1,
4166, 4167, 4161, -1,
4161, 4167, 4168, -1,
4161, 4168, 4169, -1,
4170, 4171, 4169, -1,
4169, 4171, 4172, -1,
4169, 4172, 4161, -1,
4085, 4173, 4174, -1,
4174, 4173, 4175, -1,
4174, 4175, 4176, -1,
4176, 4175, 4177, -1,
4176, 4177, 4178, -1,
4179, 4180, 4181, -1,
4181, 4180, 4182, -1,
4181, 4182, 4183, -1,
4184, 4180, 4185, -1,
4185, 4180, 4179, -1,
4185, 4179, 4062, -1,
4062, 4179, 4177, -1,
4062, 4177, 4060, -1,
4060, 4177, 4175, -1,
4060, 4175, 4186, -1,
4186, 4175, 4187, -1,
4183, 4188, 4181, -1,
4181, 4188, 4189, -1,
4181, 4189, 4175, -1,
4175, 4189, 4190, -1,
4175, 4190, 4187, -1,
4191, 4173, 4192, -1,
4173, 4191, 4175, -1,
4175, 4191, 4193, -1,
4175, 4193, 4181, -1,
4181, 4193, 4194, -1,
4181, 4194, 4192, -1,
4192, 4194, 4195, -1,
4192, 4195, 4191, -1,
4196, 4197, 4198, -1,
4199, 4200, 4192, -1,
4192, 4200, 4201, -1,
4192, 4201, 4202, -1,
4203, 4204, 4173, -1,
4173, 4205, 4206, -1,
4206, 4207, 4173, -1,
4173, 4207, 4208, -1,
4173, 4208, 4192, -1,
4192, 4208, 4209, -1,
4192, 4209, 4199, -1,
4084, 4069, 4085, -1,
4085, 4069, 4067, -1,
4085, 4067, 4173, -1,
4173, 4067, 4210, -1,
4173, 4210, 4203, -1,
4204, 4211, 4173, -1,
4173, 4211, 4212, -1,
4173, 4212, 4205, -1,
4196, 4198, 4213, -1,
4202, 4213, 4192, -1,
4192, 4213, 4198, -1,
4192, 4198, 4072, -1,
4072, 4198, 4214, -1,
4072, 4214, 4067, -1,
4067, 4214, 4215, -1,
4067, 4215, 4210, -1,
4104, 4103, 4076, -1,
4076, 4103, 4216, -1,
4076, 4216, 4072, -1,
4072, 4216, 4217, -1,
4072, 4217, 4192, -1,
4192, 4217, 4059, -1,
4192, 4059, 4181, -1,
4181, 4059, 4058, -1,
4181, 4058, 4179, -1,
4141, 4218, 4065, -1,
4065, 4218, 4219, -1,
4065, 4219, 4144, -1,
4144, 4219, 4220, -1,
4144, 4220, 4106, -1,
4106, 4220, 4221, -1,
4056, 4059, 4057, -1,
4057, 4059, 4217, -1,
4057, 4217, 4222, -1,
4222, 4217, 4216, -1,
4222, 4216, 4223, -1,
4223, 4216, 4103, -1,
4223, 4103, 4224, -1,
4224, 4103, 4106, -1,
4224, 4106, 4225, -1,
4226, 4225, 4227, -1,
4227, 4225, 4228, -1,
4226, 4229, 4225, -1,
4225, 4229, 4230, -1,
4225, 4230, 4231, -1,
4231, 4230, 4232, -1,
4232, 4233, 4231, -1,
4231, 4233, 4234, -1,
4231, 4234, 4235, -1,
4236, 4221, 4237, -1,
4237, 4221, 4238, -1,
4239, 4240, 4106, -1,
4106, 4240, 4241, -1,
4241, 4242, 4106, -1,
4106, 4242, 4243, -1,
4106, 4243, 4225, -1,
4225, 4243, 4244, -1,
4225, 4244, 4228, -1,
4235, 4245, 4231, -1,
4231, 4245, 4246, -1,
4231, 4246, 4221, -1,
4221, 4246, 4247, -1,
4221, 4247, 4238, -1,
4236, 4248, 4221, -1,
4221, 4248, 4249, -1,
4221, 4249, 4106, -1,
4106, 4249, 4250, -1,
4106, 4250, 4239, -1,
4218, 4251, 4219, -1,
4219, 4251, 4252, -1,
4219, 4252, 4220, -1,
4220, 4252, 4253, -1,
4220, 4253, 4221, -1,
4221, 4253, 4254, -1,
4221, 4254, 4231, -1,
4231, 4254, 4255, -1,
4055, 4057, 4256, -1,
4256, 4057, 4222, -1,
4256, 4222, 4257, -1,
4257, 4222, 4223, -1,
4257, 4223, 4258, -1,
4258, 4223, 4224, -1,
4258, 4224, 4259, -1,
4259, 4224, 4225, -1,
4259, 4225, 4260, -1,
4260, 4225, 4231, -1,
4260, 4231, 4261, -1,
4261, 4231, 4255, -1,
4261, 4255, 4262, -1,
4263, 4264, 4265, -1,
4265, 4264, 4266, -1,
4267, 4268, 4269, -1,
4269, 4268, 4270, -1,
4271, 4272, 4273, -1,
4273, 4272, 4274, -1,
4275, 4276, 4277, -1,
4277, 4276, 4278, -1,
4279, 4280, 4278, -1,
4278, 4280, 4281, -1,
4278, 4281, 4277, -1,
4277, 4281, 4282, -1,
4263, 4283, 4284, -1,
4263, 4284, 4264, -1,
4264, 4284, 4285, -1,
4264, 4285, 4286, -1,
4287, 4288, 4271, -1,
4271, 4288, 4289, -1,
4271, 4289, 4272, -1,
4272, 4289, 4290, -1,
4291, 4292, 4270, -1,
4270, 4292, 4293, -1,
4270, 4293, 4269, -1,
4269, 4293, 4294, -1,
4295, 4296, 4267, -1,
4267, 4296, 4297, -1,
4267, 4297, 4268, -1,
4268, 4297, 4298, -1,
4299, 4300, 4274, -1,
4274, 4300, 4301, -1,
4274, 4301, 4273, -1,
4273, 4301, 4302, -1,
4303, 4304, 4266, -1,
4266, 4304, 4305, -1,
4266, 4305, 4265, -1,
4265, 4305, 4306, -1,
4307, 4308, 4275, -1,
4275, 4308, 4309, -1,
4275, 4309, 4276, -1,
4276, 4309, 4310, -1,
4023, 4021, 4311, -1,
4025, 4023, 4312, -1,
4312, 4023, 4311, -1,
4312, 4311, 4313, -1,
4313, 4311, 4314, -1,
4313, 4314, 4315, -1,
4315, 4314, 4316, -1,
4315, 4316, 4317, -1,
4317, 4316, 4318, -1,
4317, 4318, 4319, -1,
4319, 4318, 4320, -1,
4319, 4320, 4321, -1,
4321, 4320, 4322, -1,
4321, 4322, 4323, -1,
4323, 4322, 4324, -1,
4323, 4324, 4325, -1,
4325, 4324, 4326, -1,
4325, 4326, 4327, -1,
4327, 4326, 4328, -1,
4327, 4328, 4329, -1,
4329, 4328, 4330, -1,
4329, 4330, 4280, -1,
4280, 4330, 4281, -1,
4311, 4021, 4331, -1,
4332, 4333, 4021, -1,
4334, 4335, 4336, -1,
4337, 4338, 4339, -1,
4340, 4341, 4342, -1,
4343, 4344, 4345, -1,
4346, 4347, 4348, -1,
4349, 4350, 4351, -1,
4351, 4350, 4281, -1,
4342, 4352, 4353, -1,
4352, 4342, 4354, -1,
4354, 4342, 4341, -1,
4354, 4341, 4355, -1,
4284, 4355, 4356, -1,
4356, 4355, 4341, -1,
4356, 4341, 4357, -1,
4357, 4341, 4340, -1,
4357, 4340, 4358, -1,
4358, 4340, 4359, -1,
4281, 4330, 4351, -1,
4351, 4330, 4328, -1,
4351, 4328, 4360, -1,
4338, 4359, 4339, -1,
4339, 4359, 4340, -1,
4339, 4340, 4361, -1,
4361, 4340, 4342, -1,
4361, 4342, 4362, -1,
4362, 4342, 4353, -1,
4362, 4353, 4363, -1,
4328, 4326, 4360, -1,
4360, 4326, 4324, -1,
4360, 4324, 4364, -1,
4335, 4337, 4336, -1,
4336, 4337, 4339, -1,
4336, 4339, 4365, -1,
4365, 4339, 4361, -1,
4365, 4361, 4366, -1,
4366, 4361, 4362, -1,
4366, 4362, 4345, -1,
4345, 4362, 4363, -1,
4345, 4363, 4343, -1,
4324, 4322, 4364, -1,
4364, 4322, 4320, -1,
4364, 4320, 4367, -1,
4345, 4368, 4366, -1,
4366, 4368, 4369, -1,
4366, 4369, 4365, -1,
4365, 4369, 4370, -1,
4365, 4370, 4336, -1,
4336, 4370, 4371, -1,
4336, 4371, 4334, -1,
4333, 4332, 4372, -1,
4347, 4349, 4348, -1,
4348, 4349, 4351, -1,
4348, 4351, 4373, -1,
4373, 4351, 4360, -1,
4373, 4360, 4374, -1,
4374, 4360, 4364, -1,
4374, 4364, 4375, -1,
4375, 4364, 4367, -1,
4375, 4367, 4376, -1,
4376, 4367, 4331, -1,
4376, 4331, 4021, -1,
4021, 4377, 4371, -1,
4371, 4377, 4378, -1,
4371, 4378, 4334, -1,
4368, 4379, 4369, -1,
4369, 4379, 4380, -1,
4369, 4380, 4370, -1,
4370, 4380, 4381, -1,
4370, 4381, 4371, -1,
4371, 4381, 4021, -1,
4379, 4372, 4380, -1,
4380, 4372, 4332, -1,
4380, 4332, 4381, -1,
4381, 4332, 4021, -1,
4320, 4318, 4367, -1,
4367, 4318, 4316, -1,
4367, 4316, 4331, -1,
4331, 4316, 4314, -1,
4331, 4314, 4311, -1,
4344, 4346, 4345, -1,
4345, 4346, 4348, -1,
4345, 4348, 4368, -1,
4368, 4348, 4373, -1,
4368, 4373, 4379, -1,
4379, 4373, 4374, -1,
4379, 4374, 4372, -1,
4372, 4374, 4375, -1,
4372, 4375, 4333, -1,
4333, 4375, 4376, -1,
4333, 4376, 4021, -1,
4382, 4025, 4383, -1,
4384, 4385, 4025, -1,
4315, 4317, 4386, -1,
4319, 4321, 4387, -1,
4388, 4389, 4390, -1,
4391, 4392, 4393, -1,
4394, 4395, 4396, -1,
4397, 4398, 4399, -1,
4399, 4398, 4289, -1,
4390, 4400, 4401, -1,
4400, 4390, 4402, -1,
4402, 4390, 4389, -1,
4402, 4389, 4403, -1,
4280, 4403, 4329, -1,
4329, 4403, 4389, -1,
4329, 4389, 4327, -1,
4327, 4389, 4388, -1,
4327, 4388, 4325, -1,
4325, 4388, 4323, -1,
4289, 4404, 4399, -1,
4399, 4404, 4405, -1,
4399, 4405, 4406, -1,
4321, 4323, 4387, -1,
4387, 4323, 4388, -1,
4387, 4388, 4407, -1,
4407, 4388, 4390, -1,
4407, 4390, 4408, -1,
4408, 4390, 4401, -1,
4408, 4401, 4409, -1,
4405, 4410, 4406, -1,
4406, 4410, 4411, -1,
4406, 4411, 4412, -1,
4317, 4319, 4386, -1,
4386, 4319, 4387, -1,
4386, 4387, 4413, -1,
4413, 4387, 4407, -1,
4413, 4407, 4414, -1,
4414, 4407, 4408, -1,
4414, 4408, 4393, -1,
4393, 4408, 4409, -1,
4393, 4409, 4391, -1,
4411, 4415, 4412, -1,
4412, 4415, 4416, -1,
4412, 4416, 4417, -1,
4393, 4418, 4414, -1,
4414, 4418, 4419, -1,
4414, 4419, 4413, -1,
4413, 4419, 4420, -1,
4413, 4420, 4386, -1,
4386, 4420, 4421, -1,
4386, 4421, 4315, -1,
4385, 4384, 4422, -1,
4395, 4397, 4396, -1,
4396, 4397, 4399, -1,
4396, 4399, 4423, -1,
4423, 4399, 4406, -1,
4423, 4406, 4424, -1,
4424, 4406, 4412, -1,
4424, 4412, 4425, -1,
4425, 4412, 4417, -1,
4425, 4417, 4426, -1,
4426, 4417, 4383, -1,
4426, 4383, 4025, -1,
4025, 4312, 4421, -1,
4421, 4312, 4313, -1,
4421, 4313, 4315, -1,
4418, 4427, 4419, -1,
4419, 4427, 4428, -1,
4419, 4428, 4420, -1,
4420, 4428, 4429, -1,
4420, 4429, 4421, -1,
4421, 4429, 4025, -1,
4427, 4422, 4428, -1,
4428, 4422, 4384, -1,
4428, 4384, 4429, -1,
4429, 4384, 4025, -1,
4416, 4430, 4417, -1,
4417, 4430, 4431, -1,
4417, 4431, 4383, -1,
4383, 4431, 4432, -1,
4383, 4432, 4382, -1,
4392, 4394, 4393, -1,
4393, 4394, 4396, -1,
4393, 4396, 4418, -1,
4418, 4396, 4423, -1,
4418, 4423, 4427, -1,
4427, 4423, 4424, -1,
4427, 4424, 4422, -1,
4422, 4424, 4425, -1,
4422, 4425, 4385, -1,
4385, 4425, 4426, -1,
4385, 4426, 4025, -1,
3979, 3981, 4433, -1,
4021, 3979, 4377, -1,
4377, 3979, 4433, -1,
4377, 4433, 4378, -1,
4378, 4433, 4434, -1,
4378, 4434, 4334, -1,
4334, 4434, 4435, -1,
4334, 4435, 4335, -1,
4335, 4435, 4436, -1,
4335, 4436, 4337, -1,
4337, 4436, 4437, -1,
4337, 4437, 4338, -1,
4338, 4437, 4438, -1,
4338, 4438, 4359, -1,
4359, 4438, 4439, -1,
4359, 4439, 4358, -1,
4358, 4439, 4440, -1,
4358, 4440, 4357, -1,
4357, 4440, 4441, -1,
4357, 4441, 4356, -1,
4356, 4441, 4442, -1,
4356, 4442, 4284, -1,
4284, 4442, 4285, -1,
4349, 4443, 4350, -1,
4350, 4443, 4282, -1,
4350, 4282, 4281, -1,
4284, 4283, 4355, -1,
4355, 4283, 4444, -1,
4355, 4444, 4354, -1,
4354, 4444, 4445, -1,
4354, 4445, 4352, -1,
4352, 4445, 4446, -1,
4352, 4446, 4353, -1,
4353, 4446, 4447, -1,
4353, 4447, 4363, -1,
4363, 4447, 4448, -1,
4363, 4448, 4343, -1,
4343, 4448, 4449, -1,
4343, 4449, 4344, -1,
4344, 4449, 4450, -1,
4344, 4450, 4346, -1,
4346, 4450, 4451, -1,
4346, 4451, 4347, -1,
4347, 4451, 4452, -1,
4347, 4452, 4349, -1,
4349, 4452, 4453, -1,
4349, 4453, 4443, -1,
4290, 4289, 4454, -1,
4454, 4289, 4398, -1,
4454, 4398, 4455, -1,
4455, 4398, 4397, -1,
4455, 4397, 4456, -1,
4456, 4397, 4395, -1,
4456, 4395, 4457, -1,
4395, 4394, 4457, -1,
4457, 4394, 4392, -1,
4457, 4392, 4458, -1,
4280, 4279, 4403, -1,
4403, 4279, 4459, -1,
4403, 4459, 4402, -1,
4402, 4459, 4460, -1,
4402, 4460, 4400, -1,
4400, 4460, 4461, -1,
4400, 4461, 4401, -1,
4401, 4461, 4462, -1,
4401, 4462, 4409, -1,
4409, 4462, 4458, -1,
4409, 4458, 4391, -1,
4391, 4458, 4392, -1,
4026, 4025, 4382, -1,
4289, 4288, 4404, -1,
4404, 4288, 4463, -1,
4404, 4463, 4405, -1,
4405, 4463, 4464, -1,
4405, 4464, 4410, -1,
4410, 4464, 4465, -1,
4410, 4465, 4411, -1,
4411, 4465, 4466, -1,
4411, 4466, 4415, -1,
4415, 4466, 4467, -1,
4415, 4467, 4416, -1,
4416, 4467, 4468, -1,
4416, 4468, 4430, -1,
4430, 4468, 4469, -1,
4430, 4469, 4431, -1,
4431, 4469, 4470, -1,
4431, 4470, 4432, -1,
4432, 4470, 4471, -1,
4432, 4471, 4382, -1,
4382, 4471, 4472, -1,
4382, 4472, 4026, -1,
4026, 4472, 4034, -1,
3960, 4034, 4473, -1,
4293, 4292, 4474, -1,
4474, 4292, 4475, -1,
4474, 4475, 4476, -1,
4476, 4475, 4477, -1,
4476, 4477, 4478, -1,
4478, 4477, 4479, -1,
4478, 4479, 4480, -1,
4480, 4479, 4481, -1,
4480, 4481, 4482, -1,
4482, 4481, 4483, -1,
4482, 4483, 4484, -1,
4484, 4483, 4485, -1,
4484, 4485, 4486, -1,
4486, 4485, 4487, -1,
4486, 4487, 4488, -1,
4488, 4487, 4489, -1,
4488, 4489, 4490, -1,
4490, 4489, 4491, -1,
4490, 4491, 4473, -1,
4473, 4491, 4492, -1,
4473, 4492, 3960, -1,
3960, 4492, 3981, -1,
4433, 3981, 4493, -1,
4489, 4487, 4494, -1,
4485, 4483, 4495, -1,
4496, 4497, 4498, -1,
4499, 4285, 4442, -1,
4500, 4501, 4502, -1,
4502, 4501, 4499, -1,
4503, 4504, 4497, -1,
4497, 4504, 4505, -1,
4497, 4505, 4498, -1,
4498, 4505, 4506, -1,
4498, 4506, 4507, -1,
4292, 4503, 4475, -1,
4475, 4503, 4497, -1,
4475, 4497, 4477, -1,
4477, 4497, 4496, -1,
4477, 4496, 4479, -1,
4479, 4496, 4481, -1,
4499, 4442, 4502, -1,
4502, 4442, 4441, -1,
4502, 4441, 4508, -1,
4483, 4481, 4495, -1,
4495, 4481, 4496, -1,
4495, 4496, 4509, -1,
4509, 4496, 4498, -1,
4509, 4498, 4510, -1,
4510, 4498, 4507, -1,
4441, 4440, 4508, -1,
4508, 4440, 4439, -1,
4508, 4439, 4511, -1,
4487, 4485, 4494, -1,
4494, 4485, 4495, -1,
4494, 4495, 4512, -1,
4512, 4495, 4509, -1,
4512, 4509, 4513, -1,
4513, 4509, 4510, -1,
4439, 4438, 4511, -1,
4511, 4438, 4437, -1,
4511, 4437, 4514, -1,
4513, 4515, 4512, -1,
4512, 4515, 4516, -1,
4512, 4516, 4494, -1,
4494, 4516, 4517, -1,
4494, 4517, 4489, -1,
4518, 4500, 4519, -1,
4519, 4500, 4502, -1,
4519, 4502, 4520, -1,
4520, 4502, 4508, -1,
4520, 4508, 4521, -1,
4521, 4508, 4511, -1,
4521, 4511, 4522, -1,
4522, 4511, 4514, -1,
4522, 4514, 4523, -1,
4523, 4514, 4493, -1,
4523, 4493, 3981, -1,
3981, 4492, 4517, -1,
4517, 4492, 4491, -1,
4517, 4491, 4489, -1,
4515, 4524, 4516, -1,
4516, 4524, 4525, -1,
4516, 4525, 4517, -1,
4517, 4525, 3981, -1,
4524, 4526, 4525, -1,
4525, 4526, 3981, -1,
4437, 4436, 4514, -1,
4514, 4436, 4435, -1,
4514, 4435, 4493, -1,
4493, 4435, 4434, -1,
4493, 4434, 4433, -1,
4507, 4518, 4510, -1,
4510, 4518, 4519, -1,
4510, 4519, 4513, -1,
4513, 4519, 4520, -1,
4513, 4520, 4515, -1,
4515, 4520, 4521, -1,
4515, 4521, 4524, -1,
4524, 4521, 4522, -1,
4524, 4522, 4526, -1,
4526, 4522, 4523, -1,
4526, 4523, 3981, -1,
4263, 4265, 4283, -1,
4283, 4265, 4306, -1,
4283, 4306, 4444, -1,
4444, 4306, 4527, -1,
4444, 4527, 4445, -1,
4445, 4527, 4528, -1,
4445, 4528, 4446, -1,
4446, 4528, 4529, -1,
4446, 4529, 4447, -1,
4447, 4529, 4530, -1,
4447, 4530, 4448, -1,
4448, 4530, 4531, -1,
4448, 4531, 4449, -1,
4449, 4531, 4532, -1,
4449, 4532, 4450, -1,
4450, 4532, 4533, -1,
4450, 4533, 4451, -1,
4451, 4533, 4534, -1,
4451, 4534, 4452, -1,
4452, 4534, 4535, -1,
4452, 4535, 4453, -1,
4453, 4535, 4536, -1,
4453, 4536, 4443, -1,
4307, 4275, 4277, -1,
4536, 4537, 4443, -1,
4443, 4537, 4307, -1,
4443, 4307, 4282, -1,
4282, 4307, 4277, -1,
4278, 4276, 4279, -1,
4279, 4276, 4310, -1,
4279, 4310, 4459, -1,
4459, 4310, 4538, -1,
4459, 4538, 4460, -1,
4460, 4538, 4539, -1,
4460, 4539, 4461, -1,
4461, 4539, 4540, -1,
4461, 4540, 4462, -1,
4462, 4540, 4541, -1,
4462, 4541, 4458, -1,
4458, 4541, 4542, -1,
4458, 4542, 4457, -1,
4457, 4542, 4543, -1,
4457, 4543, 4456, -1,
4456, 4543, 4544, -1,
4456, 4544, 4455, -1,
4455, 4544, 4545, -1,
4455, 4545, 4454, -1,
4454, 4545, 4546, -1,
4454, 4546, 4290, -1,
4290, 4546, 4299, -1,
4290, 4299, 4272, -1,
4272, 4299, 4274, -1,
4473, 4034, 4547, -1,
4470, 4469, 4548, -1,
4468, 4467, 4549, -1,
4550, 4551, 4552, -1,
4553, 4293, 4474, -1,
4554, 4555, 4556, -1,
4556, 4555, 4553, -1,
4557, 4558, 4551, -1,
4551, 4558, 4559, -1,
4551, 4559, 4552, -1,
4552, 4559, 4560, -1,
4552, 4560, 4561, -1,
4288, 4557, 4463, -1,
4463, 4557, 4551, -1,
4463, 4551, 4464, -1,
4464, 4551, 4550, -1,
4464, 4550, 4465, -1,
4465, 4550, 4466, -1,
4553, 4474, 4556, -1,
4556, 4474, 4476, -1,
4556, 4476, 4562, -1,
4467, 4466, 4549, -1,
4549, 4466, 4550, -1,
4549, 4550, 4563, -1,
4563, 4550, 4552, -1,
4563, 4552, 4564, -1,
4564, 4552, 4561, -1,
4476, 4478, 4562, -1,
4562, 4478, 4480, -1,
4562, 4480, 4565, -1,
4469, 4468, 4548, -1,
4548, 4468, 4549, -1,
4548, 4549, 4566, -1,
4566, 4549, 4563, -1,
4566, 4563, 4567, -1,
4567, 4563, 4564, -1,
4480, 4482, 4565, -1,
4565, 4482, 4484, -1,
4565, 4484, 4568, -1,
4567, 4569, 4566, -1,
4566, 4569, 4570, -1,
4566, 4570, 4548, -1,
4548, 4570, 4571, -1,
4548, 4571, 4470, -1,
4572, 4554, 4573, -1,
4573, 4554, 4556, -1,
4573, 4556, 4574, -1,
4574, 4556, 4562, -1,
4574, 4562, 4575, -1,
4575, 4562, 4565, -1,
4575, 4565, 4576, -1,
4576, 4565, 4568, -1,
4576, 4568, 4577, -1,
4577, 4568, 4547, -1,
4577, 4547, 4034, -1,
4034, 4472, 4571, -1,
4571, 4472, 4471, -1,
4571, 4471, 4470, -1,
4569, 4578, 4570, -1,
4570, 4578, 4579, -1,
4570, 4579, 4571, -1,
4571, 4579, 4034, -1,
4578, 4580, 4579, -1,
4579, 4580, 4034, -1,
4484, 4486, 4568, -1,
4568, 4486, 4488, -1,
4568, 4488, 4547, -1,
4547, 4488, 4490, -1,
4547, 4490, 4473, -1,
4561, 4572, 4564, -1,
4564, 4572, 4573, -1,
4564, 4573, 4567, -1,
4567, 4573, 4574, -1,
4567, 4574, 4569, -1,
4569, 4574, 4575, -1,
4569, 4575, 4578, -1,
4578, 4575, 4576, -1,
4578, 4576, 4580, -1,
4580, 4576, 4577, -1,
4580, 4577, 4034, -1,
4581, 4582, 4499, -1,
4499, 4582, 4583, -1,
4499, 4583, 4285, -1,
4285, 4583, 4584, -1,
4285, 4584, 4286, -1,
4499, 4501, 4581, -1,
4581, 4501, 4500, -1,
4581, 4500, 4585, -1,
4585, 4500, 4518, -1,
4518, 4507, 4585, -1,
4585, 4507, 4506, -1,
4585, 4506, 4586, -1,
4586, 4506, 4505, -1,
4586, 4505, 4587, -1,
4587, 4505, 4504, -1,
4587, 4504, 4588, -1,
4588, 4504, 4503, -1,
4588, 4503, 4589, -1,
4589, 4503, 4292, -1,
4589, 4292, 4291, -1,
4306, 4305, 4527, -1,
4527, 4305, 4590, -1,
4527, 4590, 4528, -1,
4591, 4530, 4529, -1,
4528, 4590, 4529, -1,
4529, 4590, 4592, -1,
4529, 4592, 4591, -1,
4593, 4532, 4531, -1,
4530, 4591, 4531, -1,
4531, 4591, 4594, -1,
4531, 4594, 4593, -1,
4532, 4593, 4533, -1,
4533, 4593, 4595, -1,
4533, 4595, 4534, -1,
4534, 4595, 4596, -1,
4534, 4596, 4535, -1,
4535, 4596, 4597, -1,
4535, 4597, 4536, -1,
4536, 4597, 4598, -1,
4536, 4598, 4537, -1,
4537, 4598, 4308, -1,
4537, 4308, 4307, -1,
4599, 4600, 4601, -1,
4601, 4600, 4602, -1,
4601, 4602, 4603, -1,
4603, 4602, 4604, -1,
4603, 4604, 4605, -1,
4605, 4604, 4606, -1,
4605, 4606, 4607, -1,
4607, 4606, 4608, -1,
4607, 4608, 4609, -1,
4609, 4608, 4610, -1,
4609, 4610, 4611, -1,
4611, 4610, 4612, -1,
4611, 4612, 4613, -1,
4613, 4612, 4614, -1,
4613, 4614, 4615, -1,
4615, 4614, 4616, -1,
4615, 4616, 4617, -1,
4617, 4616, 4618, -1,
4617, 4618, 4308, -1,
4308, 4618, 4309, -1,
4055, 4256, 4599, -1,
4599, 4256, 4257, -1,
4599, 4257, 4600, -1,
4600, 4257, 4258, -1,
4600, 4258, 4259, -1,
4259, 4260, 4600, -1,
4600, 4260, 4261, -1,
4600, 4261, 4262, -1,
4310, 4309, 4538, -1,
4538, 4309, 4619, -1,
4538, 4619, 4539, -1,
4539, 4619, 4620, -1,
4539, 4620, 4540, -1,
4540, 4620, 4621, -1,
4540, 4621, 4541, -1,
4621, 4622, 4541, -1,
4541, 4622, 4623, -1,
4541, 4623, 4542, -1,
4300, 4299, 4624, -1,
4624, 4299, 4546, -1,
4624, 4546, 4625, -1,
4625, 4546, 4545, -1,
4625, 4545, 4626, -1,
4626, 4545, 4544, -1,
4626, 4544, 4627, -1,
4627, 4544, 4543, -1,
4627, 4543, 4628, -1,
4628, 4543, 4542, -1,
4628, 4542, 4629, -1,
4629, 4542, 4623, -1,
4294, 4293, 4630, -1,
4630, 4293, 4553, -1,
4630, 4553, 4631, -1,
4561, 4632, 4633, -1,
4631, 4553, 4634, -1,
4634, 4553, 4555, -1,
4634, 4555, 4635, -1,
4635, 4555, 4554, -1,
4635, 4554, 4633, -1,
4633, 4554, 4572, -1,
4633, 4572, 4561, -1,
4632, 4561, 4636, -1,
4636, 4561, 4560, -1,
4636, 4560, 4637, -1,
4637, 4560, 4559, -1,
4637, 4559, 4638, -1,
4638, 4559, 4558, -1,
4638, 4558, 4639, -1,
4639, 4558, 4557, -1,
4639, 4557, 4640, -1,
4640, 4557, 4288, -1,
4640, 4288, 4287, -1,
4266, 4264, 4303, -1,
4303, 4264, 4286, -1,
4303, 4286, 4641, -1,
4641, 4286, 4584, -1,
4641, 4584, 4642, -1,
4642, 4584, 4583, -1,
4642, 4583, 4643, -1,
4643, 4583, 4582, -1,
4643, 4582, 4644, -1,
4644, 4582, 4581, -1,
4644, 4581, 4645, -1,
4645, 4581, 4585, -1,
4645, 4585, 4646, -1,
4646, 4585, 4586, -1,
4646, 4586, 4647, -1,
4647, 4586, 4587, -1,
4647, 4587, 4648, -1,
4648, 4587, 4588, -1,
4648, 4588, 4649, -1,
4649, 4588, 4589, -1,
4649, 4589, 4298, -1,
4298, 4589, 4291, -1,
4298, 4291, 4268, -1,
4268, 4291, 4270, -1,
4650, 4651, 4652, -1,
4653, 4654, 4655, -1,
4055, 4656, 4657, -1,
4658, 4656, 4055, -1,
4655, 4654, 4055, -1,
4659, 4055, 4654, -1,
4660, 4592, 4590, -1,
4592, 4660, 4591, -1,
4591, 4660, 4661, -1,
4591, 4661, 4594, -1,
4594, 4661, 4662, -1,
4594, 4662, 4593, -1,
4593, 4662, 4663, -1,
4593, 4663, 4595, -1,
4595, 4663, 4596, -1,
4596, 4663, 4664, -1,
4596, 4664, 4597, -1,
4597, 4664, 4598, -1,
4598, 4664, 4617, -1,
4598, 4617, 4308, -1,
4599, 4658, 4055, -1,
4665, 4666, 4653, -1,
4653, 4666, 4667, -1,
4653, 4667, 4654, -1,
4654, 4667, 4668, -1,
4654, 4668, 4659, -1,
4669, 4657, 4670, -1,
4670, 4657, 4656, -1,
4670, 4656, 4671, -1,
4671, 4656, 4658, -1,
4671, 4658, 4672, -1,
4599, 4601, 4658, -1,
4658, 4601, 4603, -1,
4658, 4603, 4672, -1,
4672, 4603, 4605, -1,
4672, 4605, 4607, -1,
4652, 4669, 4673, -1,
4673, 4669, 4670, -1,
4673, 4670, 4674, -1,
4674, 4670, 4671, -1,
4674, 4671, 4675, -1,
4675, 4671, 4672, -1,
4675, 4672, 4676, -1,
4676, 4672, 4607, -1,
4677, 4678, 4679, -1,
4679, 4678, 4650, -1,
4650, 4652, 4679, -1,
4679, 4652, 4673, -1,
4679, 4673, 4680, -1,
4680, 4673, 4674, -1,
4680, 4674, 4681, -1,
4681, 4674, 4675, -1,
4681, 4675, 4682, -1,
4682, 4675, 4676, -1,
4682, 4676, 4683, -1,
4651, 4665, 4652, -1,
4652, 4665, 4653, -1,
4652, 4653, 4669, -1,
4669, 4653, 4655, -1,
4669, 4655, 4657, -1,
4657, 4655, 4055, -1,
4677, 4660, 4684, -1,
4684, 4660, 4590, -1,
4684, 4590, 4305, -1,
4607, 4609, 4676, -1,
4676, 4609, 4611, -1,
4676, 4611, 4683, -1,
4683, 4611, 4613, -1,
4683, 4613, 4615, -1,
4677, 4679, 4660, -1,
4660, 4679, 4680, -1,
4660, 4680, 4661, -1,
4661, 4680, 4681, -1,
4661, 4681, 4662, -1,
4662, 4681, 4682, -1,
4662, 4682, 4663, -1,
4663, 4682, 4683, -1,
4663, 4683, 4664, -1,
4664, 4683, 4615, -1,
4664, 4615, 4617, -1,
4616, 4614, 4685, -1,
4612, 4610, 4686, -1,
4687, 4688, 4689, -1,
4262, 4690, 4691, -1,
4692, 4690, 4262, -1,
4689, 4688, 4262, -1,
4600, 4262, 4688, -1,
4619, 4693, 4620, -1,
4620, 4693, 4694, -1,
4629, 4623, 4695, -1,
4695, 4623, 4622, -1,
4695, 4622, 4694, -1,
4694, 4622, 4621, -1,
4694, 4621, 4620, -1,
4629, 4695, 4628, -1,
4628, 4695, 4696, -1,
4628, 4696, 4627, -1,
4627, 4696, 4697, -1,
4627, 4697, 4626, -1,
4626, 4697, 4625, -1,
4625, 4697, 4698, -1,
4625, 4698, 4624, -1,
4624, 4698, 4699, -1,
4624, 4699, 4300, -1,
4700, 4692, 4262, -1,
4608, 4606, 4687, -1,
4687, 4606, 4604, -1,
4687, 4604, 4688, -1,
4688, 4604, 4602, -1,
4688, 4602, 4600, -1,
4701, 4691, 4702, -1,
4702, 4691, 4690, -1,
4702, 4690, 4703, -1,
4703, 4690, 4692, -1,
4703, 4692, 4704, -1,
4610, 4608, 4686, -1,
4686, 4608, 4687, -1,
4686, 4687, 4705, -1,
4705, 4687, 4689, -1,
4705, 4689, 4706, -1,
4706, 4689, 4262, -1,
4700, 4707, 4692, -1,
4692, 4707, 4708, -1,
4692, 4708, 4704, -1,
4704, 4708, 4709, -1,
4704, 4709, 4710, -1,
4711, 4701, 4712, -1,
4712, 4701, 4702, -1,
4712, 4702, 4713, -1,
4713, 4702, 4703, -1,
4713, 4703, 4714, -1,
4714, 4703, 4704, -1,
4714, 4704, 4715, -1,
4715, 4704, 4710, -1,
4685, 4711, 4716, -1,
4716, 4711, 4712, -1,
4716, 4712, 4717, -1,
4717, 4712, 4713, -1,
4717, 4713, 4718, -1,
4718, 4713, 4714, -1,
4718, 4714, 4719, -1,
4719, 4714, 4715, -1,
4719, 4715, 4720, -1,
4614, 4612, 4685, -1,
4685, 4612, 4686, -1,
4685, 4686, 4711, -1,
4711, 4686, 4705, -1,
4711, 4705, 4701, -1,
4701, 4705, 4706, -1,
4701, 4706, 4691, -1,
4691, 4706, 4262, -1,
4619, 4309, 4693, -1,
4693, 4309, 4618, -1,
4693, 4618, 4616, -1,
4710, 4721, 4715, -1,
4715, 4721, 4722, -1,
4715, 4722, 4720, -1,
4720, 4722, 4723, -1,
4720, 4723, 4724, -1,
4616, 4685, 4693, -1,
4693, 4685, 4716, -1,
4693, 4716, 4694, -1,
4694, 4716, 4717, -1,
4694, 4717, 4695, -1,
4695, 4717, 4718, -1,
4695, 4718, 4696, -1,
4696, 4718, 4719, -1,
4696, 4719, 4697, -1,
4697, 4719, 4720, -1,
4697, 4720, 4698, -1,
4698, 4720, 4724, -1,
4698, 4724, 4699, -1,
4271, 4273, 4287, -1,
4287, 4273, 4302, -1,
4287, 4302, 4640, -1,
4302, 4725, 4640, -1,
4640, 4725, 4726, -1,
4640, 4726, 4639, -1,
4639, 4726, 4727, -1,
4639, 4727, 4638, -1,
4638, 4727, 4637, -1,
4637, 4727, 4728, -1,
4637, 4728, 4636, -1,
4636, 4728, 4729, -1,
4636, 4729, 4632, -1,
4632, 4729, 4730, -1,
4632, 4730, 4633, -1,
4633, 4730, 4731, -1,
4633, 4731, 4635, -1,
4635, 4731, 4732, -1,
4635, 4732, 4634, -1,
4634, 4732, 4733, -1,
4634, 4733, 4631, -1,
4631, 4733, 4734, -1,
4631, 4734, 4630, -1,
4295, 4267, 4269, -1,
4734, 4735, 4630, -1,
4630, 4735, 4295, -1,
4630, 4295, 4294, -1,
4294, 4295, 4269, -1,
4646, 4647, 4736, -1,
4736, 4647, 4648, -1,
4736, 4648, 4297, -1,
4297, 4648, 4649, -1,
4297, 4649, 4298, -1,
4736, 4737, 4646, -1,
4646, 4737, 4738, -1,
4646, 4738, 4645, -1,
4645, 4738, 4739, -1,
4739, 4740, 4645, -1,
4645, 4740, 4741, -1,
4645, 4741, 4644, -1,
4644, 4741, 4742, -1,
4644, 4742, 4643, -1,
4643, 4742, 4743, -1,
4643, 4743, 4642, -1,
4642, 4743, 4744, -1,
4642, 4744, 4641, -1,
4641, 4744, 4304, -1,
4641, 4304, 4303, -1,
4056, 4055, 4659, -1,
4305, 4304, 4684, -1,
4684, 4304, 4745, -1,
4684, 4745, 4677, -1,
4677, 4745, 4746, -1,
4677, 4746, 4678, -1,
4678, 4746, 4747, -1,
4678, 4747, 4650, -1,
4650, 4747, 4748, -1,
4650, 4748, 4651, -1,
4651, 4748, 4749, -1,
4651, 4749, 4665, -1,
4665, 4749, 4750, -1,
4665, 4750, 4666, -1,
4666, 4750, 4751, -1,
4666, 4751, 4667, -1,
4667, 4751, 4752, -1,
4667, 4752, 4668, -1,
4668, 4752, 4753, -1,
4668, 4753, 4659, -1,
4659, 4753, 4754, -1,
4056, 4659, 4058, -1,
4754, 4178, 4177, -1,
4754, 4177, 4659, -1,
4659, 4177, 4179, -1,
4659, 4179, 4058, -1,
4252, 4251, 4755, -1,
4262, 4255, 4700, -1,
4700, 4255, 4254, -1,
4700, 4254, 4253, -1,
4301, 4300, 4756, -1,
4756, 4300, 4699, -1,
4756, 4699, 4757, -1,
4757, 4699, 4724, -1,
4757, 4724, 4758, -1,
4758, 4724, 4723, -1,
4758, 4723, 4759, -1,
4759, 4723, 4722, -1,
4759, 4722, 4760, -1,
4760, 4722, 4721, -1,
4760, 4721, 4761, -1,
4761, 4721, 4710, -1,
4761, 4710, 4762, -1,
4762, 4710, 4709, -1,
4762, 4709, 4763, -1,
4763, 4709, 4708, -1,
4763, 4708, 4764, -1,
4764, 4708, 4707, -1,
4764, 4707, 4755, -1,
4755, 4707, 4700, -1,
4755, 4700, 4252, -1,
4252, 4700, 4253, -1,
4302, 4301, 4725, -1,
4725, 4301, 4765, -1,
4725, 4765, 4726, -1,
4726, 4765, 4727, -1,
4727, 4765, 4766, -1,
4727, 4766, 4728, -1,
4728, 4766, 4767, -1,
4728, 4767, 4729, -1,
4729, 4767, 4768, -1,
4729, 4768, 4730, -1,
4730, 4768, 4769, -1,
4730, 4769, 4731, -1,
4731, 4769, 4770, -1,
4731, 4770, 4732, -1,
4732, 4770, 4771, -1,
4732, 4771, 4733, -1,
4733, 4771, 4772, -1,
4733, 4772, 4734, -1,
4734, 4772, 4773, -1,
4734, 4773, 4735, -1,
4735, 4773, 4296, -1,
4735, 4296, 4295, -1,
4774, 4775, 4776, -1,
4777, 4778, 4779, -1,
4178, 4780, 4781, -1,
4782, 4780, 4178, -1,
4779, 4778, 4178, -1,
4783, 4178, 4778, -1,
4784, 4737, 4736, -1,
4737, 4784, 4738, -1,
4738, 4784, 4785, -1,
4738, 4785, 4739, -1,
4739, 4785, 4786, -1,
4739, 4786, 4740, -1,
4740, 4786, 4787, -1,
4740, 4787, 4741, -1,
4741, 4787, 4742, -1,
4742, 4787, 4788, -1,
4742, 4788, 4743, -1,
4743, 4788, 4744, -1,
4744, 4788, 4745, -1,
4744, 4745, 4304, -1,
4754, 4782, 4178, -1,
4789, 4790, 4777, -1,
4777, 4790, 4791, -1,
4777, 4791, 4778, -1,
4778, 4791, 4792, -1,
4778, 4792, 4783, -1,
4793, 4781, 4794, -1,
4794, 4781, 4780, -1,
4794, 4780, 4795, -1,
4795, 4780, 4782, -1,
4795, 4782, 4796, -1,
4754, 4753, 4782, -1,
4782, 4753, 4752, -1,
4782, 4752, 4796, -1,
4796, 4752, 4751, -1,
4796, 4751, 4750, -1,
4776, 4793, 4797, -1,
4797, 4793, 4794, -1,
4797, 4794, 4798, -1,
4798, 4794, 4795, -1,
4798, 4795, 4799, -1,
4799, 4795, 4796, -1,
4799, 4796, 4800, -1,
4800, 4796, 4750, -1,
4801, 4802, 4803, -1,
4803, 4802, 4774, -1,
4774, 4776, 4803, -1,
4803, 4776, 4797, -1,
4803, 4797, 4804, -1,
4804, 4797, 4798, -1,
4804, 4798, 4805, -1,
4805, 4798, 4799, -1,
4805, 4799, 4806, -1,
4806, 4799, 4800, -1,
4806, 4800, 4807, -1,
4775, 4789, 4776, -1,
4776, 4789, 4777, -1,
4776, 4777, 4793, -1,
4793, 4777, 4779, -1,
4793, 4779, 4781, -1,
4781, 4779, 4178, -1,
4801, 4784, 4808, -1,
4808, 4784, 4736, -1,
4808, 4736, 4297, -1,
4750, 4749, 4800, -1,
4800, 4749, 4748, -1,
4800, 4748, 4807, -1,
4807, 4748, 4747, -1,
4807, 4747, 4746, -1,
4801, 4803, 4784, -1,
4784, 4803, 4804, -1,
4784, 4804, 4785, -1,
4785, 4804, 4805, -1,
4785, 4805, 4786, -1,
4786, 4805, 4806, -1,
4786, 4806, 4787, -1,
4787, 4806, 4807, -1,
4787, 4807, 4788, -1,
4788, 4807, 4746, -1,
4788, 4746, 4745, -1,
4759, 4760, 4809, -1,
4810, 4811, 4812, -1,
4251, 4813, 4814, -1,
4815, 4813, 4251, -1,
4812, 4811, 4251, -1,
4755, 4251, 4811, -1,
4816, 4766, 4765, -1,
4766, 4816, 4767, -1,
4767, 4816, 4817, -1,
4767, 4817, 4768, -1,
4768, 4817, 4818, -1,
4768, 4818, 4769, -1,
4769, 4818, 4819, -1,
4769, 4819, 4770, -1,
4770, 4819, 4771, -1,
4771, 4819, 4820, -1,
4771, 4820, 4772, -1,
4772, 4820, 4773, -1,
4773, 4820, 4821, -1,
4773, 4821, 4296, -1,
4822, 4815, 4251, -1,
4761, 4762, 4810, -1,
4810, 4762, 4763, -1,
4810, 4763, 4811, -1,
4811, 4763, 4764, -1,
4811, 4764, 4755, -1,
4823, 4814, 4824, -1,
4824, 4814, 4813, -1,
4824, 4813, 4825, -1,
4825, 4813, 4815, -1,
4825, 4815, 4826, -1,
4822, 4827, 4815, -1,
4815, 4827, 4828, -1,
4815, 4828, 4826, -1,
4826, 4828, 4829, -1,
4826, 4829, 4830, -1,
4809, 4823, 4831, -1,
4831, 4823, 4824, -1,
4831, 4824, 4832, -1,
4832, 4824, 4825, -1,
4832, 4825, 4833, -1,
4833, 4825, 4826, -1,
4833, 4826, 4834, -1,
4834, 4826, 4830, -1,
4757, 4758, 4835, -1,
4835, 4758, 4759, -1,
4759, 4809, 4835, -1,
4835, 4809, 4831, -1,
4835, 4831, 4836, -1,
4836, 4831, 4832, -1,
4836, 4832, 4837, -1,
4837, 4832, 4833, -1,
4837, 4833, 4838, -1,
4838, 4833, 4834, -1,
4838, 4834, 4839, -1,
4760, 4761, 4809, -1,
4809, 4761, 4810, -1,
4809, 4810, 4823, -1,
4823, 4810, 4812, -1,
4823, 4812, 4814, -1,
4814, 4812, 4251, -1,
4757, 4816, 4756, -1,
4756, 4816, 4765, -1,
4756, 4765, 4301, -1,
4830, 4840, 4834, -1,
4834, 4840, 4841, -1,
4834, 4841, 4839, -1,
4839, 4841, 4842, -1,
4839, 4842, 4843, -1,
4757, 4835, 4816, -1,
4816, 4835, 4836, -1,
4816, 4836, 4817, -1,
4817, 4836, 4837, -1,
4817, 4837, 4818, -1,
4818, 4837, 4838, -1,
4818, 4838, 4819, -1,
4819, 4838, 4839, -1,
4819, 4839, 4820, -1,
4820, 4839, 4843, -1,
4820, 4843, 4821, -1,
4176, 4178, 4783, -1,
4297, 4296, 4808, -1,
4808, 4296, 4821, -1,
4808, 4821, 4801, -1,
4801, 4821, 4843, -1,
4801, 4843, 4802, -1,
4802, 4843, 4842, -1,
4802, 4842, 4774, -1,
4774, 4842, 4841, -1,
4774, 4841, 4775, -1,
4775, 4841, 4840, -1,
4775, 4840, 4789, -1,
4789, 4840, 4830, -1,
4789, 4830, 4790, -1,
4790, 4830, 4829, -1,
4790, 4829, 4791, -1,
4791, 4829, 4828, -1,
4791, 4828, 4792, -1,
4792, 4828, 4827, -1,
4792, 4827, 4783, -1,
4783, 4827, 4822, -1,
4141, 4822, 4218, -1,
4218, 4822, 4251, -1,
4141, 4090, 4822, -1,
4822, 4090, 4085, -1,
4822, 4085, 4783, -1,
4783, 4085, 4174, -1,
4783, 4174, 4176, -1,
4844, 4243, 4845, -1,
4845, 4243, 4242, -1,
4845, 4242, 4846, -1,
4846, 4242, 4241, -1,
4846, 4241, 4847, -1,
4847, 4241, 4240, -1,
4847, 4240, 4848, -1,
4848, 4240, 4239, -1,
4848, 4239, 4849, -1,
4849, 4239, 4250, -1,
4849, 4250, 4850, -1,
4850, 4250, 4249, -1,
4850, 4249, 4851, -1,
4851, 4249, 4248, -1,
4851, 4248, 4852, -1,
4852, 4248, 4236, -1,
4852, 4236, 4853, -1,
4853, 4236, 4237, -1,
4853, 4237, 4854, -1,
4854, 4237, 4238, -1,
4854, 4238, 4855, -1,
4855, 4238, 4247, -1,
4855, 4247, 4856, -1,
4856, 4247, 4246, -1,
4856, 4246, 4857, -1,
4857, 4246, 4245, -1,
4857, 4245, 4858, -1,
4858, 4245, 4235, -1,
4858, 4235, 4859, -1,
4859, 4235, 4234, -1,
4859, 4234, 4860, -1,
4860, 4234, 4233, -1,
4860, 4233, 4861, -1,
4861, 4233, 4232, -1,
4861, 4232, 4862, -1,
4862, 4232, 4230, -1,
4862, 4230, 4863, -1,
4863, 4230, 4229, -1,
4863, 4229, 4864, -1,
4864, 4229, 4226, -1,
4864, 4226, 4865, -1,
4865, 4226, 4227, -1,
4865, 4227, 4866, -1,
4866, 4227, 4228, -1,
4866, 4228, 4867, -1,
4867, 4228, 4244, -1,
4867, 4244, 4844, -1,
4844, 4244, 4243, -1,
4866, 4867, 4868, -1,
4868, 4867, 4844, -1,
4868, 4844, 4845, -1,
4863, 4864, 4868, -1,
4868, 4864, 4865, -1,
4868, 4865, 4866, -1,
4860, 4861, 4868, -1,
4868, 4861, 4862, -1,
4868, 4862, 4863, -1,
4857, 4858, 4868, -1,
4868, 4858, 4859, -1,
4868, 4859, 4860, -1,
4854, 4855, 4868, -1,
4868, 4855, 4856, -1,
4868, 4856, 4857, -1,
4851, 4852, 4868, -1,
4868, 4852, 4853, -1,
4868, 4853, 4854, -1,
4848, 4849, 4868, -1,
4868, 4849, 4850, -1,
4868, 4850, 4851, -1,
4845, 4846, 4868, -1,
4868, 4846, 4847, -1,
4868, 4847, 4848, -1,
4869, 4870, 4143, -1,
4143, 4870, 4145, -1,
4871, 4162, 4160, -1,
4871, 4160, 4872, -1,
4872, 4160, 4158, -1,
4872, 4158, 4873, -1,
4873, 4158, 4145, -1,
4873, 4145, 4870, -1,
4874, 4169, 4168, -1,
4874, 4168, 4875, -1,
4875, 4168, 4167, -1,
4875, 4167, 4876, -1,
4876, 4167, 4166, -1,
4876, 4166, 4877, -1,
4877, 4166, 4165, -1,
4877, 4165, 4878, -1,
4878, 4165, 4164, -1,
4878, 4164, 4879, -1,
4879, 4164, 4163, -1,
4879, 4163, 4880, -1,
4880, 4163, 4162, -1,
4880, 4162, 4871, -1,
4881, 4157, 4159, -1,
4881, 4159, 4882, -1,
4882, 4159, 4161, -1,
4882, 4161, 4883, -1,
4883, 4161, 4172, -1,
4883, 4172, 4884, -1,
4884, 4172, 4171, -1,
4884, 4171, 4885, -1,
4885, 4171, 4170, -1,
4885, 4170, 4886, -1,
4886, 4170, 4169, -1,
4886, 4169, 4874, -1,
4887, 4147, 4154, -1,
4887, 4154, 4888, -1,
4888, 4154, 4153, -1,
4888, 4153, 4889, -1,
4889, 4153, 4152, -1,
4889, 4152, 4890, -1,
4890, 4152, 4151, -1,
4890, 4151, 4891, -1,
4891, 4151, 4157, -1,
4891, 4157, 4881, -1,
4892, 4137, 4893, -1,
4893, 4137, 4064, -1,
4064, 4063, 4893, -1,
4893, 4063, 4156, -1,
4893, 4156, 4894, -1,
4894, 4156, 4155, -1,
4894, 4155, 4895, -1,
4895, 4155, 4150, -1,
4895, 4150, 4896, -1,
4896, 4150, 4149, -1,
4896, 4149, 4897, -1,
4897, 4149, 4148, -1,
4897, 4148, 4898, -1,
4898, 4148, 4147, -1,
4898, 4147, 4887, -1,
4137, 4892, 4899, -1,
4900, 4140, 4139, -1,
4900, 4139, 4899, -1,
4899, 4139, 4138, -1,
4899, 4138, 4137, -1,
4900, 4901, 4140, -1,
4140, 4901, 4107, -1,
4902, 4125, 4124, -1,
4902, 4124, 4903, -1,
4903, 4124, 4122, -1,
4903, 4122, 4904, -1,
4904, 4122, 4107, -1,
4904, 4107, 4901, -1,
4905, 4128, 4133, -1,
4905, 4133, 4906, -1,
4906, 4133, 4132, -1,
4906, 4132, 4907, -1,
4907, 4132, 4131, -1,
4907, 4131, 4908, -1,
4908, 4131, 4136, -1,
4908, 4136, 4909, -1,
4909, 4136, 4135, -1,
4909, 4135, 4910, -1,
4910, 4135, 4134, -1,
4910, 4134, 4911, -1,
4911, 4134, 4125, -1,
4911, 4125, 4902, -1,
4912, 4121, 4123, -1,
4912, 4123, 4913, -1,
4913, 4123, 4130, -1,
4913, 4130, 4914, -1,
4914, 4130, 4129, -1,
4914, 4129, 4915, -1,
4915, 4129, 4126, -1,
4915, 4126, 4916, -1,
4916, 4126, 4127, -1,
4916, 4127, 4917, -1,
4917, 4127, 4128, -1,
4917, 4128, 4905, -1,
4918, 4114, 4113, -1,
4918, 4113, 4919, -1,
4919, 4113, 4112, -1,
4919, 4112, 4920, -1,
4920, 4112, 4109, -1,
4920, 4109, 4921, -1,
4921, 4109, 4108, -1,
4921, 4108, 4922, -1,
4922, 4108, 4121, -1,
4922, 4121, 4912, -1,
4923, 4120, 4924, -1,
4924, 4120, 4119, -1,
4119, 4118, 4924, -1,
4924, 4118, 4117, -1,
4924, 4117, 4925, -1,
4925, 4117, 4116, -1,
4925, 4116, 4926, -1,
4926, 4116, 4115, -1,
4926, 4115, 4927, -1,
4927, 4115, 4111, -1,
4927, 4111, 4928, -1,
4928, 4111, 4110, -1,
4928, 4110, 4929, -1,
4929, 4110, 4114, -1,
4929, 4114, 4918, -1,
4869, 4143, 4142, -1,
4869, 4142, 4930, -1,
4930, 4142, 4146, -1,
4930, 4146, 4931, -1,
4931, 4146, 4923, -1,
4923, 4146, 4105, -1,
4923, 4105, 4120, -1,
4870, 4869, 4873, -1,
4873, 4869, 4930, -1,
4873, 4930, 4872, -1,
4872, 4930, 4931, -1,
4872, 4931, 4871, -1,
4871, 4931, 4923, -1,
4871, 4923, 4880, -1,
4880, 4923, 4924, -1,
4880, 4924, 4879, -1,
4879, 4924, 4925, -1,
4879, 4925, 4878, -1,
4878, 4925, 4926, -1,
4878, 4926, 4877, -1,
4877, 4926, 4927, -1,
4877, 4927, 4876, -1,
4876, 4927, 4928, -1,
4876, 4928, 4875, -1,
4875, 4928, 4929, -1,
4875, 4929, 4874, -1,
4874, 4929, 4918, -1,
4874, 4918, 4886, -1,
4886, 4918, 4919, -1,
4886, 4919, 4885, -1,
4885, 4919, 4920, -1,
4885, 4920, 4884, -1,
4884, 4920, 4921, -1,
4884, 4921, 4883, -1,
4883, 4921, 4922, -1,
4883, 4922, 4882, -1,
4882, 4922, 4912, -1,
4882, 4912, 4881, -1,
4881, 4912, 4913, -1,
4881, 4913, 4891, -1,
4891, 4913, 4914, -1,
4891, 4914, 4890, -1,
4890, 4914, 4915, -1,
4890, 4915, 4889, -1,
4889, 4915, 4916, -1,
4889, 4916, 4888, -1,
4888, 4916, 4917, -1,
4888, 4917, 4887, -1,
4887, 4917, 4905, -1,
4887, 4905, 4898, -1,
4898, 4905, 4906, -1,
4898, 4906, 4897, -1,
4897, 4906, 4907, -1,
4897, 4907, 4896, -1,
4896, 4907, 4908, -1,
4896, 4908, 4895, -1,
4895, 4908, 4909, -1,
4895, 4909, 4894, -1,
4894, 4909, 4910, -1,
4894, 4910, 4893, -1,
4893, 4910, 4911, -1,
4893, 4911, 4892, -1,
4892, 4911, 4902, -1,
4892, 4902, 4899, -1,
4899, 4902, 4903, -1,
4899, 4903, 4900, -1,
4900, 4903, 4904, -1,
4900, 4904, 4901, -1,
4932, 4096, 4101, -1,
4932, 4101, 4933, -1,
4933, 4101, 4100, -1,
4933, 4100, 4934, -1,
4934, 4100, 4099, -1,
4934, 4099, 4935, -1,
4935, 4099, 4095, -1,
4935, 4095, 4936, -1,
4936, 4095, 4093, -1,
4936, 4093, 4937, -1,
4937, 4093, 4092, -1,
4937, 4092, 4938, -1,
4938, 4092, 4939, -1,
4939, 4092, 4102, -1,
4939, 4102, 4104, -1,
4940, 4084, 4941, -1,
4941, 4084, 4083, -1,
4083, 4091, 4941, -1,
4941, 4091, 4089, -1,
4941, 4089, 4942, -1,
4942, 4089, 4087, -1,
4942, 4087, 4943, -1,
4943, 4087, 4086, -1,
4943, 4086, 4944, -1,
4944, 4086, 4098, -1,
4944, 4098, 4945, -1,
4945, 4098, 4097, -1,
4945, 4097, 4946, -1,
4946, 4097, 4096, -1,
4946, 4096, 4932, -1,
4947, 4081, 4080, -1,
4947, 4080, 4948, -1,
4948, 4080, 4079, -1,
4948, 4079, 4949, -1,
4949, 4079, 4078, -1,
4949, 4078, 4950, -1,
4950, 4078, 4077, -1,
4950, 4077, 4951, -1,
4951, 4077, 4066, -1,
4951, 4066, 4952, -1,
4952, 4066, 4068, -1,
4952, 4068, 4953, -1,
4953, 4068, 4940, -1,
4940, 4068, 4069, -1,
4940, 4069, 4084, -1,
4939, 4104, 4954, -1,
4954, 4104, 4076, -1,
4076, 4075, 4954, -1,
4954, 4075, 4074, -1,
4954, 4074, 4955, -1,
4955, 4074, 4071, -1,
4955, 4071, 4956, -1,
4956, 4071, 4070, -1,
4956, 4070, 4957, -1,
4957, 4070, 4073, -1,
4957, 4073, 4958, -1,
4958, 4073, 4082, -1,
4958, 4082, 4959, -1,
4959, 4082, 4081, -1,
4959, 4081, 4947, -1,
4960, 4932, 4961, -1,
4961, 4932, 4933, -1,
4961, 4933, 4962, -1,
4962, 4933, 4934, -1,
4962, 4934, 4963, -1,
4963, 4934, 4935, -1,
4963, 4935, 4964, -1,
4964, 4935, 4936, -1,
4964, 4936, 4965, -1,
4965, 4936, 4937, -1,
4965, 4937, 4966, -1,
4966, 4937, 4938, -1,
4966, 4938, 4967, -1,
4967, 4938, 4939, -1,
4967, 4939, 4968, -1,
4968, 4939, 4954, -1,
4968, 4954, 4969, -1,
4969, 4954, 4955, -1,
4969, 4955, 4970, -1,
4970, 4955, 4956, -1,
4970, 4956, 4971, -1,
4971, 4956, 4957, -1,
4971, 4957, 4972, -1,
4972, 4957, 4958, -1,
4972, 4958, 4973, -1,
4973, 4958, 4959, -1,
4973, 4959, 4974, -1,
4974, 4959, 4947, -1,
4974, 4947, 4975, -1,
4975, 4947, 4948, -1,
4975, 4948, 4976, -1,
4976, 4948, 4949, -1,
4976, 4949, 4977, -1,
4977, 4949, 4950, -1,
4977, 4950, 4978, -1,
4978, 4950, 4951, -1,
4978, 4951, 4979, -1,
4979, 4951, 4952, -1,
4979, 4952, 4980, -1,
4980, 4952, 4953, -1,
4980, 4953, 4981, -1,
4981, 4953, 4940, -1,
4981, 4940, 4982, -1,
4982, 4940, 4941, -1,
4982, 4941, 4983, -1,
4983, 4941, 4942, -1,
4983, 4942, 4984, -1,
4984, 4942, 4943, -1,
4984, 4943, 4985, -1,
4985, 4943, 4944, -1,
4985, 4944, 4986, -1,
4986, 4944, 4945, -1,
4986, 4945, 4987, -1,
4987, 4945, 4946, -1,
4987, 4946, 4960, -1,
4960, 4946, 4932, -1,
4960, 4988, 4989, -1,
4960, 4989, 4987, -1,
4987, 4989, 4990, -1,
4987, 4990, 4986, -1,
4986, 4990, 4991, -1,
4986, 4991, 4985, -1,
4985, 4991, 4992, -1,
4985, 4992, 4984, -1,
4984, 4992, 4993, -1,
4984, 4993, 4983, -1,
4983, 4993, 4994, -1,
4983, 4994, 4982, -1,
4982, 4994, 4995, -1,
4982, 4995, 4981, -1,
4981, 4995, 4996, -1,
4981, 4996, 4980, -1,
4980, 4996, 4997, -1,
4980, 4997, 4979, -1,
4979, 4997, 4998, -1,
4979, 4998, 4978, -1,
4978, 4998, 4999, -1,
4978, 4999, 4977, -1,
4977, 4999, 5000, -1,
4977, 5000, 4976, -1,
4976, 5000, 5001, -1,
4976, 5001, 4975, -1,
4975, 5001, 5002, -1,
4975, 5002, 4974, -1,
4974, 5002, 5003, -1,
4974, 5003, 4973, -1,
4973, 5003, 5004, -1,
4973, 5004, 4972, -1,
4972, 5004, 5005, -1,
4972, 5005, 4971, -1,
4971, 5005, 5006, -1,
4971, 5006, 4970, -1,
4970, 5006, 5007, -1,
4970, 5007, 4969, -1,
4969, 5007, 5008, -1,
4969, 5008, 4968, -1,
4968, 5008, 5009, -1,
4968, 5009, 4967, -1,
4967, 5009, 5010, -1,
4967, 5010, 4966, -1,
4966, 5010, 5011, -1,
4966, 5011, 4965, -1,
4965, 5011, 5012, -1,
4965, 5012, 4964, -1,
4964, 5012, 5013, -1,
4964, 5013, 4963, -1,
4963, 5013, 5014, -1,
4963, 5014, 4962, -1,
4962, 5014, 5015, -1,
4962, 5015, 4961, -1,
4961, 5015, 4988, -1,
4961, 4988, 4960, -1,
4988, 5002, 4989, -1,
4989, 5002, 5001, -1,
5006, 5005, 4988, -1,
5006, 4988, 5007, -1,
5005, 5004, 4988, -1,
4988, 5004, 5003, -1,
4988, 5003, 5002, -1,
4993, 4989, 4994, -1,
4994, 4989, 4995, -1,
5014, 5013, 5010, -1,
5010, 5013, 5012, -1,
5010, 5012, 5011, -1,
5014, 5010, 5015, -1,
5015, 5010, 5009, -1,
5015, 5009, 4988, -1,
4988, 5009, 5008, -1,
4988, 5008, 5007, -1,
4993, 4992, 4989, -1,
4989, 4992, 4991, -1,
4989, 4991, 4990, -1,
5001, 5000, 4989, -1,
4989, 5000, 4999, -1,
4989, 4999, 4998, -1,
4998, 4997, 4989, -1,
4989, 4997, 4996, -1,
4989, 4996, 4995, -1,
5016, 5017, 4196, -1,
4196, 5017, 4197, -1,
5017, 5018, 4197, -1,
4197, 5018, 4198, -1,
5018, 5019, 4198, -1,
4198, 5019, 4214, -1,
5019, 5020, 4214, -1,
4214, 5020, 4215, -1,
5020, 5021, 4215, -1,
4215, 5021, 4210, -1,
5022, 4208, 4207, -1,
5022, 4207, 5023, -1,
5023, 4207, 4206, -1,
5023, 4206, 5024, -1,
5024, 4206, 4205, -1,
5024, 4205, 5025, -1,
5025, 4205, 4212, -1,
5025, 4212, 5026, -1,
5026, 4212, 4211, -1,
5026, 4211, 5027, -1,
5027, 4211, 4204, -1,
5027, 4204, 5028, -1,
5028, 4204, 4203, -1,
5028, 4203, 5029, -1,
5029, 4203, 4210, -1,
5029, 4210, 5021, -1,
5016, 4196, 4213, -1,
5016, 4213, 5030, -1,
5030, 4213, 4202, -1,
5030, 4202, 5031, -1,
5031, 4202, 4201, -1,
5031, 4201, 5032, -1,
5032, 4201, 4200, -1,
5032, 4200, 5033, -1,
5033, 4200, 4199, -1,
5033, 4199, 5034, -1,
5034, 4199, 4209, -1,
5034, 4209, 5035, -1,
5035, 4209, 4208, -1,
5035, 4208, 5022, -1,
5020, 5019, 5017, -1,
5017, 5019, 5018, -1,
5036, 5037, 5021, -1,
5021, 5037, 5038, -1,
5021, 5038, 5029, -1,
5029, 5038, 5039, -1,
5029, 5039, 5028, -1,
5028, 5039, 5040, -1,
5028, 5040, 5027, -1,
5027, 5040, 5041, -1,
5027, 5041, 5026, -1,
5026, 5041, 5042, -1,
5026, 5042, 5025, -1,
5025, 5042, 5043, -1,
5025, 5043, 5024, -1,
5024, 5043, 5044, -1,
5024, 5044, 5023, -1,
5023, 5044, 5045, -1,
5023, 5045, 5022, -1,
5022, 5045, 5046, -1,
5022, 5046, 5035, -1,
5035, 5046, 5047, -1,
5035, 5047, 5034, -1,
5034, 5047, 5048, -1,
5034, 5048, 5033, -1,
5033, 5048, 5049, -1,
5033, 5049, 5032, -1,
5032, 5049, 5050, -1,
5032, 5050, 5031, -1,
5031, 5050, 5051, -1,
5031, 5051, 5030, -1,
5030, 5051, 5052, -1,
5030, 5052, 5016, -1,
5016, 5052, 5053, -1,
5016, 5053, 5017, -1,
5017, 5053, 5054, -1,
5017, 5054, 5020, -1,
5020, 5054, 5036, -1,
5020, 5036, 5021, -1,
5037, 5036, 5055, -1,
5055, 5036, 5056, -1,
5037, 5055, 5057, -1,
5037, 5057, 5038, -1,
5038, 5057, 5058, -1,
5038, 5058, 5039, -1,
5039, 5058, 5059, -1,
5039, 5059, 5040, -1,
5040, 5059, 5060, -1,
5040, 5060, 5041, -1,
5041, 5060, 5061, -1,
5041, 5061, 5042, -1,
5042, 5061, 5062, -1,
5042, 5062, 5043, -1,
5043, 5062, 5063, -1,
5043, 5063, 5044, -1,
5044, 5063, 5064, -1,
5044, 5064, 5045, -1,
5045, 5064, 5065, -1,
5045, 5065, 5046, -1,
5046, 5065, 5066, -1,
5046, 5066, 5047, -1,
5047, 5066, 5067, -1,
5047, 5067, 5048, -1,
5048, 5067, 5068, -1,
5048, 5068, 5049, -1,
5049, 5068, 5069, -1,
5049, 5069, 5050, -1,
5050, 5069, 5070, -1,
5050, 5070, 5051, -1,
5051, 5070, 5071, -1,
5051, 5071, 5052, -1,
5052, 5071, 5072, -1,
5052, 5072, 5053, -1,
5054, 5053, 5073, -1,
5073, 5053, 5072, -1,
5036, 5054, 5056, -1,
5056, 5054, 5073, -1,
5056, 5073, 5055, -1,
5055, 5073, 5072, -1,
5072, 5071, 5055, -1,
5055, 5071, 5070, -1,
5055, 5070, 5069, -1,
5066, 5065, 5055, -1,
5055, 5065, 5064, -1,
5055, 5064, 5057, -1,
5057, 5064, 5063, -1,
5057, 5063, 5058, -1,
5058, 5063, 5059, -1,
5069, 5068, 5055, -1,
5055, 5068, 5067, -1,
5055, 5067, 5066, -1,
5059, 5063, 5060, -1,
5060, 5063, 5062, -1,
5060, 5062, 5061, -1,
5074, 5075, 4193, -1,
4193, 5075, 4194, -1,
5075, 5076, 4194, -1,
4194, 5076, 4195, -1,
5076, 5077, 4195, -1,
4195, 5077, 4191, -1,
5077, 5074, 4191, -1,
4191, 5074, 4193, -1,
5077, 5076, 5074, -1,
5074, 5076, 5075, -1,
5078, 5079, 4186, -1,
4186, 5079, 4060, -1,
5079, 5080, 4060, -1,
4060, 5080, 4061, -1,
5080, 5081, 4061, -1,
4061, 5081, 4062, -1,
5081, 5082, 4062, -1,
4062, 5082, 4185, -1,
5082, 5083, 4185, -1,
4185, 5083, 4184, -1,
5083, 5084, 4184, -1,
4184, 5084, 4180, -1,
5084, 5085, 4180, -1,
4180, 5085, 4182, -1,
5085, 5086, 4182, -1,
4182, 5086, 4183, -1,
5086, 5087, 4183, -1,
4183, 5087, 4188, -1,
5087, 5088, 4188, -1,
4188, 5088, 4189, -1,
5078, 4186, 4187, -1,
5078, 4187, 5089, -1,
5089, 4187, 4190, -1,
5089, 4190, 5090, -1,
5090, 4190, 4189, -1,
5090, 4189, 5088, -1,
5079, 5091, 5080, -1,
5080, 5091, 5092, -1,
5085, 5084, 5086, -1,
5086, 5084, 5083, -1,
5079, 5078, 5091, -1,
5091, 5078, 5089, -1,
5091, 5089, 5093, -1,
5093, 5089, 5090, -1,
5093, 5090, 5094, -1,
5082, 5081, 5083, -1,
5083, 5081, 5080, -1,
5083, 5080, 5086, -1,
5086, 5080, 5092, -1,
5086, 5092, 5087, -1,
5087, 5092, 5094, -1,
5087, 5094, 5088, -1,
5088, 5094, 5090, -1,
5094, 5095, 5096, -1,
5094, 5096, 5093, -1,
5093, 5096, 5097, -1,
5093, 5097, 5091, -1,
5092, 5091, 5098, -1,
5098, 5091, 5097, -1,
5094, 5092, 5095, -1,
5095, 5092, 5098, -1,
5095, 5098, 5096, -1,
5096, 5098, 5097, -1,
5099, 5100, 4033, -1,
4033, 5100, 4032, -1,
5100, 5101, 4032, -1,
4032, 5101, 4031, -1,
5101, 5102, 4031, -1,
4031, 5102, 4051, -1,
5102, 5103, 4051, -1,
4051, 5103, 4050, -1,
5103, 5104, 4050, -1,
4050, 5104, 4049, -1,
5104, 5105, 4049, -1,
4049, 5105, 4028, -1,
5105, 5106, 4028, -1,
4028, 5106, 4035, -1,
5106, 5099, 4035, -1,
4035, 5099, 4033, -1,
5107, 5103, 5108, -1,
5108, 5103, 5102, -1,
5109, 5106, 5107, -1,
5107, 5106, 5105, -1,
5107, 5105, 5103, -1,
5103, 5105, 5104, -1,
5109, 5110, 5106, -1,
5106, 5110, 5111, -1,
5106, 5111, 5099, -1,
5099, 5111, 5112, -1,
5099, 5112, 5113, -1,
5113, 5114, 5099, -1,
5099, 5114, 5108, -1,
5099, 5108, 5100, -1,
5100, 5108, 5102, -1,
5100, 5102, 5101, -1,
5107, 5108, 5115, -1,
5115, 5108, 5116, -1,
5109, 5107, 5117, -1,
5117, 5107, 5115, -1,
5109, 5117, 5118, -1,
5109, 5118, 5110, -1,
5110, 5118, 5119, -1,
5110, 5119, 5111, -1,
5112, 5111, 5120, -1,
5120, 5111, 5119, -1,
5112, 5120, 5121, -1,
5112, 5121, 5113, -1,
5113, 5121, 5122, -1,
5113, 5122, 5114, -1,
5108, 5114, 5116, -1,
5116, 5114, 5122, -1,
5123, 5124, 4039, -1,
4039, 5124, 4040, -1,
5124, 5125, 4040, -1,
4040, 5125, 4041, -1,
5125, 5126, 4041, -1,
4041, 5126, 4042, -1,
5127, 4053, 4052, -1,
5127, 4052, 5128, -1,
5128, 4052, 4045, -1,
5128, 4045, 5129, -1,
5129, 4045, 4044, -1,
5129, 4044, 5130, -1,
5130, 4044, 4043, -1,
5130, 4043, 5131, -1,
5131, 4043, 4048, -1,
5131, 4048, 5132, -1,
5132, 4048, 4047, -1,
5132, 4047, 5133, -1,
5133, 4047, 4046, -1,
5133, 4046, 5134, -1,
5134, 4046, 4042, -1,
5134, 4042, 5126, -1,
5123, 4039, 4038, -1,
5123, 4038, 5135, -1,
5135, 4038, 4037, -1,
5135, 4037, 5136, -1,
5136, 4037, 4036, -1,
5136, 4036, 5137, -1,
5137, 4036, 4030, -1,
5137, 4030, 5138, -1,
5138, 4030, 4029, -1,
5138, 4029, 5139, -1,
5139, 4029, 4054, -1,
5139, 4054, 5140, -1,
5140, 4054, 4053, -1,
5140, 4053, 5127, -1,
5129, 5130, 5141, -1,
5141, 5130, 5131, -1,
5141, 5131, 5142, -1,
5142, 5131, 5132, -1,
5142, 5132, 5143, -1,
5143, 5132, 5133, -1,
5143, 5133, 5144, -1,
5144, 5133, 5134, -1,
5144, 5134, 5145, -1,
5145, 5134, 5126, -1,
5145, 5126, 5146, -1,
5146, 5126, 5125, -1,
5146, 5125, 5147, -1,
5147, 5125, 5124, -1,
5147, 5124, 5148, -1,
5148, 5124, 5123, -1,
5148, 5123, 5149, -1,
5149, 5123, 5135, -1,
5149, 5135, 5150, -1,
5150, 5135, 5136, -1,
5150, 5136, 5151, -1,
5151, 5136, 5137, -1,
5151, 5137, 5152, -1,
5152, 5137, 5138, -1,
5152, 5138, 5153, -1,
5153, 5138, 5139, -1,
5153, 5139, 5154, -1,
5154, 5139, 5140, -1,
5154, 5140, 5155, -1,
5155, 5140, 5127, -1,
5155, 5127, 5156, -1,
5156, 5127, 5128, -1,
5156, 5128, 5157, -1,
5157, 5128, 5129, -1,
5157, 5129, 5141, -1,
5145, 5146, 5158, -1,
5158, 5146, 5159, -1,
5145, 5158, 5160, -1,
5145, 5160, 5144, -1,
5144, 5160, 5161, -1,
5144, 5161, 5143, -1,
5143, 5161, 5162, -1,
5143, 5162, 5142, -1,
5142, 5162, 5163, -1,
5142, 5163, 5141, -1,
5141, 5163, 5164, -1,
5141, 5164, 5157, -1,
5157, 5164, 5165, -1,
5157, 5165, 5156, -1,
5156, 5165, 5166, -1,
5156, 5166, 5155, -1,
5155, 5166, 5167, -1,
5155, 5167, 5154, -1,
5154, 5167, 5168, -1,
5154, 5168, 5153, -1,
5153, 5168, 5169, -1,
5153, 5169, 5152, -1,
5152, 5169, 5170, -1,
5152, 5170, 5151, -1,
5151, 5170, 5171, -1,
5151, 5171, 5150, -1,
5150, 5171, 5172, -1,
5150, 5172, 5149, -1,
5149, 5172, 5173, -1,
5149, 5173, 5148, -1,
5147, 5148, 5174, -1,
5174, 5148, 5173, -1,
5146, 5147, 5159, -1,
5159, 5147, 5174, -1,
5175, 5176, 3961, -1,
3961, 5176, 3963, -1,
5176, 5177, 3963, -1,
3963, 5177, 3964, -1,
5177, 5178, 3964, -1,
3964, 5178, 3970, -1,
5178, 5179, 3970, -1,
3970, 5179, 3984, -1,
5179, 5180, 3984, -1,
3984, 5180, 3965, -1,
5180, 5181, 3965, -1,
3965, 5181, 3966, -1,
5181, 5182, 3966, -1,
3966, 5182, 3967, -1,
5182, 5183, 3967, -1,
3967, 5183, 3974, -1,
5183, 5184, 3974, -1,
3974, 5184, 3973, -1,
5184, 5185, 3973, -1,
3973, 5185, 3971, -1,
5185, 5186, 3971, -1,
3971, 5186, 3972, -1,
5186, 5175, 3972, -1,
3972, 5175, 3961, -1,
5177, 5176, 5175, -1,
5175, 5186, 5177, -1,
5177, 5186, 5185, -1,
5177, 5185, 5178, -1,
5180, 5179, 5181, -1,
5181, 5179, 5178, -1,
5181, 5178, 5182, -1,
5182, 5178, 5185, -1,
5182, 5185, 5183, -1,
5183, 5185, 5184, -1,
5187, 5188, 3969, -1,
3969, 5188, 3968, -1,
3968, 5188, 5189, -1,
5190, 4020, 4022, -1,
5190, 4022, 5191, -1,
5191, 4022, 4024, -1,
5191, 4024, 5189, -1,
5189, 4024, 4027, -1,
5189, 4027, 3968, -1,
5192, 4010, 4009, -1,
5192, 4009, 5193, -1,
5193, 4009, 4007, -1,
5193, 4007, 5194, -1,
5194, 4007, 4005, -1,
5194, 4005, 5195, -1,
5195, 4005, 4004, -1,
5195, 4004, 5196, -1,
5196, 4004, 3975, -1,
5196, 3975, 5197, -1,
5197, 3975, 3977, -1,
5197, 3977, 5198, -1,
5198, 3977, 5190, -1,
5190, 3977, 3978, -1,
5190, 3978, 4020, -1,
5199, 4014, 4013, -1,
5199, 4013, 5200, -1,
5200, 4013, 4012, -1,
5200, 4012, 5201, -1,
5201, 4012, 4001, -1,
5201, 4001, 5202, -1,
5202, 4001, 4002, -1,
5202, 4002, 5203, -1,
5203, 4002, 4003, -1,
5203, 4003, 5204, -1,
5204, 4003, 4011, -1,
5204, 4011, 5205, -1,
5205, 4011, 4010, -1,
5205, 4010, 5192, -1,
5206, 4016, 4015, -1,
5206, 4015, 5207, -1,
5207, 4015, 4014, -1,
5207, 4014, 5199, -1,
5206, 5208, 4016, -1,
4016, 5208, 4017, -1,
5209, 4019, 4018, -1,
5209, 4018, 5210, -1,
5210, 4018, 4017, -1,
5210, 4017, 5208, -1,
5211, 3990, 4000, -1,
5211, 4000, 5212, -1,
5212, 4000, 3999, -1,
5212, 3999, 5213, -1,
5213, 3999, 3989, -1,
5213, 3989, 5214, -1,
5214, 3989, 3988, -1,
5214, 3988, 5215, -1,
5215, 3988, 3986, -1,
5215, 3986, 5216, -1,
5216, 3986, 3985, -1,
5216, 3985, 5217, -1,
5217, 3985, 4019, -1,
5217, 4019, 5209, -1,
5218, 3994, 3993, -1,
5218, 3993, 5219, -1,
5219, 3993, 3995, -1,
5219, 3995, 5220, -1,
5220, 3995, 3996, -1,
5220, 3996, 5221, -1,
5221, 3996, 3997, -1,
5221, 3997, 5222, -1,
5222, 3997, 3992, -1,
5222, 3992, 5223, -1,
5223, 3992, 3991, -1,
5223, 3991, 5224, -1,
5224, 3991, 3990, -1,
5224, 3990, 5211, -1,
5187, 3969, 3987, -1,
5187, 3987, 5225, -1,
5225, 3987, 3998, -1,
5225, 3998, 5226, -1,
5226, 3998, 3994, -1,
5226, 3994, 5218, -1,
5219, 5190, 5218, -1,
5218, 5190, 5191, -1,
5218, 5191, 5226, -1,
5226, 5191, 5189, -1,
5226, 5189, 5225, -1,
5225, 5189, 5188, -1,
5225, 5188, 5187, -1,
5208, 5206, 5210, -1,
5210, 5206, 5207, -1,
5210, 5207, 5209, -1,
5209, 5207, 5199, -1,
5209, 5199, 5217, -1,
5217, 5199, 5200, -1,
5217, 5200, 5216, -1,
5216, 5200, 5201, -1,
5216, 5201, 5215, -1,
5215, 5201, 5202, -1,
5215, 5202, 5214, -1,
5214, 5202, 5203, -1,
5214, 5203, 5213, -1,
5213, 5203, 5204, -1,
5213, 5204, 5212, -1,
5212, 5204, 5205, -1,
5212, 5205, 5211, -1,
5211, 5205, 5192, -1,
5211, 5192, 5224, -1,
5224, 5192, 5193, -1,
5224, 5193, 5223, -1,
5223, 5193, 5194, -1,
5223, 5194, 5222, -1,
5222, 5194, 5195, -1,
5222, 5195, 5221, -1,
5221, 5195, 5196, -1,
5221, 5196, 5220, -1,
5220, 5196, 5197, -1,
5220, 5197, 5219, -1,
5219, 5197, 5198, -1,
5219, 5198, 5190, -1,
5227, 5228, 4006, -1,
4006, 5228, 3976, -1,
5228, 5229, 3976, -1,
3976, 5229, 3980, -1,
5229, 5230, 3980, -1,
3980, 5230, 3982, -1,
5230, 5231, 3982, -1,
3982, 5231, 3983, -1,
5231, 5232, 3983, -1,
3983, 5232, 4008, -1,
5232, 5227, 4008, -1,
4008, 5227, 4006, -1,
5231, 5230, 5232, -1,
5232, 5230, 5229, -1,
5232, 5229, 5227, -1,
5227, 5229, 5228, -1,
5115, 5116, 5117, -1,
5117, 5116, 5122, -1,
5117, 5122, 5118, -1,
5118, 5122, 5121, -1,
5118, 5121, 5119, -1,
5119, 5121, 5120, -1,
5159, 5174, 5158, -1,
5158, 5174, 5173, -1,
5158, 5173, 5172, -1,
5166, 5165, 5158, -1,
5158, 5165, 5164, -1,
5158, 5164, 5160, -1,
5172, 5171, 5158, -1,
5158, 5171, 5170, -1,
5158, 5170, 5169, -1,
5169, 5168, 5158, -1,
5158, 5168, 5167, -1,
5158, 5167, 5166, -1,
5163, 5162, 5164, -1,
5164, 5162, 5161, -1,
5164, 5161, 5160, -1
                ]
                colorPerVertex TRUE
                color Color {
                    color [
0.2313725490196078 0.2313725490196078 0.2313725490196078,
0.2313725490196078 0.2313725490196078 0.2313725490196078,
0.2313725490196078 0.2313725490196078 0.2313725490196078,
0.8509803921568627 0.8509803921568627 0.8509803921568627,
0.8509803921568627 0.8509803921568627 0.8509803921568627,
0.8509803921568627 0.8509803921568627 0.8509803921568627,
0.8509803921568627 0.8509803921568627 0.8509803921568627,
0.8509803921568627 0.8509803921568627 0.8509803921568627,
0.8509803921568627 0.8509803921568627 0.8509803921568627,
0.8509803921568627 0.8509803921568627 0.8509803921568627,
0.8509803921568627 0.8509803921568627 0.8509803921568627,
0.8509803921568627 0.8509803921568627 0.8509803921568627,
0.8509803921568627 0.8509803921568627 0.8509803921568627,
0.8509803921568627 0.8509803921568627 0.8509803921568627,
0.8509803921568627 0.8509803921568627 0.8509803921568627,
0.8509803921568627 0.8509803921568627 0.8509803921568627,
0.8509803921568627 0.8509803921568627 0.8509803921568627,
0.8509803921568627 0.8509803921568627 0.8509803921568627,
0.8509803921568627 0.8509803921568627 0.8509803921568627,
0.8509803921568627 0.8509803921568627 0.8509803921568627,
0.8509803921568627 0.8509803921568627 0.8509803921568627,
0.8509803921568627 0.8509803921568627 0.8509803921568627,
0.8509803921568627 0.8509803921568627 0.8509803921568627,
0.8509803921568627 0.8509803921568627 0.8509803921568627,
0.8509803921568627 0.8509803921568627 0.8509803921568627,
0.8509803921568627 0.8509803921568627 0.8509803921568627,
0.8509803921568627 0.8509803921568627 0.8509803921568627,
0.8509803921568627 0.8509803921568627 0.8509803921568627,
0.8509803921568627 0.8509803921568627 0.8509803921568627,
0.8509803921568627 0.8509803921568627 0.8509803921568627,
0.8509803921568627 0.8509803921568627 0.8509803921568627,
0.8509803921568627 0.8509803921568627 0.8509803921568627,
0.8509803921568627 0.8509803921568627 0.8509803921568627,
0.8509803921568627 0.8509803921568627 0.8509803921568627,
0.8509803921568627 0.8509803921568627 0.8509803921568627,
0.8509803921568627 0.8509803921568627 0.8509803921568627,
0.8509803921568627 0.8509803921568627 0.8509803921568627,
0.8509803921568627 0.8509803921568627 0.8509803921568627,
0.8509803921568627 0.8509803921568627 0.8509803921568627,
0.8509803921568627 0.8509803921568627 0.8509803921568627,
0.8509803921568627 0.8509803921568627 0.8509803921568627,
0.8509803921568627 0.8509803921568627 0.8509803921568627,
0.8509803921568627 0.8509803921568627 0.8509803921568627,
0.8509803921568627 0.8509803921568627 0.8509803921568627,
0.8509803921568627 0.8509803921568627 0.8509803921568627,
0.8509803921568627 0.8509803921568627 0.8509803921568627,
0.8509803921568627 0.8509803921568627 0.8509803921568627,
0.8509803921568627 0.8509803921568627 0.8509803921568627,
0.8509803921568627 0.8509803921568627 0.8509803921568627,
0.8509803921568627 0.8509803921568627 0.8509803921568627,
0.8509803921568627 0.8509803921568627 0.8509803921568627,
0.8509803921568627 0.8509803921568627 0.8509803921568627,
0.8509803921568627 0.8509803921568627 0.8509803921568627,
0.8509803921568627 0.8509803921568627 0.8509803921568627,
0.8509803921568627 0.8509803921568627 0.8509803921568627,
0.8509803921568627 0.8509803921568627 0.8509803921568627,
0.8509803921568627 0.8509803921568627 0.8509803921568627,
0.8509803921568627 0.8509803921568627 0.8509803921568627,
0.8509803921568627 0.8509803921568627 0.8509803921568627,
0.8509803921568627 0.8509803921568627 0.8509803921568627,
0.8509803921568627 0.8509803921568627 0.8509803921568627,
0.8509803921568627 0.8509803921568627 0.8509803921568627,
0.8509803921568627 0.8509803921568627 0.8509803921568627,
0.8509803921568627 0.8509803921568627 0.8509803921568627,
0.8509803921568627 0.8509803921568627 0.8509803921568627,
0.8509803921568627 0.8509803921568627 0.8509803921568627,
0.8509803921568627 0.8509803921568627 0.8509803921568627,
0.8509803921568627 0.8509803921568627 0.8509803921568627,
0.8509803921568627 0.8509803921568627 0.8509803921568627,
0.8509803921568627 0.8509803921568627 0.8509803921568627,
0.8509803921568627 0.8509803921568627 0.8509803921568627,
0.8509803921568627 0.8509803921568627 0.8509803921568627,
0.8509803921568627 0.8509803921568627 0.8509803921568627,
0.8509803921568627 0.8509803921568627 0.8509803921568627,
0.8509803921568627 0.8509803921568627 0.8509803921568627,
0.8509803921568627 0.8509803921568627 0.8509803921568627,
0.8509803921568627 0.8509803921568627 0.8509803921568627,
0.8509803921568627 0.8509803921568627 0.8509803921568627,
0.8509803921568627 0.8509803921568627 0.8509803921568627,
0.8509803921568627 0.8509803921568627 0.8509803921568627,
0.8509803921568627 0.8509803921568627 0.8509803921568627,
0.8509803921568627 0.8509803921568627 0.8509803921568627,
0.8509803921568627 0.8509803921568627 0.8509803921568627,
0.8509803921568627 0.8509803921568627 0.8509803921568627,
0.8509803921568627 0.8509803921568627 0.8509803921568627,
0.8509803921568627 0.8509803921568627 0.8509803921568627,
0.8509803921568627 0.8509803921568627 0.8509803921568627,
0.8509803921568627 0.8509803921568627 0.8509803921568627,
0.8509803921568627 0.8509803921568627 0.8509803921568627,
0.8509803921568627 0.8509803921568627 0.8509803921568627,
0.8509803921568627 0.8509803921568627 0.8509803921568627,
0.8509803921568627 0.8509803921568627 0.8509803921568627,
0.8509803921568627 0.8509803921568627 0.8509803921568627,
0.8509803921568627 0.8509803921568627 0.8509803921568627,
0.8509803921568627 0.8509803921568627 0.8509803921568627,
0.8509803921568627 0.8509803921568627 0.8509803921568627,
0.8509803921568627 0.8509803921568627 0.8509803921568627,
0.8509803921568627 0.8509803921568627 0.8509803921568627,
0.8509803921568627 0.8509803921568627 0.8509803921568627,
0.8509803921568627 0.8509803921568627 0.8509803921568627,
0.8509803921568627 0.8509803921568627 0.8509803921568627,
0.8509803921568627 0.8509803921568627 0.8509803921568627,
0.8509803921568627 0.8509803921568627 0.8509803921568627,
0.8509803921568627 0.8509803921568627 0.8509803921568627,
0.8509803921568627 0.8509803921568627 0.8509803921568627,
0.8509803921568627 0.8509803921568627 0.8509803921568627,
0.8509803921568627 0.8509803921568627 0.8509803921568627,
0.8509803921568627 0.8509803921568627 0.8509803921568627,
0.8509803921568627 0.8509803921568627 0.8509803921568627,
0.8509803921568627 0.8509803921568627 0.8509803921568627,
0.8509803921568627 0.8509803921568627 0.8509803921568627,
0.8509803921568627 0.8509803921568627 0.8509803921568627,
0.8509803921568627 0.8509803921568627 0.8509803921568627,
0.8509803921568627 0.8509803921568627 0.8509803921568627,
0.8509803921568627 0.8509803921568627 0.8509803921568627,
0.8509803921568627 0.8509803921568627 0.8509803921568627,
0.8509803921568627 0.8509803921568627 0.8509803921568627,
0.8509803921568627 0.8509803921568627 0.8509803921568627,
0.8509803921568627 0.8509803921568627 0.8509803921568627,
0.8509803921568627 0.8509803921568627 0.8509803921568627,
0.8509803921568627 0.8509803921568627 0.8509803921568627,
0.8509803921568627 0.8509803921568627 0.8509803921568627,
0.8509803921568627 0.8509803921568627 0.8509803921568627,
0.8509803921568627 0.8509803921568627 0.8509803921568627,
0.8509803921568627 0.8509803921568627 0.8509803921568627,
0.8509803921568627 0.8509803921568627 0.8509803921568627,
0.8509803921568627 0.8509803921568627 0.8509803921568627,
0.8509803921568627 0.8509803921568627 0.8509803921568627,
0.8509803921568627 0.8509803921568627 0.8509803921568627,
0.8509803921568627 0.8509803921568627 0.8509803921568627,
0.8509803921568627 0.8509803921568627 0.8509803921568627,
0.8509803921568627 0.8509803921568627 0.8509803921568627,
0.8509803921568627 0.8509803921568627 0.8509803921568627,
0.8509803921568627 0.8509803921568627 0.8509803921568627,
0.8509803921568627 0.8509803921568627 0.8509803921568627,
0.8509803921568627 0.8509803921568627 0.8509803921568627,
0.8509803921568627 0.8509803921568627 0.8509803921568627,
0.8509803921568627 0.8509803921568627 0.8509803921568627,
0.8509803921568627 0.8509803921568627 0.8509803921568627,
0.8509803921568627 0.8509803921568627 0.8509803921568627,
0.8509803921568627 0.8509803921568627 0.8509803921568627,
0.8509803921568627 0.8509803921568627 0.8509803921568627,
0.8509803921568627 0.8509803921568627 0.8509803921568627,
0.8509803921568627 0.8509803921568627 0.8509803921568627,
0.8509803921568627 0.8509803921568627 0.8509803921568627,
0.8509803921568627 0.8509803921568627 0.8509803921568627,
0.8509803921568627 0.8509803921568627 0.8509803921568627,
0.8509803921568627 0.8509803921568627 0.8509803921568627,
0.8509803921568627 0.8509803921568627 0.8509803921568627,
0.8509803921568627 0.8509803921568627 0.8509803921568627,
0.8509803921568627 0.8509803921568627 0.8509803921568627,
0.8509803921568627 0.8509803921568627 0.8509803921568627,
0.8509803921568627 0.8509803921568627 0.8509803921568627,
0.8509803921568627 0.8509803921568627 0.8509803921568627,
0.8509803921568627 0.8509803921568627 0.8509803921568627,
0.8509803921568627 0.8509803921568627 0.8509803921568627,
0.8509803921568627 0.8509803921568627 0.8509803921568627,
0.8509803921568627 0.8509803921568627 0.8509803921568627,
0.8509803921568627 0.8509803921568627 0.8509803921568627,
0.8509803921568627 0.8509803921568627 0.8509803921568627,
0.8509803921568627 0.8509803921568627 0.8509803921568627,
0.8509803921568627 0.8509803921568627 0.8509803921568627,
0.8509803921568627 0.8509803921568627 0.8509803921568627,
0.8509803921568627 0.8509803921568627 0.8509803921568627,
0.8509803921568627 0.8509803921568627 0.8509803921568627,
0.8509803921568627 0.8509803921568627 0.8509803921568627,
0.8509803921568627 0.8509803921568627 0.8509803921568627,
0.8509803921568627 0.8509803921568627 0.8509803921568627,
0.8509803921568627 0.8509803921568627 0.8509803921568627,
0.8509803921568627 0.8509803921568627 0.8509803921568627,
0.8509803921568627 0.8509803921568627 0.8509803921568627,
0.8509803921568627 0.8509803921568627 0.8509803921568627,
0.8509803921568627 0.8509803921568627 0.8509803921568627,
0.8509803921568627 0.8509803921568627 0.8509803921568627,
0.8509803921568627 0.8509803921568627 0.8509803921568627,
0.8509803921568627 0.8509803921568627 0.8509803921568627,
0.8509803921568627 0.8509803921568627 0.8509803921568627,
0.8509803921568627 0.8509803921568627 0.8509803921568627,
0.8509803921568627 0.8509803921568627 0.8509803921568627,
0.8509803921568627 0.8509803921568627 0.8509803921568627,
0.8509803921568627 0.8509803921568627 0.8509803921568627,
0.8509803921568627 0.8509803921568627 0.8509803921568627,
0.8509803921568627 0.8509803921568627 0.8509803921568627,
0.8509803921568627 0.8509803921568627 0.8509803921568627,
0.8509803921568627 0.8509803921568627 0.8509803921568627,
0.8509803921568627 0.8509803921568627 0.8509803921568627,
0.8509803921568627 0.8509803921568627 0.8509803921568627,
0.8509803921568627 0.8509803921568627 0.8509803921568627,
0.8509803921568627 0.8509803921568627 0.8509803921568627,
0.8509803921568627 0.8509803921568627 0.8509803921568627,
0.8509803921568627 0.8509803921568627 0.8509803921568627,
0.8509803921568627 0.8509803921568627 0.8509803921568627,
0.8509803921568627 0.8509803921568627 0.8509803921568627,
0.8509803921568627 0.8509803921568627 0.8509803921568627,
0.8509803921568627 0.8509803921568627 0.8509803921568627,
0.8509803921568627 0.8509803921568627 0.8509803921568627,
0.8509803921568627 0.8509803921568627 0.8509803921568627,
0.8509803921568627 0.8509803921568627 0.8509803921568627,
0.8509803921568627 0.8509803921568627 0.8509803921568627,
0.8509803921568627 0.8509803921568627 0.8509803921568627,
0.8509803921568627 0.8509803921568627 0.8509803921568627,
0.8509803921568627 0.8509803921568627 0.8509803921568627,
0.8509803921568627 0.8509803921568627 0.8509803921568627,
0.8509803921568627 0.8509803921568627 0.8509803921568627,
0.8509803921568627 0.8509803921568627 0.8509803921568627,
0.8509803921568627 0.8509803921568627 0.8509803921568627,
0.8509803921568627 0.8509803921568627 0.8509803921568627,
0.8509803921568627 0.8509803921568627 0.8509803921568627,
0.8509803921568627 0.8509803921568627 0.8509803921568627,
0.8509803921568627 0.8509803921568627 0.8509803921568627,
0.8509803921568627 0.8509803921568627 0.8509803921568627,
0.8509803921568627 0.8509803921568627 0.8509803921568627,
0.8509803921568627 0.8509803921568627 0.8509803921568627,
0.8509803921568627 0.8509803921568627 0.8509803921568627,
0.8509803921568627 0.8509803921568627 0.8509803921568627,
0.8509803921568627 0.8509803921568627 0.8509803921568627,
0.8509803921568627 0.8509803921568627 0.8509803921568627,
0.8509803921568627 0.8509803921568627 0.8509803921568627,
0.8509803921568627 0.8509803921568627 0.8509803921568627,
0.8509803921568627 0.8509803921568627 0.8509803921568627,
0.8509803921568627 0.8509803921568627 0.8509803921568627,
0.8509803921568627 0.8509803921568627 0.8509803921568627,
0.8509803921568627 0.8509803921568627 0.8509803921568627,
0.8509803921568627 0.8509803921568627 0.8509803921568627,
0.8509803921568627 0.8509803921568627 0.8509803921568627,
0.8509803921568627 0.8509803921568627 0.8509803921568627,
0.8509803921568627 0.8509803921568627 0.8509803921568627,
0.8509803921568627 0.8509803921568627 0.8509803921568627,
0.8509803921568627 0.8509803921568627 0.8509803921568627,
0.8509803921568627 0.8509803921568627 0.8509803921568627,
0.8509803921568627 0.8509803921568627 0.8509803921568627,
0.8509803921568627 0.8509803921568627 0.8509803921568627,
0.8509803921568627 0.8509803921568627 0.8509803921568627,
0.8509803921568627 0.8509803921568627 0.8509803921568627,
0.8509803921568627 0.8509803921568627 0.8509803921568627,
0.8509803921568627 0.8509803921568627 0.8509803921568627,
0.8509803921568627 0.8509803921568627 0.8509803921568627,
0.8509803921568627 0.8509803921568627 0.8509803921568627,
0.8509803921568627 0.8509803921568627 0.8509803921568627,
0.8509803921568627 0.8509803921568627 0.8509803921568627,
0.8509803921568627 0.8509803921568627 0.8509803921568627,
0.8509803921568627 0.8509803921568627 0.8509803921568627,
0.8509803921568627 0.8509803921568627 0.8509803921568627,
0.8509803921568627 0.8509803921568627 0.8509803921568627,
0.8509803921568627 0.8509803921568627 0.8509803921568627,
0.8509803921568627 0.8509803921568627 0.8509803921568627,
0.8509803921568627 0.8509803921568627 0.8509803921568627,
0.8509803921568627 0.8509803921568627 0.8509803921568627,
0.8509803921568627 0.8509803921568627 0.8509803921568627,
0.8509803921568627 0.8509803921568627 0.8509803921568627,
0.8509803921568627 0.8509803921568627 0.8509803921568627,
0.8509803921568627 0.8509803921568627 0.8509803921568627,
0.8509803921568627 0.8509803921568627 0.8509803921568627,
0.8509803921568627 0.8509803921568627 0.8509803921568627,
0.8509803921568627 0.8509803921568627 0.8509803921568627,
0.8509803921568627 0.8509803921568627 0.8509803921568627,
0.8509803921568627 0.8509803921568627 0.8509803921568627,
0.8509803921568627 0.8509803921568627 0.8509803921568627,
0.8509803921568627 0.8509803921568627 0.8509803921568627,
0.8509803921568627 0.8509803921568627 0.8509803921568627,
0.8509803921568627 0.8509803921568627 0.8509803921568627,
0.8509803921568627 0.8509803921568627 0.8509803921568627,
0.8509803921568627 0.8509803921568627 0.8509803921568627,
0.8509803921568627 0.8509803921568627 0.8509803921568627,
0.8509803921568627 0.8509803921568627 0.8509803921568627,
0.8509803921568627 0.8509803921568627 0.8509803921568627,
0.8509803921568627 0.8509803921568627 0.8509803921568627,
0.8509803921568627 0.8509803921568627 0.8509803921568627,
0.8509803921568627 0.8509803921568627 0.8509803921568627,
0.8509803921568627 0.8509803921568627 0.8509803921568627,
0.8509803921568627 0.8509803921568627 0.8509803921568627,
0.8509803921568627 0.8509803921568627 0.8509803921568627,
0.8509803921568627 0.8509803921568627 0.8509803921568627,
0.8509803921568627 0.8509803921568627 0.8509803921568627,
0.8509803921568627 0.8509803921568627 0.8509803921568627,
0.8509803921568627 0.8509803921568627 0.8509803921568627,
0.8509803921568627 0.8509803921568627 0.8509803921568627,
0.8509803921568627 0.8509803921568627 0.8509803921568627,
0.8509803921568627 0.8509803921568627 0.8509803921568627,
0.8509803921568627 0.8509803921568627 0.8509803921568627,
0.8509803921568627 0.8509803921568627 0.8509803921568627,
0.8509803921568627 0.8509803921568627 0.8509803921568627,
0.8509803921568627 0.8509803921568627 0.8509803921568627,
0.8509803921568627 0.8509803921568627 0.8509803921568627,
0.8509803921568627 0.8509803921568627 0.8509803921568627,
0.8509803921568627 0.8509803921568627 0.8509803921568627,
0.8509803921568627 0.8509803921568627 0.8509803921568627,
0.8509803921568627 0.8509803921568627 0.8509803921568627,
0.8509803921568627 0.8509803921568627 0.8509803921568627,
0.8509803921568627 0.8509803921568627 0.8509803921568627,
0.8509803921568627 0.8509803921568627 0.8509803921568627,
0.8509803921568627 0.8509803921568627 0.8509803921568627,
0.8509803921568627 0.8509803921568627 0.8509803921568627,
0.8509803921568627 0.8509803921568627 0.8509803921568627,
0.8509803921568627 0.8509803921568627 0.8509803921568627,
0.8509803921568627 0.8509803921568627 0.8509803921568627,
0.8509803921568627 0.8509803921568627 0.8509803921568627,
0.8509803921568627 0.8509803921568627 0.8509803921568627,
0.8509803921568627 0.8509803921568627 0.8509803921568627,
0.8509803921568627 0.8509803921568627 0.8509803921568627,
0.8509803921568627 0.8509803921568627 0.8509803921568627,
0.8509803921568627 0.8509803921568627 0.8509803921568627,
0.8509803921568627 0.8509803921568627 0.8509803921568627,
0.8509803921568627 0.8509803921568627 0.8509803921568627,
0.8509803921568627 0.8509803921568627 0.8509803921568627,
0.8509803921568627 0.8509803921568627 0.8509803921568627,
0.8509803921568627 0.8509803921568627 0.8509803921568627,
0.8509803921568627 0.8509803921568627 0.8509803921568627,
0.8509803921568627 0.8509803921568627 0.8509803921568627,
0.8509803921568627 0.8509803921568627 0.8509803921568627,
0.8509803921568627 0.8509803921568627 0.8509803921568627,
0.8509803921568627 0.8509803921568627 0.8509803921568627,
0.8509803921568627 0.8509803921568627 0.8509803921568627,
0.8509803921568627 0.8509803921568627 0.8509803921568627,
0.8509803921568627 0.8509803921568627 0.8509803921568627,
0.8509803921568627 0.8509803921568627 0.8509803921568627,
0.8509803921568627 0.8509803921568627 0.8509803921568627,
0.8509803921568627 0.8509803921568627 0.8509803921568627,
0.8509803921568627 0.8509803921568627 0.8509803921568627,
0.8509803921568627 0.8509803921568627 0.8509803921568627,
0.8509803921568627 0.8509803921568627 0.8509803921568627,
0.8509803921568627 0.8509803921568627 0.8509803921568627,
0.8509803921568627 0.8509803921568627 0.8509803921568627,
0.8509803921568627 0.8509803921568627 0.8509803921568627,
0.8509803921568627 0.8509803921568627 0.8509803921568627,
0.8509803921568627 0.8509803921568627 0.8509803921568627,
0.8509803921568627 0.8509803921568627 0.8509803921568627,
0.8509803921568627 0.8509803921568627 0.8509803921568627,
0.8509803921568627 0.8509803921568627 0.8509803921568627,
0.8509803921568627 0.8509803921568627 0.8509803921568627,
0.8509803921568627 0.8509803921568627 0.8509803921568627,
0.8509803921568627 0.8509803921568627 0.8509803921568627,
0.8509803921568627 0.8509803921568627 0.8509803921568627,
0.8509803921568627 0.8509803921568627 0.8509803921568627,
0.8509803921568627 0.8509803921568627 0.8509803921568627,
0.8509803921568627 0.8509803921568627 0.8509803921568627,
0.8509803921568627 0.8509803921568627 0.8509803921568627,
0.8509803921568627 0.8509803921568627 0.8509803921568627,
0.8509803921568627 0.8509803921568627 0.8509803921568627,
0.8509803921568627 0.8509803921568627 0.8509803921568627,
0.8509803921568627 0.8509803921568627 0.8509803921568627,
0.8509803921568627 0.8509803921568627 0.8509803921568627,
0.8509803921568627 0.8509803921568627 0.8509803921568627,
0.8509803921568627 0.8509803921568627 0.8509803921568627,
0.8509803921568627 0.8509803921568627 0.8509803921568627,
0.8509803921568627 0.8509803921568627 0.8509803921568627,
0.8509803921568627 0.8509803921568627 0.8509803921568627,
0.8509803921568627 0.8509803921568627 0.8509803921568627,
0.8509803921568627 0.8509803921568627 0.8509803921568627,
0.8509803921568627 0.8509803921568627 0.8509803921568627,
0.8509803921568627 0.8509803921568627 0.8509803921568627,
0.8509803921568627 0.8509803921568627 0.8509803921568627,
0.8509803921568627 0.8509803921568627 0.8509803921568627,
0.8509803921568627 0.8509803921568627 0.8509803921568627,
0.8509803921568627 0.8509803921568627 0.8509803921568627,
0.8509803921568627 0.8509803921568627 0.8509803921568627,
0.8509803921568627 0.8509803921568627 0.8509803921568627,
0.8509803921568627 0.8509803921568627 0.8509803921568627,
0.8509803921568627 0.8509803921568627 0.8509803921568627,
0.8509803921568627 0.8509803921568627 0.8509803921568627,
0.8509803921568627 0.8509803921568627 0.8509803921568627,
0.8509803921568627 0.8509803921568627 0.8509803921568627,
0.8509803921568627 0.8509803921568627 0.8509803921568627,
0.8509803921568627 0.8509803921568627 0.8509803921568627,
0.8509803921568627 0.8509803921568627 0.8509803921568627,
0.8509803921568627 0.8509803921568627 0.8509803921568627,
0.8509803921568627 0.8509803921568627 0.8509803921568627,
0.8509803921568627 0.8509803921568627 0.8509803921568627,
0.8509803921568627 0.8509803921568627 0.8509803921568627,
0.8509803921568627 0.8509803921568627 0.8509803921568627,
0.8509803921568627 0.8509803921568627 0.8509803921568627,
0.8509803921568627 0.8509803921568627 0.8509803921568627,
0.8509803921568627 0.8509803921568627 0.8509803921568627,
0.8509803921568627 0.8509803921568627 0.8509803921568627,
0.8509803921568627 0.8509803921568627 0.8509803921568627,
0.8509803921568627 0.8509803921568627 0.8509803921568627,
0.8509803921568627 0.8509803921568627 0.8509803921568627,
0.8509803921568627 0.8509803921568627 0.8509803921568627,
0.8509803921568627 0.8509803921568627 0.8509803921568627,
0.8509803921568627 0.8509803921568627 0.8509803921568627,
0.8509803921568627 0.8509803921568627 0.8509803921568627,
0.8509803921568627 0.8509803921568627 0.8509803921568627,
0.8509803921568627 0.8509803921568627 0.8509803921568627,
0.8509803921568627 0.8509803921568627 0.8509803921568627,
0.8509803921568627 0.8509803921568627 0.8509803921568627,
0.8509803921568627 0.8509803921568627 0.8509803921568627,
0.8509803921568627 0.8509803921568627 0.8509803921568627,
0.8509803921568627 0.8509803921568627 0.8509803921568627,
0.8509803921568627 0.8509803921568627 0.8509803921568627,
0.8509803921568627 0.8509803921568627 0.8509803921568627,
0.8509803921568627 0.8509803921568627 0.8509803921568627,
0.8509803921568627 0.8509803921568627 0.8509803921568627,
0.8509803921568627 0.8509803921568627 0.8509803921568627,
0.8509803921568627 0.8509803921568627 0.8509803921568627,
0.8509803921568627 0.8509803921568627 0.8509803921568627,
0.8509803921568627 0.8509803921568627 0.8509803921568627,
0.8509803921568627 0.8509803921568627 0.8509803921568627,
0.8509803921568627 0.8509803921568627 0.8509803921568627,
0.8509803921568627 0.8509803921568627 0.8509803921568627,
0.8509803921568627 0.8509803921568627 0.8509803921568627,
0.8509803921568627 0.8509803921568627 0.8509803921568627,
0.8509803921568627 0.8509803921568627 0.8509803921568627,
0.8509803921568627 0.8509803921568627 0.8509803921568627,
0.8509803921568627 0.8509803921568627 0.8509803921568627,
0.8509803921568627 0.8509803921568627 0.8509803921568627,
0.8509803921568627 0.8509803921568627 0.8509803921568627,
0.8509803921568627 0.8509803921568627 0.8509803921568627,
0.8509803921568627 0.8509803921568627 0.8509803921568627,
0.8509803921568627 0.8509803921568627 0.8509803921568627,
0.8509803921568627 0.8509803921568627 0.8509803921568627,
0.8509803921568627 0.8509803921568627 0.8509803921568627,
0.8509803921568627 0.8509803921568627 0.8509803921568627,
0.8509803921568627 0.8509803921568627 0.8509803921568627,
0.8509803921568627 0.8509803921568627 0.8509803921568627,
0.8509803921568627 0.8509803921568627 0.8509803921568627,
0.8509803921568627 0.8509803921568627 0.8509803921568627,
0.8509803921568627 0.8509803921568627 0.8509803921568627,
0.8509803921568627 0.8509803921568627 0.8509803921568627,
0.8509803921568627 0.8509803921568627 0.8509803921568627,
0.8509803921568627 0.8509803921568627 0.8509803921568627,
0.8509803921568627 0.8509803921568627 0.8509803921568627,
0.8509803921568627 0.8509803921568627 0.8509803921568627,
0.8509803921568627 0.8509803921568627 0.8509803921568627,
0.8509803921568627 0.8509803921568627 0.8509803921568627,
0.8509803921568627 0.8509803921568627 0.8509803921568627,
0.8509803921568627 0.8509803921568627 0.8509803921568627,
0.8509803921568627 0.8509803921568627 0.8509803921568627,
0.8509803921568627 0.8509803921568627 0.8509803921568627,
0.8509803921568627 0.8509803921568627 0.8509803921568627,
0.8509803921568627 0.8509803921568627 0.8509803921568627,
0.8509803921568627 0.8509803921568627 0.8509803921568627,
0.8509803921568627 0.8509803921568627 0.8509803921568627,
0.8509803921568627 0.8509803921568627 0.8509803921568627,
0.8509803921568627 0.8509803921568627 0.8509803921568627,
0.8509803921568627 0.8509803921568627 0.8509803921568627,
0.8509803921568627 0.8509803921568627 0.8509803921568627,
0.8509803921568627 0.8509803921568627 0.8509803921568627,
0.8509803921568627 0.8509803921568627 0.8509803921568627,
0.8509803921568627 0.8509803921568627 0.8509803921568627,
0.8509803921568627 0.8509803921568627 0.8509803921568627,
0.8509803921568627 0.8509803921568627 0.8509803921568627,
0.8509803921568627 0.8509803921568627 0.8509803921568627,
0.8509803921568627 0.8509803921568627 0.8509803921568627,
0.8509803921568627 0.8509803921568627 0.8509803921568627,
0.8509803921568627 0.8509803921568627 0.8509803921568627,
0.8509803921568627 0.8509803921568627 0.8509803921568627,
0.8509803921568627 0.8509803921568627 0.8509803921568627,
0.8509803921568627 0.8509803921568627 0.8509803921568627,
0.8509803921568627 0.8509803921568627 0.8509803921568627,
0.8509803921568627 0.8509803921568627 0.8509803921568627,
0.8509803921568627 0.8509803921568627 0.8509803921568627,
0.8509803921568627 0.8509803921568627 0.8509803921568627,
0.8509803921568627 0.8509803921568627 0.8509803921568627,
0.8509803921568627 0.8509803921568627 0.8509803921568627,
0.8509803921568627 0.8509803921568627 0.8509803921568627,
0.8509803921568627 0.8509803921568627 0.8509803921568627,
0.8509803921568627 0.8509803921568627 0.8509803921568627,
0.8509803921568627 0.8509803921568627 0.8509803921568627,
0.8509803921568627 0.8509803921568627 0.8509803921568627,
0.8509803921568627 0.8509803921568627 0.8509803921568627,
0.8509803921568627 0.8509803921568627 0.8509803921568627,
0.8509803921568627 0.8509803921568627 0.8509803921568627,
0.8509803921568627 0.8509803921568627 0.8509803921568627,
0.8509803921568627 0.8509803921568627 0.8509803921568627,
0.8509803921568627 0.8509803921568627 0.8509803921568627,
0.8509803921568627 0.8509803921568627 0.8509803921568627,
0.8509803921568627 0.8509803921568627 0.8509803921568627,
0.8509803921568627 0.8509803921568627 0.8509803921568627,
0.8509803921568627 0.8509803921568627 0.8509803921568627,
0.8509803921568627 0.8509803921568627 0.8509803921568627,
0.8509803921568627 0.8509803921568627 0.8509803921568627,
0.8509803921568627 0.8509803921568627 0.8509803921568627,
0.8509803921568627 0.8509803921568627 0.8509803921568627,
0.8509803921568627 0.8509803921568627 0.8509803921568627,
0.8509803921568627 0.8509803921568627 0.8509803921568627,
0.8509803921568627 0.8509803921568627 0.8509803921568627,
0.8509803921568627 0.8509803921568627 0.8509803921568627,
0.8509803921568627 0.8509803921568627 0.8509803921568627,
0.8509803921568627 0.8509803921568627 0.8509803921568627,
0.8509803921568627 0.8509803921568627 0.8509803921568627,
0.8509803921568627 0.8509803921568627 0.8509803921568627,
0.8509803921568627 0.8509803921568627 0.8509803921568627,
0.8509803921568627 0.8509803921568627 0.8509803921568627,
0.8509803921568627 0.8509803921568627 0.8509803921568627,
0.8509803921568627 0.8509803921568627 0.8509803921568627,
0.8509803921568627 0.8509803921568627 0.8509803921568627,
0.8509803921568627 0.8509803921568627 0.8509803921568627,
0.8509803921568627 0.8509803921568627 0.8509803921568627,
0.8509803921568627 0.8509803921568627 0.8509803921568627,
0.8509803921568627 0.8509803921568627 0.8509803921568627,
0.8509803921568627 0.8509803921568627 0.8509803921568627,
0.8509803921568627 0.8509803921568627 0.8509803921568627,
0.8509803921568627 0.8509803921568627 0.8509803921568627,
0.8509803921568627 0.8509803921568627 0.8509803921568627,
0.8509803921568627 0.8509803921568627 0.8509803921568627,
0.8509803921568627 0.8509803921568627 0.8509803921568627,
0.8509803921568627 0.8509803921568627 0.8509803921568627,
0.8509803921568627 0.8509803921568627 0.8509803921568627,
0.8509803921568627 0.8509803921568627 0.8509803921568627,
0.8509803921568627 0.8509803921568627 0.8509803921568627,
0.8509803921568627 0.8509803921568627 0.8509803921568627,
0.8509803921568627 0.8509803921568627 0.8509803921568627,
0.8509803921568627 0.8509803921568627 0.8509803921568627,
0.8509803921568627 0.8509803921568627 0.8509803921568627,
0.8509803921568627 0.8509803921568627 0.8509803921568627,
0.8509803921568627 0.8509803921568627 0.8509803921568627,
0.8509803921568627 0.8509803921568627 0.8509803921568627,
0.8509803921568627 0.8509803921568627 0.8509803921568627,
0.8509803921568627 0.8509803921568627 0.8509803921568627,
0.8509803921568627 0.8509803921568627 0.8509803921568627,
0.8509803921568627 0.8509803921568627 0.8509803921568627,
0.8509803921568627 0.8509803921568627 0.8509803921568627,
0.8509803921568627 0.8509803921568627 0.8509803921568627,
0.8509803921568627 0.8509803921568627 0.8509803921568627,
0.8509803921568627 0.8509803921568627 0.8509803921568627,
0.8509803921568627 0.8509803921568627 0.8509803921568627,
0.8509803921568627 0.8509803921568627 0.8509803921568627,
0.8509803921568627 0.8509803921568627 0.8509803921568627,
0.8509803921568627 0.8509803921568627 0.8509803921568627,
0.8509803921568627 0.8509803921568627 0.8509803921568627,
0.8509803921568627 0.8509803921568627 0.8509803921568627,
0.8509803921568627 0.8509803921568627 0.8509803921568627,
0.8509803921568627 0.8509803921568627 0.8509803921568627,
0.8509803921568627 0.8509803921568627 0.8509803921568627,
0.8509803921568627 0.8509803921568627 0.8509803921568627,
0.8509803921568627 0.8509803921568627 0.8509803921568627,
0.8509803921568627 0.8509803921568627 0.8509803921568627,
0.8509803921568627 0.8509803921568627 0.8509803921568627,
0.8509803921568627 0.8509803921568627 0.8509803921568627,
0.8509803921568627 0.8509803921568627 0.8509803921568627,
0.8509803921568627 0.8509803921568627 0.8509803921568627,
0.8509803921568627 0.8509803921568627 0.8509803921568627,
0.8509803921568627 0.8509803921568627 0.8509803921568627,
0.8509803921568627 0.8509803921568627 0.8509803921568627,
0.8509803921568627 0.8509803921568627 0.8509803921568627,
0.8509803921568627 0.8509803921568627 0.8509803921568627,
0.8509803921568627 0.8509803921568627 0.8509803921568627,
0.8509803921568627 0.8509803921568627 0.8509803921568627,
0.8509803921568627 0.8509803921568627 0.8509803921568627,
0.8509803921568627 0.8509803921568627 0.8509803921568627,
0.8509803921568627 0.8509803921568627 0.8509803921568627,
0.8509803921568627 0.8509803921568627 0.8509803921568627,
0.8509803921568627 0.8509803921568627 0.8509803921568627,
0.8509803921568627 0.8509803921568627 0.8509803921568627,
0.8509803921568627 0.8509803921568627 0.8509803921568627,
0.8509803921568627 0.8509803921568627 0.8509803921568627,
0.8509803921568627 0.8509803921568627 0.8509803921568627,
0.8509803921568627 0.8509803921568627 0.8509803921568627,
0.8509803921568627 0.8509803921568627 0.8509803921568627,
0.8509803921568627 0.8509803921568627 0.8509803921568627,
0.8509803921568627 0.8509803921568627 0.8509803921568627,
0.8509803921568627 0.8509803921568627 0.8509803921568627,
0.8509803921568627 0.8509803921568627 0.8509803921568627,
0.8509803921568627 0.8509803921568627 0.8509803921568627,
0.8509803921568627 0.8509803921568627 0.8509803921568627,
0.8509803921568627 0.8509803921568627 0.8509803921568627,
0.8509803921568627 0.8509803921568627 0.8509803921568627,
0.8509803921568627 0.8509803921568627 0.8509803921568627,
0.8509803921568627 0.8509803921568627 0.8509803921568627,
0.8509803921568627 0.8509803921568627 0.8509803921568627,
0.8509803921568627 0.8509803921568627 0.8509803921568627,
0.8509803921568627 0.8509803921568627 0.8509803921568627,
0.8509803921568627 0.8509803921568627 0.8509803921568627,
0.8509803921568627 0.8509803921568627 0.8509803921568627,
0.8509803921568627 0.8509803921568627 0.8509803921568627,
0.8509803921568627 0.8509803921568627 0.8509803921568627,
0.8509803921568627 0.8509803921568627 0.8509803921568627,
0.8509803921568627 0.8509803921568627 0.8509803921568627,
0.8509803921568627 0.8509803921568627 0.8509803921568627,
0.8509803921568627 0.8509803921568627 0.8509803921568627,
0.8509803921568627 0.8509803921568627 0.8509803921568627,
0.8509803921568627 0.8509803921568627 0.8509803921568627,
0.8509803921568627 0.8509803921568627 0.8509803921568627,
0.8509803921568627 0.8509803921568627 0.8509803921568627,
0.8509803921568627 0.8509803921568627 0.8509803921568627,
0.8509803921568627 0.8509803921568627 0.8509803921568627,
0.8509803921568627 0.8509803921568627 0.8509803921568627,
0.8509803921568627 0.8509803921568627 0.8509803921568627,
0.8509803921568627 0.8509803921568627 0.8509803921568627,
0.8509803921568627 0.8509803921568627 0.8509803921568627,
0.8509803921568627 0.8509803921568627 0.8509803921568627,
0.8509803921568627 0.8509803921568627 0.8509803921568627,
0.8509803921568627 0.8509803921568627 0.8509803921568627,
0.8509803921568627 0.8509803921568627 0.8509803921568627,
0.8509803921568627 0.8509803921568627 0.8509803921568627,
0.8509803921568627 0.8509803921568627 0.8509803921568627,
0.8509803921568627 0.8509803921568627 0.8509803921568627,
0.8509803921568627 0.8509803921568627 0.8509803921568627,
0.8509803921568627 0.8509803921568627 0.8509803921568627,
0.8509803921568627 0.8509803921568627 0.8509803921568627,
0.8509803921568627 0.8509803921568627 0.8509803921568627,
0.8509803921568627 0.8509803921568627 0.8509803921568627,
0.8509803921568627 0.8509803921568627 0.8509803921568627,
0.8509803921568627 0.8509803921568627 0.8509803921568627,
0.8509803921568627 0.8509803921568627 0.8509803921568627,
0.8509803921568627 0.8509803921568627 0.8509803921568627,
0.8509803921568627 0.8509803921568627 0.8509803921568627,
0.8509803921568627 0.8509803921568627 0.8509803921568627,
0.8509803921568627 0.8509803921568627 0.8509803921568627,
0.8509803921568627 0.8509803921568627 0.8509803921568627,
0.8509803921568627 0.8509803921568627 0.8509803921568627,
0.8509803921568627 0.8509803921568627 0.8509803921568627,
0.8509803921568627 0.8509803921568627 0.8509803921568627,
0.8509803921568627 0.8509803921568627 0.8509803921568627,
0.8509803921568627 0.8509803921568627 0.8509803921568627,
0.8509803921568627 0.8509803921568627 0.8509803921568627,
0.8509803921568627 0.8509803921568627 0.8509803921568627,
0.8509803921568627 0.8509803921568627 0.8509803921568627,
0.8509803921568627 0.8509803921568627 0.8509803921568627,
0.8509803921568627 0.8509803921568627 0.8509803921568627,
0.8509803921568627 0.8509803921568627 0.8509803921568627,
0.8509803921568627 0.8509803921568627 0.8509803921568627,
0.8509803921568627 0.8509803921568627 0.8509803921568627,
0.8509803921568627 0.8509803921568627 0.8509803921568627,
0.8509803921568627 0.8509803921568627 0.8509803921568627,
0.8509803921568627 0.8509803921568627 0.8509803921568627,
0.8509803921568627 0.8509803921568627 0.8509803921568627,
0.8509803921568627 0.8509803921568627 0.8509803921568627,
0.8509803921568627 0.8509803921568627 0.8509803921568627,
0.8509803921568627 0.8509803921568627 0.8509803921568627,
0.8509803921568627 0.8509803921568627 0.8509803921568627,
0.8509803921568627 0.8509803921568627 0.8509803921568627,
0.8509803921568627 0.8509803921568627 0.8509803921568627,
0.8509803921568627 0.8509803921568627 0.8509803921568627,
0.8509803921568627 0.8509803921568627 0.8509803921568627,
0.8509803921568627 0.8509803921568627 0.8509803921568627,
0.8509803921568627 0.8509803921568627 0.8509803921568627,
0.8509803921568627 0.8509803921568627 0.8509803921568627,
0.8509803921568627 0.8509803921568627 0.8509803921568627,
0.8509803921568627 0.8509803921568627 0.8509803921568627,
0.8509803921568627 0.8509803921568627 0.8509803921568627,
0.8509803921568627 0.8509803921568627 0.8509803921568627,
0.8509803921568627 0.8509803921568627 0.8509803921568627,
0.8509803921568627 0.8509803921568627 0.8509803921568627,
0.8509803921568627 0.8509803921568627 0.8509803921568627,
0.8509803921568627 0.8509803921568627 0.8509803921568627,
0.8509803921568627 0.8509803921568627 0.8509803921568627,
0.8509803921568627 0.8509803921568627 0.8509803921568627,
0.8509803921568627 0.8509803921568627 0.8509803921568627,
0.8509803921568627 0.8509803921568627 0.8509803921568627,
0.8509803921568627 0.8509803921568627 0.8509803921568627,
0.8509803921568627 0.8509803921568627 0.8509803921568627,
0.8509803921568627 0.8509803921568627 0.8509803921568627,
0.8509803921568627 0.8509803921568627 0.8509803921568627,
0.8509803921568627 0.8509803921568627 0.8509803921568627,
0.8509803921568627 0.8509803921568627 0.8509803921568627,
0.8509803921568627 0.8509803921568627 0.8509803921568627,
0.8509803921568627 0.8509803921568627 0.8509803921568627,
0.8509803921568627 0.8509803921568627 0.8509803921568627,
0.8509803921568627 0.8509803921568627 0.8509803921568627,
0.8509803921568627 0.8509803921568627 0.8509803921568627,
0.8509803921568627 0.8509803921568627 0.8509803921568627,
0.8509803921568627 0.8509803921568627 0.8509803921568627,
0.8509803921568627 0.8509803921568627 0.8509803921568627,
0.8509803921568627 0.8509803921568627 0.8509803921568627,
0.8509803921568627 0.8509803921568627 0.8509803921568627,
0.8509803921568627 0.8509803921568627 0.8509803921568627,
0.8509803921568627 0.8509803921568627 0.8509803921568627,
0.8509803921568627 0.8509803921568627 0.8509803921568627,
0.8509803921568627 0.8509803921568627 0.8509803921568627,
0.8509803921568627 0.8509803921568627 0.8509803921568627,
0.8509803921568627 0.8509803921568627 0.8509803921568627,
0.8509803921568627 0.8509803921568627 0.8509803921568627,
0.8509803921568627 0.8509803921568627 0.8509803921568627,
0.8509803921568627 0.8509803921568627 0.8509803921568627,
0.8509803921568627 0.8509803921568627 0.8509803921568627,
0.8509803921568627 0.8509803921568627 0.8509803921568627,
0.8509803921568627 0.8509803921568627 0.8509803921568627,
0.8509803921568627 0.8509803921568627 0.8509803921568627,
0.8509803921568627 0.8509803921568627 0.8509803921568627,
0.8509803921568627 0.8509803921568627 0.8509803921568627,
0.8509803921568627 0.8509803921568627 0.8509803921568627,
0.8509803921568627 0.8509803921568627 0.8509803921568627,
0.8509803921568627 0.8509803921568627 0.8509803921568627,
0.8509803921568627 0.8509803921568627 0.8509803921568627,
0.8509803921568627 0.8509803921568627 0.8509803921568627,
0.8509803921568627 0.8509803921568627 0.8509803921568627,
0.8509803921568627 0.8509803921568627 0.8509803921568627,
0.8509803921568627 0.8509803921568627 0.8509803921568627,
0.8509803921568627 0.8509803921568627 0.8509803921568627,
0.8509803921568627 0.8509803921568627 0.8509803921568627,
0.8509803921568627 0.8509803921568627 0.8509803921568627,
0.8509803921568627 0.8509803921568627 0.8509803921568627,
0.8509803921568627 0.8509803921568627 0.8509803921568627,
0.8509803921568627 0.8509803921568627 0.8509803921568627,
0.8509803921568627 0.8509803921568627 0.8509803921568627,
0.8509803921568627 0.8509803921568627 0.8509803921568627,
0.8509803921568627 0.8509803921568627 0.8509803921568627,
0.8509803921568627 0.8509803921568627 0.8509803921568627,
0.8509803921568627 0.8509803921568627 0.8509803921568627,
0.8509803921568627 0.8509803921568627 0.8509803921568627,
0.8509803921568627 0.8509803921568627 0.8509803921568627,
0.8509803921568627 0.8509803921568627 0.8509803921568627,
0.8509803921568627 0.8509803921568627 0.8509803921568627,
0.8509803921568627 0.8509803921568627 0.8509803921568627,
0.8509803921568627 0.8509803921568627 0.8509803921568627,
0.8509803921568627 0.8509803921568627 0.8509803921568627,
0.8509803921568627 0.8509803921568627 0.8509803921568627,
0.8509803921568627 0.8509803921568627 0.8509803921568627,
0.8509803921568627 0.8509803921568627 0.8509803921568627,
0.8509803921568627 0.8509803921568627 0.8509803921568627,
0.8509803921568627 0.8509803921568627 0.8509803921568627,
0.8509803921568627 0.8509803921568627 0.8509803921568627,
0.8509803921568627 0.8509803921568627 0.8509803921568627,
0.8509803921568627 0.8509803921568627 0.8509803921568627,
0.8509803921568627 0.8509803921568627 0.8509803921568627,
0.8509803921568627 0.8509803921568627 0.8509803921568627,
0.8509803921568627 0.8509803921568627 0.8509803921568627,
0.8509803921568627 0.8509803921568627 0.8509803921568627,
0.8509803921568627 0.8509803921568627 0.8509803921568627,
0.8509803921568627 0.8509803921568627 0.8509803921568627,
0.8509803921568627 0.8509803921568627 0.8509803921568627,
0.8509803921568627 0.8509803921568627 0.8509803921568627,
0.8509803921568627 0.8509803921568627 0.8509803921568627,
0.8509803921568627 0.8509803921568627 0.8509803921568627,
0.8509803921568627 0.8509803921568627 0.8509803921568627,
0.8509803921568627 0.8509803921568627 0.8509803921568627,
0.8509803921568627 0.8509803921568627 0.8509803921568627,
0.8509803921568627 0.8509803921568627 0.8509803921568627,
0.8509803921568627 0.8509803921568627 0.8509803921568627,
0.8509803921568627 0.8509803921568627 0.8509803921568627,
0.8509803921568627 0.8509803921568627 0.8509803921568627,
0.8509803921568627 0.8509803921568627 0.8509803921568627,
0.8509803921568627 0.8509803921568627 0.8509803921568627,
0.8509803921568627 0.8509803921568627 0.8509803921568627,
0.8509803921568627 0.8509803921568627 0.8509803921568627,
0.8509803921568627 0.8509803921568627 0.8509803921568627,
0.8509803921568627 0.8509803921568627 0.8509803921568627,
0.8509803921568627 0.8509803921568627 0.8509803921568627,
0.8509803921568627 0.8509803921568627 0.8509803921568627,
0.8509803921568627 0.8509803921568627 0.8509803921568627,
0.8509803921568627 0.8509803921568627 0.8509803921568627,
0.8509803921568627 0.8509803921568627 0.8509803921568627,
0.8509803921568627 0.8509803921568627 0.8509803921568627,
0.8509803921568627 0.8509803921568627 0.8509803921568627,
0.8509803921568627 0.8509803921568627 0.8509803921568627,
0.8509803921568627 0.8509803921568627 0.8509803921568627,
0.8509803921568627 0.8509803921568627 0.8509803921568627,
0.8509803921568627 0.8509803921568627 0.8509803921568627,
0.8509803921568627 0.8509803921568627 0.8509803921568627,
0.8509803921568627 0.8509803921568627 0.8509803921568627,
0.8509803921568627 0.8509803921568627 0.8509803921568627,
0.8509803921568627 0.8509803921568627 0.8509803921568627,
0.8509803921568627 0.8509803921568627 0.8509803921568627,
0.8509803921568627 0.8509803921568627 0.8509803921568627,
0.8509803921568627 0.8509803921568627 0.8509803921568627,
0.8509803921568627 0.8509803921568627 0.8509803921568627,
0.8509803921568627 0.8509803921568627 0.8509803921568627,
0.8509803921568627 0.8509803921568627 0.8509803921568627,
0.8509803921568627 0.8509803921568627 0.8509803921568627,
0.8509803921568627 0.8509803921568627 0.8509803921568627,
0.8509803921568627 0.8509803921568627 0.8509803921568627,
0.8509803921568627 0.8509803921568627 0.8509803921568627,
0.8509803921568627 0.8509803921568627 0.8509803921568627,
0.8509803921568627 0.8509803921568627 0.8509803921568627,
0.8509803921568627 0.8509803921568627 0.8509803921568627,
0.8509803921568627 0.8509803921568627 0.8509803921568627,
0.8509803921568627 0.8509803921568627 0.8509803921568627,
0.8509803921568627 0.8509803921568627 0.8509803921568627,
0.8509803921568627 0.8509803921568627 0.8509803921568627,
0.8509803921568627 0.8509803921568627 0.8509803921568627,
0.8509803921568627 0.8509803921568627 0.8509803921568627,
0.8509803921568627 0.8509803921568627 0.8509803921568627,
0.8509803921568627 0.8509803921568627 0.8509803921568627,
0.8509803921568627 0.8509803921568627 0.8509803921568627,
0.8509803921568627 0.8509803921568627 0.8509803921568627,
0.8509803921568627 0.8509803921568627 0.8509803921568627,
0.8509803921568627 0.8509803921568627 0.8509803921568627,
0.8509803921568627 0.8509803921568627 0.8509803921568627,
0.8509803921568627 0.8509803921568627 0.8509803921568627,
0.8509803921568627 0.8509803921568627 0.8509803921568627,
0.8509803921568627 0.8509803921568627 0.8509803921568627,
0.8509803921568627 0.8509803921568627 0.8509803921568627,
0.8509803921568627 0.8509803921568627 0.8509803921568627,
0.8509803921568627 0.8509803921568627 0.8509803921568627,
0.8509803921568627 0.8509803921568627 0.8509803921568627,
0.8509803921568627 0.8509803921568627 0.8509803921568627,
0.8509803921568627 0.8509803921568627 0.8509803921568627,
0.8509803921568627 0.8509803921568627 0.8509803921568627,
0.8509803921568627 0.8509803921568627 0.8509803921568627,
0.8509803921568627 0.8509803921568627 0.8509803921568627,
0.8509803921568627 0.8509803921568627 0.8509803921568627,
0.8509803921568627 0.8509803921568627 0.8509803921568627,
0.8509803921568627 0.8509803921568627 0.8509803921568627,
0.8509803921568627 0.8509803921568627 0.8509803921568627,
0.8509803921568627 0.8509803921568627 0.8509803921568627,
0.8509803921568627 0.8509803921568627 0.8509803921568627,
0.8509803921568627 0.8509803921568627 0.8509803921568627,
0.8509803921568627 0.8509803921568627 0.8509803921568627,
0.8509803921568627 0.8509803921568627 0.8509803921568627,
0.8509803921568627 0.8509803921568627 0.8509803921568627,
0.8509803921568627 0.8509803921568627 0.8509803921568627,
0.8509803921568627 0.8509803921568627 0.8509803921568627,
0.8509803921568627 0.8509803921568627 0.8509803921568627,
0.8509803921568627 0.8509803921568627 0.8509803921568627,
0.8509803921568627 0.8509803921568627 0.8509803921568627,
0.8509803921568627 0.8509803921568627 0.8509803921568627,
0.8509803921568627 0.8509803921568627 0.8509803921568627,
0.8509803921568627 0.8509803921568627 0.8509803921568627,
0.8509803921568627 0.8509803921568627 0.8509803921568627,
0.8509803921568627 0.8509803921568627 0.8509803921568627,
0.8509803921568627 0.8509803921568627 0.8509803921568627,
0.8509803921568627 0.8509803921568627 0.8509803921568627,
0.8509803921568627 0.8509803921568627 0.8509803921568627,
0.8509803921568627 0.8509803921568627 0.8509803921568627,
0.8509803921568627 0.8509803921568627 0.8509803921568627,
0.8509803921568627 0.8509803921568627 0.8509803921568627,
0.8509803921568627 0.8509803921568627 0.8509803921568627,
0.8509803921568627 0.8509803921568627 0.8509803921568627,
0.8509803921568627 0.8509803921568627 0.8509803921568627,
0.8509803921568627 0.8509803921568627 0.8509803921568627,
0.8509803921568627 0.8509803921568627 0.8509803921568627,
0.8509803921568627 0.8509803921568627 0.8509803921568627,
0.8509803921568627 0.8509803921568627 0.8509803921568627,
0.8509803921568627 0.8509803921568627 0.8509803921568627,
0.8509803921568627 0.8509803921568627 0.8509803921568627,
0.8509803921568627 0.8509803921568627 0.8509803921568627,
0.8509803921568627 0.8509803921568627 0.8509803921568627,
0.8509803921568627 0.8509803921568627 0.8509803921568627,
0.8509803921568627 0.8509803921568627 0.8509803921568627,
0.8509803921568627 0.8509803921568627 0.8509803921568627,
0.8509803921568627 0.8509803921568627 0.8509803921568627,
0.8509803921568627 0.8509803921568627 0.8509803921568627,
0.8509803921568627 0.8509803921568627 0.8509803921568627,
0.8509803921568627 0.8509803921568627 0.8509803921568627,
0.8509803921568627 0.8509803921568627 0.8509803921568627,
0.8509803921568627 0.8509803921568627 0.8509803921568627,
0.8509803921568627 0.8509803921568627 0.8509803921568627,
0.8509803921568627 0.8509803921568627 0.8509803921568627,
0.8509803921568627 0.8509803921568627 0.8509803921568627,
0.8509803921568627 0.8509803921568627 0.8509803921568627,
0.8509803921568627 0.8509803921568627 0.8509803921568627,
0.8509803921568627 0.8509803921568627 0.8509803921568627,
0.8509803921568627 0.8509803921568627 0.8509803921568627,
0.8509803921568627 0.8509803921568627 0.8509803921568627,
0.8509803921568627 0.8509803921568627 0.8509803921568627,
0.8509803921568627 0.8509803921568627 0.8509803921568627,
0.8509803921568627 0.8509803921568627 0.8509803921568627,
0.8509803921568627 0.8509803921568627 0.8509803921568627,
0.8509803921568627 0.8509803921568627 0.8509803921568627,
0.8509803921568627 0.8509803921568627 0.8509803921568627,
0.8509803921568627 0.8509803921568627 0.8509803921568627,
0.8509803921568627 0.8509803921568627 0.8509803921568627,
0.8509803921568627 0.8509803921568627 0.8509803921568627,
0.8509803921568627 0.8509803921568627 0.8509803921568627,
0.8509803921568627 0.8509803921568627 0.8509803921568627,
0.8509803921568627 0.8509803921568627 0.8509803921568627,
0.8509803921568627 0.8509803921568627 0.8509803921568627,
0.8509803921568627 0.8509803921568627 0.8509803921568627,
0.8509803921568627 0.8509803921568627 0.8509803921568627,
0.8509803921568627 0.8509803921568627 0.8509803921568627,
0.8509803921568627 0.8509803921568627 0.8509803921568627,
0.8509803921568627 0.8509803921568627 0.8509803921568627,
0.8509803921568627 0.8509803921568627 0.8509803921568627,
0.8509803921568627 0.8509803921568627 0.8509803921568627,
0.8509803921568627 0.8509803921568627 0.8509803921568627,
0.8509803921568627 0.8509803921568627 0.8509803921568627,
0.8509803921568627 0.8509803921568627 0.8509803921568627,
0.8509803921568627 0.8509803921568627 0.8509803921568627,
0.8509803921568627 0.8509803921568627 0.8509803921568627,
0.8509803921568627 0.8509803921568627 0.8509803921568627,
0.8509803921568627 0.8509803921568627 0.8509803921568627,
0.8509803921568627 0.8509803921568627 0.8509803921568627,
0.8509803921568627 0.8509803921568627 0.8509803921568627,
0.8509803921568627 0.8509803921568627 0.8509803921568627,
0.8509803921568627 0.8509803921568627 0.8509803921568627,
0.8509803921568627 0.8509803921568627 0.8509803921568627,
0.8509803921568627 0.8509803921568627 0.8509803921568627,
0.8509803921568627 0.8509803921568627 0.8509803921568627,
0.8509803921568627 0.8509803921568627 0.8509803921568627,
0.8509803921568627 0.8509803921568627 0.8509803921568627,
0.8509803921568627 0.8509803921568627 0.8509803921568627,
0.8509803921568627 0.8509803921568627 0.8509803921568627,
0.8509803921568627 0.8509803921568627 0.8509803921568627,
0.8509803921568627 0.8509803921568627 0.8509803921568627,
0.8509803921568627 0.8509803921568627 0.8509803921568627,
0.8509803921568627 0.8509803921568627 0.8509803921568627,
0.8509803921568627 0.8509803921568627 0.8509803921568627,
0.8509803921568627 0.8509803921568627 0.8509803921568627,
0.8509803921568627 0.8509803921568627 0.8509803921568627,
0.8509803921568627 0.8509803921568627 0.8509803921568627,
0.8509803921568627 0.8509803921568627 0.8509803921568627,
0.8509803921568627 0.8509803921568627 0.8509803921568627,
0.8509803921568627 0.8509803921568627 0.8509803921568627,
0.8509803921568627 0.8509803921568627 0.8509803921568627,
0.8509803921568627 0.8509803921568627 0.8509803921568627,
0.8509803921568627 0.8509803921568627 0.8509803921568627,
0.8509803921568627 0.8509803921568627 0.8509803921568627,
0.8509803921568627 0.8509803921568627 0.8509803921568627,
0.8509803921568627 0.8509803921568627 0.8509803921568627,
0.8509803921568627 0.8509803921568627 0.8509803921568627,
0.8509803921568627 0.8509803921568627 0.8509803921568627,
0.8509803921568627 0.8509803921568627 0.8509803921568627,
0.8509803921568627 0.8509803921568627 0.8509803921568627,
0.8509803921568627 0.8509803921568627 0.8509803921568627,
0.8509803921568627 0.8509803921568627 0.8509803921568627,
0.8509803921568627 0.8509803921568627 0.8509803921568627,
0.8509803921568627 0.8509803921568627 0.8509803921568627,
0.8509803921568627 0.8509803921568627 0.8509803921568627,
0.8509803921568627 0.8509803921568627 0.8509803921568627,
0.8509803921568627 0.8509803921568627 0.8509803921568627,
0.8509803921568627 0.8509803921568627 0.8509803921568627,
0.8509803921568627 0.8509803921568627 0.8509803921568627,
0.8509803921568627 0.8509803921568627 0.8509803921568627,
0.8509803921568627 0.8509803921568627 0.8509803921568627,
0.8509803921568627 0.8509803921568627 0.8509803921568627,
0.8509803921568627 0.8509803921568627 0.8509803921568627,
0.8509803921568627 0.8509803921568627 0.8509803921568627,
0.8509803921568627 0.8509803921568627 0.8509803921568627,
0.8509803921568627 0.8509803921568627 0.8509803921568627,
0.8509803921568627 0.8509803921568627 0.8509803921568627,
0.8509803921568627 0.8509803921568627 0.8509803921568627,
0.8509803921568627 0.8509803921568627 0.8509803921568627,
0.8509803921568627 0.8509803921568627 0.8509803921568627,
0.8509803921568627 0.8509803921568627 0.8509803921568627,
0.8509803921568627 0.8509803921568627 0.8509803921568627,
0.8509803921568627 0.8509803921568627 0.8509803921568627,
0.8509803921568627 0.8509803921568627 0.8509803921568627,
0.8509803921568627 0.8509803921568627 0.8509803921568627,
0.8509803921568627 0.8509803921568627 0.8509803921568627,
0.8509803921568627 0.8509803921568627 0.8509803921568627,
0.8509803921568627 0.8509803921568627 0.8509803921568627,
0.8509803921568627 0.8509803921568627 0.8509803921568627,
0.8509803921568627 0.8509803921568627 0.8509803921568627,
0.8509803921568627 0.8509803921568627 0.8509803921568627,
0.8509803921568627 0.8509803921568627 0.8509803921568627,
0.8509803921568627 0.8509803921568627 0.8509803921568627,
0.8509803921568627 0.8509803921568627 0.8509803921568627,
0.8509803921568627 0.8509803921568627 0.8509803921568627,
0.8509803921568627 0.8509803921568627 0.8509803921568627,
0.8509803921568627 0.8509803921568627 0.8509803921568627,
0.8509803921568627 0.8509803921568627 0.8509803921568627,
0.8509803921568627 0.8509803921568627 0.8509803921568627,
0.8509803921568627 0.8509803921568627 0.8509803921568627,
0.8509803921568627 0.8509803921568627 0.8509803921568627,
0.8509803921568627 0.8509803921568627 0.8509803921568627,
0.8509803921568627 0.8509803921568627 0.8509803921568627,
0.8509803921568627 0.8509803921568627 0.8509803921568627,
0.8509803921568627 0.8509803921568627 0.8509803921568627,
0.8509803921568627 0.8509803921568627 0.8509803921568627,
0.8509803921568627 0.8509803921568627 0.8509803921568627,
0.8509803921568627 0.8509803921568627 0.8509803921568627,
0.8509803921568627 0.8509803921568627 0.8509803921568627,
0.8509803921568627 0.8509803921568627 0.8509803921568627,
0.8509803921568627 0.8509803921568627 0.8509803921568627,
0.8509803921568627 0.8509803921568627 0.8509803921568627,
0.8509803921568627 0.8509803921568627 0.8509803921568627,
0.8509803921568627 0.8509803921568627 0.8509803921568627,
0.8509803921568627 0.8509803921568627 0.8509803921568627,
0.8509803921568627 0.8509803921568627 0.8509803921568627,
0.8509803921568627 0.8509803921568627 0.8509803921568627,
0.8509803921568627 0.8509803921568627 0.8509803921568627,
0.8509803921568627 0.8509803921568627 0.8509803921568627,
0.8509803921568627 0.8509803921568627 0.8509803921568627,
0.8509803921568627 0.8509803921568627 0.8509803921568627,
0.8509803921568627 0.8509803921568627 0.8509803921568627,
0.8509803921568627 0.8509803921568627 0.8509803921568627,
0.8509803921568627 0.8509803921568627 0.8509803921568627,
0.8509803921568627 0.8509803921568627 0.8509803921568627,
0.8509803921568627 0.8509803921568627 0.8509803921568627,
0.8509803921568627 0.8509803921568627 0.8509803921568627,
0.8509803921568627 0.8509803921568627 0.8509803921568627,
0.8509803921568627 0.8509803921568627 0.8509803921568627,
0.8509803921568627 0.8509803921568627 0.8509803921568627,
0.8509803921568627 0.8509803921568627 0.8509803921568627,
0.8509803921568627 0.8509803921568627 0.8509803921568627,
0.8509803921568627 0.8509803921568627 0.8509803921568627,
0.8509803921568627 0.8509803921568627 0.8509803921568627,
0.8509803921568627 0.8509803921568627 0.8509803921568627,
0.8509803921568627 0.8509803921568627 0.8509803921568627,
0.8509803921568627 0.8509803921568627 0.8509803921568627,
0.8509803921568627 0.8509803921568627 0.8509803921568627,
0.8509803921568627 0.8509803921568627 0.8509803921568627,
0.8509803921568627 0.8509803921568627 0.8509803921568627,
0.8509803921568627 0.8509803921568627 0.8509803921568627,
0.8509803921568627 0.8509803921568627 0.8509803921568627,
0.8509803921568627 0.8509803921568627 0.8509803921568627,
0.8509803921568627 0.8509803921568627 0.8509803921568627,
0.8509803921568627 0.8509803921568627 0.8509803921568627,
0.8509803921568627 0.8509803921568627 0.8509803921568627,
0.8509803921568627 0.8509803921568627 0.8509803921568627,
0.8509803921568627 0.8509803921568627 0.8509803921568627,
0.8509803921568627 0.8509803921568627 0.8509803921568627,
0.8509803921568627 0.8509803921568627 0.8509803921568627,
0.8509803921568627 0.8509803921568627 0.8509803921568627,
0.8509803921568627 0.8509803921568627 0.8509803921568627,
0.8509803921568627 0.8509803921568627 0.8509803921568627,
0.8509803921568627 0.8509803921568627 0.8509803921568627,
0.8509803921568627 0.8509803921568627 0.8509803921568627,
0.8509803921568627 0.8509803921568627 0.8509803921568627,
0.8509803921568627 0.8509803921568627 0.8509803921568627,
0.8509803921568627 0.8509803921568627 0.8509803921568627,
0.8509803921568627 0.8509803921568627 0.8509803921568627,
0.8509803921568627 0.8509803921568627 0.8509803921568627,
0.8509803921568627 0.8509803921568627 0.8509803921568627,
0.8509803921568627 0.8509803921568627 0.8509803921568627,
0.8509803921568627 0.8509803921568627 0.8509803921568627,
0.8509803921568627 0.8509803921568627 0.8509803921568627,
0.8509803921568627 0.8509803921568627 0.8509803921568627,
0.8509803921568627 0.8509803921568627 0.8509803921568627,
0.8509803921568627 0.8509803921568627 0.8509803921568627,
0.8509803921568627 0.8509803921568627 0.8509803921568627,
0.8509803921568627 0.8509803921568627 0.8509803921568627,
0.8509803921568627 0.8509803921568627 0.8509803921568627,
0.8509803921568627 0.8509803921568627 0.8509803921568627,
0.8509803921568627 0.8509803921568627 0.8509803921568627,
0.8509803921568627 0.8509803921568627 0.8509803921568627,
0.8509803921568627 0.8509803921568627 0.8509803921568627,
0.8509803921568627 0.8509803921568627 0.8509803921568627,
0.8509803921568627 0.8509803921568627 0.8509803921568627,
0.8509803921568627 0.8509803921568627 0.8509803921568627,
0.8509803921568627 0.8509803921568627 0.8509803921568627,
0.8509803921568627 0.8509803921568627 0.8509803921568627,
0.8509803921568627 0.8509803921568627 0.8509803921568627,
0.8509803921568627 0.8509803921568627 0.8509803921568627,
0.8509803921568627 0.8509803921568627 0.8509803921568627,
0.8509803921568627 0.8509803921568627 0.8509803921568627,
0.8509803921568627 0.8509803921568627 0.8509803921568627,
0.8509803921568627 0.8509803921568627 0.8509803921568627,
0.8509803921568627 0.8509803921568627 0.8509803921568627,
0.8509803921568627 0.8509803921568627 0.8509803921568627,
0.8509803921568627 0.8509803921568627 0.8509803921568627,
0.8509803921568627 0.8509803921568627 0.8509803921568627,
0.8509803921568627 0.8509803921568627 0.8509803921568627,
0.8509803921568627 0.8509803921568627 0.8509803921568627,
0.8509803921568627 0.8509803921568627 0.8509803921568627,
0.8509803921568627 0.8509803921568627 0.8509803921568627,
0.8509803921568627 0.8509803921568627 0.8509803921568627,
0.8509803921568627 0.8509803921568627 0.8509803921568627,
0.8509803921568627 0.8509803921568627 0.8509803921568627,
0.8509803921568627 0.8509803921568627 0.8509803921568627,
0.8509803921568627 0.8509803921568627 0.8509803921568627,
0.8509803921568627 0.8509803921568627 0.8509803921568627,
0.8509803921568627 0.8509803921568627 0.8509803921568627,
0.8509803921568627 0.8509803921568627 0.8509803921568627,
0.8509803921568627 0.8509803921568627 0.8509803921568627,
0.8509803921568627 0.8509803921568627 0.8509803921568627,
0.8509803921568627 0.8509803921568627 0.8509803921568627,
0.8509803921568627 0.8509803921568627 0.8509803921568627,
0.8509803921568627 0.8509803921568627 0.8509803921568627,
0.8509803921568627 0.8509803921568627 0.8509803921568627,
0.8509803921568627 0.8509803921568627 0.8509803921568627,
0.8509803921568627 0.8509803921568627 0.8509803921568627,
0.8509803921568627 0.8509803921568627 0.8509803921568627,
0.8509803921568627 0.8509803921568627 0.8509803921568627,
0.8509803921568627 0.8509803921568627 0.8509803921568627,
0.8509803921568627 0.8509803921568627 0.8509803921568627,
0.8509803921568627 0.8509803921568627 0.8509803921568627,
0.8509803921568627 0.8509803921568627 0.8509803921568627,
0.8509803921568627 0.8509803921568627 0.8509803921568627,
0.8509803921568627 0.8509803921568627 0.8509803921568627,
0.8509803921568627 0.8509803921568627 0.8509803921568627,
0.8509803921568627 0.8509803921568627 0.8509803921568627,
0.8509803921568627 0.8509803921568627 0.8509803921568627,
0.8509803921568627 0.8509803921568627 0.8509803921568627,
0.8509803921568627 0.8509803921568627 0.8509803921568627,
0.8509803921568627 0.8509803921568627 0.8509803921568627,
0.8509803921568627 0.8509803921568627 0.8509803921568627,
0.8509803921568627 0.8509803921568627 0.8509803921568627,
0.8509803921568627 0.8509803921568627 0.8509803921568627,
0.8509803921568627 0.8509803921568627 0.8509803921568627,
0.8509803921568627 0.8509803921568627 0.8509803921568627,
0.8509803921568627 0.8509803921568627 0.8509803921568627,
0.8509803921568627 0.8509803921568627 0.8509803921568627,
0.8509803921568627 0.8509803921568627 0.8509803921568627,
0.8509803921568627 0.8509803921568627 0.8509803921568627,
0.8509803921568627 0.8509803921568627 0.8509803921568627,
0.8509803921568627 0.8509803921568627 0.8509803921568627,
0.8509803921568627 0.8509803921568627 0.8509803921568627,
0.8509803921568627 0.8509803921568627 0.8509803921568627,
0.8509803921568627 0.8509803921568627 0.8509803921568627,
0.8509803921568627 0.8509803921568627 0.8509803921568627,
0.8509803921568627 0.8509803921568627 0.8509803921568627,
0.8509803921568627 0.8509803921568627 0.8509803921568627,
0.8509803921568627 0.8509803921568627 0.8509803921568627,
0.8509803921568627 0.8509803921568627 0.8509803921568627,
0.8509803921568627 0.8509803921568627 0.8509803921568627,
0.8509803921568627 0.8509803921568627 0.8509803921568627,
0.8509803921568627 0.8509803921568627 0.8509803921568627,
0.8509803921568627 0.8509803921568627 0.8509803921568627,
0.8509803921568627 0.8509803921568627 0.8509803921568627,
0.8509803921568627 0.8509803921568627 0.8509803921568627,
0.8509803921568627 0.8509803921568627 0.8509803921568627,
0.8509803921568627 0.8509803921568627 0.8509803921568627,
0.8509803921568627 0.8509803921568627 0.8509803921568627,
0.8509803921568627 0.8509803921568627 0.8509803921568627,
0.8509803921568627 0.8509803921568627 0.8509803921568627,
0.8509803921568627 0.8509803921568627 0.8509803921568627,
0.8509803921568627 0.8509803921568627 0.8509803921568627,
0.8509803921568627 0.8509803921568627 0.8509803921568627,
0.8509803921568627 0.8509803921568627 0.8509803921568627,
0.8509803921568627 0.8509803921568627 0.8509803921568627,
0.8509803921568627 0.8509803921568627 0.8509803921568627,
0.8509803921568627 0.8509803921568627 0.8509803921568627,
0.8509803921568627 0.8509803921568627 0.8509803921568627,
0.8509803921568627 0.8509803921568627 0.8509803921568627,
0.8509803921568627 0.8509803921568627 0.8509803921568627,
0.8509803921568627 0.8509803921568627 0.8509803921568627,
0.8509803921568627 0.8509803921568627 0.8509803921568627,
0.8509803921568627 0.8509803921568627 0.8509803921568627,
0.8509803921568627 0.8509803921568627 0.8509803921568627,
0.8509803921568627 0.8509803921568627 0.8509803921568627,
0.8509803921568627 0.8509803921568627 0.8509803921568627,
0.8509803921568627 0.8509803921568627 0.8509803921568627,
0.8509803921568627 0.8509803921568627 0.8509803921568627,
0.8509803921568627 0.8509803921568627 0.8509803921568627,
0.8509803921568627 0.8509803921568627 0.8509803921568627,
0.8509803921568627 0.8509803921568627 0.8509803921568627,
0.8509803921568627 0.8509803921568627 0.8509803921568627,
0.8509803921568627 0.8509803921568627 0.8509803921568627,
0.8509803921568627 0.8509803921568627 0.8509803921568627,
0.8509803921568627 0.8509803921568627 0.8509803921568627,
0.8509803921568627 0.8509803921568627 0.8509803921568627,
0.8509803921568627 0.8509803921568627 0.8509803921568627,
0.8509803921568627 0.8509803921568627 0.8509803921568627,
0.8509803921568627 0.8509803921568627 0.8509803921568627,
0.8509803921568627 0.8509803921568627 0.8509803921568627,
0.8509803921568627 0.8509803921568627 0.8509803921568627,
0.8509803921568627 0.8509803921568627 0.8509803921568627,
0.8509803921568627 0.8509803921568627 0.8509803921568627,
0.8509803921568627 0.8509803921568627 0.8509803921568627,
0.8509803921568627 0.8509803921568627 0.8509803921568627,
0.8509803921568627 0.8509803921568627 0.8509803921568627,
0.8509803921568627 0.8509803921568627 0.8509803921568627,
0.8509803921568627 0.8509803921568627 0.8509803921568627,
0.8509803921568627 0.8509803921568627 0.8509803921568627,
0.8509803921568627 0.8509803921568627 0.8509803921568627,
0.8509803921568627 0.8509803921568627 0.8509803921568627,
0.8509803921568627 0.8509803921568627 0.8509803921568627,
0.8509803921568627 0.8509803921568627 0.8509803921568627,
0.8509803921568627 0.8509803921568627 0.8509803921568627,
0.8509803921568627 0.8509803921568627 0.8509803921568627,
0.8509803921568627 0.8509803921568627 0.8509803921568627,
0.8509803921568627 0.8509803921568627 0.8509803921568627,
0.8509803921568627 0.8509803921568627 0.8509803921568627,
0.8509803921568627 0.8509803921568627 0.8509803921568627,
0.8509803921568627 0.8509803921568627 0.8509803921568627,
0.8509803921568627 0.8509803921568627 0.8509803921568627,
0.8509803921568627 0.8509803921568627 0.8509803921568627,
0.8509803921568627 0.8509803921568627 0.8509803921568627,
0.8509803921568627 0.8509803921568627 0.8509803921568627,
0.8509803921568627 0.8509803921568627 0.8509803921568627,
0.8509803921568627 0.8509803921568627 0.8509803921568627,
0.8509803921568627 0.8509803921568627 0.8509803921568627,
0.8509803921568627 0.8509803921568627 0.8509803921568627,
0.8509803921568627 0.8509803921568627 0.8509803921568627,
0.8509803921568627 0.8509803921568627 0.8509803921568627,
0.8509803921568627 0.8509803921568627 0.8509803921568627,
0.8509803921568627 0.8509803921568627 0.8509803921568627,
0.8509803921568627 0.8509803921568627 0.8509803921568627,
0.8509803921568627 0.8509803921568627 0.8509803921568627,
0.8509803921568627 0.8509803921568627 0.8509803921568627,
0.8509803921568627 0.8509803921568627 0.8509803921568627,
0.8509803921568627 0.8509803921568627 0.8509803921568627,
0.8509803921568627 0.8509803921568627 0.8509803921568627,
0.8509803921568627 0.8509803921568627 0.8509803921568627,
0.8509803921568627 0.8509803921568627 0.8509803921568627,
0.8509803921568627 0.8509803921568627 0.8509803921568627,
0.8509803921568627 0.8509803921568627 0.8509803921568627,
0.8509803921568627 0.8509803921568627 0.8509803921568627,
0.8509803921568627 0.8509803921568627 0.8509803921568627,
0.8509803921568627 0.8509803921568627 0.8509803921568627,
0.8509803921568627 0.8509803921568627 0.8509803921568627,
0.8509803921568627 0.8509803921568627 0.8509803921568627,
0.8509803921568627 0.8509803921568627 0.8509803921568627,
0.8509803921568627 0.8509803921568627 0.8509803921568627,
0.8509803921568627 0.8509803921568627 0.8509803921568627,
0.8509803921568627 0.8509803921568627 0.8509803921568627,
0.8509803921568627 0.8509803921568627 0.8509803921568627,
0.8509803921568627 0.8509803921568627 0.8509803921568627,
0.8509803921568627 0.8509803921568627 0.8509803921568627,
0.8509803921568627 0.8509803921568627 0.8509803921568627,
0.8509803921568627 0.8509803921568627 0.8509803921568627,
0.8509803921568627 0.8509803921568627 0.8509803921568627,
0.8509803921568627 0.8509803921568627 0.8509803921568627,
0.8509803921568627 0.8509803921568627 0.8509803921568627,
0.8509803921568627 0.8509803921568627 0.8509803921568627,
0.8509803921568627 0.8509803921568627 0.8509803921568627,
0.8509803921568627 0.8509803921568627 0.8509803921568627,
0.8509803921568627 0.8509803921568627 0.8509803921568627,
0.8509803921568627 0.8509803921568627 0.8509803921568627,
0.8509803921568627 0.8509803921568627 0.8509803921568627,
0.8509803921568627 0.8509803921568627 0.8509803921568627,
0.8509803921568627 0.8509803921568627 0.8509803921568627,
0.8509803921568627 0.8509803921568627 0.8509803921568627,
0.8509803921568627 0.8509803921568627 0.8509803921568627,
0.8509803921568627 0.8509803921568627 0.8509803921568627,
0.8509803921568627 0.8509803921568627 0.8509803921568627,
0.8509803921568627 0.8509803921568627 0.8509803921568627,
0.8509803921568627 0.8509803921568627 0.8509803921568627,
0.8509803921568627 0.8509803921568627 0.8509803921568627,
0.8509803921568627 0.8509803921568627 0.8509803921568627,
0.8509803921568627 0.8509803921568627 0.8509803921568627,
0.8509803921568627 0.8509803921568627 0.8509803921568627,
0.8509803921568627 0.8509803921568627 0.8509803921568627,
0.8509803921568627 0.8509803921568627 0.8509803921568627,
0.8509803921568627 0.8509803921568627 0.8509803921568627,
0.8509803921568627 0.8509803921568627 0.8509803921568627,
0.8509803921568627 0.8509803921568627 0.8509803921568627,
0.8509803921568627 0.8509803921568627 0.8509803921568627,
0.8509803921568627 0.8509803921568627 0.8509803921568627,
0.8509803921568627 0.8509803921568627 0.8509803921568627,
0.8509803921568627 0.8509803921568627 0.8509803921568627,
0.8509803921568627 0.8509803921568627 0.8509803921568627,
0.8509803921568627 0.8509803921568627 0.8509803921568627,
0.8509803921568627 0.8509803921568627 0.8509803921568627,
0.8509803921568627 0.8509803921568627 0.8509803921568627,
0.8509803921568627 0.8509803921568627 0.8509803921568627,
0.8509803921568627 0.8509803921568627 0.8509803921568627,
0.8509803921568627 0.8509803921568627 0.8509803921568627,
0.8509803921568627 0.8509803921568627 0.8509803921568627,
0.8509803921568627 0.8509803921568627 0.8509803921568627,
0.8509803921568627 0.8509803921568627 0.8509803921568627,
0.8509803921568627 0.8509803921568627 0.8509803921568627,
0.8509803921568627 0.8509803921568627 0.8509803921568627,
0.8509803921568627 0.8509803921568627 0.8509803921568627,
0.8509803921568627 0.8509803921568627 0.8509803921568627,
0.8509803921568627 0.8509803921568627 0.8509803921568627,
0.8509803921568627 0.8509803921568627 0.8509803921568627,
0.8509803921568627 0.8509803921568627 0.8509803921568627,
0.8509803921568627 0.8509803921568627 0.8509803921568627,
0.8509803921568627 0.8509803921568627 0.8509803921568627,
0.8509803921568627 0.8509803921568627 0.8509803921568627,
0.8509803921568627 0.8509803921568627 0.8509803921568627,
0.8509803921568627 0.8509803921568627 0.8509803921568627,
0.8509803921568627 0.8509803921568627 0.8509803921568627,
0.8509803921568627 0.8509803921568627 0.8509803921568627,
0.8509803921568627 0.8509803921568627 0.8509803921568627,
0.8509803921568627 0.8509803921568627 0.8509803921568627,
0.8509803921568627 0.8509803921568627 0.8509803921568627,
0.8509803921568627 0.8509803921568627 0.8509803921568627,
0.8509803921568627 0.8509803921568627 0.8509803921568627,
0.8509803921568627 0.8509803921568627 0.8509803921568627,
0.8509803921568627 0.8509803921568627 0.8509803921568627,
0.8509803921568627 0.8509803921568627 0.8509803921568627,
0.8509803921568627 0.8509803921568627 0.8509803921568627,
0.8509803921568627 0.8509803921568627 0.8509803921568627,
0.8509803921568627 0.8509803921568627 0.8509803921568627,
0.8509803921568627 0.8509803921568627 0.8509803921568627,
0.8509803921568627 0.8509803921568627 0.8509803921568627,
0.8509803921568627 0.8509803921568627 0.8509803921568627,
0.8509803921568627 0.8509803921568627 0.8509803921568627,
0.8509803921568627 0.8509803921568627 0.8509803921568627,
0.8509803921568627 0.8509803921568627 0.8509803921568627,
0.8509803921568627 0.8509803921568627 0.8509803921568627,
0.8509803921568627 0.8509803921568627 0.8509803921568627,
0.8509803921568627 0.8509803921568627 0.8509803921568627,
0.8509803921568627 0.8509803921568627 0.8509803921568627,
0.8509803921568627 0.8509803921568627 0.8509803921568627,
0.8509803921568627 0.8509803921568627 0.8509803921568627,
0.8509803921568627 0.8509803921568627 0.8509803921568627,
0.8509803921568627 0.8509803921568627 0.8509803921568627,
0.8509803921568627 0.8509803921568627 0.8509803921568627,
0.8509803921568627 0.8509803921568627 0.8509803921568627,
0.8509803921568627 0.8509803921568627 0.8509803921568627,
0.8509803921568627 0.8509803921568627 0.8509803921568627,
0.8509803921568627 0.8509803921568627 0.8509803921568627,
0.8509803921568627 0.8509803921568627 0.8509803921568627,
0.8509803921568627 0.8509803921568627 0.8509803921568627,
0.8509803921568627 0.8509803921568627 0.8509803921568627,
0.8509803921568627 0.8509803921568627 0.8509803921568627,
0.8509803921568627 0.8509803921568627 0.8509803921568627,
0.8509803921568627 0.8509803921568627 0.8509803921568627,
0.8509803921568627 0.8509803921568627 0.8509803921568627,
0.8509803921568627 0.8509803921568627 0.8509803921568627,
0.8509803921568627 0.8509803921568627 0.8509803921568627,
0.8509803921568627 0.8509803921568627 0.8509803921568627,
0.8509803921568627 0.8509803921568627 0.8509803921568627,
0.8509803921568627 0.8509803921568627 0.8509803921568627,
0.8509803921568627 0.8509803921568627 0.8509803921568627,
0.8509803921568627 0.8509803921568627 0.8509803921568627,
0.8509803921568627 0.8509803921568627 0.8509803921568627,
0.8509803921568627 0.8509803921568627 0.8509803921568627,
0.8509803921568627 0.8509803921568627 0.8509803921568627,
0.8509803921568627 0.8509803921568627 0.8509803921568627,
0.8509803921568627 0.8509803921568627 0.8509803921568627,
0.8509803921568627 0.8509803921568627 0.8509803921568627,
0.8509803921568627 0.8509803921568627 0.8509803921568627,
0.8509803921568627 0.8509803921568627 0.8509803921568627,
0.8509803921568627 0.8509803921568627 0.8509803921568627,
0.8509803921568627 0.8509803921568627 0.8509803921568627,
0.8509803921568627 0.8509803921568627 0.8509803921568627,
0.8509803921568627 0.8509803921568627 0.8509803921568627,
0.8509803921568627 0.8509803921568627 0.8509803921568627,
0.8509803921568627 0.8509803921568627 0.8509803921568627,
0.8509803921568627 0.8509803921568627 0.8509803921568627,
0.8509803921568627 0.8509803921568627 0.8509803921568627,
0.8509803921568627 0.8509803921568627 0.8509803921568627,
0.8509803921568627 0.8509803921568627 0.8509803921568627,
0.8509803921568627 0.8509803921568627 0.8509803921568627,
0.8509803921568627 0.8509803921568627 0.8509803921568627,
0.8509803921568627 0.8509803921568627 0.8509803921568627,
0.8509803921568627 0.8509803921568627 0.8509803921568627,
0.8509803921568627 0.8509803921568627 0.8509803921568627,
0.8509803921568627 0.8509803921568627 0.8509803921568627,
0.8509803921568627 0.8509803921568627 0.8509803921568627,
0.8509803921568627 0.8509803921568627 0.8509803921568627,
0.8509803921568627 0.8509803921568627 0.8509803921568627,
0.8509803921568627 0.8509803921568627 0.8509803921568627,
0.8509803921568627 0.8509803921568627 0.8509803921568627,
0.8509803921568627 0.8509803921568627 0.8509803921568627,
0.8509803921568627 0.8509803921568627 0.8509803921568627,
0.8509803921568627 0.8509803921568627 0.8509803921568627,
0.8509803921568627 0.8509803921568627 0.8509803921568627,
0.8509803921568627 0.8509803921568627 0.8509803921568627,
0.8509803921568627 0.8509803921568627 0.8509803921568627,
0.8509803921568627 0.8509803921568627 0.8509803921568627,
0.8509803921568627 0.8509803921568627 0.8509803921568627,
0.8509803921568627 0.8509803921568627 0.8509803921568627,
0.8509803921568627 0.8509803921568627 0.8509803921568627,
0.8509803921568627 0.8509803921568627 0.8509803921568627,
0.8509803921568627 0.8509803921568627 0.8509803921568627,
0.8509803921568627 0.8509803921568627 0.8509803921568627,
0.8509803921568627 0.8509803921568627 0.8509803921568627,
0.8509803921568627 0.8509803921568627 0.8509803921568627,
0.8509803921568627 0.8509803921568627 0.8509803921568627,
0.8509803921568627 0.8509803921568627 0.8509803921568627,
0.8509803921568627 0.8509803921568627 0.8509803921568627,
0.8509803921568627 0.8509803921568627 0.8509803921568627,
0.8509803921568627 0.8509803921568627 0.8509803921568627,
0.8509803921568627 0.8509803921568627 0.8509803921568627,
0.8509803921568627 0.8509803921568627 0.8509803921568627,
0.8509803921568627 0.8509803921568627 0.8509803921568627,
0.8509803921568627 0.8509803921568627 0.8509803921568627,
0.8509803921568627 0.8509803921568627 0.8509803921568627,
0.8509803921568627 0.8509803921568627 0.8509803921568627,
0.8509803921568627 0.8509803921568627 0.8509803921568627,
0.8509803921568627 0.8509803921568627 0.8509803921568627,
0.8509803921568627 0.8509803921568627 0.8509803921568627,
0.8509803921568627 0.8509803921568627 0.8509803921568627,
0.8509803921568627 0.8509803921568627 0.8509803921568627,
0.8509803921568627 0.8509803921568627 0.8509803921568627,
0.8509803921568627 0.8509803921568627 0.8509803921568627,
0.8509803921568627 0.8509803921568627 0.8509803921568627,
0.8509803921568627 0.8509803921568627 0.8509803921568627,
0.8509803921568627 0.8509803921568627 0.8509803921568627,
0.8509803921568627 0.8509803921568627 0.8509803921568627,
0.8509803921568627 0.8509803921568627 0.8509803921568627,
0.8509803921568627 0.8509803921568627 0.8509803921568627,
0.8509803921568627 0.8509803921568627 0.8509803921568627,
0.8509803921568627 0.8509803921568627 0.8509803921568627,
0.8509803921568627 0.8509803921568627 0.8509803921568627,
0.8509803921568627 0.8509803921568627 0.8509803921568627,
0.8509803921568627 0.8509803921568627 0.8509803921568627,
0.8509803921568627 0.8509803921568627 0.8509803921568627,
0.8509803921568627 0.8509803921568627 0.8509803921568627,
0.8509803921568627 0.8509803921568627 0.8509803921568627,
0.8509803921568627 0.8509803921568627 0.8509803921568627,
0.8509803921568627 0.8509803921568627 0.8509803921568627,
0.8509803921568627 0.8509803921568627 0.8509803921568627,
0.8509803921568627 0.8509803921568627 0.8509803921568627,
0.8509803921568627 0.8509803921568627 0.8509803921568627,
0.8509803921568627 0.8509803921568627 0.8509803921568627,
0.8509803921568627 0.8509803921568627 0.8509803921568627,
0.8509803921568627 0.8509803921568627 0.8509803921568627,
0.8509803921568627 0.8509803921568627 0.8509803921568627,
0.8509803921568627 0.8509803921568627 0.8509803921568627,
0.8509803921568627 0.8509803921568627 0.8509803921568627,
0.8509803921568627 0.8509803921568627 0.8509803921568627,
0.8509803921568627 0.8509803921568627 0.8509803921568627,
0.8509803921568627 0.8509803921568627 0.8509803921568627,
0.8509803921568627 0.8509803921568627 0.8509803921568627,
0.8509803921568627 0.8509803921568627 0.8509803921568627,
0.8509803921568627 0.8509803921568627 0.8509803921568627,
0.8509803921568627 0.8509803921568627 0.8509803921568627,
0.8509803921568627 0.8509803921568627 0.8509803921568627,
0.8509803921568627 0.8509803921568627 0.8509803921568627,
0.8509803921568627 0.8509803921568627 0.8509803921568627,
0.8509803921568627 0.8509803921568627 0.8509803921568627,
0.8509803921568627 0.8509803921568627 0.8509803921568627,
0.8509803921568627 0.8509803921568627 0.8509803921568627,
0.8509803921568627 0.8509803921568627 0.8509803921568627,
0.8509803921568627 0.8509803921568627 0.8509803921568627,
0.8509803921568627 0.8509803921568627 0.8509803921568627,
0.8509803921568627 0.8509803921568627 0.8509803921568627,
0.8509803921568627 0.8509803921568627 0.8509803921568627,
0.8509803921568627 0.8509803921568627 0.8509803921568627,
0.8509803921568627 0.8509803921568627 0.8509803921568627,
0.8509803921568627 0.8509803921568627 0.8509803921568627,
0.8509803921568627 0.8509803921568627 0.8509803921568627,
0.8509803921568627 0.8509803921568627 0.8509803921568627,
0.8509803921568627 0.8509803921568627 0.8509803921568627,
0.8509803921568627 0.8509803921568627 0.8509803921568627,
0.8509803921568627 0.8509803921568627 0.8509803921568627,
0.8509803921568627 0.8509803921568627 0.8509803921568627,
0.8509803921568627 0.8509803921568627 0.8509803921568627,
0.8509803921568627 0.8509803921568627 0.8509803921568627,
0.8509803921568627 0.8509803921568627 0.8509803921568627,
0.8509803921568627 0.8509803921568627 0.8509803921568627,
0.8509803921568627 0.8509803921568627 0.8509803921568627,
0.8509803921568627 0.8509803921568627 0.8509803921568627,
0.8509803921568627 0.8509803921568627 0.8509803921568627,
0.8509803921568627 0.8509803921568627 0.8509803921568627,
0.8509803921568627 0.8509803921568627 0.8509803921568627,
0.8509803921568627 0.8509803921568627 0.8509803921568627,
0.8509803921568627 0.8509803921568627 0.8509803921568627,
0.8509803921568627 0.8509803921568627 0.8509803921568627,
0.8509803921568627 0.8509803921568627 0.8509803921568627,
0.8509803921568627 0.8509803921568627 0.8509803921568627,
0.8509803921568627 0.8509803921568627 0.8509803921568627,
0.8509803921568627 0.8509803921568627 0.8509803921568627,
0.8509803921568627 0.8509803921568627 0.8509803921568627,
0.8509803921568627 0.8509803921568627 0.8509803921568627,
0.8509803921568627 0.8509803921568627 0.8509803921568627,
0.8509803921568627 0.8509803921568627 0.8509803921568627,
0.8509803921568627 0.8509803921568627 0.8509803921568627,
0.8509803921568627 0.8509803921568627 0.8509803921568627,
0.8509803921568627 0.8509803921568627 0.8509803921568627,
0.8509803921568627 0.8509803921568627 0.8509803921568627,
0.8509803921568627 0.8509803921568627 0.8509803921568627,
0.8509803921568627 0.8509803921568627 0.8509803921568627,
0.8509803921568627 0.8509803921568627 0.8509803921568627,
0.8509803921568627 0.8509803921568627 0.8509803921568627,
0.8509803921568627 0.8509803921568627 0.8509803921568627,
0.8509803921568627 0.8509803921568627 0.8509803921568627,
0.8509803921568627 0.8509803921568627 0.8509803921568627,
0.8509803921568627 0.8509803921568627 0.8509803921568627,
0.8509803921568627 0.8509803921568627 0.8509803921568627,
0.8509803921568627 0.8509803921568627 0.8509803921568627,
0.8509803921568627 0.8509803921568627 0.8509803921568627,
0.8509803921568627 0.8509803921568627 0.8509803921568627,
0.8509803921568627 0.8509803921568627 0.8509803921568627,
0.8509803921568627 0.8509803921568627 0.8509803921568627,
0.8509803921568627 0.8509803921568627 0.8509803921568627,
0.8509803921568627 0.8509803921568627 0.8509803921568627,
0.8509803921568627 0.8509803921568627 0.8509803921568627,
0.8509803921568627 0.8509803921568627 0.8509803921568627,
0.8509803921568627 0.8509803921568627 0.8509803921568627,
0.8509803921568627 0.8509803921568627 0.8509803921568627,
0.8509803921568627 0.8509803921568627 0.8509803921568627,
0.8509803921568627 0.8509803921568627 0.8509803921568627,
0.8509803921568627 0.8509803921568627 0.8509803921568627,
0.8509803921568627 0.8509803921568627 0.8509803921568627,
0.8509803921568627 0.8509803921568627 0.8509803921568627,
0.8509803921568627 0.8509803921568627 0.8509803921568627,
0.8509803921568627 0.8509803921568627 0.8509803921568627,
0.8509803921568627 0.8509803921568627 0.8509803921568627,
0.8509803921568627 0.8509803921568627 0.8509803921568627,
0.8509803921568627 0.8509803921568627 0.8509803921568627,
0.8509803921568627 0.8509803921568627 0.8509803921568627,
0.8509803921568627 0.8509803921568627 0.8509803921568627,
0.8509803921568627 0.8509803921568627 0.8509803921568627,
0.8509803921568627 0.8509803921568627 0.8509803921568627,
0.8509803921568627 0.8509803921568627 0.8509803921568627,
0.8509803921568627 0.8509803921568627 0.8509803921568627,
0.8509803921568627 0.8509803921568627 0.8509803921568627,
0.8509803921568627 0.8509803921568627 0.8509803921568627,
0.8509803921568627 0.8509803921568627 0.8509803921568627,
0.8509803921568627 0.8509803921568627 0.8509803921568627,
0.8509803921568627 0.8509803921568627 0.8509803921568627,
0.8509803921568627 0.8509803921568627 0.8509803921568627,
0.8509803921568627 0.8509803921568627 0.8509803921568627,
0.8509803921568627 0.8509803921568627 0.8509803921568627,
0.8509803921568627 0.8509803921568627 0.8509803921568627,
0.8509803921568627 0.8509803921568627 0.8509803921568627,
0.8509803921568627 0.8509803921568627 0.8509803921568627,
0.8509803921568627 0.8509803921568627 0.8509803921568627,
0.8509803921568627 0.8509803921568627 0.8509803921568627,
0.8509803921568627 0.8509803921568627 0.8509803921568627,
0.8509803921568627 0.8509803921568627 0.8509803921568627,
0.8509803921568627 0.8509803921568627 0.8509803921568627,
0.8509803921568627 0.8509803921568627 0.8509803921568627,
0.8509803921568627 0.8509803921568627 0.8509803921568627,
0.8509803921568627 0.8509803921568627 0.8509803921568627,
0.8509803921568627 0.8509803921568627 0.8509803921568627,
0.8509803921568627 0.8509803921568627 0.8509803921568627,
0.8509803921568627 0.8509803921568627 0.8509803921568627,
0.8509803921568627 0.8509803921568627 0.8509803921568627,
0.8509803921568627 0.8509803921568627 0.8509803921568627,
0.8509803921568627 0.8509803921568627 0.8509803921568627,
0.8509803921568627 0.8509803921568627 0.8509803921568627,
0.8509803921568627 0.8509803921568627 0.8509803921568627,
0.8509803921568627 0.8509803921568627 0.8509803921568627,
0.8509803921568627 0.8509803921568627 0.8509803921568627,
0.8509803921568627 0.8509803921568627 0.8509803921568627,
0.8509803921568627 0.8509803921568627 0.8509803921568627,
0.8509803921568627 0.8509803921568627 0.8509803921568627,
0.8509803921568627 0.8509803921568627 0.8509803921568627,
0.8509803921568627 0.8509803921568627 0.8509803921568627,
0.8509803921568627 0.8509803921568627 0.8509803921568627,
0.8509803921568627 0.8509803921568627 0.8509803921568627,
0.8509803921568627 0.8509803921568627 0.8509803921568627,
0.8509803921568627 0.8509803921568627 0.8509803921568627,
0.8509803921568627 0.8509803921568627 0.8509803921568627,
0.8509803921568627 0.8509803921568627 0.8509803921568627,
0.8509803921568627 0.8509803921568627 0.8509803921568627,
0.8509803921568627 0.8509803921568627 0.8509803921568627,
0.8509803921568627 0.8509803921568627 0.8509803921568627,
0.8509803921568627 0.8509803921568627 0.8509803921568627,
0.8509803921568627 0.8509803921568627 0.8509803921568627,
0.8509803921568627 0.8509803921568627 0.8509803921568627,
0.8509803921568627 0.8509803921568627 0.8509803921568627,
0.8509803921568627 0.8509803921568627 0.8509803921568627,
0.8509803921568627 0.8509803921568627 0.8509803921568627,
0.8509803921568627 0.8509803921568627 0.8509803921568627,
0.8509803921568627 0.8509803921568627 0.8509803921568627,
0.8509803921568627 0.8509803921568627 0.8509803921568627,
0.8509803921568627 0.8509803921568627 0.8509803921568627,
0.8509803921568627 0.8509803921568627 0.8509803921568627,
0.8509803921568627 0.8509803921568627 0.8509803921568627,
0.8509803921568627 0.8509803921568627 0.8509803921568627,
0.8509803921568627 0.8509803921568627 0.8509803921568627,
0.8509803921568627 0.8509803921568627 0.8509803921568627,
0.8509803921568627 0.8509803921568627 0.8509803921568627,
0.8509803921568627 0.8509803921568627 0.8509803921568627,
0.8509803921568627 0.8509803921568627 0.8509803921568627,
0.8509803921568627 0.8509803921568627 0.8509803921568627,
0.8509803921568627 0.8509803921568627 0.8509803921568627,
0.8509803921568627 0.8509803921568627 0.8509803921568627,
0.8509803921568627 0.8509803921568627 0.8509803921568627,
0.8509803921568627 0.8509803921568627 0.8509803921568627,
0.8509803921568627 0.8509803921568627 0.8509803921568627,
0.8509803921568627 0.8509803921568627 0.8509803921568627,
0.8509803921568627 0.8509803921568627 0.8509803921568627,
0.8509803921568627 0.8509803921568627 0.8509803921568627,
0.8509803921568627 0.8509803921568627 0.8509803921568627,
0.8509803921568627 0.8509803921568627 0.8509803921568627,
0.8509803921568627 0.8509803921568627 0.8509803921568627,
0.8509803921568627 0.8509803921568627 0.8509803921568627,
0.8509803921568627 0.8509803921568627 0.8509803921568627,
0.8509803921568627 0.8509803921568627 0.8509803921568627,
0.8509803921568627 0.8509803921568627 0.8509803921568627,
0.8509803921568627 0.8509803921568627 0.8509803921568627,
0.8509803921568627 0.8509803921568627 0.8509803921568627,
0.8509803921568627 0.8509803921568627 0.8509803921568627,
0.8509803921568627 0.8509803921568627 0.8509803921568627,
0.8509803921568627 0.8509803921568627 0.8509803921568627,
0.8509803921568627 0.8509803921568627 0.8509803921568627,
0.8509803921568627 0.8509803921568627 0.8509803921568627,
0.8509803921568627 0.8509803921568627 0.8509803921568627,
0.8509803921568627 0.8509803921568627 0.8509803921568627,
0.8509803921568627 0.8509803921568627 0.8509803921568627,
0.8509803921568627 0.8509803921568627 0.8509803921568627,
0.8509803921568627 0.8509803921568627 0.8509803921568627,
0.8509803921568627 0.8509803921568627 0.8509803921568627,
0.8509803921568627 0.8509803921568627 0.8509803921568627,
0.8509803921568627 0.8509803921568627 0.8509803921568627,
0.8509803921568627 0.8509803921568627 0.8509803921568627,
0.8509803921568627 0.8509803921568627 0.8509803921568627,
0.8509803921568627 0.8509803921568627 0.8509803921568627,
0.8509803921568627 0.8509803921568627 0.8509803921568627,
0.8509803921568627 0.8509803921568627 0.8509803921568627,
0.8509803921568627 0.8509803921568627 0.8509803921568627,
0.8509803921568627 0.8509803921568627 0.8509803921568627,
0.8509803921568627 0.8509803921568627 0.8509803921568627,
0.8509803921568627 0.8509803921568627 0.8509803921568627,
0.8509803921568627 0.8509803921568627 0.8509803921568627,
0.8509803921568627 0.8509803921568627 0.8509803921568627,
0.8509803921568627 0.8509803921568627 0.8509803921568627,
0.8509803921568627 0.8509803921568627 0.8509803921568627,
0.8509803921568627 0.8509803921568627 0.8509803921568627,
0.8509803921568627 0.8509803921568627 0.8509803921568627,
0.8509803921568627 0.8509803921568627 0.8509803921568627,
0.8509803921568627 0.8509803921568627 0.8509803921568627,
0.8509803921568627 0.8509803921568627 0.8509803921568627,
0.8509803921568627 0.8509803921568627 0.8509803921568627,
0.8509803921568627 0.8509803921568627 0.8509803921568627,
0.8509803921568627 0.8509803921568627 0.8509803921568627,
0.8509803921568627 0.8509803921568627 0.8509803921568627,
0.8509803921568627 0.8509803921568627 0.8509803921568627,
0.8509803921568627 0.8509803921568627 0.8509803921568627,
0.8509803921568627 0.8509803921568627 0.8509803921568627,
0.8509803921568627 0.8509803921568627 0.8509803921568627,
0.8509803921568627 0.8509803921568627 0.8509803921568627,
0.8509803921568627 0.8509803921568627 0.8509803921568627,
0.8509803921568627 0.8509803921568627 0.8509803921568627,
0.8509803921568627 0.8509803921568627 0.8509803921568627,
0.8509803921568627 0.8509803921568627 0.8509803921568627,
0.8509803921568627 0.8509803921568627 0.8509803921568627,
0.8509803921568627 0.8509803921568627 0.8509803921568627,
0.8509803921568627 0.8509803921568627 0.8509803921568627,
0.8509803921568627 0.8509803921568627 0.8509803921568627,
0.8509803921568627 0.8509803921568627 0.8509803921568627,
0.8509803921568627 0.8509803921568627 0.8509803921568627,
0.8509803921568627 0.8509803921568627 0.8509803921568627,
0.8509803921568627 0.8509803921568627 0.8509803921568627,
0.8509803921568627 0.8509803921568627 0.8509803921568627,
0.8509803921568627 0.8509803921568627 0.8509803921568627,
0.8509803921568627 0.8509803921568627 0.8509803921568627,
0.8509803921568627 0.8509803921568627 0.8509803921568627,
0.8509803921568627 0.8509803921568627 0.8509803921568627,
0.8509803921568627 0.8509803921568627 0.8509803921568627,
0.8509803921568627 0.8509803921568627 0.8509803921568627,
0.8509803921568627 0.8509803921568627 0.8509803921568627,
0.8509803921568627 0.8509803921568627 0.8509803921568627,
0.8509803921568627 0.8509803921568627 0.8509803921568627,
0.8509803921568627 0.8509803921568627 0.8509803921568627,
0.8509803921568627 0.8509803921568627 0.8509803921568627,
0.8509803921568627 0.8509803921568627 0.8509803921568627,
0.8509803921568627 0.8509803921568627 0.8509803921568627,
0.8509803921568627 0.8509803921568627 0.8509803921568627,
0.8509803921568627 0.8509803921568627 0.8509803921568627,
0.8509803921568627 0.8509803921568627 0.8509803921568627,
0.8509803921568627 0.8509803921568627 0.8509803921568627,
0.8509803921568627 0.8509803921568627 0.8509803921568627,
0.8509803921568627 0.8509803921568627 0.8509803921568627,
0.8509803921568627 0.8509803921568627 0.8509803921568627,
0.8509803921568627 0.8509803921568627 0.8509803921568627,
0.8509803921568627 0.8509803921568627 0.8509803921568627,
0.8509803921568627 0.8509803921568627 0.8509803921568627,
0.8509803921568627 0.8509803921568627 0.8509803921568627,
0.8509803921568627 0.8509803921568627 0.8509803921568627,
0.8509803921568627 0.8509803921568627 0.8509803921568627,
0.8509803921568627 0.8509803921568627 0.8509803921568627,
0.8509803921568627 0.8509803921568627 0.8509803921568627,
0.8509803921568627 0.8509803921568627 0.8509803921568627,
0.8509803921568627 0.8509803921568627 0.8509803921568627,
0.8509803921568627 0.8509803921568627 0.8509803921568627,
0.8509803921568627 0.8509803921568627 0.8509803921568627,
0.8509803921568627 0.8509803921568627 0.8509803921568627,
0.8509803921568627 0.8509803921568627 0.8509803921568627,
0.8509803921568627 0.8509803921568627 0.8509803921568627,
0.8509803921568627 0.8509803921568627 0.8509803921568627,
0.8509803921568627 0.8509803921568627 0.8509803921568627,
0.8509803921568627 0.8509803921568627 0.8509803921568627,
0.8509803921568627 0.8509803921568627 0.8509803921568627,
0.8509803921568627 0.8509803921568627 0.8509803921568627,
0.8509803921568627 0.8509803921568627 0.8509803921568627,
0.8509803921568627 0.8509803921568627 0.8509803921568627,
0.8509803921568627 0.8509803921568627 0.8509803921568627,
0.8509803921568627 0.8509803921568627 0.8509803921568627,
0.8509803921568627 0.8509803921568627 0.8509803921568627,
0.8509803921568627 0.8509803921568627 0.8509803921568627,
0.8509803921568627 0.8509803921568627 0.8509803921568627,
0.8509803921568627 0.8509803921568627 0.8509803921568627,
0.8509803921568627 0.8509803921568627 0.8509803921568627,
0.8509803921568627 0.8509803921568627 0.8509803921568627,
0.8509803921568627 0.8509803921568627 0.8509803921568627,
0.8509803921568627 0.8509803921568627 0.8509803921568627,
0.8509803921568627 0.8509803921568627 0.8509803921568627,
0.8509803921568627 0.8509803921568627 0.8509803921568627,
0.8509803921568627 0.8509803921568627 0.8509803921568627,
0.8509803921568627 0.8509803921568627 0.8509803921568627,
0.8509803921568627 0.8509803921568627 0.8509803921568627,
0.8509803921568627 0.8509803921568627 0.8509803921568627,
0.8509803921568627 0.8509803921568627 0.8509803921568627,
0.8509803921568627 0.8509803921568627 0.8509803921568627,
0.8509803921568627 0.8509803921568627 0.8509803921568627,
0.8509803921568627 0.8509803921568627 0.8509803921568627,
0.8509803921568627 0.8509803921568627 0.8509803921568627,
0.8509803921568627 0.8509803921568627 0.8509803921568627,
0.8509803921568627 0.8509803921568627 0.8509803921568627,
0.8509803921568627 0.8509803921568627 0.8509803921568627,
0.8509803921568627 0.8509803921568627 0.8509803921568627,
0.8509803921568627 0.8509803921568627 0.8509803921568627,
0.8509803921568627 0.8509803921568627 0.8509803921568627,
0.8509803921568627 0.8509803921568627 0.8509803921568627,
0.8509803921568627 0.8509803921568627 0.8509803921568627,
0.8509803921568627 0.8509803921568627 0.8509803921568627,
0.8509803921568627 0.8509803921568627 0.8509803921568627,
0.8509803921568627 0.8509803921568627 0.8509803921568627,
0.8509803921568627 0.8509803921568627 0.8509803921568627,
0.8509803921568627 0.8509803921568627 0.8509803921568627,
0.8509803921568627 0.8509803921568627 0.8509803921568627,
0.8509803921568627 0.8509803921568627 0.8509803921568627,
0.8509803921568627 0.8509803921568627 0.8509803921568627,
0.8509803921568627 0.8509803921568627 0.8509803921568627,
0.8509803921568627 0.8509803921568627 0.8509803921568627,
0.8509803921568627 0.8509803921568627 0.8509803921568627,
0.8509803921568627 0.8509803921568627 0.8509803921568627,
0.8509803921568627 0.8509803921568627 0.8509803921568627,
0.8509803921568627 0.8509803921568627 0.8509803921568627,
0.8509803921568627 0.8509803921568627 0.8509803921568627,
0.8509803921568627 0.8509803921568627 0.8509803921568627,
0.8509803921568627 0.8509803921568627 0.8509803921568627,
0.8509803921568627 0.8509803921568627 0.8509803921568627,
0.8509803921568627 0.8509803921568627 0.8509803921568627,
0.8509803921568627 0.8509803921568627 0.8509803921568627,
0.8509803921568627 0.8509803921568627 0.8509803921568627,
0.8509803921568627 0.8509803921568627 0.8509803921568627,
0.8509803921568627 0.8509803921568627 0.8509803921568627,
0.8509803921568627 0.8509803921568627 0.8509803921568627,
0.8509803921568627 0.8509803921568627 0.8509803921568627,
0.8509803921568627 0.8509803921568627 0.8509803921568627,
0.8509803921568627 0.8509803921568627 0.8509803921568627,
0.8509803921568627 0.8509803921568627 0.8509803921568627,
0.8509803921568627 0.8509803921568627 0.8509803921568627,
0.8509803921568627 0.8509803921568627 0.8509803921568627,
0.8509803921568627 0.8509803921568627 0.8509803921568627,
0.8509803921568627 0.8509803921568627 0.8509803921568627,
0.8509803921568627 0.8509803921568627 0.8509803921568627,
0.8509803921568627 0.8509803921568627 0.8509803921568627,
0.8509803921568627 0.8509803921568627 0.8509803921568627,
0.8509803921568627 0.8509803921568627 0.8509803921568627,
0.8509803921568627 0.8509803921568627 0.8509803921568627,
0.8509803921568627 0.8509803921568627 0.8509803921568627,
0.8509803921568627 0.8509803921568627 0.8509803921568627,
0.8509803921568627 0.8509803921568627 0.8509803921568627,
0.8509803921568627 0.8509803921568627 0.8509803921568627,
0.8509803921568627 0.8509803921568627 0.8509803921568627,
0.8509803921568627 0.8509803921568627 0.8509803921568627,
0.8509803921568627 0.8509803921568627 0.8509803921568627,
0.8509803921568627 0.8509803921568627 0.8509803921568627,
0.8509803921568627 0.8509803921568627 0.8509803921568627,
0.8509803921568627 0.8509803921568627 0.8509803921568627,
0.8509803921568627 0.8509803921568627 0.8509803921568627,
0.8509803921568627 0.8509803921568627 0.8509803921568627,
0.8509803921568627 0.8509803921568627 0.8509803921568627,
0.8509803921568627 0.8509803921568627 0.8509803921568627,
0.8509803921568627 0.8509803921568627 0.8509803921568627,
0.8509803921568627 0.8509803921568627 0.8509803921568627,
0.8509803921568627 0.8509803921568627 0.8509803921568627,
0.8509803921568627 0.8509803921568627 0.8509803921568627,
0.8509803921568627 0.8509803921568627 0.8509803921568627,
0.8509803921568627 0.8509803921568627 0.8509803921568627,
0.8509803921568627 0.8509803921568627 0.8509803921568627,
0.8509803921568627 0.8509803921568627 0.8509803921568627,
0.8509803921568627 0.8509803921568627 0.8509803921568627,
0.8509803921568627 0.8509803921568627 0.8509803921568627,
0.8509803921568627 0.8509803921568627 0.8509803921568627,
0.8509803921568627 0.8509803921568627 0.8509803921568627,
0.8509803921568627 0.8509803921568627 0.8509803921568627,
0.8509803921568627 0.8509803921568627 0.8509803921568627,
0.8509803921568627 0.8509803921568627 0.8509803921568627,
0.8509803921568627 0.8509803921568627 0.8509803921568627,
0.8509803921568627 0.8509803921568627 0.8509803921568627,
0.8509803921568627 0.8509803921568627 0.8509803921568627,
0.8509803921568627 0.8509803921568627 0.8509803921568627,
0.8509803921568627 0.8509803921568627 0.8509803921568627,
0.8509803921568627 0.8509803921568627 0.8509803921568627,
0.8509803921568627 0.8509803921568627 0.8509803921568627,
0.8509803921568627 0.8509803921568627 0.8509803921568627,
0.8509803921568627 0.8509803921568627 0.8509803921568627,
0.8509803921568627 0.8509803921568627 0.8509803921568627,
0.8509803921568627 0.8509803921568627 0.8509803921568627,
0.8509803921568627 0.8509803921568627 0.8509803921568627,
0.8509803921568627 0.8509803921568627 0.8509803921568627,
0.8509803921568627 0.8509803921568627 0.8509803921568627,
0.8509803921568627 0.8509803921568627 0.8509803921568627,
0.8509803921568627 0.8509803921568627 0.8509803921568627,
0.8509803921568627 0.8509803921568627 0.8509803921568627,
0.8509803921568627 0.8509803921568627 0.8509803921568627,
0.8509803921568627 0.8509803921568627 0.8509803921568627,
0.8509803921568627 0.8509803921568627 0.8509803921568627,
0.8509803921568627 0.8509803921568627 0.8509803921568627,
0.8509803921568627 0.8509803921568627 0.8509803921568627,
0.8509803921568627 0.8509803921568627 0.8509803921568627,
0.8509803921568627 0.8509803921568627 0.8509803921568627,
0.8509803921568627 0.8509803921568627 0.8509803921568627,
0.8509803921568627 0.8509803921568627 0.8509803921568627,
0.8509803921568627 0.8509803921568627 0.8509803921568627,
0.8509803921568627 0.8509803921568627 0.8509803921568627,
0.8509803921568627 0.8509803921568627 0.8509803921568627,
0.8509803921568627 0.8509803921568627 0.8509803921568627,
0.8509803921568627 0.8509803921568627 0.8509803921568627,
0.8509803921568627 0.8509803921568627 0.8509803921568627,
0.8509803921568627 0.8509803921568627 0.8509803921568627,
0.8509803921568627 0.8509803921568627 0.8509803921568627,
0.8509803921568627 0.8509803921568627 0.8509803921568627,
0.8509803921568627 0.8509803921568627 0.8509803921568627,
0.8509803921568627 0.8509803921568627 0.8509803921568627,
0.8509803921568627 0.8509803921568627 0.8509803921568627,
0.8509803921568627 0.8509803921568627 0.8509803921568627,
0.8509803921568627 0.8509803921568627 0.8509803921568627,
0.8509803921568627 0.8509803921568627 0.8509803921568627,
0.8509803921568627 0.8509803921568627 0.8509803921568627,
0.8509803921568627 0.8509803921568627 0.8509803921568627,
0.8509803921568627 0.8509803921568627 0.8509803921568627,
0.8509803921568627 0.8509803921568627 0.8509803921568627,
0.8509803921568627 0.8509803921568627 0.8509803921568627,
0.8509803921568627 0.8509803921568627 0.8509803921568627,
0.8509803921568627 0.8509803921568627 0.8509803921568627,
0.8509803921568627 0.8509803921568627 0.8509803921568627,
0.8509803921568627 0.8509803921568627 0.8509803921568627,
0.8509803921568627 0.8509803921568627 0.8509803921568627,
0.8509803921568627 0.8509803921568627 0.8509803921568627,
0.8509803921568627 0.8509803921568627 0.8509803921568627,
0.8509803921568627 0.8509803921568627 0.8509803921568627,
0.8509803921568627 0.8509803921568627 0.8509803921568627,
0.8509803921568627 0.8509803921568627 0.8509803921568627,
0.8509803921568627 0.8509803921568627 0.8509803921568627,
0.8509803921568627 0.8509803921568627 0.8509803921568627,
0.8509803921568627 0.8509803921568627 0.8509803921568627,
0.8509803921568627 0.8509803921568627 0.8509803921568627,
0.8509803921568627 0.8509803921568627 0.8509803921568627,
0.8509803921568627 0.8509803921568627 0.8509803921568627,
0.8509803921568627 0.8509803921568627 0.8509803921568627,
0.8509803921568627 0.8509803921568627 0.8509803921568627,
0.8509803921568627 0.8509803921568627 0.8509803921568627,
0.8509803921568627 0.8509803921568627 0.8509803921568627,
0.8509803921568627 0.8509803921568627 0.8509803921568627,
0.8509803921568627 0.8509803921568627 0.8509803921568627,
0.8509803921568627 0.8509803921568627 0.8509803921568627,
0.8509803921568627 0.8509803921568627 0.8509803921568627,
0.8509803921568627 0.8509803921568627 0.8509803921568627,
0.8509803921568627 0.8509803921568627 0.8509803921568627,
0.8509803921568627 0.8509803921568627 0.8509803921568627,
0.8509803921568627 0.8509803921568627 0.8509803921568627,
0.8509803921568627 0.8509803921568627 0.8509803921568627,
0.8509803921568627 0.8509803921568627 0.8509803921568627,
0.8509803921568627 0.8509803921568627 0.8509803921568627,
0.8509803921568627 0.8509803921568627 0.8509803921568627,
0.8509803921568627 0.8509803921568627 0.8509803921568627,
0.8509803921568627 0.8509803921568627 0.8509803921568627,
0.8509803921568627 0.8509803921568627 0.8509803921568627,
0.8509803921568627 0.8509803921568627 0.8509803921568627,
0.8509803921568627 0.8509803921568627 0.8509803921568627,
0.8509803921568627 0.8509803921568627 0.8509803921568627,
0.8509803921568627 0.8509803921568627 0.8509803921568627,
0.8509803921568627 0.8509803921568627 0.8509803921568627,
0.8509803921568627 0.8509803921568627 0.8509803921568627,
0.8509803921568627 0.8509803921568627 0.8509803921568627,
0.8509803921568627 0.8509803921568627 0.8509803921568627,
0.8509803921568627 0.8509803921568627 0.8509803921568627,
0.8509803921568627 0.8509803921568627 0.8509803921568627,
0.8509803921568627 0.8509803921568627 0.8509803921568627,
0.8509803921568627 0.8509803921568627 0.8509803921568627,
0.8509803921568627 0.8509803921568627 0.8509803921568627,
0.8509803921568627 0.8509803921568627 0.8509803921568627,
0.8509803921568627 0.8509803921568627 0.8509803921568627,
0.8509803921568627 0.8509803921568627 0.8509803921568627,
0.8509803921568627 0.8509803921568627 0.8509803921568627,
0.8509803921568627 0.8509803921568627 0.8509803921568627,
0.8509803921568627 0.8509803921568627 0.8509803921568627,
0.8509803921568627 0.8509803921568627 0.8509803921568627,
0.8509803921568627 0.8509803921568627 0.8509803921568627,
0.8509803921568627 0.8509803921568627 0.8509803921568627,
0.8509803921568627 0.8509803921568627 0.8509803921568627,
0.8509803921568627 0.8509803921568627 0.8509803921568627,
0.8509803921568627 0.8509803921568627 0.8509803921568627,
0.8509803921568627 0.8509803921568627 0.8509803921568627,
0.8509803921568627 0.8509803921568627 0.8509803921568627,
0.8509803921568627 0.8509803921568627 0.8509803921568627,
0.8509803921568627 0.8509803921568627 0.8509803921568627,
0.8509803921568627 0.8509803921568627 0.8509803921568627,
0.8509803921568627 0.8509803921568627 0.8509803921568627,
0.8509803921568627 0.8509803921568627 0.8509803921568627,
0.8509803921568627 0.8509803921568627 0.8509803921568627,
0.8509803921568627 0.8509803921568627 0.8509803921568627,
0.8509803921568627 0.8509803921568627 0.8509803921568627,
0.8509803921568627 0.8509803921568627 0.8509803921568627,
0.8509803921568627 0.8509803921568627 0.8509803921568627,
0.8509803921568627 0.8509803921568627 0.8509803921568627,
0.8509803921568627 0.8509803921568627 0.8509803921568627,
0.8509803921568627 0.8509803921568627 0.8509803921568627,
0.8509803921568627 0.8509803921568627 0.8509803921568627,
0.8509803921568627 0.8509803921568627 0.8509803921568627,
0.8509803921568627 0.8509803921568627 0.8509803921568627,
0.8509803921568627 0.8509803921568627 0.8509803921568627,
0.8509803921568627 0.8509803921568627 0.8509803921568627,
0.8509803921568627 0.8509803921568627 0.8509803921568627,
0.8509803921568627 0.8509803921568627 0.8509803921568627,
0.8509803921568627 0.8509803921568627 0.8509803921568627,
0.8509803921568627 0.8509803921568627 0.8509803921568627,
0.8509803921568627 0.8509803921568627 0.8509803921568627,
0.8509803921568627 0.8509803921568627 0.8509803921568627,
0.8509803921568627 0.8509803921568627 0.8509803921568627,
0.8509803921568627 0.8509803921568627 0.8509803921568627,
0.8509803921568627 0.8509803921568627 0.8509803921568627,
0.8509803921568627 0.8509803921568627 0.8509803921568627,
0.8509803921568627 0.8509803921568627 0.8509803921568627,
0.8509803921568627 0.8509803921568627 0.8509803921568627,
0.8509803921568627 0.8509803921568627 0.8509803921568627,
0.8509803921568627 0.8509803921568627 0.8509803921568627,
0.8509803921568627 0.8509803921568627 0.8509803921568627,
0.8509803921568627 0.8509803921568627 0.8509803921568627,
0.8509803921568627 0.8509803921568627 0.8509803921568627,
0.8509803921568627 0.8509803921568627 0.8509803921568627,
0.8509803921568627 0.8509803921568627 0.8509803921568627,
0.8509803921568627 0.8509803921568627 0.8509803921568627,
0.8509803921568627 0.8509803921568627 0.8509803921568627,
0.8509803921568627 0.8509803921568627 0.8509803921568627,
0.8509803921568627 0.8509803921568627 0.8509803921568627,
0.8509803921568627 0.8509803921568627 0.8509803921568627,
0.8509803921568627 0.8509803921568627 0.8509803921568627,
0.8509803921568627 0.8509803921568627 0.8509803921568627,
0.8509803921568627 0.8509803921568627 0.8509803921568627,
0.8509803921568627 0.8509803921568627 0.8509803921568627,
0.8509803921568627 0.8509803921568627 0.8509803921568627,
0.8509803921568627 0.8509803921568627 0.8509803921568627,
0.8509803921568627 0.8509803921568627 0.8509803921568627,
0.8509803921568627 0.8509803921568627 0.8509803921568627,
0.8509803921568627 0.8509803921568627 0.8509803921568627,
0.8509803921568627 0.8509803921568627 0.8509803921568627,
0.8509803921568627 0.8509803921568627 0.8509803921568627,
0.8509803921568627 0.8509803921568627 0.8509803921568627,
0.8509803921568627 0.8509803921568627 0.8509803921568627,
0.8509803921568627 0.8509803921568627 0.8509803921568627,
0.8509803921568627 0.8509803921568627 0.8509803921568627,
0.8509803921568627 0.8509803921568627 0.8509803921568627,
0.8509803921568627 0.8509803921568627 0.8509803921568627,
0.8509803921568627 0.8509803921568627 0.8509803921568627,
0.8509803921568627 0.8509803921568627 0.8509803921568627,
0.8509803921568627 0.8509803921568627 0.8509803921568627,
0.8509803921568627 0.8509803921568627 0.8509803921568627,
0.8509803921568627 0.8509803921568627 0.8509803921568627,
0.8509803921568627 0.8509803921568627 0.8509803921568627,
0.8509803921568627 0.8509803921568627 0.8509803921568627,
0.8509803921568627 0.8509803921568627 0.8509803921568627,
0.8509803921568627 0.8509803921568627 0.8509803921568627,
0.8509803921568627 0.8509803921568627 0.8509803921568627,
0.8509803921568627 0.8509803921568627 0.8509803921568627,
0.8509803921568627 0.8509803921568627 0.8509803921568627,
0.8509803921568627 0.8509803921568627 0.8509803921568627,
0.8509803921568627 0.8509803921568627 0.8509803921568627,
0.8509803921568627 0.8509803921568627 0.8509803921568627,
0.8509803921568627 0.8509803921568627 0.8509803921568627,
0.8509803921568627 0.8509803921568627 0.8509803921568627,
0.8509803921568627 0.8509803921568627 0.8509803921568627,
0.8509803921568627 0.8509803921568627 0.8509803921568627,
0.8509803921568627 0.8509803921568627 0.8509803921568627,
0.8509803921568627 0.8509803921568627 0.8509803921568627,
0.8509803921568627 0.8509803921568627 0.8509803921568627,
0.8509803921568627 0.8509803921568627 0.8509803921568627,
0.8509803921568627 0.8509803921568627 0.8509803921568627,
0.8509803921568627 0.8509803921568627 0.8509803921568627,
0.8509803921568627 0.8509803921568627 0.8509803921568627,
0.8509803921568627 0.8509803921568627 0.8509803921568627,
0.8509803921568627 0.8509803921568627 0.8509803921568627,
0.8509803921568627 0.8509803921568627 0.8509803921568627,
0.8509803921568627 0.8509803921568627 0.8509803921568627,
0.8509803921568627 0.8509803921568627 0.8509803921568627,
0.8509803921568627 0.8509803921568627 0.8509803921568627,
0.8509803921568627 0.8509803921568627 0.8509803921568627,
0.8509803921568627 0.8509803921568627 0.8509803921568627,
0.8509803921568627 0.8509803921568627 0.8509803921568627,
0.8509803921568627 0.8509803921568627 0.8509803921568627,
0.8509803921568627 0.8509803921568627 0.8509803921568627,
0.8509803921568627 0.8509803921568627 0.8509803921568627,
0.8509803921568627 0.8509803921568627 0.8509803921568627,
0.8509803921568627 0.8509803921568627 0.8509803921568627,
0.8509803921568627 0.8509803921568627 0.8509803921568627,
0.8509803921568627 0.8509803921568627 0.8509803921568627,
0.8509803921568627 0.8509803921568627 0.8509803921568627,
0.8509803921568627 0.8509803921568627 0.8509803921568627,
0.8509803921568627 0.8509803921568627 0.8509803921568627,
0.8509803921568627 0.8509803921568627 0.8509803921568627,
0.8509803921568627 0.8509803921568627 0.8509803921568627,
0.8509803921568627 0.8509803921568627 0.8509803921568627,
0.8509803921568627 0.8509803921568627 0.8509803921568627,
0.8509803921568627 0.8509803921568627 0.8509803921568627,
0.8509803921568627 0.8509803921568627 0.8509803921568627,
0.8509803921568627 0.8509803921568627 0.8509803921568627,
0.8509803921568627 0.8509803921568627 0.8509803921568627,
0.8509803921568627 0.8509803921568627 0.8509803921568627,
0.8509803921568627 0.8509803921568627 0.8509803921568627,
0.8509803921568627 0.8509803921568627 0.8509803921568627,
0.8509803921568627 0.8509803921568627 0.8509803921568627,
0.8509803921568627 0.8509803921568627 0.8509803921568627,
0.8509803921568627 0.8509803921568627 0.8509803921568627,
0.8509803921568627 0.8509803921568627 0.8509803921568627,
0.8509803921568627 0.8509803921568627 0.8509803921568627,
0.8509803921568627 0.8509803921568627 0.8509803921568627,
0.8509803921568627 0.8509803921568627 0.8509803921568627,
0.8509803921568627 0.8509803921568627 0.8509803921568627,
0.8509803921568627 0.8509803921568627 0.8509803921568627,
0.8509803921568627 0.8509803921568627 0.8509803921568627,
0.8509803921568627 0.8509803921568627 0.8509803921568627,
0.8509803921568627 0.8509803921568627 0.8509803921568627,
0.8509803921568627 0.8509803921568627 0.8509803921568627,
0.8509803921568627 0.8509803921568627 0.8509803921568627,
0.8509803921568627 0.8509803921568627 0.8509803921568627,
0.8509803921568627 0.8509803921568627 0.8509803921568627,
0.8509803921568627 0.8509803921568627 0.8509803921568627,
0.8509803921568627 0.8509803921568627 0.8509803921568627,
0.8509803921568627 0.8509803921568627 0.8509803921568627,
0.8509803921568627 0.8509803921568627 0.8509803921568627,
0.8509803921568627 0.8509803921568627 0.8509803921568627,
0.8509803921568627 0.8509803921568627 0.8509803921568627,
0.8509803921568627 0.8509803921568627 0.8509803921568627,
0.8509803921568627 0.8509803921568627 0.8509803921568627,
0.8509803921568627 0.8509803921568627 0.8509803921568627,
0.8509803921568627 0.8509803921568627 0.8509803921568627,
0.8509803921568627 0.8509803921568627 0.8509803921568627,
0.8509803921568627 0.8509803921568627 0.8509803921568627,
0.8509803921568627 0.8509803921568627 0.8509803921568627,
0.8509803921568627 0.8509803921568627 0.8509803921568627,
0.8509803921568627 0.8509803921568627 0.8509803921568627,
0.8509803921568627 0.8509803921568627 0.8509803921568627,
0.8509803921568627 0.8509803921568627 0.8509803921568627,
0.8509803921568627 0.8509803921568627 0.8509803921568627,
0.8509803921568627 0.8509803921568627 0.8509803921568627,
0.8509803921568627 0.8509803921568627 0.8509803921568627,
0.8509803921568627 0.8509803921568627 0.8509803921568627,
0.8509803921568627 0.8509803921568627 0.8509803921568627,
0.8509803921568627 0.8509803921568627 0.8509803921568627,
0.8509803921568627 0.8509803921568627 0.8509803921568627,
0.8509803921568627 0.8509803921568627 0.8509803921568627,
0.8509803921568627 0.8509803921568627 0.8509803921568627,
0.8509803921568627 0.8509803921568627 0.8509803921568627,
0.8509803921568627 0.8509803921568627 0.8509803921568627,
0.8509803921568627 0.8509803921568627 0.8509803921568627,
0.8509803921568627 0.8509803921568627 0.8509803921568627,
0.8509803921568627 0.8509803921568627 0.8509803921568627,
0.8509803921568627 0.8509803921568627 0.8509803921568627,
0.8509803921568627 0.8509803921568627 0.8509803921568627,
0.8509803921568627 0.8509803921568627 0.8509803921568627,
0.8509803921568627 0.8509803921568627 0.8509803921568627,
0.8509803921568627 0.8509803921568627 0.8509803921568627,
0.8509803921568627 0.8509803921568627 0.8509803921568627,
0.8509803921568627 0.8509803921568627 0.8509803921568627,
0.8509803921568627 0.8509803921568627 0.8509803921568627,
0.8509803921568627 0.8509803921568627 0.8509803921568627,
0.8509803921568627 0.8509803921568627 0.8509803921568627,
0.8509803921568627 0.8509803921568627 0.8509803921568627,
0.8509803921568627 0.8509803921568627 0.8509803921568627,
0.8509803921568627 0.8509803921568627 0.8509803921568627,
0.8509803921568627 0.8509803921568627 0.8509803921568627,
0.8509803921568627 0.8509803921568627 0.8509803921568627,
0.8509803921568627 0.8509803921568627 0.8509803921568627,
0.8509803921568627 0.8509803921568627 0.8509803921568627,
0.8509803921568627 0.8509803921568627 0.8509803921568627,
0.8509803921568627 0.8509803921568627 0.8509803921568627,
0.8509803921568627 0.8509803921568627 0.8509803921568627,
0.8509803921568627 0.8509803921568627 0.8509803921568627,
0.8509803921568627 0.8509803921568627 0.8509803921568627,
0.8509803921568627 0.8509803921568627 0.8509803921568627,
0.8509803921568627 0.8509803921568627 0.8509803921568627,
0.8509803921568627 0.8509803921568627 0.8509803921568627,
0.8509803921568627 0.8509803921568627 0.8509803921568627,
0.8509803921568627 0.8509803921568627 0.8509803921568627,
0.8509803921568627 0.8509803921568627 0.8509803921568627,
0.8509803921568627 0.8509803921568627 0.8509803921568627,
0.8509803921568627 0.8509803921568627 0.8509803921568627,
0.8509803921568627 0.8509803921568627 0.8509803921568627,
0.8509803921568627 0.8509803921568627 0.8509803921568627,
0.8509803921568627 0.8509803921568627 0.8509803921568627,
0.8509803921568627 0.8509803921568627 0.8509803921568627,
0.8509803921568627 0.8509803921568627 0.8509803921568627,
0.8509803921568627 0.8509803921568627 0.8509803921568627,
0.8509803921568627 0.8509803921568627 0.8509803921568627,
0.8509803921568627 0.8509803921568627 0.8509803921568627,
0.8509803921568627 0.8509803921568627 0.8509803921568627,
0.8509803921568627 0.8509803921568627 0.8509803921568627,
0.8509803921568627 0.8509803921568627 0.8509803921568627,
0.8509803921568627 0.8509803921568627 0.8509803921568627,
0.8509803921568627 0.8509803921568627 0.8509803921568627,
0.8509803921568627 0.8509803921568627 0.8509803921568627,
0.8509803921568627 0.8509803921568627 0.8509803921568627,
0.8509803921568627 0.8509803921568627 0.8509803921568627,
0.8509803921568627 0.8509803921568627 0.8509803921568627,
0.8509803921568627 0.8509803921568627 0.8509803921568627,
0.8509803921568627 0.8509803921568627 0.8509803921568627,
0.8509803921568627 0.8509803921568627 0.8509803921568627,
0.8509803921568627 0.8509803921568627 0.8509803921568627,
0.8509803921568627 0.8509803921568627 0.8509803921568627,
0.8509803921568627 0.8509803921568627 0.8509803921568627,
0.8509803921568627 0.8509803921568627 0.8509803921568627,
0.8509803921568627 0.8509803921568627 0.8509803921568627,
0.8509803921568627 0.8509803921568627 0.8509803921568627,
0.8509803921568627 0.8509803921568627 0.8509803921568627,
0.8509803921568627 0.8509803921568627 0.8509803921568627,
0.8509803921568627 0.8509803921568627 0.8509803921568627,
0.8509803921568627 0.8509803921568627 0.8509803921568627,
0.8509803921568627 0.8509803921568627 0.8509803921568627,
0.8509803921568627 0.8509803921568627 0.8509803921568627,
0.8509803921568627 0.8509803921568627 0.8509803921568627,
0.8509803921568627 0.8509803921568627 0.8509803921568627,
0.8509803921568627 0.8509803921568627 0.8509803921568627,
0.8509803921568627 0.8509803921568627 0.8509803921568627,
0.8509803921568627 0.8509803921568627 0.8509803921568627,
0.8509803921568627 0.8509803921568627 0.8509803921568627,
0.8509803921568627 0.8509803921568627 0.8509803921568627,
0.8509803921568627 0.8509803921568627 0.8509803921568627,
0.8509803921568627 0.8509803921568627 0.8509803921568627,
0.8509803921568627 0.8509803921568627 0.8509803921568627,
0.8509803921568627 0.8509803921568627 0.8509803921568627,
0.8509803921568627 0.8509803921568627 0.8509803921568627,
0.8509803921568627 0.8509803921568627 0.8509803921568627,
0.8509803921568627 0.8509803921568627 0.8509803921568627,
0.8509803921568627 0.8509803921568627 0.8509803921568627,
0.8509803921568627 0.8509803921568627 0.8509803921568627,
0.8509803921568627 0.8509803921568627 0.8509803921568627,
0.8509803921568627 0.8509803921568627 0.8509803921568627,
0.8509803921568627 0.8509803921568627 0.8509803921568627,
0.8509803921568627 0.8509803921568627 0.8509803921568627,
0.8509803921568627 0.8509803921568627 0.8509803921568627,
0.8509803921568627 0.8509803921568627 0.8509803921568627,
0.8509803921568627 0.8509803921568627 0.8509803921568627,
0.8509803921568627 0.8509803921568627 0.8509803921568627,
0.8509803921568627 0.8509803921568627 0.8509803921568627,
0.8509803921568627 0.8509803921568627 0.8509803921568627,
0.8509803921568627 0.8509803921568627 0.8509803921568627,
0.8509803921568627 0.8509803921568627 0.8509803921568627,
0.8509803921568627 0.8509803921568627 0.8509803921568627,
0.8509803921568627 0.8509803921568627 0.8509803921568627,
0.8509803921568627 0.8509803921568627 0.8509803921568627,
0.8509803921568627 0.8509803921568627 0.8509803921568627,
0.8509803921568627 0.8509803921568627 0.8509803921568627,
0.8509803921568627 0.8509803921568627 0.8509803921568627,
0.8509803921568627 0.8509803921568627 0.8509803921568627,
0.8509803921568627 0.8509803921568627 0.8509803921568627,
0.8509803921568627 0.8509803921568627 0.8509803921568627,
0.8509803921568627 0.8509803921568627 0.8509803921568627,
0.8509803921568627 0.8509803921568627 0.8509803921568627,
0.8509803921568627 0.8509803921568627 0.8509803921568627,
0.8509803921568627 0.8509803921568627 0.8509803921568627,
0.8509803921568627 0.8509803921568627 0.8509803921568627,
0.8509803921568627 0.8509803921568627 0.8509803921568627,
0.8509803921568627 0.8509803921568627 0.8509803921568627,
0.8509803921568627 0.8509803921568627 0.8509803921568627,
0.8509803921568627 0.8509803921568627 0.8509803921568627,
0.8509803921568627 0.8509803921568627 0.8509803921568627,
0.8509803921568627 0.8509803921568627 0.8509803921568627,
0.8509803921568627 0.8509803921568627 0.8509803921568627,
0.8509803921568627 0.8509803921568627 0.8509803921568627,
0.8509803921568627 0.8509803921568627 0.8509803921568627,
0.8509803921568627 0.8509803921568627 0.8509803921568627,
0.8509803921568627 0.8509803921568627 0.8509803921568627,
0.8509803921568627 0.8509803921568627 0.8509803921568627,
0.8509803921568627 0.8509803921568627 0.8509803921568627,
0.8509803921568627 0.8509803921568627 0.8509803921568627,
0.8509803921568627 0.8509803921568627 0.8509803921568627,
0.8509803921568627 0.8509803921568627 0.8509803921568627,
0.8509803921568627 0.8509803921568627 0.8509803921568627,
0.8509803921568627 0.8509803921568627 0.8509803921568627,
0.8509803921568627 0.8509803921568627 0.8509803921568627,
0.8509803921568627 0.8509803921568627 0.8509803921568627,
0.8509803921568627 0.8509803921568627 0.8509803921568627,
0.8509803921568627 0.8509803921568627 0.8509803921568627,
0.8509803921568627 0.8509803921568627 0.8509803921568627,
0.8509803921568627 0.8509803921568627 0.8509803921568627,
0.8509803921568627 0.8509803921568627 0.8509803921568627,
0.8509803921568627 0.8509803921568627 0.8509803921568627,
0.8509803921568627 0.8509803921568627 0.8509803921568627,
0.8509803921568627 0.8509803921568627 0.8509803921568627,
0.8509803921568627 0.8509803921568627 0.8509803921568627,
0.8509803921568627 0.8509803921568627 0.8509803921568627,
0.8509803921568627 0.8509803921568627 0.8509803921568627,
0.8509803921568627 0.8509803921568627 0.8509803921568627,
0.8509803921568627 0.8509803921568627 0.8509803921568627,
0.8509803921568627 0.8509803921568627 0.8509803921568627,
0.8509803921568627 0.8509803921568627 0.8509803921568627,
0.8509803921568627 0.8509803921568627 0.8509803921568627,
0.8509803921568627 0.8509803921568627 0.8509803921568627,
0.8509803921568627 0.8509803921568627 0.8509803921568627,
0.8509803921568627 0.8509803921568627 0.8509803921568627,
0.8509803921568627 0.8509803921568627 0.8509803921568627,
0.8509803921568627 0.8509803921568627 0.8509803921568627,
0.8509803921568627 0.8509803921568627 0.8509803921568627,
0.8509803921568627 0.8509803921568627 0.8509803921568627,
0.8509803921568627 0.8509803921568627 0.8509803921568627,
0.8509803921568627 0.8509803921568627 0.8509803921568627,
0.8509803921568627 0.8509803921568627 0.8509803921568627,
0.8509803921568627 0.8509803921568627 0.8509803921568627,
0.8509803921568627 0.8509803921568627 0.8509803921568627,
0.8509803921568627 0.8509803921568627 0.8509803921568627,
0.8509803921568627 0.8509803921568627 0.8509803921568627,
0.8509803921568627 0.8509803921568627 0.8509803921568627,
0.8509803921568627 0.8509803921568627 0.8509803921568627,
0.8509803921568627 0.8509803921568627 0.8509803921568627,
0.8509803921568627 0.8509803921568627 0.8509803921568627,
0.8509803921568627 0.8509803921568627 0.8509803921568627,
0.8509803921568627 0.8509803921568627 0.8509803921568627,
0.8509803921568627 0.8509803921568627 0.8509803921568627,
0.8509803921568627 0.8509803921568627 0.8509803921568627,
0.8509803921568627 0.8509803921568627 0.8509803921568627,
0.8509803921568627 0.8509803921568627 0.8509803921568627,
0.8509803921568627 0.8509803921568627 0.8509803921568627,
0.8509803921568627 0.8509803921568627 0.8509803921568627,
0.8509803921568627 0.8509803921568627 0.8509803921568627,
0.8509803921568627 0.8509803921568627 0.8509803921568627,
0.8509803921568627 0.8509803921568627 0.8509803921568627,
0.8509803921568627 0.8509803921568627 0.8509803921568627,
0.8509803921568627 0.8509803921568627 0.8509803921568627,
0.8509803921568627 0.8509803921568627 0.8509803921568627,
0.8509803921568627 0.8509803921568627 0.8509803921568627,
0.8509803921568627 0.8509803921568627 0.8509803921568627,
0.8509803921568627 0.8509803921568627 0.8509803921568627,
0.8509803921568627 0.8509803921568627 0.8509803921568627,
0.8509803921568627 0.8509803921568627 0.8509803921568627,
0.8509803921568627 0.8509803921568627 0.8509803921568627,
0.8509803921568627 0.8509803921568627 0.8509803921568627,
0.8509803921568627 0.8509803921568627 0.8509803921568627,
0.8509803921568627 0.8509803921568627 0.8509803921568627,
0.8509803921568627 0.8509803921568627 0.8509803921568627,
0.8509803921568627 0.8509803921568627 0.8509803921568627,
0.8509803921568627 0.8509803921568627 0.8509803921568627,
0.8509803921568627 0.8509803921568627 0.8509803921568627,
0.8509803921568627 0.8509803921568627 0.8509803921568627,
0.8509803921568627 0.8509803921568627 0.8509803921568627,
0.8509803921568627 0.8509803921568627 0.8509803921568627,
0.8509803921568627 0.8509803921568627 0.8509803921568627,
0.8509803921568627 0.8509803921568627 0.8509803921568627,
0.8509803921568627 0.8509803921568627 0.8509803921568627,
0.8509803921568627 0.8509803921568627 0.8509803921568627,
0.8509803921568627 0.8509803921568627 0.8509803921568627,
0.8509803921568627 0.8509803921568627 0.8509803921568627,
0.8509803921568627 0.8509803921568627 0.8509803921568627,
0.8509803921568627 0.8509803921568627 0.8509803921568627,
0.8509803921568627 0.8509803921568627 0.8509803921568627,
0.8509803921568627 0.8509803921568627 0.8509803921568627,
0.8509803921568627 0.8509803921568627 0.8509803921568627,
0.8509803921568627 0.8509803921568627 0.8509803921568627,
0.8509803921568627 0.8509803921568627 0.8509803921568627,
0.8509803921568627 0.8509803921568627 0.8509803921568627,
0.8509803921568627 0.8509803921568627 0.8509803921568627,
0.8509803921568627 0.8509803921568627 0.8509803921568627,
0.8509803921568627 0.8509803921568627 0.8509803921568627,
0.8509803921568627 0.8509803921568627 0.8509803921568627,
0.8509803921568627 0.8509803921568627 0.8509803921568627,
0.8509803921568627 0.8509803921568627 0.8509803921568627,
0.8509803921568627 0.8509803921568627 0.8509803921568627,
0.8509803921568627 0.8509803921568627 0.8509803921568627,
0.8509803921568627 0.8509803921568627 0.8509803921568627,
0.8509803921568627 0.8509803921568627 0.8509803921568627,
0.8509803921568627 0.8509803921568627 0.8509803921568627,
0.8509803921568627 0.8509803921568627 0.8509803921568627,
0.8509803921568627 0.8509803921568627 0.8509803921568627,
0.8509803921568627 0.8509803921568627 0.8509803921568627,
0.8509803921568627 0.8509803921568627 0.8509803921568627,
0.8509803921568627 0.8509803921568627 0.8509803921568627,
0.8509803921568627 0.8509803921568627 0.8509803921568627,
0.8509803921568627 0.8509803921568627 0.8509803921568627,
0.8509803921568627 0.8509803921568627 0.8509803921568627,
0.8509803921568627 0.8509803921568627 0.8509803921568627,
0.8509803921568627 0.8509803921568627 0.8509803921568627,
0.8509803921568627 0.8509803921568627 0.8509803921568627,
0.8509803921568627 0.8509803921568627 0.8509803921568627,
0.8509803921568627 0.8509803921568627 0.8509803921568627,
0.8509803921568627 0.8509803921568627 0.8509803921568627,
0.8509803921568627 0.8509803921568627 0.8509803921568627,
0.8509803921568627 0.8509803921568627 0.8509803921568627,
0.8509803921568627 0.8509803921568627 0.8509803921568627,
0.8509803921568627 0.8509803921568627 0.8509803921568627,
0.8509803921568627 0.8509803921568627 0.8509803921568627,
0.8509803921568627 0.8509803921568627 0.8509803921568627,
0.8509803921568627 0.8509803921568627 0.8509803921568627,
0.8509803921568627 0.8509803921568627 0.8509803921568627,
0.8509803921568627 0.8509803921568627 0.8509803921568627,
0.8509803921568627 0.8509803921568627 0.8509803921568627,
0.8509803921568627 0.8509803921568627 0.8509803921568627,
0.8509803921568627 0.8509803921568627 0.8509803921568627,
0.8509803921568627 0.8509803921568627 0.8509803921568627,
0.8509803921568627 0.8509803921568627 0.8509803921568627,
0.8509803921568627 0.8509803921568627 0.8509803921568627,
0.8509803921568627 0.8509803921568627 0.8509803921568627,
0.8509803921568627 0.8509803921568627 0.8509803921568627,
0.8509803921568627 0.8509803921568627 0.8509803921568627,
0.8509803921568627 0.8509803921568627 0.8509803921568627,
0.8509803921568627 0.8509803921568627 0.8509803921568627,
0.8509803921568627 0.8509803921568627 0.8509803921568627,
0.8509803921568627 0.8509803921568627 0.8509803921568627,
0.8509803921568627 0.8509803921568627 0.8509803921568627,
0.8509803921568627 0.8509803921568627 0.8509803921568627,
0.8509803921568627 0.8509803921568627 0.8509803921568627,
0.8509803921568627 0.8509803921568627 0.8509803921568627,
0.8509803921568627 0.8509803921568627 0.8509803921568627,
0.8509803921568627 0.8509803921568627 0.8509803921568627,
0.8509803921568627 0.8509803921568627 0.8509803921568627,
0.8509803921568627 0.8509803921568627 0.8509803921568627,
0.8509803921568627 0.8509803921568627 0.8509803921568627,
0.8509803921568627 0.8509803921568627 0.8509803921568627,
0.8509803921568627 0.8509803921568627 0.8509803921568627,
0.8509803921568627 0.8509803921568627 0.8509803921568627,
0.8509803921568627 0.8509803921568627 0.8509803921568627,
0.8509803921568627 0.8509803921568627 0.8509803921568627,
0.8509803921568627 0.8509803921568627 0.8509803921568627,
0.8509803921568627 0.8509803921568627 0.8509803921568627,
0.8509803921568627 0.8509803921568627 0.8509803921568627,
0.8509803921568627 0.8509803921568627 0.8509803921568627,
0.8509803921568627 0.8509803921568627 0.8509803921568627,
0.8509803921568627 0.8509803921568627 0.8509803921568627,
0.8509803921568627 0.8509803921568627 0.8509803921568627,
0.8509803921568627 0.8509803921568627 0.8509803921568627,
0.8509803921568627 0.8509803921568627 0.8509803921568627,
0.8509803921568627 0.8509803921568627 0.8509803921568627,
0.8509803921568627 0.8509803921568627 0.8509803921568627,
0.8509803921568627 0.8509803921568627 0.8509803921568627,
0.8509803921568627 0.8509803921568627 0.8509803921568627,
0.8509803921568627 0.8509803921568627 0.8509803921568627,
0.8509803921568627 0.8509803921568627 0.8509803921568627,
0.8509803921568627 0.8509803921568627 0.8509803921568627,
0.8509803921568627 0.8509803921568627 0.8509803921568627,
0.8509803921568627 0.8509803921568627 0.8509803921568627,
0.8509803921568627 0.8509803921568627 0.8509803921568627,
0.8509803921568627 0.8509803921568627 0.8509803921568627,
0.8509803921568627 0.8509803921568627 0.8509803921568627,
0.8509803921568627 0.8509803921568627 0.8509803921568627,
0.8509803921568627 0.8509803921568627 0.8509803921568627,
0.8509803921568627 0.8509803921568627 0.8509803921568627,
0.8509803921568627 0.8509803921568627 0.8509803921568627,
0.8509803921568627 0.8509803921568627 0.8509803921568627,
0.8509803921568627 0.8509803921568627 0.8509803921568627,
0.8509803921568627 0.8509803921568627 0.8509803921568627,
0.8509803921568627 0.8509803921568627 0.8509803921568627,
0.8509803921568627 0.8509803921568627 0.8509803921568627,
0.8509803921568627 0.8509803921568627 0.8509803921568627,
0.8509803921568627 0.8509803921568627 0.8509803921568627,
0.8509803921568627 0.8509803921568627 0.8509803921568627,
0.8509803921568627 0.8509803921568627 0.8509803921568627,
0.8509803921568627 0.8509803921568627 0.8509803921568627,
0.8509803921568627 0.8509803921568627 0.8509803921568627,
0.8509803921568627 0.8509803921568627 0.8509803921568627,
0.8509803921568627 0.8509803921568627 0.8509803921568627,
0.8509803921568627 0.8509803921568627 0.8509803921568627,
0.8509803921568627 0.8509803921568627 0.8509803921568627,
0.8509803921568627 0.8509803921568627 0.8509803921568627,
0.8509803921568627 0.8509803921568627 0.8509803921568627,
0.8509803921568627 0.8509803921568627 0.8509803921568627,
0.8509803921568627 0.8509803921568627 0.8509803921568627,
0.8509803921568627 0.8509803921568627 0.8509803921568627,
0.8509803921568627 0.8509803921568627 0.8509803921568627,
0.8509803921568627 0.8509803921568627 0.8509803921568627,
0.8509803921568627 0.8509803921568627 0.8509803921568627,
0.8509803921568627 0.8509803921568627 0.8509803921568627,
0.8509803921568627 0.8509803921568627 0.8509803921568627,
0.8509803921568627 0.8509803921568627 0.8509803921568627,
0.8509803921568627 0.8509803921568627 0.8509803921568627,
0.8509803921568627 0.8509803921568627 0.8509803921568627,
0.8509803921568627 0.8509803921568627 0.8509803921568627,
0.8509803921568627 0.8509803921568627 0.8509803921568627,
0.8509803921568627 0.8509803921568627 0.8509803921568627,
0.8509803921568627 0.8509803921568627 0.8509803921568627,
0.8509803921568627 0.8509803921568627 0.8509803921568627,
0.8509803921568627 0.8509803921568627 0.8509803921568627,
0.8509803921568627 0.8509803921568627 0.8509803921568627,
0.8509803921568627 0.8509803921568627 0.8509803921568627,
0.8509803921568627 0.8509803921568627 0.8509803921568627,
0.8509803921568627 0.8509803921568627 0.8509803921568627,
0.8509803921568627 0.8509803921568627 0.8509803921568627,
0.8509803921568627 0.8509803921568627 0.8509803921568627,
0.8509803921568627 0.8509803921568627 0.8509803921568627,
0.8509803921568627 0.8509803921568627 0.8509803921568627,
0.8509803921568627 0.8509803921568627 0.8509803921568627,
0.8509803921568627 0.8509803921568627 0.8509803921568627,
0.8509803921568627 0.8509803921568627 0.8509803921568627,
0.8509803921568627 0.8509803921568627 0.8509803921568627,
0.8509803921568627 0.8509803921568627 0.8509803921568627,
0.8509803921568627 0.8509803921568627 0.8509803921568627,
0.8509803921568627 0.8509803921568627 0.8509803921568627,
0.8509803921568627 0.8509803921568627 0.8509803921568627,
0.8509803921568627 0.8509803921568627 0.8509803921568627,
0.8509803921568627 0.8509803921568627 0.8509803921568627,
0.8509803921568627 0.8509803921568627 0.8509803921568627,
0.8509803921568627 0.8509803921568627 0.8509803921568627,
0.8509803921568627 0.8509803921568627 0.8509803921568627,
0.8509803921568627 0.8509803921568627 0.8509803921568627,
0.8509803921568627 0.8509803921568627 0.8509803921568627,
0.8509803921568627 0.8509803921568627 0.8509803921568627,
0.8509803921568627 0.8509803921568627 0.8509803921568627,
0.8509803921568627 0.8509803921568627 0.8509803921568627,
0.8509803921568627 0.8509803921568627 0.8509803921568627,
0.8509803921568627 0.8509803921568627 0.8509803921568627,
0.8509803921568627 0.8509803921568627 0.8509803921568627,
0.8509803921568627 0.8509803921568627 0.8509803921568627,
0.8509803921568627 0.8509803921568627 0.8509803921568627,
0.8509803921568627 0.8509803921568627 0.8509803921568627,
0.8509803921568627 0.8509803921568627 0.8509803921568627,
0.8509803921568627 0.8509803921568627 0.8509803921568627,
0.8509803921568627 0.8509803921568627 0.8509803921568627,
0.8509803921568627 0.8509803921568627 0.8509803921568627,
0.8509803921568627 0.8509803921568627 0.8509803921568627,
0.8509803921568627 0.8509803921568627 0.8509803921568627,
0.8509803921568627 0.8509803921568627 0.8509803921568627,
0.8509803921568627 0.8509803921568627 0.8509803921568627,
0.8509803921568627 0.8509803921568627 0.8509803921568627,
0.8509803921568627 0.8509803921568627 0.8509803921568627,
0.8509803921568627 0.8509803921568627 0.8509803921568627,
0.8509803921568627 0.8509803921568627 0.8509803921568627,
0.8509803921568627 0.8509803921568627 0.8509803921568627,
0.8509803921568627 0.8509803921568627 0.8509803921568627,
0.8509803921568627 0.8509803921568627 0.8509803921568627,
0.8509803921568627 0.8509803921568627 0.8509803921568627,
0.8509803921568627 0.8509803921568627 0.8509803921568627,
0.8509803921568627 0.8509803921568627 0.8509803921568627,
0.8509803921568627 0.8509803921568627 0.8509803921568627,
0.8509803921568627 0.8509803921568627 0.8509803921568627,
0.8509803921568627 0.8509803921568627 0.8509803921568627,
0.8509803921568627 0.8509803921568627 0.8509803921568627,
0.8509803921568627 0.8509803921568627 0.8509803921568627,
0.8509803921568627 0.8509803921568627 0.8509803921568627,
0.8509803921568627 0.8509803921568627 0.8509803921568627,
0.8509803921568627 0.8509803921568627 0.8509803921568627,
0.8509803921568627 0.8509803921568627 0.8509803921568627,
0.8509803921568627 0.8509803921568627 0.8509803921568627,
0.8509803921568627 0.8509803921568627 0.8509803921568627,
0.8509803921568627 0.8509803921568627 0.8509803921568627,
0.8509803921568627 0.8509803921568627 0.8509803921568627,
0.8509803921568627 0.8509803921568627 0.8509803921568627,
0.8509803921568627 0.8509803921568627 0.8509803921568627,
0.8509803921568627 0.8509803921568627 0.8509803921568627,
0.8509803921568627 0.8509803921568627 0.8509803921568627,
0.8509803921568627 0.8509803921568627 0.8509803921568627,
0.8509803921568627 0.8509803921568627 0.8509803921568627,
0.8509803921568627 0.8509803921568627 0.8509803921568627,
0.8509803921568627 0.8509803921568627 0.8509803921568627,
0.8509803921568627 0.8509803921568627 0.8509803921568627,
0.8509803921568627 0.8509803921568627 0.8509803921568627,
0.8509803921568627 0.8509803921568627 0.8509803921568627,
0.8509803921568627 0.8509803921568627 0.8509803921568627,
0.8509803921568627 0.8509803921568627 0.8509803921568627,
0.8509803921568627 0.8509803921568627 0.8509803921568627,
0.8509803921568627 0.8509803921568627 0.8509803921568627,
0.8509803921568627 0.8509803921568627 0.8509803921568627,
0.8509803921568627 0.8509803921568627 0.8509803921568627,
0.8509803921568627 0.8509803921568627 0.8509803921568627,
0.8509803921568627 0.8509803921568627 0.8509803921568627,
0.8509803921568627 0.8509803921568627 0.8509803921568627,
0.8509803921568627 0.8509803921568627 0.8509803921568627,
0.8509803921568627 0.8509803921568627 0.8509803921568627,
0.8509803921568627 0.8509803921568627 0.8509803921568627,
0.8509803921568627 0.8509803921568627 0.8509803921568627,
0.8509803921568627 0.8509803921568627 0.8509803921568627,
0.8509803921568627 0.8509803921568627 0.8509803921568627,
0.8509803921568627 0.8509803921568627 0.8509803921568627,
0.8509803921568627 0.8509803921568627 0.8509803921568627,
0.8509803921568627 0.8509803921568627 0.8509803921568627,
0.8509803921568627 0.8509803921568627 0.8509803921568627,
0.8509803921568627 0.8509803921568627 0.8509803921568627,
0.8509803921568627 0.8509803921568627 0.8509803921568627,
0.8509803921568627 0.8509803921568627 0.8509803921568627,
0.8509803921568627 0.8509803921568627 0.8509803921568627,
0.8509803921568627 0.8509803921568627 0.8509803921568627,
0.8509803921568627 0.8509803921568627 0.8509803921568627,
0.8509803921568627 0.8509803921568627 0.8509803921568627,
0.8509803921568627 0.8509803921568627 0.8509803921568627,
0.8509803921568627 0.8509803921568627 0.8509803921568627,
0.8509803921568627 0.8509803921568627 0.8509803921568627,
0.8509803921568627 0.8509803921568627 0.8509803921568627,
0.8509803921568627 0.8509803921568627 0.8509803921568627,
0.8509803921568627 0.8509803921568627 0.8509803921568627,
0.8509803921568627 0.8509803921568627 0.8509803921568627,
0.8509803921568627 0.8509803921568627 0.8509803921568627,
0.8509803921568627 0.8509803921568627 0.8509803921568627,
0.8509803921568627 0.8509803921568627 0.8509803921568627,
0.8509803921568627 0.8509803921568627 0.8509803921568627,
0.8509803921568627 0.8509803921568627 0.8509803921568627,
0.8509803921568627 0.8509803921568627 0.8509803921568627,
0.8509803921568627 0.8509803921568627 0.8509803921568627,
0.8509803921568627 0.8509803921568627 0.8509803921568627,
0.8509803921568627 0.8509803921568627 0.8509803921568627,
0.8509803921568627 0.8509803921568627 0.8509803921568627,
0.8509803921568627 0.8509803921568627 0.8509803921568627,
0.8509803921568627 0.8509803921568627 0.8509803921568627,
0.8509803921568627 0.8509803921568627 0.8509803921568627,
0.8509803921568627 0.8509803921568627 0.8509803921568627,
0.8509803921568627 0.8509803921568627 0.8509803921568627,
0.8509803921568627 0.8509803921568627 0.8509803921568627,
0.8509803921568627 0.8509803921568627 0.8509803921568627,
0.8509803921568627 0.8509803921568627 0.8509803921568627,
0.8509803921568627 0.8509803921568627 0.8509803921568627,
0.8509803921568627 0.8509803921568627 0.8509803921568627,
0.8509803921568627 0.8509803921568627 0.8509803921568627,
0.8509803921568627 0.8509803921568627 0.8509803921568627,
0.8509803921568627 0.8509803921568627 0.8509803921568627,
0.8509803921568627 0.8509803921568627 0.8509803921568627,
0.8509803921568627 0.8509803921568627 0.8509803921568627,
0.8509803921568627 0.8509803921568627 0.8509803921568627,
0.8509803921568627 0.8509803921568627 0.8509803921568627,
0.8509803921568627 0.8509803921568627 0.8509803921568627,
0.8509803921568627 0.8509803921568627 0.8509803921568627,
0.8509803921568627 0.8509803921568627 0.8509803921568627,
0.8509803921568627 0.8509803921568627 0.8509803921568627,
0.8509803921568627 0.8509803921568627 0.8509803921568627,
0.8509803921568627 0.8509803921568627 0.8509803921568627,
0.8509803921568627 0.8509803921568627 0.8509803921568627,
0.8509803921568627 0.8509803921568627 0.8509803921568627,
0.8509803921568627 0.8509803921568627 0.8509803921568627,
0.8509803921568627 0.8509803921568627 0.8509803921568627,
0.8509803921568627 0.8509803921568627 0.8509803921568627,
0.8509803921568627 0.8509803921568627 0.8509803921568627,
0.8509803921568627 0.8509803921568627 0.8509803921568627,
0.8509803921568627 0.8509803921568627 0.8509803921568627,
0.8509803921568627 0.8509803921568627 0.8509803921568627,
0.8509803921568627 0.8509803921568627 0.8509803921568627,
0.8509803921568627 0.8509803921568627 0.8509803921568627,
0.8509803921568627 0.8509803921568627 0.8509803921568627,
0.8509803921568627 0.8509803921568627 0.8509803921568627,
0.8509803921568627 0.8509803921568627 0.8509803921568627,
0.8509803921568627 0.8509803921568627 0.8509803921568627,
0.8509803921568627 0.8509803921568627 0.8509803921568627,
0.8509803921568627 0.8509803921568627 0.8509803921568627,
0.8509803921568627 0.8509803921568627 0.8509803921568627,
0.8509803921568627 0.8509803921568627 0.8509803921568627,
0.8509803921568627 0.8509803921568627 0.8509803921568627,
0.8509803921568627 0.8509803921568627 0.8509803921568627,
0.8509803921568627 0.8509803921568627 0.8509803921568627,
0.8509803921568627 0.8509803921568627 0.8509803921568627,
0.8509803921568627 0.8509803921568627 0.8509803921568627,
0.8509803921568627 0.8509803921568627 0.8509803921568627,
0.8509803921568627 0.8509803921568627 0.8509803921568627,
0.8509803921568627 0.8509803921568627 0.8509803921568627,
0.8509803921568627 0.8509803921568627 0.8509803921568627,
0.8509803921568627 0.8509803921568627 0.8509803921568627,
0.8509803921568627 0.8509803921568627 0.8509803921568627,
0.8509803921568627 0.8509803921568627 0.8509803921568627,
0.8509803921568627 0.8509803921568627 0.8509803921568627,
0.8509803921568627 0.8509803921568627 0.8509803921568627,
0.8509803921568627 0.8509803921568627 0.8509803921568627,
0.8509803921568627 0.8509803921568627 0.8509803921568627,
0.8509803921568627 0.8509803921568627 0.8509803921568627,
0.8509803921568627 0.8509803921568627 0.8509803921568627,
0.8509803921568627 0.8509803921568627 0.8509803921568627,
0.8509803921568627 0.8509803921568627 0.8509803921568627,
0.8509803921568627 0.8509803921568627 0.8509803921568627,
0.8509803921568627 0.8509803921568627 0.8509803921568627,
0.8509803921568627 0.8509803921568627 0.8509803921568627,
0.8509803921568627 0.8509803921568627 0.8509803921568627,
0.8509803921568627 0.8509803921568627 0.8509803921568627,
0.8509803921568627 0.8509803921568627 0.8509803921568627,
0.8509803921568627 0.8509803921568627 0.8509803921568627,
0.8509803921568627 0.8509803921568627 0.8509803921568627,
0.8509803921568627 0.8509803921568627 0.8509803921568627,
0.8509803921568627 0.8509803921568627 0.8509803921568627,
0.8509803921568627 0.8509803921568627 0.8509803921568627,
0.8509803921568627 0.8509803921568627 0.8509803921568627,
0.8509803921568627 0.8509803921568627 0.8509803921568627,
0.8509803921568627 0.8509803921568627 0.8509803921568627,
0.8509803921568627 0.8509803921568627 0.8509803921568627,
0.8509803921568627 0.8509803921568627 0.8509803921568627,
0.8509803921568627 0.8509803921568627 0.8509803921568627,
0.8509803921568627 0.8509803921568627 0.8509803921568627,
0.8509803921568627 0.8509803921568627 0.8509803921568627,
0.8509803921568627 0.8509803921568627 0.8509803921568627,
0.8509803921568627 0.8509803921568627 0.8509803921568627,
0.8509803921568627 0.8509803921568627 0.8509803921568627,
0.8509803921568627 0.8509803921568627 0.8509803921568627,
0.8509803921568627 0.8509803921568627 0.8509803921568627,
0.8509803921568627 0.8509803921568627 0.8509803921568627,
0.8509803921568627 0.8509803921568627 0.8509803921568627,
0.8509803921568627 0.8509803921568627 0.8509803921568627,
0.8509803921568627 0.8509803921568627 0.8509803921568627,
0.8509803921568627 0.8509803921568627 0.8509803921568627,
0.8509803921568627 0.8509803921568627 0.8509803921568627,
0.8509803921568627 0.8509803921568627 0.8509803921568627,
0.8509803921568627 0.8509803921568627 0.8509803921568627,
0.8509803921568627 0.8509803921568627 0.8509803921568627,
0.8509803921568627 0.8509803921568627 0.8509803921568627,
0.8509803921568627 0.8509803921568627 0.8509803921568627,
0.8509803921568627 0.8509803921568627 0.8509803921568627,
0.8509803921568627 0.8509803921568627 0.8509803921568627,
0.8509803921568627 0.8509803921568627 0.8509803921568627,
0.8509803921568627 0.8509803921568627 0.8509803921568627,
0.8509803921568627 0.8509803921568627 0.8509803921568627,
0.8509803921568627 0.8509803921568627 0.8509803921568627,
0.8509803921568627 0.8509803921568627 0.8509803921568627,
0.8509803921568627 0.8509803921568627 0.8509803921568627,
0.8509803921568627 0.8509803921568627 0.8509803921568627,
0.8509803921568627 0.8509803921568627 0.8509803921568627,
0.8509803921568627 0.8509803921568627 0.8509803921568627,
0.8509803921568627 0.8509803921568627 0.8509803921568627,
0.8509803921568627 0.8509803921568627 0.8509803921568627,
0.8509803921568627 0.8509803921568627 0.8509803921568627,
0.8509803921568627 0.8509803921568627 0.8509803921568627,
0.8509803921568627 0.8509803921568627 0.8509803921568627,
0.8509803921568627 0.8509803921568627 0.8509803921568627,
0.8509803921568627 0.8509803921568627 0.8509803921568627,
0.8509803921568627 0.8509803921568627 0.8509803921568627,
0.8509803921568627 0.8509803921568627 0.8509803921568627,
0.8509803921568627 0.8509803921568627 0.8509803921568627,
0.8509803921568627 0.8509803921568627 0.8509803921568627,
0.8509803921568627 0.8509803921568627 0.8509803921568627,
0.8509803921568627 0.8509803921568627 0.8509803921568627,
0.8509803921568627 0.8509803921568627 0.8509803921568627,
0.8509803921568627 0.8509803921568627 0.8509803921568627,
0.8509803921568627 0.8509803921568627 0.8509803921568627,
0.8509803921568627 0.8509803921568627 0.8509803921568627,
0.8509803921568627 0.8509803921568627 0.8509803921568627,
0.8509803921568627 0.8509803921568627 0.8509803921568627,
0.8509803921568627 0.8509803921568627 0.8509803921568627,
0.8509803921568627 0.8509803921568627 0.8509803921568627,
0.8509803921568627 0.8509803921568627 0.8509803921568627,
0.8509803921568627 0.8509803921568627 0.8509803921568627,
0.8509803921568627 0.8509803921568627 0.8509803921568627,
0.8509803921568627 0.8509803921568627 0.8509803921568627,
0.8509803921568627 0.8509803921568627 0.8509803921568627,
0.8509803921568627 0.8509803921568627 0.8509803921568627,
0.8509803921568627 0.8509803921568627 0.8509803921568627,
0.8509803921568627 0.8509803921568627 0.8509803921568627,
0.8509803921568627 0.8509803921568627 0.8509803921568627,
0.8509803921568627 0.8509803921568627 0.8509803921568627,
0.8509803921568627 0.8509803921568627 0.8509803921568627,
0.8509803921568627 0.8509803921568627 0.8509803921568627,
0.8509803921568627 0.8509803921568627 0.8509803921568627,
0.8509803921568627 0.8509803921568627 0.8509803921568627,
0.8509803921568627 0.8509803921568627 0.8509803921568627,
0.8509803921568627 0.8509803921568627 0.8509803921568627,
0.8509803921568627 0.8509803921568627 0.8509803921568627,
0.8509803921568627 0.8509803921568627 0.8509803921568627,
0.8509803921568627 0.8509803921568627 0.8509803921568627,
0.8509803921568627 0.8509803921568627 0.8509803921568627,
0.8509803921568627 0.8509803921568627 0.8509803921568627,
0.8509803921568627 0.8509803921568627 0.8509803921568627,
0.8509803921568627 0.8509803921568627 0.8509803921568627,
0.8509803921568627 0.8509803921568627 0.8509803921568627,
0.8509803921568627 0.8509803921568627 0.8509803921568627,
0.8509803921568627 0.8509803921568627 0.8509803921568627,
0.8509803921568627 0.8509803921568627 0.8509803921568627,
0.8509803921568627 0.8509803921568627 0.8509803921568627,
0.8509803921568627 0.8509803921568627 0.8509803921568627,
0.8509803921568627 0.8509803921568627 0.8509803921568627,
0.8509803921568627 0.8509803921568627 0.8509803921568627,
0.8509803921568627 0.8509803921568627 0.8509803921568627,
0.8509803921568627 0.8509803921568627 0.8509803921568627,
0.8509803921568627 0.8509803921568627 0.8509803921568627,
0.8509803921568627 0.8509803921568627 0.8509803921568627,
0.8509803921568627 0.8509803921568627 0.8509803921568627,
0.8509803921568627 0.8509803921568627 0.8509803921568627,
0.8509803921568627 0.8509803921568627 0.8509803921568627,
0.8509803921568627 0.8509803921568627 0.8509803921568627,
0.8509803921568627 0.8509803921568627 0.8509803921568627,
0.8509803921568627 0.8509803921568627 0.8509803921568627,
0.8509803921568627 0.8509803921568627 0.8509803921568627,
0.8509803921568627 0.8509803921568627 0.8509803921568627,
0.8509803921568627 0.8509803921568627 0.8509803921568627,
0.8509803921568627 0.8509803921568627 0.8509803921568627,
0.8509803921568627 0.8509803921568627 0.8509803921568627,
0.8509803921568627 0.8509803921568627 0.8509803921568627,
0.8509803921568627 0.8509803921568627 0.8509803921568627,
0.8509803921568627 0.8509803921568627 0.8509803921568627,
0.8509803921568627 0.8509803921568627 0.8509803921568627,
0.8509803921568627 0.8509803921568627 0.8509803921568627,
0.8509803921568627 0.8509803921568627 0.8509803921568627,
0.8509803921568627 0.8509803921568627 0.8509803921568627,
0.8509803921568627 0.8509803921568627 0.8509803921568627,
0.8509803921568627 0.8509803921568627 0.8509803921568627,
0.8509803921568627 0.8509803921568627 0.8509803921568627,
0.8509803921568627 0.8509803921568627 0.8509803921568627,
0.8509803921568627 0.8509803921568627 0.8509803921568627,
0.8509803921568627 0.8509803921568627 0.8509803921568627,
0.8509803921568627 0.8509803921568627 0.8509803921568627,
0.8509803921568627 0.8509803921568627 0.8509803921568627,
0.8509803921568627 0.8509803921568627 0.8509803921568627,
0.8509803921568627 0.8509803921568627 0.8509803921568627,
0.8509803921568627 0.8509803921568627 0.8509803921568627,
0.8509803921568627 0.8509803921568627 0.8509803921568627,
0.8509803921568627 0.8509803921568627 0.8509803921568627,
0.8509803921568627 0.8509803921568627 0.8509803921568627,
0.8509803921568627 0.8509803921568627 0.8509803921568627,
0.8509803921568627 0.8509803921568627 0.8509803921568627,
0.8509803921568627 0.8509803921568627 0.8509803921568627,
0.8509803921568627 0.8509803921568627 0.8509803921568627,
0.8509803921568627 0.8509803921568627 0.8509803921568627,
0.8509803921568627 0.8509803921568627 0.8509803921568627,
0.8509803921568627 0.8509803921568627 0.8509803921568627,
0.8509803921568627 0.8509803921568627 0.8509803921568627,
0.8509803921568627 0.8509803921568627 0.8509803921568627,
0.8509803921568627 0.8509803921568627 0.8509803921568627,
0.8509803921568627 0.8509803921568627 0.8509803921568627,
0.8509803921568627 0.8509803921568627 0.8509803921568627,
0.8509803921568627 0.8509803921568627 0.8509803921568627,
0.8509803921568627 0.8509803921568627 0.8509803921568627,
0.8509803921568627 0.8509803921568627 0.8509803921568627,
0.8509803921568627 0.8509803921568627 0.8509803921568627,
0.8509803921568627 0.8509803921568627 0.8509803921568627,
0.8509803921568627 0.8509803921568627 0.8509803921568627,
0.8509803921568627 0.8509803921568627 0.8509803921568627,
0.8509803921568627 0.8509803921568627 0.8509803921568627,
0.8509803921568627 0.8509803921568627 0.8509803921568627,
0.8509803921568627 0.8509803921568627 0.8509803921568627,
0.8509803921568627 0.8509803921568627 0.8509803921568627,
0.8509803921568627 0.8509803921568627 0.8509803921568627,
0.8509803921568627 0.8509803921568627 0.8509803921568627,
0.8509803921568627 0.8509803921568627 0.8509803921568627,
0.8509803921568627 0.8509803921568627 0.8509803921568627,
0.8509803921568627 0.8509803921568627 0.8509803921568627,
0.8509803921568627 0.8509803921568627 0.8509803921568627,
0.8509803921568627 0.8509803921568627 0.8509803921568627,
0.8509803921568627 0.8509803921568627 0.8509803921568627,
0.8509803921568627 0.8509803921568627 0.8509803921568627,
0.8509803921568627 0.8509803921568627 0.8509803921568627,
0.8509803921568627 0.8509803921568627 0.8509803921568627,
0.8509803921568627 0.8509803921568627 0.8509803921568627,
0.8509803921568627 0.8509803921568627 0.8509803921568627,
0.8509803921568627 0.8509803921568627 0.8509803921568627,
0.8509803921568627 0.8509803921568627 0.8509803921568627,
0.8509803921568627 0.8509803921568627 0.8509803921568627,
0.8509803921568627 0.8509803921568627 0.8509803921568627,
0.8509803921568627 0.8509803921568627 0.8509803921568627,
0.8509803921568627 0.8509803921568627 0.8509803921568627,
0.8509803921568627 0.8509803921568627 0.8509803921568627,
0.8509803921568627 0.8509803921568627 0.8509803921568627,
0.8509803921568627 0.8509803921568627 0.8509803921568627,
0.8509803921568627 0.8509803921568627 0.8509803921568627,
0.8509803921568627 0.8509803921568627 0.8509803921568627,
0.8509803921568627 0.8509803921568627 0.8509803921568627,
0.8509803921568627 0.8509803921568627 0.8509803921568627,
0.8509803921568627 0.8509803921568627 0.8509803921568627,
0.8509803921568627 0.8509803921568627 0.8509803921568627,
0.8509803921568627 0.8509803921568627 0.8509803921568627,
0.8509803921568627 0.8509803921568627 0.8509803921568627,
0.8509803921568627 0.8509803921568627 0.8509803921568627,
0.8509803921568627 0.8509803921568627 0.8509803921568627,
0.8509803921568627 0.8509803921568627 0.8509803921568627,
0.8509803921568627 0.8509803921568627 0.8509803921568627,
0.8509803921568627 0.8509803921568627 0.8509803921568627,
0.8509803921568627 0.8509803921568627 0.8509803921568627,
0.8509803921568627 0.8509803921568627 0.8509803921568627,
0.8509803921568627 0.8509803921568627 0.8509803921568627,
0.8509803921568627 0.8509803921568627 0.8509803921568627,
0.8509803921568627 0.8509803921568627 0.8509803921568627,
0.8509803921568627 0.8509803921568627 0.8509803921568627,
0.8509803921568627 0.8509803921568627 0.8509803921568627,
0.8509803921568627 0.8509803921568627 0.8509803921568627,
0.8509803921568627 0.8509803921568627 0.8509803921568627,
0.8509803921568627 0.8509803921568627 0.8509803921568627,
0.8509803921568627 0.8509803921568627 0.8509803921568627,
0.8509803921568627 0.8509803921568627 0.8509803921568627,
0.8509803921568627 0.8509803921568627 0.8509803921568627,
0.8509803921568627 0.8509803921568627 0.8509803921568627,
0.8509803921568627 0.8509803921568627 0.8509803921568627,
0.8509803921568627 0.8509803921568627 0.8509803921568627,
0.8509803921568627 0.8509803921568627 0.8509803921568627,
0.8509803921568627 0.8509803921568627 0.8509803921568627,
0.8509803921568627 0.8509803921568627 0.8509803921568627,
0.8509803921568627 0.8509803921568627 0.8509803921568627,
0.8509803921568627 0.8509803921568627 0.8509803921568627,
0.8509803921568627 0.8509803921568627 0.8509803921568627,
0.8509803921568627 0.8509803921568627 0.8509803921568627,
0.8509803921568627 0.8509803921568627 0.8509803921568627,
0.8509803921568627 0.8509803921568627 0.8509803921568627,
0.8509803921568627 0.8509803921568627 0.8509803921568627,
0.8509803921568627 0.8509803921568627 0.8509803921568627,
0.8509803921568627 0.8509803921568627 0.8509803921568627,
0.8509803921568627 0.8509803921568627 0.8509803921568627,
0.8509803921568627 0.8509803921568627 0.8509803921568627,
0.8509803921568627 0.8509803921568627 0.8509803921568627,
0.8509803921568627 0.8509803921568627 0.8509803921568627,
0.8509803921568627 0.8509803921568627 0.8509803921568627,
0.8509803921568627 0.8509803921568627 0.8509803921568627,
0.8509803921568627 0.8509803921568627 0.8509803921568627,
0.8509803921568627 0.8509803921568627 0.8509803921568627,
0.8509803921568627 0.8509803921568627 0.8509803921568627,
0.8509803921568627 0.8509803921568627 0.8509803921568627,
0.8509803921568627 0.8509803921568627 0.8509803921568627,
0.8509803921568627 0.8509803921568627 0.8509803921568627,
0.8509803921568627 0.8509803921568627 0.8509803921568627,
0.8509803921568627 0.8509803921568627 0.8509803921568627,
0.8509803921568627 0.8509803921568627 0.8509803921568627,
0.8509803921568627 0.8509803921568627 0.8509803921568627,
0.8509803921568627 0.8509803921568627 0.8509803921568627,
0.8509803921568627 0.8509803921568627 0.8509803921568627,
0.8509803921568627 0.8509803921568627 0.8509803921568627,
0.8509803921568627 0.8509803921568627 0.8509803921568627,
0.8509803921568627 0.8509803921568627 0.8509803921568627,
0.8509803921568627 0.8509803921568627 0.8509803921568627,
0.8509803921568627 0.8509803921568627 0.8509803921568627,
0.8509803921568627 0.8509803921568627 0.8509803921568627,
0.8509803921568627 0.8509803921568627 0.8509803921568627,
0.8509803921568627 0.8509803921568627 0.8509803921568627,
0.8509803921568627 0.8509803921568627 0.8509803921568627,
0.8509803921568627 0.8509803921568627 0.8509803921568627,
0.8509803921568627 0.8509803921568627 0.8509803921568627,
0.8509803921568627 0.8509803921568627 0.8509803921568627,
0.8509803921568627 0.8509803921568627 0.8509803921568627,
0.8509803921568627 0.8509803921568627 0.8509803921568627,
0.8509803921568627 0.8509803921568627 0.8509803921568627,
0.8509803921568627 0.8509803921568627 0.8509803921568627,
0.8509803921568627 0.8509803921568627 0.8509803921568627,
0.8509803921568627 0.8509803921568627 0.8509803921568627,
0.8509803921568627 0.8509803921568627 0.8509803921568627,
0.8509803921568627 0.8509803921568627 0.8509803921568627,
0.8509803921568627 0.8509803921568627 0.8509803921568627,
0.8509803921568627 0.8509803921568627 0.8509803921568627,
0.8509803921568627 0.8509803921568627 0.8509803921568627,
0.8509803921568627 0.8509803921568627 0.8509803921568627,
0.8509803921568627 0.8509803921568627 0.8509803921568627,
0.8509803921568627 0.8509803921568627 0.8509803921568627,
0.8509803921568627 0.8509803921568627 0.8509803921568627,
0.8509803921568627 0.8509803921568627 0.8509803921568627,
0.8509803921568627 0.8509803921568627 0.8509803921568627,
0.8509803921568627 0.8509803921568627 0.8509803921568627,
0.8509803921568627 0.8509803921568627 0.8509803921568627,
0.8509803921568627 0.8509803921568627 0.8509803921568627,
0.8509803921568627 0.8509803921568627 0.8509803921568627,
0.8509803921568627 0.8509803921568627 0.8509803921568627,
0.8509803921568627 0.8509803921568627 0.8509803921568627,
0.8509803921568627 0.8509803921568627 0.8509803921568627,
0.8509803921568627 0.8509803921568627 0.8509803921568627,
0.8509803921568627 0.8509803921568627 0.8509803921568627,
0.8509803921568627 0.8509803921568627 0.8509803921568627,
0.8509803921568627 0.8509803921568627 0.8509803921568627,
0.8509803921568627 0.8509803921568627 0.8509803921568627,
0.8509803921568627 0.8509803921568627 0.8509803921568627,
0.8509803921568627 0.8509803921568627 0.8509803921568627,
0.8509803921568627 0.8509803921568627 0.8509803921568627,
0.8509803921568627 0.8509803921568627 0.8509803921568627,
0.8509803921568627 0.8509803921568627 0.8509803921568627,
0.8509803921568627 0.8509803921568627 0.8509803921568627,
0.8509803921568627 0.8509803921568627 0.8509803921568627,
0.8509803921568627 0.8509803921568627 0.8509803921568627,
0.8509803921568627 0.8509803921568627 0.8509803921568627,
0.8509803921568627 0.8509803921568627 0.8509803921568627,
0.8509803921568627 0.8509803921568627 0.8509803921568627,
0.8509803921568627 0.8509803921568627 0.8509803921568627,
0.8509803921568627 0.8509803921568627 0.8509803921568627,
0.8509803921568627 0.8509803921568627 0.8509803921568627,
0.8509803921568627 0.8509803921568627 0.8509803921568627,
0.8509803921568627 0.8509803921568627 0.8509803921568627,
0.8509803921568627 0.8509803921568627 0.8509803921568627,
0.8509803921568627 0.8509803921568627 0.8509803921568627,
0.8509803921568627 0.8509803921568627 0.8509803921568627,
0.8509803921568627 0.8509803921568627 0.8509803921568627,
0.8509803921568627 0.8509803921568627 0.8509803921568627,
0.8509803921568627 0.8509803921568627 0.8509803921568627,
0.8509803921568627 0.8509803921568627 0.8509803921568627,
0.8509803921568627 0.8509803921568627 0.8509803921568627,
0.8509803921568627 0.8509803921568627 0.8509803921568627,
0.8509803921568627 0.8509803921568627 0.8509803921568627,
0.8509803921568627 0.8509803921568627 0.8509803921568627,
0.8509803921568627 0.8509803921568627 0.8509803921568627,
0.8509803921568627 0.8509803921568627 0.8509803921568627,
0.8509803921568627 0.8509803921568627 0.8509803921568627,
0.8509803921568627 0.8509803921568627 0.8509803921568627,
0.8509803921568627 0.8509803921568627 0.8509803921568627,
0.8509803921568627 0.8509803921568627 0.8509803921568627,
0.8509803921568627 0.8509803921568627 0.8509803921568627,
0.8509803921568627 0.8509803921568627 0.8509803921568627,
0.8509803921568627 0.8509803921568627 0.8509803921568627,
0.8509803921568627 0.8509803921568627 0.8509803921568627,
0.8509803921568627 0.8509803921568627 0.8509803921568627,
0.8509803921568627 0.8509803921568627 0.8509803921568627,
0.8509803921568627 0.8509803921568627 0.8509803921568627,
0.8509803921568627 0.8509803921568627 0.8509803921568627,
0.8509803921568627 0.8509803921568627 0.8509803921568627,
0.8509803921568627 0.8509803921568627 0.8509803921568627,
0.8509803921568627 0.8509803921568627 0.8509803921568627,
0.8509803921568627 0.8509803921568627 0.8509803921568627,
0.8509803921568627 0.8509803921568627 0.8509803921568627,
0.8509803921568627 0.8509803921568627 0.8509803921568627,
0.8509803921568627 0.8509803921568627 0.8509803921568627,
0.8509803921568627 0.8509803921568627 0.8509803921568627,
0.8509803921568627 0.8509803921568627 0.8509803921568627,
0.8509803921568627 0.8509803921568627 0.8509803921568627,
0.8509803921568627 0.8509803921568627 0.8509803921568627,
0.8509803921568627 0.8509803921568627 0.8509803921568627,
0.8509803921568627 0.8509803921568627 0.8509803921568627,
0.8509803921568627 0.8509803921568627 0.8509803921568627,
0.8509803921568627 0.8509803921568627 0.8509803921568627,
0.8509803921568627 0.8509803921568627 0.8509803921568627,
0.8509803921568627 0.8509803921568627 0.8509803921568627,
0.8509803921568627 0.8509803921568627 0.8509803921568627,
0.8509803921568627 0.8509803921568627 0.8509803921568627,
0.8509803921568627 0.8509803921568627 0.8509803921568627,
0.8509803921568627 0.8509803921568627 0.8509803921568627,
0.8509803921568627 0.8509803921568627 0.8509803921568627,
0.8509803921568627 0.8509803921568627 0.8509803921568627,
0.8509803921568627 0.8509803921568627 0.8509803921568627,
0.8509803921568627 0.8509803921568627 0.8509803921568627,
0.8509803921568627 0.8509803921568627 0.8509803921568627,
0.8509803921568627 0.8509803921568627 0.8509803921568627,
0.8509803921568627 0.8509803921568627 0.8509803921568627,
0.8509803921568627 0.8509803921568627 0.8509803921568627,
0.8509803921568627 0.8509803921568627 0.8509803921568627,
0.8509803921568627 0.8509803921568627 0.8509803921568627,
0.8509803921568627 0.8509803921568627 0.8509803921568627,
0.8509803921568627 0.8509803921568627 0.8509803921568627,
0.8509803921568627 0.8509803921568627 0.8509803921568627,
0.8509803921568627 0.8509803921568627 0.8509803921568627,
0.8509803921568627 0.8509803921568627 0.8509803921568627,
0.8509803921568627 0.8509803921568627 0.8509803921568627,
0.8509803921568627 0.8509803921568627 0.8509803921568627,
0.8509803921568627 0.8509803921568627 0.8509803921568627,
0.8509803921568627 0.8509803921568627 0.8509803921568627,
0.8509803921568627 0.8509803921568627 0.8509803921568627,
0.8509803921568627 0.8509803921568627 0.8509803921568627,
0.8509803921568627 0.8509803921568627 0.8509803921568627,
0.8509803921568627 0.8509803921568627 0.8509803921568627,
0.8509803921568627 0.8509803921568627 0.8509803921568627,
0.8509803921568627 0.8509803921568627 0.8509803921568627,
0.8509803921568627 0.8509803921568627 0.8509803921568627,
0.8509803921568627 0.8509803921568627 0.8509803921568627,
0.8509803921568627 0.8509803921568627 0.8509803921568627,
0.8509803921568627 0.8509803921568627 0.8509803921568627,
0.8509803921568627 0.8509803921568627 0.8509803921568627,
0.8509803921568627 0.8509803921568627 0.8509803921568627,
0.8509803921568627 0.8509803921568627 0.8509803921568627,
0.8509803921568627 0.8509803921568627 0.8509803921568627,
0.8509803921568627 0.8509803921568627 0.8509803921568627,
0.8509803921568627 0.8509803921568627 0.8509803921568627,
0.8509803921568627 0.8509803921568627 0.8509803921568627,
0.8509803921568627 0.8509803921568627 0.8509803921568627,
0.8509803921568627 0.8509803921568627 0.8509803921568627,
0.8509803921568627 0.8509803921568627 0.8509803921568627,
0.8509803921568627 0.8509803921568627 0.8509803921568627,
0.8509803921568627 0.8509803921568627 0.8509803921568627,
0.8509803921568627 0.8509803921568627 0.8509803921568627,
0.8509803921568627 0.8509803921568627 0.8509803921568627,
0.8509803921568627 0.8509803921568627 0.8509803921568627,
0.8509803921568627 0.8509803921568627 0.8509803921568627,
0.8509803921568627 0.8509803921568627 0.8509803921568627,
0.8509803921568627 0.8509803921568627 0.8509803921568627,
0.8509803921568627 0.8509803921568627 0.8509803921568627,
0.8509803921568627 0.8509803921568627 0.8509803921568627,
0.8509803921568627 0.8509803921568627 0.8509803921568627,
0.8509803921568627 0.8509803921568627 0.8509803921568627,
0.8509803921568627 0.8509803921568627 0.8509803921568627,
0.8509803921568627 0.8509803921568627 0.8509803921568627,
0.8509803921568627 0.8509803921568627 0.8509803921568627,
0.8509803921568627 0.8509803921568627 0.8509803921568627,
0.8509803921568627 0.8509803921568627 0.8509803921568627,
0.8509803921568627 0.8509803921568627 0.8509803921568627,
0.8509803921568627 0.8509803921568627 0.8509803921568627,
0.8509803921568627 0.8509803921568627 0.8509803921568627,
0.8509803921568627 0.8509803921568627 0.8509803921568627,
0.8509803921568627 0.8509803921568627 0.8509803921568627,
0.8509803921568627 0.8509803921568627 0.8509803921568627,
0.8509803921568627 0.8509803921568627 0.8509803921568627,
0.8509803921568627 0.8509803921568627 0.8509803921568627,
0.8509803921568627 0.8509803921568627 0.8509803921568627,
0.8509803921568627 0.8509803921568627 0.8509803921568627,
0.8509803921568627 0.8509803921568627 0.8509803921568627,
0.8509803921568627 0.8509803921568627 0.8509803921568627,
0.8509803921568627 0.8509803921568627 0.8509803921568627,
0.8509803921568627 0.8509803921568627 0.8509803921568627,
0.8509803921568627 0.8509803921568627 0.8509803921568627,
0.8509803921568627 0.8509803921568627 0.8509803921568627,
0.8509803921568627 0.8509803921568627 0.8509803921568627,
0.8509803921568627 0.8509803921568627 0.8509803921568627,
0.8509803921568627 0.8509803921568627 0.8509803921568627,
0.8509803921568627 0.8509803921568627 0.8509803921568627,
0.8509803921568627 0.8509803921568627 0.8509803921568627,
0.8509803921568627 0.8509803921568627 0.8509803921568627,
0.8509803921568627 0.8509803921568627 0.8509803921568627,
0.8509803921568627 0.8509803921568627 0.8509803921568627,
0.8509803921568627 0.8509803921568627 0.8509803921568627,
0.8509803921568627 0.8509803921568627 0.8509803921568627,
0.8509803921568627 0.8509803921568627 0.8509803921568627,
0.8509803921568627 0.8509803921568627 0.8509803921568627,
0.8509803921568627 0.8509803921568627 0.8509803921568627,
0.8509803921568627 0.8509803921568627 0.8509803921568627,
0.8509803921568627 0.8509803921568627 0.8509803921568627,
0.8509803921568627 0.8509803921568627 0.8509803921568627,
0.8509803921568627 0.8509803921568627 0.8509803921568627,
0.8509803921568627 0.8509803921568627 0.8509803921568627,
0.8509803921568627 0.8509803921568627 0.8509803921568627,
0.8509803921568627 0.8509803921568627 0.8509803921568627,
0.8509803921568627 0.8509803921568627 0.8509803921568627,
0.8509803921568627 0.8509803921568627 0.8509803921568627,
0.8509803921568627 0.8509803921568627 0.8509803921568627,
0.8509803921568627 0.8509803921568627 0.8509803921568627,
0.8509803921568627 0.8509803921568627 0.8509803921568627,
0.8509803921568627 0.8509803921568627 0.8509803921568627,
0.8509803921568627 0.8509803921568627 0.8509803921568627,
0.8509803921568627 0.8509803921568627 0.8509803921568627,
0.8509803921568627 0.8509803921568627 0.8509803921568627,
0.8509803921568627 0.8509803921568627 0.8509803921568627,
0.8509803921568627 0.8509803921568627 0.8509803921568627,
0.8509803921568627 0.8509803921568627 0.8509803921568627,
0.8509803921568627 0.8509803921568627 0.8509803921568627,
0.8509803921568627 0.8509803921568627 0.8509803921568627,
0.8509803921568627 0.8509803921568627 0.8509803921568627,
0.8509803921568627 0.8509803921568627 0.8509803921568627,
0.8509803921568627 0.8509803921568627 0.8509803921568627,
0.8509803921568627 0.8509803921568627 0.8509803921568627,
0.8509803921568627 0.8509803921568627 0.8509803921568627,
0.8509803921568627 0.8509803921568627 0.8509803921568627,
0.8509803921568627 0.8509803921568627 0.8509803921568627,
0.8509803921568627 0.8509803921568627 0.8509803921568627,
0.8509803921568627 0.8509803921568627 0.8509803921568627,
0.8509803921568627 0.8509803921568627 0.8509803921568627,
0.8509803921568627 0.8509803921568627 0.8509803921568627,
0.8509803921568627 0.8509803921568627 0.8509803921568627,
0.8509803921568627 0.8509803921568627 0.8509803921568627,
0.8509803921568627 0.8509803921568627 0.8509803921568627,
0.8509803921568627 0.8509803921568627 0.8509803921568627,
0.8509803921568627 0.8509803921568627 0.8509803921568627,
0.8509803921568627 0.8509803921568627 0.8509803921568627,
0.8509803921568627 0.8509803921568627 0.8509803921568627,
0.8509803921568627 0.8509803921568627 0.8509803921568627,
0.8509803921568627 0.8509803921568627 0.8509803921568627,
0.8509803921568627 0.8509803921568627 0.8509803921568627,
0.8509803921568627 0.8509803921568627 0.8509803921568627,
0.8509803921568627 0.8509803921568627 0.8509803921568627,
0.8509803921568627 0.8509803921568627 0.8509803921568627,
0.8509803921568627 0.8509803921568627 0.8509803921568627,
0.8509803921568627 0.8509803921568627 0.8509803921568627,
0.8509803921568627 0.8509803921568627 0.8509803921568627,
0.8509803921568627 0.8509803921568627 0.8509803921568627,
0.8509803921568627 0.8509803921568627 0.8509803921568627,
0.8509803921568627 0.8509803921568627 0.8509803921568627,
0.8509803921568627 0.8509803921568627 0.8509803921568627,
0.8509803921568627 0.8509803921568627 0.8509803921568627,
0.8509803921568627 0.8509803921568627 0.8509803921568627,
0.8509803921568627 0.8509803921568627 0.8509803921568627,
0.8509803921568627 0.8509803921568627 0.8509803921568627,
0.8509803921568627 0.8509803921568627 0.8509803921568627,
0.8509803921568627 0.8509803921568627 0.8509803921568627,
0.8509803921568627 0.8509803921568627 0.8509803921568627,
0.8509803921568627 0.8509803921568627 0.8509803921568627,
0.8509803921568627 0.8509803921568627 0.8509803921568627,
0.8509803921568627 0.8509803921568627 0.8509803921568627,
0.8509803921568627 0.8509803921568627 0.8509803921568627,
0.8509803921568627 0.8509803921568627 0.8509803921568627,
0.8509803921568627 0.8509803921568627 0.8509803921568627,
0.8509803921568627 0.8509803921568627 0.8509803921568627,
0.8509803921568627 0.8509803921568627 0.8509803921568627,
0.8509803921568627 0.8509803921568627 0.8509803921568627,
0.8509803921568627 0.8509803921568627 0.8509803921568627,
0.8509803921568627 0.8509803921568627 0.8509803921568627,
0.8509803921568627 0.8509803921568627 0.8509803921568627,
0.8509803921568627 0.8509803921568627 0.8509803921568627,
0.8509803921568627 0.8509803921568627 0.8509803921568627,
0.8509803921568627 0.8509803921568627 0.8509803921568627,
0.8509803921568627 0.8509803921568627 0.8509803921568627,
0.8509803921568627 0.8509803921568627 0.8509803921568627,
0.8509803921568627 0.8509803921568627 0.8509803921568627,
0.8509803921568627 0.8509803921568627 0.8509803921568627,
0.8509803921568627 0.8509803921568627 0.8509803921568627,
0.8509803921568627 0.8509803921568627 0.8509803921568627,
0.8509803921568627 0.8509803921568627 0.8509803921568627,
0.8509803921568627 0.8509803921568627 0.8509803921568627,
0.8509803921568627 0.8509803921568627 0.8509803921568627,
0.8509803921568627 0.8509803921568627 0.8509803921568627,
0.8509803921568627 0.8509803921568627 0.8509803921568627,
0.8509803921568627 0.8509803921568627 0.8509803921568627,
0.8509803921568627 0.8509803921568627 0.8509803921568627,
0.8509803921568627 0.8509803921568627 0.8509803921568627,
0.8509803921568627 0.8509803921568627 0.8509803921568627,
0.8509803921568627 0.8509803921568627 0.8509803921568627,
0.8509803921568627 0.8509803921568627 0.8509803921568627,
0.8509803921568627 0.8509803921568627 0.8509803921568627,
0.8509803921568627 0.8509803921568627 0.8509803921568627,
0.8509803921568627 0.8509803921568627 0.8509803921568627,
0.8509803921568627 0.8509803921568627 0.8509803921568627,
0.8509803921568627 0.8509803921568627 0.8509803921568627,
0.8509803921568627 0.8509803921568627 0.8509803921568627,
0.8509803921568627 0.8509803921568627 0.8509803921568627,
0.8509803921568627 0.8509803921568627 0.8509803921568627,
0.8509803921568627 0.8509803921568627 0.8509803921568627,
0.8509803921568627 0.8509803921568627 0.8509803921568627,
0.8509803921568627 0.8509803921568627 0.8509803921568627,
0.8509803921568627 0.8509803921568627 0.8509803921568627,
0.8509803921568627 0.8509803921568627 0.8509803921568627,
0.8509803921568627 0.8509803921568627 0.8509803921568627,
0.8509803921568627 0.8509803921568627 0.8509803921568627,
0.8509803921568627 0.8509803921568627 0.8509803921568627,
0.8509803921568627 0.8509803921568627 0.8509803921568627,
0.8509803921568627 0.8509803921568627 0.8509803921568627,
0.8509803921568627 0.8509803921568627 0.8509803921568627,
0.8509803921568627 0.8509803921568627 0.8509803921568627,
0.8509803921568627 0.8509803921568627 0.8509803921568627,
0.8509803921568627 0.8509803921568627 0.8509803921568627,
0.8509803921568627 0.8509803921568627 0.8509803921568627,
0.8509803921568627 0.8509803921568627 0.8509803921568627,
0.8509803921568627 0.8509803921568627 0.8509803921568627,
0.8509803921568627 0.8509803921568627 0.8509803921568627,
0.8509803921568627 0.8509803921568627 0.8509803921568627,
0.8509803921568627 0.8509803921568627 0.8509803921568627,
0.8509803921568627 0.8509803921568627 0.8509803921568627,
0.8509803921568627 0.8509803921568627 0.8509803921568627,
0.8509803921568627 0.8509803921568627 0.8509803921568627,
0.8509803921568627 0.8509803921568627 0.8509803921568627,
0.8509803921568627 0.8509803921568627 0.8509803921568627,
0.8509803921568627 0.8509803921568627 0.8509803921568627,
0.8509803921568627 0.8509803921568627 0.8509803921568627,
0.8509803921568627 0.8509803921568627 0.8509803921568627,
0.8509803921568627 0.8509803921568627 0.8509803921568627,
0.8509803921568627 0.8509803921568627 0.8509803921568627,
0.8509803921568627 0.8509803921568627 0.8509803921568627,
0.8509803921568627 0.8509803921568627 0.8509803921568627,
0.8509803921568627 0.8509803921568627 0.8509803921568627,
0.8509803921568627 0.8509803921568627 0.8509803921568627,
0.8509803921568627 0.8509803921568627 0.8509803921568627,
0.8509803921568627 0.8509803921568627 0.8509803921568627,
0.8509803921568627 0.8509803921568627 0.8509803921568627,
0.8509803921568627 0.8509803921568627 0.8509803921568627,
0.8509803921568627 0.8509803921568627 0.8509803921568627,
0.8509803921568627 0.8509803921568627 0.8509803921568627,
0.8509803921568627 0.8509803921568627 0.8509803921568627,
0.8509803921568627 0.8509803921568627 0.8509803921568627,
0.8509803921568627 0.8509803921568627 0.8509803921568627,
0.8509803921568627 0.8509803921568627 0.8509803921568627,
0.8509803921568627 0.8509803921568627 0.8509803921568627,
0.8509803921568627 0.8509803921568627 0.8509803921568627,
0.8509803921568627 0.8509803921568627 0.8509803921568627,
0.8509803921568627 0.8509803921568627 0.8509803921568627,
0.8509803921568627 0.8509803921568627 0.8509803921568627,
0.8509803921568627 0.8509803921568627 0.8509803921568627,
0.8509803921568627 0.8509803921568627 0.8509803921568627,
0.8509803921568627 0.8509803921568627 0.8509803921568627,
0.8509803921568627 0.8509803921568627 0.8509803921568627,
0.8509803921568627 0.8509803921568627 0.8509803921568627,
0.8509803921568627 0.8509803921568627 0.8509803921568627,
0.8509803921568627 0.8509803921568627 0.8509803921568627,
0.8509803921568627 0.8509803921568627 0.8509803921568627,
0.8509803921568627 0.8509803921568627 0.8509803921568627,
0.8509803921568627 0.8509803921568627 0.8509803921568627,
0.8509803921568627 0.8509803921568627 0.8509803921568627,
0.8509803921568627 0.8509803921568627 0.8509803921568627,
0.8509803921568627 0.8509803921568627 0.8509803921568627,
0.8509803921568627 0.8509803921568627 0.8509803921568627,
0.8509803921568627 0.8509803921568627 0.8509803921568627,
0.8509803921568627 0.8509803921568627 0.8509803921568627,
0.8509803921568627 0.8509803921568627 0.8509803921568627,
0.8509803921568627 0.8509803921568627 0.8509803921568627,
0.8509803921568627 0.8509803921568627 0.8509803921568627,
0.8509803921568627 0.8509803921568627 0.8509803921568627,
0.8509803921568627 0.8509803921568627 0.8509803921568627,
0.8509803921568627 0.8509803921568627 0.8509803921568627,
0.8509803921568627 0.8509803921568627 0.8509803921568627,
0.8509803921568627 0.8509803921568627 0.8509803921568627,
0.8509803921568627 0.8509803921568627 0.8509803921568627,
0.8509803921568627 0.8509803921568627 0.8509803921568627,
0.8509803921568627 0.8509803921568627 0.8509803921568627,
0.8509803921568627 0.8509803921568627 0.8509803921568627,
0.8509803921568627 0.8509803921568627 0.8509803921568627,
0.8509803921568627 0.8509803921568627 0.8509803921568627,
0.8509803921568627 0.8509803921568627 0.8509803921568627,
0.8509803921568627 0.8509803921568627 0.8509803921568627,
0.8509803921568627 0.8509803921568627 0.8509803921568627,
0.8509803921568627 0.8509803921568627 0.8509803921568627,
0.8509803921568627 0.8509803921568627 0.8509803921568627,
0.8509803921568627 0.8509803921568627 0.8509803921568627,
0.8509803921568627 0.8509803921568627 0.8509803921568627,
0.8509803921568627 0.8509803921568627 0.8509803921568627,
0.8509803921568627 0.8509803921568627 0.8509803921568627,
0.8509803921568627 0.8509803921568627 0.8509803921568627,
0.8509803921568627 0.8509803921568627 0.8509803921568627,
0.8509803921568627 0.8509803921568627 0.8509803921568627,
0.8509803921568627 0.8509803921568627 0.8509803921568627,
0.8509803921568627 0.8509803921568627 0.8509803921568627,
0.8509803921568627 0.8509803921568627 0.8509803921568627,
0.8509803921568627 0.8509803921568627 0.8509803921568627,
0.8509803921568627 0.8509803921568627 0.8509803921568627,
0.8509803921568627 0.8509803921568627 0.8509803921568627,
0.8509803921568627 0.8509803921568627 0.8509803921568627,
0.8509803921568627 0.8509803921568627 0.8509803921568627,
0.8509803921568627 0.8509803921568627 0.8509803921568627,
0.8509803921568627 0.8509803921568627 0.8509803921568627,
0.8509803921568627 0.8509803921568627 0.8509803921568627,
0.8509803921568627 0.8509803921568627 0.8509803921568627,
0.8509803921568627 0.8509803921568627 0.8509803921568627,
0.8509803921568627 0.8509803921568627 0.8509803921568627,
0.8509803921568627 0.8509803921568627 0.8509803921568627,
0.8509803921568627 0.8509803921568627 0.8509803921568627,
0.8509803921568627 0.8509803921568627 0.8509803921568627,
0.8509803921568627 0.8509803921568627 0.8509803921568627,
0.8509803921568627 0.8509803921568627 0.8509803921568627,
0.8509803921568627 0.8509803921568627 0.8509803921568627,
0.8509803921568627 0.8509803921568627 0.8509803921568627,
0.8509803921568627 0.8509803921568627 0.8509803921568627,
0.8509803921568627 0.8509803921568627 0.8509803921568627,
0.8509803921568627 0.8509803921568627 0.8509803921568627,
0.8509803921568627 0.8509803921568627 0.8509803921568627,
0.8509803921568627 0.8509803921568627 0.8509803921568627,
0.8509803921568627 0.8509803921568627 0.8509803921568627,
0.8509803921568627 0.8509803921568627 0.8509803921568627,
0.8509803921568627 0.8509803921568627 0.8509803921568627,
0.8509803921568627 0.8509803921568627 0.8509803921568627,
0.8509803921568627 0.8509803921568627 0.8509803921568627,
0.8509803921568627 0.8509803921568627 0.8509803921568627,
0.8509803921568627 0.8509803921568627 0.8509803921568627,
0.8509803921568627 0.8509803921568627 0.8509803921568627,
0.8509803921568627 0.8509803921568627 0.8509803921568627,
0.8509803921568627 0.8509803921568627 0.8509803921568627,
0.8509803921568627 0.8509803921568627 0.8509803921568627,
0.8509803921568627 0.8509803921568627 0.8509803921568627,
0.8509803921568627 0.8509803921568627 0.8509803921568627,
0.8509803921568627 0.8509803921568627 0.8509803921568627,
0.8509803921568627 0.8509803921568627 0.8509803921568627,
0.8509803921568627 0.8509803921568627 0.8509803921568627,
0.8509803921568627 0.8509803921568627 0.8509803921568627,
0.8509803921568627 0.8509803921568627 0.8509803921568627,
0.8509803921568627 0.8509803921568627 0.8509803921568627,
0.8509803921568627 0.8509803921568627 0.8509803921568627,
0.8509803921568627 0.8509803921568627 0.8509803921568627,
0.8509803921568627 0.8509803921568627 0.8509803921568627,
0.8509803921568627 0.8509803921568627 0.8509803921568627,
0.8509803921568627 0.8509803921568627 0.8509803921568627,
0.8509803921568627 0.8509803921568627 0.8509803921568627,
0.8509803921568627 0.8509803921568627 0.8509803921568627,
0.8509803921568627 0.8509803921568627 0.8509803921568627,
0.8509803921568627 0.8509803921568627 0.8509803921568627,
0.8509803921568627 0.8509803921568627 0.8509803921568627,
0.8509803921568627 0.8509803921568627 0.8509803921568627,
0.8509803921568627 0.8509803921568627 0.8509803921568627,
0.8509803921568627 0.8509803921568627 0.8509803921568627,
0.8509803921568627 0.8509803921568627 0.8509803921568627,
0.8509803921568627 0.8509803921568627 0.8509803921568627,
0.8509803921568627 0.8509803921568627 0.8509803921568627,
0.8509803921568627 0.8509803921568627 0.8509803921568627,
0.8509803921568627 0.8509803921568627 0.8509803921568627,
0.8509803921568627 0.8509803921568627 0.8509803921568627,
0.8509803921568627 0.8509803921568627 0.8509803921568627,
0.8509803921568627 0.8509803921568627 0.8509803921568627,
0.8509803921568627 0.8509803921568627 0.8509803921568627,
0.8509803921568627 0.8509803921568627 0.8509803921568627,
0.8509803921568627 0.8509803921568627 0.8509803921568627,
0.8509803921568627 0.8509803921568627 0.8509803921568627,
0.8509803921568627 0.8509803921568627 0.8509803921568627,
0.8509803921568627 0.8509803921568627 0.8509803921568627,
0.8509803921568627 0.8509803921568627 0.8509803921568627,
0.8509803921568627 0.8509803921568627 0.8509803921568627,
0.8509803921568627 0.8509803921568627 0.8509803921568627,
0.8509803921568627 0.8509803921568627 0.8509803921568627,
0.8509803921568627 0.8509803921568627 0.8509803921568627,
0.8509803921568627 0.8509803921568627 0.8509803921568627,
0.8509803921568627 0.8509803921568627 0.8509803921568627,
0.8509803921568627 0.8509803921568627 0.8509803921568627,
0.8509803921568627 0.8509803921568627 0.8509803921568627,
0.8509803921568627 0.8509803921568627 0.8509803921568627,
0.8509803921568627 0.8509803921568627 0.8509803921568627,
0.8509803921568627 0.8509803921568627 0.8509803921568627,
0.8509803921568627 0.8509803921568627 0.8509803921568627,
0.8509803921568627 0.8509803921568627 0.8509803921568627,
0.8509803921568627 0.8509803921568627 0.8509803921568627,
0.8509803921568627 0.8509803921568627 0.8509803921568627,
0.8509803921568627 0.8509803921568627 0.8509803921568627,
0.8509803921568627 0.8509803921568627 0.8509803921568627,
0.8509803921568627 0.8509803921568627 0.8509803921568627,
0.8509803921568627 0.8509803921568627 0.8509803921568627,
0.8509803921568627 0.8509803921568627 0.8509803921568627,
0.8509803921568627 0.8509803921568627 0.8509803921568627,
0.8509803921568627 0.8509803921568627 0.8509803921568627,
0.8509803921568627 0.8509803921568627 0.8509803921568627,
0.8509803921568627 0.8509803921568627 0.8509803921568627,
0.8509803921568627 0.8509803921568627 0.8509803921568627,
0.8509803921568627 0.8509803921568627 0.8509803921568627,
0.8509803921568627 0.8509803921568627 0.8509803921568627,
0.8509803921568627 0.8509803921568627 0.8509803921568627,
0.8509803921568627 0.8509803921568627 0.8509803921568627,
0.8509803921568627 0.8509803921568627 0.8509803921568627,
0.8509803921568627 0.8509803921568627 0.8509803921568627,
0.8509803921568627 0.8509803921568627 0.8509803921568627,
0.8509803921568627 0.8509803921568627 0.8509803921568627,
0.8509803921568627 0.8509803921568627 0.8509803921568627,
0.8509803921568627 0.8509803921568627 0.8509803921568627,
0.8509803921568627 0.8509803921568627 0.8509803921568627,
0.8509803921568627 0.8509803921568627 0.8509803921568627,
0.8509803921568627 0.8509803921568627 0.8509803921568627,
0.8509803921568627 0.8509803921568627 0.8509803921568627,
0.8509803921568627 0.8509803921568627 0.8509803921568627,
0.8509803921568627 0.8509803921568627 0.8509803921568627,
0.8509803921568627 0.8509803921568627 0.8509803921568627,
0.8509803921568627 0.8509803921568627 0.8509803921568627,
0.8509803921568627 0.8509803921568627 0.8509803921568627,
0.8509803921568627 0.8509803921568627 0.8509803921568627,
0.8509803921568627 0.8509803921568627 0.8509803921568627,
0.8509803921568627 0.8509803921568627 0.8509803921568627,
0.8509803921568627 0.8509803921568627 0.8509803921568627,
0.8509803921568627 0.8509803921568627 0.8509803921568627,
0.8509803921568627 0.8509803921568627 0.8509803921568627,
0.8509803921568627 0.8509803921568627 0.8509803921568627,
0.8509803921568627 0.8509803921568627 0.8509803921568627,
0.8509803921568627 0.8509803921568627 0.8509803921568627,
0.8509803921568627 0.8509803921568627 0.8509803921568627,
0.8509803921568627 0.8509803921568627 0.8509803921568627,
0.8509803921568627 0.8509803921568627 0.8509803921568627,
0.8509803921568627 0.8509803921568627 0.8509803921568627,
0.8509803921568627 0.8509803921568627 0.8509803921568627,
0.8509803921568627 0.8509803921568627 0.8509803921568627,
0.8509803921568627 0.8509803921568627 0.8509803921568627,
0.8509803921568627 0.8509803921568627 0.8509803921568627,
0.8509803921568627 0.8509803921568627 0.8509803921568627,
0.8509803921568627 0.8509803921568627 0.8509803921568627,
0.8509803921568627 0.8509803921568627 0.8509803921568627,
0.8509803921568627 0.8509803921568627 0.8509803921568627,
0.8509803921568627 0.8509803921568627 0.8509803921568627,
0.8509803921568627 0.8509803921568627 0.8509803921568627,
0.8509803921568627 0.8509803921568627 0.8509803921568627,
0.8509803921568627 0.8509803921568627 0.8509803921568627,
0.8509803921568627 0.8509803921568627 0.8509803921568627,
0.8509803921568627 0.8509803921568627 0.8509803921568627,
0.8509803921568627 0.8509803921568627 0.8509803921568627,
0.8509803921568627 0.8509803921568627 0.8509803921568627,
0.8509803921568627 0.8509803921568627 0.8509803921568627,
0.8509803921568627 0.8509803921568627 0.8509803921568627,
0.8509803921568627 0.8509803921568627 0.8509803921568627,
0.8509803921568627 0.8509803921568627 0.8509803921568627,
0.8509803921568627 0.8509803921568627 0.8509803921568627,
0.8509803921568627 0.8509803921568627 0.8509803921568627,
0.8509803921568627 0.8509803921568627 0.8509803921568627,
0.8509803921568627 0.8509803921568627 0.8509803921568627,
0.8509803921568627 0.8509803921568627 0.8509803921568627,
0.8509803921568627 0.8509803921568627 0.8509803921568627,
0.8509803921568627 0.8509803921568627 0.8509803921568627,
0.8509803921568627 0.8509803921568627 0.8509803921568627,
0.8509803921568627 0.8509803921568627 0.8509803921568627,
0.8509803921568627 0.8509803921568627 0.8509803921568627,
0.8509803921568627 0.8509803921568627 0.8509803921568627,
0.8509803921568627 0.8509803921568627 0.8509803921568627,
0.8509803921568627 0.8509803921568627 0.8509803921568627,
0.8509803921568627 0.8509803921568627 0.8509803921568627,
0.8509803921568627 0.8509803921568627 0.8509803921568627,
0.8509803921568627 0.8509803921568627 0.8509803921568627,
0.8509803921568627 0.8509803921568627 0.8509803921568627,
0.8509803921568627 0.8509803921568627 0.8509803921568627,
0.8509803921568627 0.8509803921568627 0.8509803921568627,
0.8509803921568627 0.8509803921568627 0.8509803921568627,
0.8509803921568627 0.8509803921568627 0.8509803921568627,
0.8509803921568627 0.8509803921568627 0.8509803921568627,
0.8509803921568627 0.8509803921568627 0.8509803921568627,
0.8509803921568627 0.8509803921568627 0.8509803921568627,
0.8509803921568627 0.8509803921568627 0.8509803921568627,
0.8509803921568627 0.8509803921568627 0.8509803921568627,
0.8509803921568627 0.8509803921568627 0.8509803921568627,
0.8509803921568627 0.8509803921568627 0.8509803921568627,
0.8509803921568627 0.8509803921568627 0.8509803921568627,
0.8509803921568627 0.8509803921568627 0.8509803921568627,
0.8509803921568627 0.8509803921568627 0.8509803921568627,
0.8509803921568627 0.8509803921568627 0.8509803921568627,
0.8509803921568627 0.8509803921568627 0.8509803921568627,
0.8509803921568627 0.8509803921568627 0.8509803921568627,
0.8509803921568627 0.8509803921568627 0.8509803921568627,
0.8509803921568627 0.8509803921568627 0.8509803921568627,
0.8509803921568627 0.8509803921568627 0.8509803921568627,
0.8509803921568627 0.8509803921568627 0.8509803921568627,
0.8509803921568627 0.8509803921568627 0.8509803921568627,
0.8509803921568627 0.8509803921568627 0.8509803921568627,
0.8509803921568627 0.8509803921568627 0.8509803921568627,
0.8509803921568627 0.8509803921568627 0.8509803921568627,
0.8509803921568627 0.8509803921568627 0.8509803921568627,
0.8509803921568627 0.8509803921568627 0.8509803921568627,
0.8509803921568627 0.8509803921568627 0.8509803921568627,
0.8509803921568627 0.8509803921568627 0.8509803921568627,
0.8509803921568627 0.8509803921568627 0.8509803921568627,
0.8509803921568627 0.8509803921568627 0.8509803921568627,
0.8509803921568627 0.8509803921568627 0.8509803921568627,
0.8509803921568627 0.8509803921568627 0.8509803921568627,
0.8509803921568627 0.8509803921568627 0.8509803921568627,
0.8509803921568627 0.8509803921568627 0.8509803921568627,
0.8509803921568627 0.8509803921568627 0.8509803921568627,
0.8509803921568627 0.8509803921568627 0.8509803921568627,
0.8509803921568627 0.8509803921568627 0.8509803921568627,
0.8509803921568627 0.8509803921568627 0.8509803921568627,
0.8509803921568627 0.8509803921568627 0.8509803921568627,
0.8509803921568627 0.8509803921568627 0.8509803921568627,
0.8509803921568627 0.8509803921568627 0.8509803921568627,
0.8509803921568627 0.8509803921568627 0.8509803921568627,
0.8509803921568627 0.8509803921568627 0.8509803921568627,
0.8509803921568627 0.8509803921568627 0.8509803921568627,
0.8509803921568627 0.8509803921568627 0.8509803921568627,
0.8509803921568627 0.8509803921568627 0.8509803921568627,
0.8509803921568627 0.8509803921568627 0.8509803921568627,
0.8509803921568627 0.8509803921568627 0.8509803921568627,
0.8509803921568627 0.8509803921568627 0.8509803921568627,
0.8509803921568627 0.8509803921568627 0.8509803921568627,
0.8509803921568627 0.8509803921568627 0.8509803921568627,
0.8509803921568627 0.8509803921568627 0.8509803921568627,
0.8509803921568627 0.8509803921568627 0.8509803921568627,
0.8509803921568627 0.8509803921568627 0.8509803921568627,
0.8509803921568627 0.8509803921568627 0.8509803921568627,
0.8509803921568627 0.8509803921568627 0.8509803921568627,
0.8509803921568627 0.8509803921568627 0.8509803921568627,
0.8509803921568627 0.8509803921568627 0.8509803921568627,
0.8509803921568627 0.8509803921568627 0.8509803921568627,
0.8509803921568627 0.8509803921568627 0.8509803921568627,
0.8509803921568627 0.8509803921568627 0.8509803921568627,
0.8509803921568627 0.8509803921568627 0.8509803921568627,
0.8509803921568627 0.8509803921568627 0.8509803921568627,
0.8509803921568627 0.8509803921568627 0.8509803921568627,
0.8509803921568627 0.8509803921568627 0.8509803921568627,
0.8509803921568627 0.8509803921568627 0.8509803921568627,
0.8509803921568627 0.8509803921568627 0.8509803921568627,
0.8509803921568627 0.8509803921568627 0.8509803921568627,
0.8509803921568627 0.8509803921568627 0.8509803921568627,
0.8509803921568627 0.8509803921568627 0.8509803921568627,
0.8509803921568627 0.8509803921568627 0.8509803921568627,
0.8509803921568627 0.8509803921568627 0.8509803921568627,
0.8509803921568627 0.8509803921568627 0.8509803921568627,
0.8509803921568627 0.8509803921568627 0.8509803921568627,
0.8509803921568627 0.8509803921568627 0.8509803921568627,
0.8509803921568627 0.8509803921568627 0.8509803921568627,
0.8509803921568627 0.8509803921568627 0.8509803921568627,
0.8509803921568627 0.8509803921568627 0.8509803921568627,
0.8509803921568627 0.8509803921568627 0.8509803921568627,
0.8509803921568627 0.8509803921568627 0.8509803921568627,
0.8509803921568627 0.8509803921568627 0.8509803921568627,
0.8509803921568627 0.8509803921568627 0.8509803921568627,
0.8509803921568627 0.8509803921568627 0.8509803921568627,
0.8509803921568627 0.8509803921568627 0.8509803921568627,
0.8509803921568627 0.8509803921568627 0.8509803921568627,
0.8509803921568627 0.8509803921568627 0.8509803921568627,
0.8509803921568627 0.8509803921568627 0.8509803921568627,
0.8509803921568627 0.8509803921568627 0.8509803921568627,
0.8509803921568627 0.8509803921568627 0.8509803921568627,
0.8509803921568627 0.8509803921568627 0.8509803921568627,
0.8509803921568627 0.8509803921568627 0.8509803921568627,
0.8509803921568627 0.8509803921568627 0.8509803921568627,
0.8509803921568627 0.8509803921568627 0.8509803921568627,
0.8509803921568627 0.8509803921568627 0.8509803921568627,
0.8509803921568627 0.8509803921568627 0.8509803921568627,
0.8509803921568627 0.8509803921568627 0.8509803921568627,
0.8509803921568627 0.8509803921568627 0.8509803921568627,
0.8509803921568627 0.8509803921568627 0.8509803921568627,
0.8509803921568627 0.8509803921568627 0.8509803921568627,
0.8509803921568627 0.8509803921568627 0.8509803921568627,
0.8509803921568627 0.8509803921568627 0.8509803921568627,
0.8509803921568627 0.8509803921568627 0.8509803921568627,
0.8509803921568627 0.8509803921568627 0.8509803921568627,
0.8509803921568627 0.8509803921568627 0.8509803921568627,
0.8509803921568627 0.8509803921568627 0.8509803921568627,
0.8509803921568627 0.8509803921568627 0.8509803921568627,
0.8509803921568627 0.8509803921568627 0.8509803921568627,
0.8509803921568627 0.8509803921568627 0.8509803921568627,
0.8509803921568627 0.8509803921568627 0.8509803921568627,
0.8509803921568627 0.8509803921568627 0.8509803921568627,
0.8509803921568627 0.8509803921568627 0.8509803921568627,
0.8509803921568627 0.8509803921568627 0.8509803921568627,
0.8509803921568627 0.8509803921568627 0.8509803921568627,
0.8509803921568627 0.8509803921568627 0.8509803921568627,
0.8509803921568627 0.8509803921568627 0.8509803921568627,
0.8509803921568627 0.8509803921568627 0.8509803921568627,
0.8509803921568627 0.8509803921568627 0.8509803921568627,
0.8509803921568627 0.8509803921568627 0.8509803921568627,
0.8509803921568627 0.8509803921568627 0.8509803921568627,
0.8509803921568627 0.8509803921568627 0.8509803921568627,
0.8509803921568627 0.8509803921568627 0.8509803921568627,
0.8509803921568627 0.8509803921568627 0.8509803921568627,
0.8509803921568627 0.8509803921568627 0.8509803921568627,
0.8509803921568627 0.8509803921568627 0.8509803921568627,
0.8509803921568627 0.8509803921568627 0.8509803921568627,
0.8509803921568627 0.8509803921568627 0.8509803921568627,
0.8509803921568627 0.8509803921568627 0.8509803921568627,
0.8509803921568627 0.8509803921568627 0.8509803921568627,
0.8509803921568627 0.8509803921568627 0.8509803921568627,
0.8509803921568627 0.8509803921568627 0.8509803921568627,
0.8509803921568627 0.8509803921568627 0.8509803921568627,
0.8509803921568627 0.8509803921568627 0.8509803921568627,
0.8509803921568627 0.8509803921568627 0.8509803921568627,
0.8509803921568627 0.8509803921568627 0.8509803921568627,
0.8509803921568627 0.8509803921568627 0.8509803921568627,
0.8509803921568627 0.8509803921568627 0.8509803921568627,
0.8509803921568627 0.8509803921568627 0.8509803921568627,
0.8509803921568627 0.8509803921568627 0.8509803921568627,
0.8509803921568627 0.8509803921568627 0.8509803921568627,
0.8509803921568627 0.8509803921568627 0.8509803921568627,
0.8509803921568627 0.8509803921568627 0.8509803921568627,
0.8509803921568627 0.8509803921568627 0.8509803921568627,
0.8509803921568627 0.8509803921568627 0.8509803921568627,
0.8509803921568627 0.8509803921568627 0.8509803921568627,
0.8509803921568627 0.8509803921568627 0.8509803921568627,
0.8509803921568627 0.8509803921568627 0.8509803921568627,
0.8509803921568627 0.8509803921568627 0.8509803921568627,
0.8509803921568627 0.8509803921568627 0.8509803921568627,
0.8509803921568627 0.8509803921568627 0.8509803921568627,
0.8509803921568627 0.8509803921568627 0.8509803921568627,
0.8509803921568627 0.8509803921568627 0.8509803921568627,
0.8509803921568627 0.8509803921568627 0.8509803921568627,
0.8509803921568627 0.8509803921568627 0.8509803921568627,
0.8509803921568627 0.8509803921568627 0.8509803921568627,
0.8509803921568627 0.8509803921568627 0.8509803921568627,
0.8509803921568627 0.8509803921568627 0.8509803921568627,
0.8509803921568627 0.8509803921568627 0.8509803921568627,
0.8509803921568627 0.8509803921568627 0.8509803921568627,
0.8509803921568627 0.8509803921568627 0.8509803921568627,
0.8509803921568627 0.8509803921568627 0.8509803921568627,
0.8509803921568627 0.8509803921568627 0.8509803921568627,
0.8509803921568627 0.8509803921568627 0.8509803921568627,
0.8509803921568627 0.8509803921568627 0.8509803921568627,
0.8509803921568627 0.8509803921568627 0.8509803921568627,
0.8509803921568627 0.8509803921568627 0.8509803921568627,
0.8509803921568627 0.8509803921568627 0.8509803921568627,
0.8509803921568627 0.8509803921568627 0.8509803921568627,
0.8509803921568627 0.8509803921568627 0.8509803921568627,
0.8509803921568627 0.8509803921568627 0.8509803921568627,
0.8509803921568627 0.8509803921568627 0.8509803921568627,
0.8509803921568627 0.8509803921568627 0.8509803921568627,
0.8509803921568627 0.8509803921568627 0.8509803921568627,
0.8509803921568627 0.8509803921568627 0.8509803921568627,
0.8509803921568627 0.8509803921568627 0.8509803921568627,
0.8509803921568627 0.8509803921568627 0.8509803921568627,
0.8509803921568627 0.8509803921568627 0.8509803921568627,
0.8509803921568627 0.8509803921568627 0.8509803921568627,
0.8509803921568627 0.8509803921568627 0.8509803921568627,
0.8509803921568627 0.8509803921568627 0.8509803921568627,
0.8509803921568627 0.8509803921568627 0.8509803921568627,
0.8509803921568627 0.8509803921568627 0.8509803921568627,
0.8509803921568627 0.8509803921568627 0.8509803921568627,
0.8509803921568627 0.8509803921568627 0.8509803921568627,
0.8509803921568627 0.8509803921568627 0.8509803921568627,
0.8509803921568627 0.8509803921568627 0.8509803921568627,
0.8509803921568627 0.8509803921568627 0.8509803921568627,
0.8509803921568627 0.8509803921568627 0.8509803921568627,
0.8509803921568627 0.8509803921568627 0.8509803921568627,
0.8509803921568627 0.8509803921568627 0.8509803921568627,
0.8509803921568627 0.8509803921568627 0.8509803921568627,
0.8509803921568627 0.8509803921568627 0.8509803921568627,
0.8509803921568627 0.8509803921568627 0.8509803921568627,
0.8509803921568627 0.8509803921568627 0.8509803921568627,
0.8509803921568627 0.8509803921568627 0.8509803921568627,
0.8509803921568627 0.8509803921568627 0.8509803921568627,
0.8509803921568627 0.8509803921568627 0.8509803921568627,
0.8509803921568627 0.8509803921568627 0.8509803921568627,
0.8509803921568627 0.8509803921568627 0.8509803921568627,
0.8509803921568627 0.8509803921568627 0.8509803921568627,
0.8509803921568627 0.8509803921568627 0.8509803921568627,
0.8509803921568627 0.8509803921568627 0.8509803921568627,
0.8509803921568627 0.8509803921568627 0.8509803921568627,
0.8509803921568627 0.8509803921568627 0.8509803921568627,
0.8509803921568627 0.8509803921568627 0.8509803921568627,
0.8509803921568627 0.8509803921568627 0.8509803921568627,
0.8509803921568627 0.8509803921568627 0.8509803921568627,
0.8509803921568627 0.8509803921568627 0.8509803921568627,
0.8509803921568627 0.8509803921568627 0.8509803921568627,
0.8509803921568627 0.8509803921568627 0.8509803921568627,
0.8509803921568627 0.8509803921568627 0.8509803921568627,
0.8509803921568627 0.8509803921568627 0.8509803921568627,
0.8509803921568627 0.8509803921568627 0.8509803921568627,
0.8509803921568627 0.8509803921568627 0.8509803921568627,
0.8509803921568627 0.8509803921568627 0.8509803921568627,
0.8509803921568627 0.8509803921568627 0.8509803921568627,
0.8509803921568627 0.8509803921568627 0.8509803921568627,
0.8509803921568627 0.8509803921568627 0.8509803921568627,
0.8509803921568627 0.8509803921568627 0.8509803921568627,
0.8509803921568627 0.8509803921568627 0.8509803921568627,
0.8509803921568627 0.8509803921568627 0.8509803921568627,
0.8509803921568627 0.8509803921568627 0.8509803921568627,
0.8509803921568627 0.8509803921568627 0.8509803921568627,
0.8509803921568627 0.8509803921568627 0.8509803921568627,
0.8509803921568627 0.8509803921568627 0.8509803921568627,
0.8509803921568627 0.8509803921568627 0.8509803921568627,
0.8509803921568627 0.8509803921568627 0.8509803921568627,
0.8509803921568627 0.8509803921568627 0.8509803921568627,
0.8509803921568627 0.8509803921568627 0.8509803921568627,
0.8509803921568627 0.8509803921568627 0.8509803921568627,
0.8509803921568627 0.8509803921568627 0.8509803921568627,
0.8509803921568627 0.8509803921568627 0.8509803921568627,
0.8509803921568627 0.8509803921568627 0.8509803921568627,
0.8509803921568627 0.8509803921568627 0.8509803921568627,
0.8509803921568627 0.8509803921568627 0.8509803921568627,
0.8509803921568627 0.8509803921568627 0.8509803921568627,
0.8509803921568627 0.8509803921568627 0.8509803921568627,
0.8509803921568627 0.8509803921568627 0.8509803921568627,
0.8509803921568627 0.8509803921568627 0.8509803921568627,
0.8509803921568627 0.8509803921568627 0.8509803921568627,
0.8509803921568627 0.8509803921568627 0.8509803921568627,
0.8509803921568627 0.8509803921568627 0.8509803921568627,
0.8509803921568627 0.8509803921568627 0.8509803921568627,
0.8509803921568627 0.8509803921568627 0.8509803921568627,
0.8509803921568627 0.8509803921568627 0.8509803921568627,
0.8509803921568627 0.8509803921568627 0.8509803921568627,
0.8509803921568627 0.8509803921568627 0.8509803921568627,
0.8509803921568627 0.8509803921568627 0.8509803921568627,
0.8509803921568627 0.8509803921568627 0.8509803921568627,
0.8509803921568627 0.8509803921568627 0.8509803921568627,
0.8509803921568627 0.8509803921568627 0.8509803921568627,
0.8509803921568627 0.8509803921568627 0.8509803921568627,
0.8509803921568627 0.8509803921568627 0.8509803921568627,
0.8509803921568627 0.8509803921568627 0.8509803921568627,
0.8509803921568627 0.8509803921568627 0.8509803921568627,
0.8509803921568627 0.8509803921568627 0.8509803921568627,
0.8509803921568627 0.8509803921568627 0.8509803921568627,
0.8509803921568627 0.8509803921568627 0.8509803921568627,
0.8509803921568627 0.8509803921568627 0.8509803921568627,
0.8509803921568627 0.8509803921568627 0.8509803921568627,
0.8509803921568627 0.8509803921568627 0.8509803921568627,
0.8509803921568627 0.8509803921568627 0.8509803921568627,
0.8509803921568627 0.8509803921568627 0.8509803921568627,
0.8509803921568627 0.8509803921568627 0.8509803921568627,
0.8509803921568627 0.8509803921568627 0.8509803921568627,
0.8509803921568627 0.8509803921568627 0.8509803921568627,
0.8509803921568627 0.8509803921568627 0.8509803921568627,
0.8509803921568627 0.8509803921568627 0.8509803921568627,
0.8509803921568627 0.8509803921568627 0.8509803921568627,
0.8509803921568627 0.8509803921568627 0.8509803921568627,
0.8509803921568627 0.8509803921568627 0.8509803921568627,
0.8509803921568627 0.8509803921568627 0.8509803921568627,
0.8509803921568627 0.8509803921568627 0.8509803921568627,
0.8509803921568627 0.8509803921568627 0.8509803921568627,
0.8509803921568627 0.8509803921568627 0.8509803921568627,
0.8509803921568627 0.8509803921568627 0.8509803921568627,
0.8509803921568627 0.8509803921568627 0.8509803921568627,
0.8509803921568627 0.8509803921568627 0.8509803921568627,
0.8509803921568627 0.8509803921568627 0.8509803921568627,
0.8509803921568627 0.8509803921568627 0.8509803921568627,
0.8509803921568627 0.8509803921568627 0.8509803921568627,
0.8509803921568627 0.8509803921568627 0.8509803921568627,
0.8509803921568627 0.8509803921568627 0.8509803921568627,
0.8509803921568627 0.8509803921568627 0.8509803921568627,
0.8509803921568627 0.8509803921568627 0.8509803921568627,
0.8509803921568627 0.8509803921568627 0.8509803921568627,
0.8509803921568627 0.8509803921568627 0.8509803921568627,
0.8509803921568627 0.8509803921568627 0.8509803921568627,
0.8509803921568627 0.8509803921568627 0.8509803921568627,
0.8509803921568627 0.8509803921568627 0.8509803921568627,
0.8509803921568627 0.8509803921568627 0.8509803921568627,
0.8509803921568627 0.8509803921568627 0.8509803921568627,
0.8509803921568627 0.8509803921568627 0.8509803921568627,
0.8509803921568627 0.8509803921568627 0.8509803921568627,
0.8509803921568627 0.8509803921568627 0.8509803921568627,
0.8509803921568627 0.8509803921568627 0.8509803921568627,
0.8509803921568627 0.8509803921568627 0.8509803921568627,
0.8509803921568627 0.8509803921568627 0.8509803921568627,
0.8509803921568627 0.8509803921568627 0.8509803921568627,
0.8509803921568627 0.8509803921568627 0.8509803921568627,
0.8509803921568627 0.8509803921568627 0.8509803921568627,
0.8509803921568627 0.8509803921568627 0.8509803921568627,
0.8509803921568627 0.8509803921568627 0.8509803921568627,
0.8509803921568627 0.8509803921568627 0.8509803921568627,
0.8509803921568627 0.8509803921568627 0.8509803921568627,
0.8509803921568627 0.8509803921568627 0.8509803921568627,
0.8509803921568627 0.8509803921568627 0.8509803921568627,
0.8509803921568627 0.8509803921568627 0.8509803921568627,
0.8509803921568627 0.8509803921568627 0.8509803921568627,
0.8509803921568627 0.8509803921568627 0.8509803921568627,
0.8509803921568627 0.8509803921568627 0.8509803921568627,
0.8509803921568627 0.8509803921568627 0.8509803921568627,
0.8509803921568627 0.8509803921568627 0.8509803921568627,
0.8509803921568627 0.8509803921568627 0.8509803921568627,
0.8509803921568627 0.8509803921568627 0.8509803921568627,
0.8509803921568627 0.8509803921568627 0.8509803921568627,
0.8509803921568627 0.8509803921568627 0.8509803921568627,
0.8509803921568627 0.8509803921568627 0.8509803921568627,
0.8509803921568627 0.8509803921568627 0.8509803921568627,
0.8509803921568627 0.8509803921568627 0.8509803921568627,
0.8509803921568627 0.8509803921568627 0.8509803921568627,
0.8509803921568627 0.8509803921568627 0.8509803921568627,
0.8509803921568627 0.8509803921568627 0.8509803921568627,
0.8509803921568627 0.8509803921568627 0.8509803921568627,
0.8509803921568627 0.8509803921568627 0.8509803921568627,
0.8509803921568627 0.8509803921568627 0.8509803921568627,
0.8509803921568627 0.8509803921568627 0.8509803921568627,
0.8509803921568627 0.8509803921568627 0.8509803921568627,
0.8509803921568627 0.8509803921568627 0.8509803921568627,
0.8509803921568627 0.8509803921568627 0.8509803921568627,
0.8509803921568627 0.8509803921568627 0.8509803921568627,
0.8509803921568627 0.8509803921568627 0.8509803921568627,
0.8509803921568627 0.8509803921568627 0.8509803921568627,
0.8509803921568627 0.8509803921568627 0.8509803921568627,
0.8509803921568627 0.8509803921568627 0.8509803921568627,
0.8509803921568627 0.8509803921568627 0.8509803921568627,
0.8509803921568627 0.8509803921568627 0.8509803921568627,
0.8509803921568627 0.8509803921568627 0.8509803921568627,
0.8509803921568627 0.8509803921568627 0.8509803921568627,
0.8509803921568627 0.8509803921568627 0.8509803921568627,
0.8509803921568627 0.8509803921568627 0.8509803921568627,
0.8509803921568627 0.8509803921568627 0.8509803921568627,
0.8509803921568627 0.8509803921568627 0.8509803921568627,
0.8509803921568627 0.8509803921568627 0.8509803921568627,
0.8509803921568627 0.8509803921568627 0.8509803921568627,
0.8509803921568627 0.8509803921568627 0.8509803921568627,
0.8509803921568627 0.8509803921568627 0.8509803921568627,
0.8509803921568627 0.8509803921568627 0.8509803921568627,
0.8509803921568627 0.8509803921568627 0.8509803921568627,
0.8509803921568627 0.8509803921568627 0.8509803921568627,
0.8509803921568627 0.8509803921568627 0.8509803921568627,
0.8509803921568627 0.8509803921568627 0.8509803921568627,
0.8509803921568627 0.8509803921568627 0.8509803921568627,
0.8509803921568627 0.8509803921568627 0.8509803921568627,
0.8509803921568627 0.8509803921568627 0.8509803921568627,
0.8509803921568627 0.8509803921568627 0.8509803921568627,
0.8509803921568627 0.8509803921568627 0.8509803921568627,
0.8509803921568627 0.8509803921568627 0.8509803921568627,
0.8509803921568627 0.8509803921568627 0.8509803921568627,
0.8509803921568627 0.8509803921568627 0.8509803921568627,
0.8509803921568627 0.8509803921568627 0.8509803921568627,
0.8509803921568627 0.8509803921568627 0.8509803921568627,
0.8509803921568627 0.8509803921568627 0.8509803921568627,
0.8509803921568627 0.8509803921568627 0.8509803921568627,
0.8509803921568627 0.8509803921568627 0.8509803921568627,
0.8509803921568627 0.8509803921568627 0.8509803921568627,
0.8509803921568627 0.8509803921568627 0.8509803921568627,
0.8509803921568627 0.8509803921568627 0.8509803921568627,
0.8509803921568627 0.8509803921568627 0.8509803921568627,
0.8509803921568627 0.8509803921568627 0.8509803921568627,
0.8509803921568627 0.8509803921568627 0.8509803921568627,
0.8509803921568627 0.8509803921568627 0.8509803921568627,
0.8509803921568627 0.8509803921568627 0.8509803921568627,
0.8509803921568627 0.8509803921568627 0.8509803921568627,
0.8509803921568627 0.8509803921568627 0.8509803921568627,
0.8509803921568627 0.8509803921568627 0.8509803921568627,
0.8509803921568627 0.8509803921568627 0.8509803921568627,
0.8509803921568627 0.8509803921568627 0.8509803921568627,
0.8509803921568627 0.8509803921568627 0.8509803921568627,
0.8509803921568627 0.8509803921568627 0.8509803921568627,
0.8509803921568627 0.8509803921568627 0.8509803921568627,
0.8509803921568627 0.8509803921568627 0.8509803921568627,
0.8509803921568627 0.8509803921568627 0.8509803921568627,
0.8509803921568627 0.8509803921568627 0.8509803921568627,
0.8509803921568627 0.8509803921568627 0.8509803921568627,
0.8509803921568627 0.8509803921568627 0.8509803921568627,
0.8509803921568627 0.8509803921568627 0.8509803921568627,
0.8509803921568627 0.8509803921568627 0.8509803921568627,
0.8509803921568627 0.8509803921568627 0.8509803921568627,
0.8509803921568627 0.8509803921568627 0.8509803921568627,
0.8509803921568627 0.8509803921568627 0.8509803921568627,
0.8509803921568627 0.8509803921568627 0.8509803921568627,
0.8509803921568627 0.8509803921568627 0.8509803921568627,
0.8509803921568627 0.8509803921568627 0.8509803921568627,
0.8509803921568627 0.8509803921568627 0.8509803921568627,
0.8509803921568627 0.8509803921568627 0.8509803921568627,
0.8509803921568627 0.8509803921568627 0.8509803921568627,
0.8509803921568627 0.8509803921568627 0.8509803921568627,
0.8509803921568627 0.8509803921568627 0.8509803921568627,
0.8509803921568627 0.8509803921568627 0.8509803921568627,
0.8509803921568627 0.8509803921568627 0.8509803921568627,
0.8509803921568627 0.8509803921568627 0.8509803921568627,
0.8509803921568627 0.8509803921568627 0.8509803921568627,
0.8509803921568627 0.8509803921568627 0.8509803921568627,
0.8509803921568627 0.8509803921568627 0.8509803921568627,
0.8509803921568627 0.8509803921568627 0.8509803921568627,
0.8509803921568627 0.8509803921568627 0.8509803921568627,
0.8509803921568627 0.8509803921568627 0.8509803921568627,
0.8509803921568627 0.8509803921568627 0.8509803921568627,
0.8509803921568627 0.8509803921568627 0.8509803921568627,
0.8509803921568627 0.8509803921568627 0.8509803921568627,
0.8509803921568627 0.8509803921568627 0.8509803921568627,
0.8509803921568627 0.8509803921568627 0.8509803921568627,
0.8509803921568627 0.8509803921568627 0.8509803921568627,
0.8509803921568627 0.8509803921568627 0.8509803921568627,
0.8509803921568627 0.8509803921568627 0.8509803921568627,
0.8509803921568627 0.8509803921568627 0.8509803921568627,
0.8509803921568627 0.8509803921568627 0.8509803921568627,
0.8509803921568627 0.8509803921568627 0.8509803921568627,
0.8509803921568627 0.8509803921568627 0.8509803921568627,
0.8509803921568627 0.8509803921568627 0.8509803921568627,
0.8509803921568627 0.8509803921568627 0.8509803921568627,
0.8509803921568627 0.8509803921568627 0.8509803921568627,
0.8509803921568627 0.8509803921568627 0.8509803921568627,
0.8509803921568627 0.8509803921568627 0.8509803921568627,
0.8509803921568627 0.8509803921568627 0.8509803921568627,
0.8509803921568627 0.8509803921568627 0.8509803921568627,
0.8509803921568627 0.8509803921568627 0.8509803921568627,
0.8509803921568627 0.8509803921568627 0.8509803921568627,
0.8509803921568627 0.8509803921568627 0.8509803921568627,
0.8509803921568627 0.8509803921568627 0.8509803921568627,
0.8509803921568627 0.8509803921568627 0.8509803921568627,
0.8509803921568627 0.8509803921568627 0.8509803921568627,
0.8509803921568627 0.8509803921568627 0.8509803921568627,
0.8509803921568627 0.8509803921568627 0.8509803921568627,
0.8509803921568627 0.8509803921568627 0.8509803921568627,
0.8509803921568627 0.8509803921568627 0.8509803921568627,
0.8509803921568627 0.8509803921568627 0.8509803921568627,
0.8509803921568627 0.8509803921568627 0.8509803921568627,
0.8509803921568627 0.8509803921568627 0.8509803921568627,
0.8509803921568627 0.8509803921568627 0.8509803921568627,
0.8509803921568627 0.8509803921568627 0.8509803921568627,
0.8509803921568627 0.8509803921568627 0.8509803921568627,
0.8509803921568627 0.8509803921568627 0.8509803921568627,
0.8509803921568627 0.8509803921568627 0.8509803921568627,
0.8509803921568627 0.8509803921568627 0.8509803921568627,
0.8509803921568627 0.8509803921568627 0.8509803921568627,
0.8509803921568627 0.8509803921568627 0.8509803921568627,
0.8509803921568627 0.8509803921568627 0.8509803921568627,
0.8509803921568627 0.8509803921568627 0.8509803921568627,
0.8509803921568627 0.8509803921568627 0.8509803921568627,
0.8509803921568627 0.8509803921568627 0.8509803921568627,
0.8509803921568627 0.8509803921568627 0.8509803921568627,
0.8509803921568627 0.8509803921568627 0.8509803921568627,
0.8509803921568627 0.8509803921568627 0.8509803921568627,
0.8509803921568627 0.8509803921568627 0.8509803921568627,
0.8509803921568627 0.8509803921568627 0.8509803921568627,
0.8509803921568627 0.8509803921568627 0.8509803921568627,
0.8509803921568627 0.8509803921568627 0.8509803921568627,
0.8509803921568627 0.8509803921568627 0.8509803921568627,
0.8509803921568627 0.8509803921568627 0.8509803921568627,
0.8509803921568627 0.8509803921568627 0.8509803921568627,
0.8509803921568627 0.8509803921568627 0.8509803921568627,
0.8509803921568627 0.8509803921568627 0.8509803921568627,
0.8509803921568627 0.8509803921568627 0.8509803921568627,
0.8509803921568627 0.8509803921568627 0.8509803921568627,
0.8509803921568627 0.8509803921568627 0.8509803921568627,
0.8509803921568627 0.8509803921568627 0.8509803921568627,
0.8509803921568627 0.8509803921568627 0.8509803921568627,
0.8509803921568627 0.8509803921568627 0.8509803921568627,
0.8509803921568627 0.8509803921568627 0.8509803921568627,
0.8509803921568627 0.8509803921568627 0.8509803921568627,
0.8509803921568627 0.8509803921568627 0.8509803921568627,
0.8509803921568627 0.8509803921568627 0.8509803921568627,
0.8509803921568627 0.8509803921568627 0.8509803921568627,
0.8509803921568627 0.8509803921568627 0.8509803921568627,
0.8509803921568627 0.8509803921568627 0.8509803921568627,
0.8509803921568627 0.8509803921568627 0.8509803921568627,
0.8509803921568627 0.8509803921568627 0.8509803921568627,
0.8509803921568627 0.8509803921568627 0.8509803921568627,
0.8509803921568627 0.8509803921568627 0.8509803921568627,
0.8509803921568627 0.8509803921568627 0.8509803921568627,
0.8509803921568627 0.8509803921568627 0.8509803921568627,
0.8509803921568627 0.8509803921568627 0.8509803921568627,
0.8509803921568627 0.8509803921568627 0.8509803921568627,
0.8509803921568627 0.8509803921568627 0.8509803921568627,
0.8509803921568627 0.8509803921568627 0.8509803921568627,
0.8509803921568627 0.8509803921568627 0.8509803921568627,
0.8509803921568627 0.8509803921568627 0.8509803921568627,
0.8509803921568627 0.8509803921568627 0.8509803921568627,
0.8509803921568627 0.8509803921568627 0.8509803921568627,
0.8509803921568627 0.8509803921568627 0.8509803921568627,
0.8509803921568627 0.8509803921568627 0.8509803921568627,
0.8509803921568627 0.8509803921568627 0.8509803921568627,
0.8509803921568627 0.8509803921568627 0.8509803921568627,
0.8509803921568627 0.8509803921568627 0.8509803921568627,
0.8509803921568627 0.8509803921568627 0.8509803921568627,
0.8509803921568627 0.8509803921568627 0.8509803921568627,
0.8509803921568627 0.8509803921568627 0.8509803921568627,
0.8509803921568627 0.8509803921568627 0.8509803921568627,
0.8509803921568627 0.8509803921568627 0.8509803921568627,
0.8509803921568627 0.8509803921568627 0.8509803921568627,
0.8509803921568627 0.8509803921568627 0.8509803921568627,
0.8509803921568627 0.8509803921568627 0.8509803921568627,
0.8509803921568627 0.8509803921568627 0.8509803921568627,
0.8509803921568627 0.8509803921568627 0.8509803921568627,
0.8509803921568627 0.8509803921568627 0.8509803921568627,
0.8509803921568627 0.8509803921568627 0.8509803921568627,
0.8509803921568627 0.8509803921568627 0.8509803921568627,
0.8509803921568627 0.8509803921568627 0.8509803921568627,
0.8509803921568627 0.8509803921568627 0.8509803921568627,
0.8509803921568627 0.8509803921568627 0.8509803921568627,
0.8509803921568627 0.8509803921568627 0.8509803921568627,
0.8509803921568627 0.8509803921568627 0.8509803921568627,
0.8509803921568627 0.8509803921568627 0.8509803921568627,
0.8509803921568627 0.8509803921568627 0.8509803921568627,
0.8509803921568627 0.8509803921568627 0.8509803921568627,
0.8509803921568627 0.8509803921568627 0.8509803921568627,
0.8509803921568627 0.8509803921568627 0.8509803921568627,
0.8509803921568627 0.8509803921568627 0.8509803921568627,
0.8509803921568627 0.8509803921568627 0.8509803921568627,
0.8509803921568627 0.8509803921568627 0.8509803921568627,
0.8509803921568627 0.8509803921568627 0.8509803921568627,
0.8509803921568627 0.8509803921568627 0.8509803921568627,
0.8509803921568627 0.8509803921568627 0.8509803921568627,
0.8509803921568627 0.8509803921568627 0.8509803921568627,
0.8509803921568627 0.8509803921568627 0.8509803921568627,
0.8509803921568627 0.8509803921568627 0.8509803921568627,
0.8509803921568627 0.8509803921568627 0.8509803921568627,
0.8509803921568627 0.8509803921568627 0.8509803921568627,
0.8509803921568627 0.8509803921568627 0.8509803921568627,
0.8509803921568627 0.8509803921568627 0.8509803921568627,
0.8509803921568627 0.8509803921568627 0.8509803921568627,
0.8509803921568627 0.8509803921568627 0.8509803921568627,
0.8509803921568627 0.8509803921568627 0.8509803921568627,
0.8509803921568627 0.8509803921568627 0.8509803921568627,
0.8509803921568627 0.8509803921568627 0.8509803921568627,
0.8509803921568627 0.8509803921568627 0.8509803921568627,
0.8509803921568627 0.8509803921568627 0.8509803921568627,
0.8509803921568627 0.8509803921568627 0.8509803921568627,
0.8509803921568627 0.8509803921568627 0.8509803921568627,
0.8509803921568627 0.8509803921568627 0.8509803921568627,
0.8509803921568627 0.8509803921568627 0.8509803921568627,
0.8509803921568627 0.8509803921568627 0.8509803921568627,
0.8509803921568627 0.8509803921568627 0.8509803921568627,
0.8509803921568627 0.8509803921568627 0.8509803921568627,
0.8509803921568627 0.8509803921568627 0.8509803921568627,
0.8509803921568627 0.8509803921568627 0.8509803921568627,
0.8509803921568627 0.8509803921568627 0.8509803921568627,
0.8509803921568627 0.8509803921568627 0.8509803921568627,
0.8509803921568627 0.8509803921568627 0.8509803921568627,
0.8509803921568627 0.8509803921568627 0.8509803921568627,
0.8509803921568627 0.8509803921568627 0.8509803921568627,
0.8509803921568627 0.8509803921568627 0.8509803921568627,
0.8509803921568627 0.8509803921568627 0.8509803921568627,
0.8509803921568627 0.8509803921568627 0.8509803921568627,
0.8509803921568627 0.8509803921568627 0.8509803921568627,
0.8509803921568627 0.8509803921568627 0.8509803921568627,
0.8509803921568627 0.8509803921568627 0.8509803921568627,
0.8509803921568627 0.8509803921568627 0.8509803921568627,
0.8509803921568627 0.8509803921568627 0.8509803921568627,
0.8509803921568627 0.8509803921568627 0.8509803921568627,
0.8509803921568627 0.8509803921568627 0.8509803921568627,
0.8509803921568627 0.8509803921568627 0.8509803921568627,
0.8509803921568627 0.8509803921568627 0.8509803921568627,
0.8509803921568627 0.8509803921568627 0.8509803921568627,
0.8509803921568627 0.8509803921568627 0.8509803921568627,
0.8509803921568627 0.8509803921568627 0.8509803921568627,
0.8509803921568627 0.8509803921568627 0.8509803921568627,
0.8509803921568627 0.8509803921568627 0.8509803921568627,
0.8509803921568627 0.8509803921568627 0.8509803921568627,
0.8509803921568627 0.8509803921568627 0.8509803921568627,
0.8509803921568627 0.8509803921568627 0.8509803921568627,
0.8509803921568627 0.8509803921568627 0.8509803921568627,
0.8509803921568627 0.8509803921568627 0.8509803921568627,
0.8509803921568627 0.8509803921568627 0.8509803921568627,
0.8509803921568627 0.8509803921568627 0.8509803921568627,
0.8509803921568627 0.8509803921568627 0.8509803921568627,
0.8509803921568627 0.8509803921568627 0.8509803921568627,
0.8509803921568627 0.8509803921568627 0.8509803921568627,
0.8509803921568627 0.8509803921568627 0.8509803921568627,
0.8509803921568627 0.8509803921568627 0.8509803921568627,
0.8509803921568627 0.8509803921568627 0.8509803921568627,
0.8509803921568627 0.8509803921568627 0.8509803921568627,
0.8509803921568627 0.8509803921568627 0.8509803921568627,
0.8509803921568627 0.8509803921568627 0.8509803921568627,
0.8509803921568627 0.8509803921568627 0.8509803921568627,
0.8509803921568627 0.8509803921568627 0.8509803921568627,
0.8509803921568627 0.8509803921568627 0.8509803921568627,
0.8509803921568627 0.8509803921568627 0.8509803921568627,
0.8509803921568627 0.8509803921568627 0.8509803921568627,
0.8509803921568627 0.8509803921568627 0.8509803921568627,
0.8509803921568627 0.8509803921568627 0.8509803921568627,
0.8509803921568627 0.8509803921568627 0.8509803921568627,
0.8509803921568627 0.8509803921568627 0.8509803921568627,
0.8509803921568627 0.8509803921568627 0.8509803921568627,
0.8509803921568627 0.8509803921568627 0.8509803921568627,
0.8509803921568627 0.8509803921568627 0.8509803921568627,
0.8509803921568627 0.8509803921568627 0.8509803921568627,
0.8509803921568627 0.8509803921568627 0.8509803921568627,
0.8509803921568627 0.8509803921568627 0.8509803921568627,
0.8509803921568627 0.8509803921568627 0.8509803921568627,
0.8509803921568627 0.8509803921568627 0.8509803921568627,
0.8509803921568627 0.8509803921568627 0.8509803921568627,
0.8509803921568627 0.8509803921568627 0.8509803921568627,
0.8509803921568627 0.8509803921568627 0.8509803921568627,
0.8509803921568627 0.8509803921568627 0.8509803921568627,
0.8509803921568627 0.8509803921568627 0.8509803921568627,
0.8509803921568627 0.8509803921568627 0.8509803921568627,
0.8509803921568627 0.8509803921568627 0.8509803921568627,
0.8509803921568627 0.8509803921568627 0.8509803921568627,
0.8509803921568627 0.8509803921568627 0.8509803921568627,
0.8509803921568627 0.8509803921568627 0.8509803921568627,
0.8509803921568627 0.8509803921568627 0.8509803921568627,
0.8509803921568627 0.8509803921568627 0.8509803921568627,
0.8509803921568627 0.8509803921568627 0.8509803921568627,
0.8509803921568627 0.8509803921568627 0.8509803921568627,
0.8509803921568627 0.8509803921568627 0.8509803921568627,
0.8509803921568627 0.8509803921568627 0.8509803921568627,
0.8509803921568627 0.8509803921568627 0.8509803921568627,
0.8509803921568627 0.8509803921568627 0.8509803921568627,
0.8509803921568627 0.8509803921568627 0.8509803921568627,
0.8509803921568627 0.8509803921568627 0.8509803921568627,
0.8509803921568627 0.8509803921568627 0.8509803921568627,
0.8509803921568627 0.8509803921568627 0.8509803921568627,
0.8509803921568627 0.8509803921568627 0.8509803921568627,
0.8509803921568627 0.8509803921568627 0.8509803921568627,
0.8509803921568627 0.8509803921568627 0.8509803921568627,
0.8509803921568627 0.8509803921568627 0.8509803921568627,
0.8509803921568627 0.8509803921568627 0.8509803921568627,
0.8509803921568627 0.8509803921568627 0.8509803921568627,
0.8509803921568627 0.8509803921568627 0.8509803921568627,
0.8509803921568627 0.8509803921568627 0.8509803921568627,
0.8509803921568627 0.8509803921568627 0.8509803921568627,
0.8509803921568627 0.8509803921568627 0.8509803921568627,
0.8509803921568627 0.8509803921568627 0.8509803921568627,
0.8509803921568627 0.8509803921568627 0.8509803921568627,
0.8509803921568627 0.8509803921568627 0.8509803921568627,
0.8509803921568627 0.8509803921568627 0.8509803921568627,
0.8509803921568627 0.8509803921568627 0.8509803921568627,
0.8509803921568627 0.8509803921568627 0.8509803921568627,
0.8509803921568627 0.8509803921568627 0.8509803921568627,
0.8509803921568627 0.8509803921568627 0.8509803921568627,
0.8509803921568627 0.8509803921568627 0.8509803921568627,
0.8509803921568627 0.8509803921568627 0.8509803921568627,
0.8509803921568627 0.8509803921568627 0.8509803921568627,
0.8509803921568627 0.8509803921568627 0.8509803921568627,
0.8509803921568627 0.8509803921568627 0.8509803921568627,
0.8509803921568627 0.8509803921568627 0.8509803921568627,
0.8509803921568627 0.8509803921568627 0.8509803921568627,
0.8509803921568627 0.8509803921568627 0.8509803921568627,
0.8509803921568627 0.8509803921568627 0.8509803921568627,
0.8509803921568627 0.8509803921568627 0.8509803921568627,
0.8509803921568627 0.8509803921568627 0.8509803921568627,
0.8509803921568627 0.8509803921568627 0.8509803921568627,
0.8509803921568627 0.8509803921568627 0.8509803921568627,
0.8509803921568627 0.8509803921568627 0.8509803921568627,
0.8509803921568627 0.8509803921568627 0.8509803921568627,
0.8509803921568627 0.8509803921568627 0.8509803921568627,
0.8509803921568627 0.8509803921568627 0.8509803921568627,
0.8509803921568627 0.8509803921568627 0.8509803921568627,
0.8509803921568627 0.8509803921568627 0.8509803921568627,
0.8509803921568627 0.8509803921568627 0.8509803921568627,
0.8509803921568627 0.8509803921568627 0.8509803921568627,
0.8509803921568627 0.8509803921568627 0.8509803921568627,
0.8509803921568627 0.8509803921568627 0.8509803921568627,
0.8509803921568627 0.8509803921568627 0.8509803921568627,
0.8509803921568627 0.8509803921568627 0.8509803921568627,
0.8509803921568627 0.8509803921568627 0.8509803921568627,
0.8509803921568627 0.8509803921568627 0.8509803921568627,
0.8509803921568627 0.8509803921568627 0.8509803921568627,
0.8509803921568627 0.8509803921568627 0.8509803921568627,
0.8509803921568627 0.8509803921568627 0.8509803921568627,
0.8509803921568627 0.8509803921568627 0.8509803921568627,
0.8509803921568627 0.8509803921568627 0.8509803921568627,
0.8509803921568627 0.8509803921568627 0.8509803921568627,
0.8509803921568627 0.8509803921568627 0.8509803921568627,
0.8509803921568627 0.8509803921568627 0.8509803921568627,
0.8509803921568627 0.8509803921568627 0.8509803921568627,
0.8509803921568627 0.8509803921568627 0.8509803921568627,
0.8509803921568627 0.8509803921568627 0.8509803921568627,
0.8509803921568627 0.8509803921568627 0.8509803921568627,
0.8509803921568627 0.8509803921568627 0.8509803921568627,
0.8509803921568627 0.8509803921568627 0.8509803921568627,
0.8509803921568627 0.8509803921568627 0.8509803921568627,
0.8509803921568627 0.8509803921568627 0.8509803921568627,
0.8509803921568627 0.8509803921568627 0.8509803921568627,
0.8509803921568627 0.8509803921568627 0.8509803921568627,
0.8509803921568627 0.8509803921568627 0.8509803921568627,
0.8509803921568627 0.8509803921568627 0.8509803921568627,
0.8509803921568627 0.8509803921568627 0.8509803921568627,
0.8509803921568627 0.8509803921568627 0.8509803921568627,
0.8509803921568627 0.8509803921568627 0.8509803921568627,
0.8509803921568627 0.8509803921568627 0.8509803921568627,
0.8509803921568627 0.8509803921568627 0.8509803921568627,
0.0 0.0 0.0,
0.0 0.0 0.0,
0.0 0.0 0.0,
0.0 0.0 0.0,
0.0 0.0 0.0,
0.0 0.0 0.0,
0.0 0.0 0.0,
0.0 0.0 0.0,
0.0 0.0 0.0,
0.0 0.0 0.0,
0.0 0.0 0.0,
0.0 0.0 0.0,
0.0 0.0 0.0,
0.0 0.0 0.0,
0.0 0.0 0.0,
0.0 0.0 0.0,
0.0 0.0 0.0,
0.0 0.0 0.0,
0.0 0.0 0.0,
0.0 0.0 0.0,
0.0 0.0 0.0,
0.0 0.0 0.0,
0.0 0.0 0.0,
0.0 0.0 0.0,
0.0 0.0 0.0,
0.0 0.0 0.0,
0.0 0.0 0.0,
0.0 0.0 0.0,
0.0 0.0 0.0,
0.0 0.0 0.0,
0.0 0.0 0.0,
0.0 0.0 0.0,
0.0 0.0 0.0,
0.0 0.0 0.0,
0.0 0.0 0.0,
0.0 0.0 0.0,
0.0 0.0 0.0,
0.0 0.0 0.0,
0.0 0.0 0.0,
0.0 0.0 0.0,
0.0 0.0 0.0,
0.0 0.0 0.0,
0.0 0.0 0.0,
0.0 0.0 0.0,
0.0 0.0 0.0,
0.0 0.0 0.0,
0.0 0.0 0.0,
0.0 0.0 0.0,
0.0 0.0 0.0,
0.0 0.0 0.0,
0.0 0.0 0.0,
0.0 0.0 0.0,
0.0 0.0 0.0,
0.0 0.0 0.0,
0.0 0.0 0.0,
0.0 0.0 0.0,
0.0 0.0 0.0,
0.0 0.0 0.0,
0.0 0.0 0.0,
0.0 0.0 0.0,
0.0 0.0 0.0,
0.0 0.0 0.0,
0.0 0.0 0.0,
0.0 0.0 0.0,
0.0 0.0 0.0,
0.0 0.0 0.0,
0.0 0.0 0.0,
0.0 0.0 0.0,
0.0 0.0 0.0,
0.0 0.0 0.0,
0.0 0.0 0.0,
0.0 0.0 0.0,
0.0 0.0 0.0,
0.0 0.0 0.0,
0.0 0.0 0.0,
0.0 0.0 0.0,
0.0 0.0 0.0,
0.0 0.0 0.0,
0.0 0.0 0.0,
0.0 0.0 0.0,
0.0 0.0 0.0,
0.0 0.0 0.0,
0.0 0.0 0.0,
0.0 0.0 0.0,
0.0 0.0 0.0,
0.0 0.0 0.0,
0.0 0.0 0.0,
0.0 0.0 0.0,
0.0 0.0 0.0,
0.0 0.0 0.0,
0.0 0.0 0.0,
0.0 0.0 0.0,
0.0 0.0 0.0,
0.0 0.0 0.0,
0.0 0.0 0.0,
0.0 0.0 0.0,
0.0 0.0 0.0,
0.0 0.0 0.0,
0.0 0.0 0.0,
0.0 0.0 0.0,
0.0 0.0 0.0,
0.0 0.0 0.0,
0.0 0.0 0.0,
0.0 0.0 0.0,
0.0 0.0 0.0,
0.0 0.0 0.0,
0.0 0.0 0.0,
0.0 0.0 0.0,
0.0 0.0 0.0,
0.0 0.0 0.0,
0.0 0.0 0.0,
0.0 0.0 0.0,
0.0 0.0 0.0,
0.0 0.0 0.0,
0.0 0.0 0.0,
0.0 0.0 0.0,
0.0 0.0 0.0,
0.0 0.0 0.0,
0.0 0.0 0.0,
0.0 0.0 0.0,
0.0 0.0 0.0,
0.0 0.0 0.0,
0.0 0.0 0.0,
0.0 0.0 0.0,
0.0 0.0 0.0,
0.0 0.0 0.0,
0.0 0.0 0.0,
0.0 0.0 0.0,
0.0 0.0 0.0,
0.0 0.0 0.0,
0.0 0.0 0.0,
0.0 0.0 0.0,
0.0 0.0 0.0,
0.0 0.0 0.0,
0.0 0.0 0.0,
0.0 0.0 0.0,
0.0 0.0 0.0,
0.0 0.0 0.0,
0.0 0.0 0.0,
0.0 0.0 0.0,
0.0 0.0 0.0,
0.0 0.0 0.0,
0.0 0.0 0.0,
0.0 0.0 0.0,
0.0 0.0 0.0,
0.0 0.0 0.0,
0.0 0.0 0.0,
0.0 0.0 0.0,
0.0 0.0 0.0,
0.0 0.0 0.0,
0.0 0.0 0.0,
0.0 0.0 0.0,
0.0 0.0 0.0,
0.0 0.0 0.0,
0.0 0.0 0.0,
0.0 0.0 0.0,
0.0 0.0 0.0,
0.0 0.0 0.0,
0.0 0.0 0.0,
0.0 0.0 0.0,
0.0 0.0 0.0,
0.0 0.0 0.0,
0.0 0.0 0.0,
0.0 0.0 0.0,
0.0 0.0 0.0,
0.0 0.0 0.0,
0.0 0.0 0.0,
0.0 0.0 0.0,
0.0 0.0 0.0,
0.0 0.0 0.0,
0.0 0.0 0.0,
0.0 0.0 0.0,
0.0 0.0 0.0,
0.0 0.0 0.0,
0.0 0.0 0.0,
0.0 0.0 0.0,
0.0 0.0 0.0,
0.0 0.0 0.0,
0.0 0.0 0.0,
0.0 0.0 0.0,
0.0 0.0 0.0,
0.0 0.0 0.0,
0.0 0.0 0.0,
0.0 0.0 0.0,
0.0 0.0 0.0,
0.0 0.0 0.0,
0.0 0.0 0.0,
0.0 0.0 0.0,
0.0 0.0 0.0,
0.0 0.0 0.0,
0.0 0.0 0.0,
0.0 0.0 0.0,
0.0 0.0 0.0,
0.0 0.0 0.0,
0.0 0.0 0.0,
0.0 0.0 0.0,
0.0 0.0 0.0,
0.0 0.0 0.0,
0.0 0.0 0.0,
0.0 0.0 0.0,
0.0 0.0 0.0,
0.0 0.0 0.0,
0.0 0.0 0.0,
0.0 0.0 0.0,
0.0 0.0 0.0,
0.0 0.0 0.0,
0.0 0.0 0.0,
0.0 0.0 0.0,
0.0 0.0 0.0,
0.0 0.0 0.0,
0.0 0.0 0.0,
0.0 0.0 0.0,
0.0 0.0 0.0,
0.0 0.0 0.0,
0.0 0.0 0.0,
0.0 0.0 0.0,
0.0 0.0 0.0,
0.0 0.0 0.0,
0.0 0.0 0.0,
0.0 0.0 0.0,
0.0 0.0 0.0,
0.0 0.0 0.0,
0.0 0.0 0.0,
0.0 0.0 0.0,
0.0 0.0 0.0,
0.0 0.0 0.0,
0.0 0.0 0.0,
0.0 0.0 0.0,
0.0 0.0 0.0,
0.0 0.0 0.0,
0.0 0.0 0.0,
0.0 0.0 0.0,
0.0 0.0 0.0,
0.0 0.0 0.0,
0.0 0.0 0.0,
0.0 0.0 0.0,
0.0 0.0 0.0,
0.0 0.0 0.0,
0.0 0.0 0.0,
0.0 0.0 0.0,
0.0 0.0 0.0,
0.0 0.0 0.0,
0.0 0.0 0.0,
0.0 0.0 0.0,
0.0 0.0 0.0,
0.0 0.0 0.0,
0.0 0.0 0.0,
0.0 0.0 0.0,
0.0 0.0 0.0,
0.0 0.0 0.0,
0.0 0.0 0.0,
0.0 0.0 0.0,
0.0 0.0 0.0,
0.0 0.0 0.0,
0.0 0.0 0.0,
0.0 0.0 0.0,
0.0 0.0 0.0,
0.0 0.0 0.0,
0.0 0.0 0.0,
0.0 0.0 0.0,
0.0 0.0 0.0,
0.0 0.0 0.0,
0.0 0.0 0.0,
0.0 0.0 0.0,
0.0 0.0 0.0,
0.0 0.0 0.0,
0.0 0.0 0.0,
0.0 0.0 0.0,
0.0 0.0 0.0,
0.0 0.0 0.0,
0.0 0.0 0.0,
0.0 0.0 0.0,
0.0 0.0 0.0,
0.0 0.0 0.0,
0.0 0.0 0.0,
0.0 0.0 0.0,
0.0 0.0 0.0,
0.0 0.0 0.0,
0.0 0.0 0.0,
0.0 0.0 0.0,
0.0 0.0 0.0,
0.0 0.0 0.0,
0.0 0.0 0.0,
0.0 0.0 0.0,
0.0 0.0 0.0,
0.0 0.0 0.0,
0.0 0.0 0.0,
0.0 0.0 0.0,
0.0 0.0 0.0,
0.0 0.0 0.0,
0.0 0.0 0.0,
0.0 0.0 0.0,
0.0 0.0 0.0,
0.0 0.0 0.0,
0.0 0.0 0.0,
0.0 0.0 0.0,
0.0 0.0 0.0,
0.0 0.0 0.0,
0.0 0.0 0.0,
0.0 0.0 0.0,
0.0 0.0 0.0,
0.0 0.0 0.0,
0.0 0.0 0.0,
0.0 0.0 0.0,
0.0 0.0 0.0,
0.0 0.0 0.0,
0.0 0.0 0.0,
0.0 0.0 0.0,
0.0 0.0 0.0,
0.0 0.0 0.0,
0.0 0.0 0.0,
0.0 0.0 0.0,
0.0 0.0 0.0,
0.0 0.0 0.0,
0.0 0.0 0.0,
0.0 0.0 0.0,
0.0 0.0 0.0,
0.0 0.0 0.0,
0.0 0.0 0.0,
0.0 0.0 0.0,
0.0 0.0 0.0,
0.0 0.0 0.0,
0.0 0.0 0.0,
0.0 0.0 0.0,
0.0 0.0 0.0,
0.0 0.0 0.0,
0.0 0.0 0.0,
0.0 0.0 0.0,
0.0 0.0 0.0,
0.0 0.0 0.0,
0.0 0.0 0.0,
0.0 0.0 0.0,
0.0 0.0 0.0,
0.0 0.0 0.0,
0.0 0.0 0.0,
0.0 0.0 0.0,
0.0 0.0 0.0,
0.0 0.0 0.0,
0.0 0.0 0.0,
0.0 0.0 0.0,
0.0 0.0 0.0,
0.0 0.0 0.0,
0.0 0.0 0.0,
0.0 0.0 0.0,
0.0 0.0 0.0,
0.0 0.0 0.0,
0.0 0.0 0.0,
0.0 0.0 0.0,
0.0 0.0 0.0,
0.0 0.0 0.0,
0.0 0.0 0.0,
0.0 0.0 0.0,
0.0 0.0 0.0,
0.0 0.0 0.0,
0.0 0.0 0.0,
0.0 0.0 0.0,
0.0 0.0 0.0,
0.0 0.0 0.0,
0.0 0.0 0.0,
0.0 0.0 0.0,
0.0 0.0 0.0,
0.0 0.0 0.0,
0.0 0.0 0.0,
0.0 0.0 0.0,
0.0 0.0 0.0,
0.0 0.0 0.0,
0.0 0.0 0.0,
0.0 0.0 0.0,
0.0 0.0 0.0,
0.0 0.0 0.0,
0.0 0.0 0.0,
0.0 0.0 0.0,
0.0 0.0 0.0,
0.0 0.0 0.0,
0.0 0.0 0.0,
0.0 0.0 0.0,
0.0 0.0 0.0,
0.0 0.0 0.0,
0.0 0.0 0.0,
0.0 0.0 0.0,
0.0 0.0 0.0,
0.0 0.0 0.0,
0.0 0.0 0.0,
0.0 0.0 0.0,
0.0 0.0 0.0,
0.0 0.0 0.0,
0.0 0.0 0.0,
0.0 0.0 0.0,
0.0 0.0 0.0,
0.0 0.0 0.0,
0.0 0.0 0.0,
0.0 0.0 0.0,
0.0 0.0 0.0,
0.0 0.0 0.0,
0.0 0.0 0.0,
0.0 0.0 0.0,
0.0 0.0 0.0,
0.0 0.0 0.0,
0.0 0.0 0.0,
0.0 0.0 0.0,
0.0 0.0 0.0,
0.0 0.0 0.0,
0.0 0.0 0.0,
0.0 0.0 0.0,
0.0 0.0 0.0,
0.0 0.0 0.0,
0.0 0.0 0.0,
0.0 0.0 0.0,
0.0 0.0 0.0,
0.0 0.0 0.0,
0.0 0.0 0.0,
0.0 0.0 0.0,
0.0 0.0 0.0,
0.0 0.0 0.0,
0.0 0.0 0.0,
0.0 0.0 0.0,
0.0 0.0 0.0,
0.0 0.0 0.0,
0.0 0.0 0.0,
0.0 0.0 0.0,
0.0 0.0 0.0,
0.0 0.0 0.0,
0.0 0.0 0.0,
0.0 0.0 0.0,
0.0 0.0 0.0,
0.0 0.0 0.0,
0.0 0.0 0.0,
0.0 0.0 0.0,
0.0 0.0 0.0,
0.0 0.0 0.0,
0.0 0.0 0.0,
0.0 0.0 0.0,
0.0 0.0 0.0,
0.0 0.0 0.0,
0.0 0.0 0.0,
0.0 0.0 0.0,
0.0 0.0 0.0,
0.0 0.0 0.0,
0.0 0.0 0.0,
0.0 0.0 0.0,
0.0 0.0 0.0,
0.0 0.0 0.0,
0.0 0.0 0.0,
0.0 0.0 0.0,
0.0 0.0 0.0,
0.0 0.0 0.0,
0.0 0.0 0.0,
0.0 0.0 0.0,
0.0 0.0 0.0,
0.0 0.0 0.0,
0.0 0.0 0.0,
0.0 0.0 0.0,
0.0 0.0 0.0,
0.0 0.0 0.0,
0.0 0.0 0.0,
0.0 0.0 0.0,
0.0 0.0 0.0,
0.0 0.0 0.0,
0.0 0.0 0.0,
0.0 0.0 0.0,
0.0 0.0 0.0,
0.0 0.0 0.0,
0.0 0.0 0.0,
0.0 0.0 0.0,
0.0 0.0 0.0,
0.0 0.0 0.0,
0.0 0.0 0.0,
0.0 0.0 0.0,
0.0 0.0 0.0,
0.0 0.0 0.0,
0.0 0.0 0.0,
0.0 0.0 0.0,
0.0 0.0 0.0,
0.0 0.0 0.0,
0.0 0.0 0.0,
0.0 0.0 0.0,
0.0 0.0 0.0,
0.0 0.0 0.0,
0.0 0.0 0.0,
0.0 0.0 0.0,
0.0 0.0 0.0,
0.0 0.0 0.0,
0.0 0.0 0.0,
0.0 0.0 0.0,
0.0 0.0 0.0,
0.0 0.0 0.0,
0.0 0.0 0.0,
0.0 0.0 0.0,
0.0 0.0 0.0,
0.0 0.0 0.0,
0.0 0.0 0.0,
0.0 0.0 0.0,
0.0 0.0 0.0,
0.0 0.0 0.0,
0.0 0.0 0.0,
0.0 0.0 0.0,
0.0 0.0 0.0,
0.0 0.0 0.0,
0.0 0.0 0.0,
0.0 0.0 0.0,
0.0 0.0 0.0,
0.0 0.0 0.0,
0.0 0.0 0.0,
0.0 0.0 0.0,
0.0 0.0 0.0,
0.0 0.0 0.0,
0.0 0.0 0.0,
0.0 0.0 0.0,
0.0 0.0 0.0,
0.0 0.0 0.0,
0.0 0.0 0.0,
0.0 0.0 0.0,
0.0 0.0 0.0,
0.0 0.0 0.0,
0.0 0.0 0.0,
0.0 0.0 0.0,
0.0 0.0 0.0,
0.0 0.0 0.0,
0.0 0.0 0.0,
0.0 0.0 0.0,
0.0 0.0 0.0,
0.0 0.0 0.0,
0.0 0.0 0.0,
0.0 0.0 0.0,
0.0 0.0 0.0,
0.0 0.0 0.0,
0.0 0.0 0.0,
0.0 0.0 0.0,
0.0 0.0 0.0,
0.0 0.0 0.0,
0.0 0.0 0.0,
0.0 0.0 0.0,
0.0 0.0 0.0,
0.0 0.0 0.0,
0.0 0.0 0.0,
0.0 0.0 0.0,
0.0 0.0 0.0,
0.0 0.0 0.0,
0.0 0.0 0.0,
0.0 0.0 0.0,
0.0 0.0 0.0,
0.0 0.0 0.0,
0.0 0.0 0.0,
0.0 0.0 0.0,
0.0 0.0 0.0,
0.0 0.0 0.0,
0.0 0.0 0.0,
0.0 0.0 0.0,
0.0 0.0 0.0,
0.0 0.0 0.0,
0.0 0.0 0.0,
0.0 0.0 0.0,
0.0 0.0 0.0,
0.0 0.0 0.0,
0.0 0.0 0.0,
0.0 0.0 0.0,
0.0 0.0 0.0,
0.0 0.0 0.0,
0.0 0.0 0.0,
0.0 0.0 0.0,
0.0 0.0 0.0,
0.0 0.0 0.0,
0.0 0.0 0.0,
0.0 0.0 0.0,
0.0 0.0 0.0,
0.0 0.0 0.0,
0.0 0.0 0.0,
0.0 0.0 0.0,
0.0 0.0 0.0,
0.0 0.0 0.0,
0.0 0.0 0.0,
0.0 0.0 0.0,
0.0 0.0 0.0,
0.0 0.0 0.0,
0.0 0.0 0.0,
0.0 0.0 0.0,
0.0 0.0 0.0,
0.0 0.0 0.0,
0.0 0.0 0.0,
0.0 0.0 0.0,
0.0 0.0 0.0,
0.0 0.0 0.0,
0.0 0.0 0.0,
0.0 0.0 0.0,
0.0 0.0 0.0,
0.0 0.0 0.0,
0.0 0.0 0.0,
0.0 0.0 0.0,
0.0 0.0 0.0,
0.0 0.0 0.0,
0.0 0.0 0.0,
0.0 0.0 0.0,
0.0 0.0 0.0,
0.0 0.0 0.0,
0.0 0.0 0.0,
0.0 0.0 0.0,
0.0 0.0 0.0,
0.0 0.0 0.0,
0.0 0.0 0.0,
0.0 0.0 0.0,
0.0 0.0 0.0,
0.0 0.0 0.0,
0.0 0.0 0.0,
0.0 0.0 0.0,
0.0 0.0 0.0,
0.0 0.0 0.0,
0.0 0.0 0.0,
0.0 0.0 0.0,
0.0 0.0 0.0,
0.0 0.0 0.0,
0.0 0.0 0.0,
0.0 0.0 0.0,
0.0 0.0 0.0,
0.0 0.0 0.0,
0.0 0.0 0.0,
0.0 0.0 0.0,
0.0 0.0 0.0,
0.0 0.0 0.0,
0.0 0.0 0.0,
0.0 0.0 0.0,
0.0 0.0 0.0,
0.0 0.0 0.0,
0.0 0.0 0.0,
0.0 0.0 0.0,
0.0 0.0 0.0,
0.0 0.0 0.0,
0.0 0.0 0.0,
0.0 0.0 0.0,
0.0 0.0 0.0,
0.0 0.0 0.0,
0.0 0.0 0.0,
0.0 0.0 0.0,
0.0 0.0 0.0,
0.0 0.0 0.0,
0.0 0.0 0.0,
0.0 0.0 0.0,
0.0 0.0 0.0,
0.0 0.0 0.0,
0.0 0.0 0.0,
0.0 0.0 0.0,
0.0 0.0 0.0,
0.0 0.0 0.0,
0.0 0.0 0.0,
0.0 0.0 0.0,
0.0 0.0 0.0,
0.0 0.0 0.0,
0.0 0.0 0.0,
0.0 0.0 0.0,
0.0 0.0 0.0,
0.0 0.0 0.0,
0.0 0.0 0.0,
0.0 0.0 0.0,
0.0 0.0 0.0,
0.0 0.0 0.0,
0.0 0.0 0.0,
0.0 0.0 0.0,
0.0 0.0 0.0,
0.0 0.0 0.0,
0.0 0.0 0.0,
0.0 0.0 0.0,
0.0 0.0 0.0,
0.0 0.0 0.0,
0.0 0.0 0.0,
0.0 0.0 0.0,
0.0 0.0 0.0,
0.0 0.0 0.0,
0.0 0.0 0.0,
0.0 0.0 0.0,
0.0 0.0 0.0,
0.0 0.0 0.0,
0.0 0.0 0.0,
0.0 0.0 0.0,
0.0 0.0 0.0,
0.0 0.0 0.0,
0.0 0.0 0.0,
0.0 0.0 0.0,
0.0 0.0 0.0,
0.0 0.0 0.0,
0.0 0.0 0.0,
0.0 0.0 0.0,
0.0 0.0 0.0,
0.0 0.0 0.0,
0.0 0.0 0.0,
0.0 0.0 0.0,
0.0 0.0 0.0,
0.0 0.0 0.0,
0.0 0.0 0.0,
0.0 0.0 0.0,
0.0 0.0 0.0,
0.0 0.0 0.0,
0.0 0.0 0.0,
0.0 0.0 0.0,
0.0 0.0 0.0,
0.0 0.0 0.0,
0.0 0.0 0.0,
0.0 0.0 0.0,
0.0 0.0 0.0,
0.0 0.0 0.0,
0.0 0.0 0.0,
0.0 0.0 0.0,
0.0 0.0 0.0,
0.0 0.0 0.0,
0.0 0.0 0.0,
0.0 0.0 0.0,
0.0 0.0 0.0,
0.0 0.0 0.0,
0.0 0.0 0.0,
0.0 0.0 0.0,
0.0 0.0 0.0,
0.0 0.0 0.0,
0.0 0.0 0.0,
0.0 0.0 0.0,
0.0 0.0 0.0,
0.0 0.0 0.0,
0.0 0.0 0.0,
0.0 0.0 0.0,
0.0 0.0 0.0,
0.0 0.0 0.0,
0.0 0.0 0.0,
0.0 0.0 0.0,
0.0 0.0 0.0,
0.0 0.0 0.0,
0.0 0.0 0.0,
0.0 0.0 0.0,
0.0 0.0 0.0,
0.0 0.0 0.0,
0.0 0.0 0.0,
0.0 0.0 0.0,
0.0 0.0 0.0,
0.0 0.0 0.0,
0.0 0.0 0.0,
0.0 0.0 0.0,
0.0 0.0 0.0,
0.0 0.0 0.0,
0.0 0.0 0.0,
0.0 0.0 0.0,
0.0 0.0 0.0,
0.0 0.0 0.0,
0.0 0.0 0.0,
0.0 0.0 0.0,
0.0 0.0 0.0,
0.0 0.0 0.0,
0.0 0.0 0.0,
0.0 0.0 0.0,
0.0 0.0 0.0,
0.0 0.0 0.0,
0.0 0.0 0.0,
0.0 0.0 0.0,
0.0 0.0 0.0,
0.0 0.0 0.0,
0.0 0.0 0.0,
0.0 0.0 0.0,
0.0 0.0 0.0,
0.0 0.0 0.0,
0.0 0.0 0.0,
0.0 0.0 0.0,
0.0 0.0 0.0,
0.0 0.0 0.0,
0.0 0.0 0.0,
0.0 0.0 0.0,
0.0 0.0 0.0,
0.0 0.0 0.0,
0.0 0.0 0.0,
0.0 0.0 0.0,
0.0 0.0 0.0,
0.0 0.0 0.0,
0.0 0.0 0.0,
0.0 0.0 0.0,
0.0 0.0 0.0,
0.0 0.0 0.0,
0.0 0.0 0.0,
0.0 0.0 0.0,
0.0 0.0 0.0,
0.0 0.0 0.0,
0.0 0.0 0.0,
0.0 0.0 0.0,
0.0 0.0 0.0,
0.0 0.0 0.0,
0.0 0.0 0.0,
0.0 0.0 0.0,
0.0 0.0 0.0,
0.0 0.0 0.0,
0.0 0.0 0.0,
0.0 0.0 0.0,
0.0 0.0 0.0,
0.0 0.0 0.0,
0.0 0.0 0.0,
0.0 0.0 0.0,
0.0 0.0 0.0,
0.0 0.0 0.0,
0.0 0.0 0.0,
0.0 0.0 0.0,
0.0 0.0 0.0,
0.0 0.0 0.0,
0.0 0.0 0.0,
0.0 0.0 0.0,
0.0 0.0 0.0,
0.0 0.0 0.0,
0.0 0.0 0.0,
0.0 0.0 0.0,
0.0 0.0 0.0,
0.0 0.0 0.0,
0.0 0.0 0.0,
0.0 0.0 0.0,
0.0 0.0 0.0,
0.0 0.0 0.0,
0.0 0.0 0.0,
0.0 0.0 0.0,
0.0 0.0 0.0,
0.0 0.0 0.0,
0.0 0.0 0.0,
0.0 0.0 0.0,
0.0 0.0 0.0,
0.0 0.0 0.0,
0.0 0.0 0.0,
0.0 0.0 0.0,
0.0 0.0 0.0,
0.0 0.0 0.0,
0.0 0.0 0.0,
0.0 0.0 0.0,
0.0 0.0 0.0,
0.0 0.0 0.0,
0.0 0.0 0.0,
0.0 0.0 0.0,
0.0 0.0 0.0,
0.0 0.0 0.0,
0.0 0.0 0.0,
0.0 0.0 0.0,
0.0 0.0 0.0,
0.0 0.0 0.0,
0.0 0.0 0.0,
0.0 0.0 0.0,
0.0 0.0 0.0,
0.0 0.0 0.0,
0.0 0.0 0.0,
0.0 0.0 0.0,
0.0 0.0 0.0,
0.0 0.0 0.0,
0.0 0.0 0.0,
0.0 0.0 0.0,
0.0 0.0 0.0,
0.0 0.0 0.0,
0.0 0.0 0.0,
0.0 0.0 0.0,
0.0 0.0 0.0,
0.0 0.0 0.0,
0.0 0.0 0.0,
0.0 0.0 0.0,
0.0 0.0 0.0,
0.0 0.0 0.0,
0.0 0.0 0.0,
0.0 0.0 0.0,
0.0 0.0 0.0,
0.0 0.0 0.0,
0.0 0.0 0.0,
0.0 0.0 0.0,
0.0 0.0 0.0,
0.0 0.0 0.0,
0.0 0.0 0.0,
0.0 0.0 0.0,
0.0 0.0 0.0,
0.0 0.0 0.0,
0.0 0.0 0.0,
0.0 0.0 0.0,
0.0 0.0 0.0,
0.0 0.0 0.0,
0.0 0.0 0.0,
0.0 0.0 0.0,
0.0 0.0 0.0,
0.0 0.0 0.0,
0.0 0.0 0.0,
0.0 0.0 0.0,
0.0 0.0 0.0,
0.0 0.0 0.0,
0.0 0.0 0.0,
0.0 0.0 0.0,
0.0 0.0 0.0,
0.0 0.0 0.0,
0.0 0.0 0.0,
0.0 0.0 0.0,
0.0 0.0 0.0,
0.0 0.0 0.0,
0.0 0.0 0.0,
0.0 0.0 0.0,
0.0 0.0 0.0,
0.0 0.0 0.0,
0.0 0.0 0.0,
0.0 0.0 0.0,
0.0 0.0 0.0,
0.0 0.0 0.0,
0.0 0.0 0.0,
0.0 0.0 0.0,
0.0 0.0 0.0,
0.0 0.0 0.0,
0.0 0.0 0.0,
0.0 0.0 0.0,
0.0 0.0 0.0,
0.0 0.0 0.0,
0.0 0.0 0.0,
0.0 0.0 0.0,
0.0 0.0 0.0,
0.0 0.0 0.0,
0.0 0.0 0.0,
0.0 0.0 0.0,
0.0 0.0 0.0,
0.0 0.0 0.0,
0.0 0.0 0.0,
0.0 0.0 0.0,
0.207843137254902 0.18039215686274512 0.06666666666666665,
0.207843137254902 0.18039215686274512 0.06666666666666665,
0.207843137254902 0.18039215686274512 0.06666666666666665,
0.207843137254902 0.18039215686274512 0.06666666666666665,
0.207843137254902 0.18039215686274512 0.06666666666666665,
0.207843137254902 0.18039215686274512 0.06666666666666665,
0.207843137254902 0.18039215686274512 0.06666666666666665,
0.207843137254902 0.18039215686274512 0.06666666666666665,
0.207843137254902 0.18039215686274512 0.06666666666666665,
0.207843137254902 0.18039215686274512 0.06666666666666665,
0.207843137254902 0.18039215686274512 0.06666666666666665,
0.207843137254902 0.18039215686274512 0.06666666666666665,
0.207843137254902 0.18039215686274512 0.06666666666666665,
0.207843137254902 0.18039215686274512 0.06666666666666665,
0.207843137254902 0.18039215686274512 0.06666666666666665,
0.207843137254902 0.18039215686274512 0.06666666666666665,
0.207843137254902 0.18039215686274512 0.06666666666666665,
0.207843137254902 0.18039215686274512 0.06666666666666665,
0.207843137254902 0.18039215686274512 0.06666666666666665,
0.207843137254902 0.18039215686274512 0.06666666666666665,
0.207843137254902 0.18039215686274512 0.06666666666666665,
0.207843137254902 0.18039215686274512 0.06666666666666665,
0.207843137254902 0.18039215686274512 0.06666666666666665,
0.207843137254902 0.18039215686274512 0.06666666666666665,
0.207843137254902 0.18039215686274512 0.06666666666666665,
0.207843137254902 0.18039215686274512 0.06666666666666665,
0.207843137254902 0.18039215686274512 0.06666666666666665,
0.207843137254902 0.18039215686274512 0.06666666666666665,
0.207843137254902 0.18039215686274512 0.06666666666666665,
0.207843137254902 0.18039215686274512 0.06666666666666665,
0.207843137254902 0.18039215686274512 0.06666666666666665,
0.207843137254902 0.18039215686274512 0.06666666666666665,
0.207843137254902 0.18039215686274512 0.06666666666666665,
0.207843137254902 0.18039215686274512 0.06666666666666665,
0.207843137254902 0.18039215686274512 0.06666666666666665,
0.207843137254902 0.18039215686274512 0.06666666666666665,
0.207843137254902 0.18039215686274512 0.06666666666666665,
0.207843137254902 0.18039215686274512 0.06666666666666665,
0.207843137254902 0.18039215686274512 0.06666666666666665,
0.207843137254902 0.18039215686274512 0.06666666666666665,
0.207843137254902 0.18039215686274512 0.06666666666666665,
0.207843137254902 0.18039215686274512 0.06666666666666665,
0.207843137254902 0.18039215686274512 0.06666666666666665,
0.207843137254902 0.18039215686274512 0.06666666666666665,
0.207843137254902 0.18039215686274512 0.06666666666666665,
0.207843137254902 0.18039215686274512 0.06666666666666665,
0.207843137254902 0.18039215686274512 0.06666666666666665,
0.207843137254902 0.18039215686274512 0.06666666666666665,
0.207843137254902 0.18039215686274512 0.06666666666666665,
0.207843137254902 0.18039215686274512 0.06666666666666665,
0.207843137254902 0.18039215686274512 0.06666666666666665,
0.207843137254902 0.18039215686274512 0.06666666666666665,
0.207843137254902 0.18039215686274512 0.06666666666666665,
0.207843137254902 0.18039215686274512 0.06666666666666665,
0.207843137254902 0.18039215686274512 0.06666666666666665,
0.207843137254902 0.18039215686274512 0.06666666666666665,
0.207843137254902 0.18039215686274512 0.06666666666666665,
0.207843137254902 0.18039215686274512 0.06666666666666665,
0.207843137254902 0.18039215686274512 0.06666666666666665,
0.207843137254902 0.18039215686274512 0.06666666666666665,
0.207843137254902 0.18039215686274512 0.06666666666666665,
0.207843137254902 0.18039215686274512 0.06666666666666665,
0.207843137254902 0.18039215686274512 0.06666666666666665,
0.207843137254902 0.18039215686274512 0.06666666666666665,
0.207843137254902 0.18039215686274512 0.06666666666666665,
0.207843137254902 0.18039215686274512 0.06666666666666665,
0.207843137254902 0.18039215686274512 0.06666666666666665,
0.207843137254902 0.18039215686274512 0.06666666666666665,
0.207843137254902 0.18039215686274512 0.06666666666666665,
0.207843137254902 0.18039215686274512 0.06666666666666665,
0.207843137254902 0.18039215686274512 0.06666666666666665,
0.207843137254902 0.18039215686274512 0.06666666666666665,
0.207843137254902 0.18039215686274512 0.06666666666666665,
0.207843137254902 0.18039215686274512 0.06666666666666665,
0.207843137254902 0.18039215686274512 0.06666666666666665,
0.207843137254902 0.18039215686274512 0.06666666666666665,
0.207843137254902 0.18039215686274512 0.06666666666666665,
0.207843137254902 0.18039215686274512 0.06666666666666665,
0.207843137254902 0.18039215686274512 0.06666666666666665,
0.207843137254902 0.18039215686274512 0.06666666666666665,
0.207843137254902 0.18039215686274512 0.06666666666666665,
0.207843137254902 0.18039215686274512 0.06666666666666665,
0.207843137254902 0.18039215686274512 0.06666666666666665,
0.207843137254902 0.18039215686274512 0.06666666666666665,
0.207843137254902 0.18039215686274512 0.06666666666666665,
0.207843137254902 0.18039215686274512 0.06666666666666665,
0.207843137254902 0.18039215686274512 0.06666666666666665,
0.207843137254902 0.18039215686274512 0.06666666666666665,
0.207843137254902 0.18039215686274512 0.06666666666666665,
0.207843137254902 0.18039215686274512 0.06666666666666665,
0.207843137254902 0.18039215686274512 0.06666666666666665,
0.207843137254902 0.18039215686274512 0.06666666666666665,
0.207843137254902 0.18039215686274512 0.06666666666666665,
0.207843137254902 0.18039215686274512 0.06666666666666665,
0.207843137254902 0.18039215686274512 0.06666666666666665,
0.207843137254902 0.18039215686274512 0.06666666666666665,
0.207843137254902 0.18039215686274512 0.06666666666666665,
0.207843137254902 0.18039215686274512 0.06666666666666665,
0.207843137254902 0.18039215686274512 0.06666666666666665,
0.207843137254902 0.18039215686274512 0.06666666666666665,
0.207843137254902 0.18039215686274512 0.06666666666666665,
0.207843137254902 0.18039215686274512 0.06666666666666665,
0.207843137254902 0.18039215686274512 0.06666666666666665,
0.207843137254902 0.18039215686274512 0.06666666666666665,
0.207843137254902 0.18039215686274512 0.06666666666666665,
0.207843137254902 0.18039215686274512 0.06666666666666665,
0.207843137254902 0.18039215686274512 0.06666666666666665,
0.207843137254902 0.18039215686274512 0.06666666666666665,
0.207843137254902 0.18039215686274512 0.06666666666666665,
0.207843137254902 0.18039215686274512 0.06666666666666665,
0.207843137254902 0.18039215686274512 0.06666666666666665,
0.207843137254902 0.18039215686274512 0.06666666666666665,
0.207843137254902 0.18039215686274512 0.06666666666666665,
0.207843137254902 0.18039215686274512 0.06666666666666665,
0.207843137254902 0.18039215686274512 0.06666666666666665,
0.207843137254902 0.18039215686274512 0.06666666666666665,
0.207843137254902 0.18039215686274512 0.06666666666666665,
0.207843137254902 0.18039215686274512 0.06666666666666665,
0.207843137254902 0.18039215686274512 0.06666666666666665,
0.207843137254902 0.18039215686274512 0.06666666666666665,
0.207843137254902 0.18039215686274512 0.06666666666666665,
0.207843137254902 0.18039215686274512 0.06666666666666665,
0.207843137254902 0.18039215686274512 0.06666666666666665,
0.207843137254902 0.18039215686274512 0.06666666666666665,
0.207843137254902 0.18039215686274512 0.06666666666666665,
0.207843137254902 0.18039215686274512 0.06666666666666665,
0.207843137254902 0.18039215686274512 0.06666666666666665,
0.207843137254902 0.18039215686274512 0.06666666666666665,
0.207843137254902 0.18039215686274512 0.06666666666666665,
0.207843137254902 0.18039215686274512 0.06666666666666665,
0.207843137254902 0.18039215686274512 0.06666666666666665,
0.207843137254902 0.18039215686274512 0.06666666666666665,
0.207843137254902 0.18039215686274512 0.06666666666666665,
0.207843137254902 0.18039215686274512 0.06666666666666665,
0.207843137254902 0.18039215686274512 0.06666666666666665,
0.207843137254902 0.18039215686274512 0.06666666666666665,
0.207843137254902 0.18039215686274512 0.06666666666666665,
0.207843137254902 0.18039215686274512 0.06666666666666665,
0.207843137254902 0.18039215686274512 0.06666666666666665,
0.207843137254902 0.18039215686274512 0.06666666666666665,
0.207843137254902 0.18039215686274512 0.06666666666666665,
0.207843137254902 0.18039215686274512 0.06666666666666665,
0.207843137254902 0.18039215686274512 0.06666666666666665,
0.207843137254902 0.18039215686274512 0.06666666666666665,
0.207843137254902 0.18039215686274512 0.06666666666666665,
0.207843137254902 0.18039215686274512 0.06666666666666665,
0.207843137254902 0.18039215686274512 0.06666666666666665,
0.207843137254902 0.18039215686274512 0.06666666666666665,
0.207843137254902 0.18039215686274512 0.06666666666666665,
0.207843137254902 0.18039215686274512 0.06666666666666665,
0.207843137254902 0.18039215686274512 0.06666666666666665,
0.207843137254902 0.18039215686274512 0.06666666666666665,
0.207843137254902 0.18039215686274512 0.06666666666666665,
0.207843137254902 0.18039215686274512 0.06666666666666665,
0.207843137254902 0.18039215686274512 0.06666666666666665,
0.207843137254902 0.18039215686274512 0.06666666666666665,
0.207843137254902 0.18039215686274512 0.06666666666666665,
0.207843137254902 0.18039215686274512 0.06666666666666665,
0.207843137254902 0.18039215686274512 0.06666666666666665,
0.207843137254902 0.18039215686274512 0.06666666666666665,
0.207843137254902 0.18039215686274512 0.06666666666666665,
0.207843137254902 0.18039215686274512 0.06666666666666665,
0.207843137254902 0.18039215686274512 0.06666666666666665,
0.207843137254902 0.18039215686274512 0.06666666666666665,
0.207843137254902 0.18039215686274512 0.06666666666666665,
0.207843137254902 0.18039215686274512 0.06666666666666665,
0.207843137254902 0.18039215686274512 0.06666666666666665,
0.207843137254902 0.18039215686274512 0.06666666666666665,
0.207843137254902 0.18039215686274512 0.06666666666666665,
0.207843137254902 0.18039215686274512 0.06666666666666665,
0.207843137254902 0.18039215686274512 0.06666666666666665,
0.207843137254902 0.18039215686274512 0.06666666666666665,
0.207843137254902 0.18039215686274512 0.06666666666666665,
0.207843137254902 0.18039215686274512 0.06666666666666665,
0.207843137254902 0.18039215686274512 0.06666666666666665,
0.207843137254902 0.18039215686274512 0.06666666666666665,
0.207843137254902 0.18039215686274512 0.06666666666666665,
0.207843137254902 0.18039215686274512 0.06666666666666665,
0.207843137254902 0.18039215686274512 0.06666666666666665,
0.207843137254902 0.18039215686274512 0.06666666666666665,
0.207843137254902 0.18039215686274512 0.06666666666666665,
0.207843137254902 0.18039215686274512 0.06666666666666665,
0.207843137254902 0.18039215686274512 0.06666666666666665,
0.207843137254902 0.18039215686274512 0.06666666666666665,
0.207843137254902 0.18039215686274512 0.06666666666666665,
0.207843137254902 0.18039215686274512 0.06666666666666665,
0.207843137254902 0.18039215686274512 0.06666666666666665,
0.207843137254902 0.18039215686274512 0.06666666666666665,
0.207843137254902 0.18039215686274512 0.06666666666666665,
0.207843137254902 0.18039215686274512 0.06666666666666665,
0.207843137254902 0.18039215686274512 0.06666666666666665,
0.207843137254902 0.18039215686274512 0.06666666666666665,
0.207843137254902 0.18039215686274512 0.06666666666666665,
0.207843137254902 0.18039215686274512 0.06666666666666665,
0.207843137254902 0.18039215686274512 0.06666666666666665,
0.207843137254902 0.18039215686274512 0.06666666666666665,
0.207843137254902 0.18039215686274512 0.06666666666666665,
0.207843137254902 0.18039215686274512 0.06666666666666665,
0.207843137254902 0.18039215686274512 0.06666666666666665,
0.207843137254902 0.18039215686274512 0.06666666666666665,
0.207843137254902 0.18039215686274512 0.06666666666666665,
0.207843137254902 0.18039215686274512 0.06666666666666665,
0.207843137254902 0.18039215686274512 0.06666666666666665,
0.207843137254902 0.18039215686274512 0.06666666666666665,
0.207843137254902 0.18039215686274512 0.06666666666666665,
0.207843137254902 0.18039215686274512 0.06666666666666665,
0.207843137254902 0.18039215686274512 0.06666666666666665,
0.207843137254902 0.18039215686274512 0.06666666666666665,
0.207843137254902 0.18039215686274512 0.06666666666666665,
0.207843137254902 0.18039215686274512 0.06666666666666665,
0.207843137254902 0.18039215686274512 0.06666666666666665,
0.207843137254902 0.18039215686274512 0.06666666666666665,
0.207843137254902 0.18039215686274512 0.06666666666666665,
0.207843137254902 0.18039215686274512 0.06666666666666665,
0.207843137254902 0.18039215686274512 0.06666666666666665,
0.207843137254902 0.18039215686274512 0.06666666666666665,
0.207843137254902 0.18039215686274512 0.06666666666666665,
0.207843137254902 0.18039215686274512 0.06666666666666665,
0.207843137254902 0.18039215686274512 0.06666666666666665,
0.207843137254902 0.18039215686274512 0.06666666666666665,
0.207843137254902 0.18039215686274512 0.06666666666666665,
0.207843137254902 0.18039215686274512 0.06666666666666665,
0.207843137254902 0.18039215686274512 0.06666666666666665,
0.207843137254902 0.18039215686274512 0.06666666666666665,
0.207843137254902 0.18039215686274512 0.06666666666666665,
0.207843137254902 0.18039215686274512 0.06666666666666665,
0.207843137254902 0.18039215686274512 0.06666666666666665,
0.207843137254902 0.18039215686274512 0.06666666666666665,
0.207843137254902 0.18039215686274512 0.06666666666666665,
0.207843137254902 0.18039215686274512 0.06666666666666665,
                ]
                }
            }
        }
    ]
}