#VRML V2.0 utf8
# This file is automatically generated.

Group {
    translation 0 0 0.0
    children [
        Shape {
            appearance Appearance {
                material Material {
                    diffuseColor 1.0 1.0 1.0
                    ambientIntensity 0.2
                    specularColor 0.8 0.8 0.8
                    shininess 0.4
                    transparency 0
                }
            }
            geometry IndexedFaceSet {
                ccw TRUE
                solid FALSE
                coord DEF co Coordinate {
                    point [
                        -0.8661 -0.6299 0.1575,
-0.9843 -0.5118 0.2756,
-0.8661 -0.6299 0.0787,
-0.9843 -0.5118 0.0,
-0.6693 -0.8268 0.0787,
-0.5118 -0.9843 0.0,
-0.6693 -0.8268 0.1575,
-0.5118 -0.9843 0.2756,
-0.6693 0.8268 0.1575,
-0.5118 0.9843 0.2756,
-0.6693 0.8268 0.0787,
-0.5118 0.9843 0.0,
-0.8661 0.6299 0.0787,
-0.9843 0.5118 0.0,
-0.8661 0.6299 0.1575,
-0.9843 0.5118 0.2756,
0.5118 0.9843 0.2756,
0.5118 0.9843 0.0,
0.5118 -0.9843 0.2756,
0.5118 -0.9843 0.0,
0.8661 -0.6299 0.1575,
0.9843 -0.5118 0.2756,
0.6693 -0.8268 0.1575,
0.6693 -0.8268 0.0787,
0.8661 -0.6299 0.0787,
0.9843 -0.5118 0.0,
0.9843 0.5118 0.2756,
0.9843 0.5118 0.0,
0.6693 0.8268 0.1575,
0.8661 0.6299 0.1575,
0.8661 0.6299 0.0787,
0.6693 0.8268 0.0787,
1.0148 0.8268 0.0787,
1.0148 0.6299 0.0787,
1.0148 0.8268 0.1575,
1.0148 0.6299 0.1575,
1.2795 0.8268 0.0591,
1.2795 0.8268 -0.0197,
1.1899 0.8268 0.0591,
1.1899 0.8268 -0.0197,
1.2795 0.6299 0.0591,
1.1899 0.6299 0.0591,
1.2795 0.6299 -0.0197,
1.1899 0.6299 -0.0197,
1.1809 0.8268 0.0601,
1.1628 0.8268 -0.0165,
1.1723 0.8268 0.0632,
1.1372 0.8268 -0.0072,
1.1647 0.8268 0.0682,
1.1143 0.8268 0.0077,
1.1647 0.6299 0.0682,
1.1723 0.6299 0.0632,
1.1809 0.6299 0.0601,
1.1143 0.6299 0.0077,
1.1372 0.6299 -0.0072,
1.1628 0.6299 -0.0165,
1.0904 0.8268 0.1301,
1.04 0.8268 0.0696,
1.0904 0.6299 0.1301,
1.04 0.6299 0.0696,
1.0238 0.8268 0.0777,
1.0419 0.8268 0.1543,
1.0324 0.8268 0.0746,
1.0676 0.8268 0.145,
1.0676 0.6299 0.145,
1.0419 0.6299 0.1543,
1.0324 0.6299 0.0746,
1.0238 0.6299 0.0777,
1.0148 -0.6299 0.0787,
1.0148 -0.8268 0.0787,
1.0148 -0.6299 0.1575,
1.0148 -0.8268 0.1575,
1.2795 -0.6299 0.0591,
1.2795 -0.6299 -0.0197,
1.1899 -0.6299 0.0591,
1.1899 -0.6299 -0.0197,
1.2795 -0.8268 0.0591,
1.1899 -0.8268 0.0591,
1.2795 -0.8268 -0.0197,
1.1899 -0.8268 -0.0197,
1.1809 -0.6299 0.0601,
1.1628 -0.6299 -0.0165,
1.1723 -0.6299 0.0632,
1.1372 -0.6299 -0.0072,
1.1647 -0.6299 0.0682,
1.1143 -0.6299 0.0077,
1.1647 -0.8268 0.0682,
1.1723 -0.8268 0.0632,
1.1809 -0.8268 0.0601,
1.1143 -0.8268 0.0077,
1.1372 -0.8268 -0.0072,
1.1628 -0.8268 -0.0165,
1.0904 -0.6299 0.1301,
1.04 -0.6299 0.0696,
1.0904 -0.8268 0.1301,
1.04 -0.8268 0.0696,
1.0238 -0.6299 0.0777,
1.0419 -0.6299 0.1543,
1.0324 -0.6299 0.0746,
1.0676 -0.6299 0.145,
1.0676 -0.8268 0.145,
1.0419 -0.8268 0.1543,
1.0324 -0.8268 0.0746,
1.0238 -0.8268 0.0777,
-1.0148 0.6299 0.0787,
-1.0148 0.8268 0.0787,
-1.0148 0.6299 0.1575,
-1.0148 0.8268 0.1575,
-1.2795 0.6299 0.0591,
-1.2795 0.6299 -0.0197,
-1.1899 0.6299 0.0591,
-1.1899 0.6299 -0.0197,
-1.2795 0.8268 0.0591,
-1.1899 0.8268 0.0591,
-1.2795 0.8268 -0.0197,
-1.1899 0.8268 -0.0197,
-1.1809 0.6299 0.0601,
-1.1628 0.6299 -0.0165,
-1.1723 0.6299 0.0632,
-1.1372 0.6299 -0.0072,
-1.1647 0.6299 0.0682,
-1.1143 0.6299 0.0077,
-1.1647 0.8268 0.0682,
-1.1723 0.8268 0.0632,
-1.1809 0.8268 0.0601,
-1.1143 0.8268 0.0077,
-1.1372 0.8268 -0.0072,
-1.1628 0.8268 -0.0165,
-1.0904 0.6299 0.1301,
-1.04 0.6299 0.0696,
-1.0904 0.8268 0.1301,
-1.04 0.8268 0.0696,
-1.0238 0.6299 0.0777,
-1.0419 0.6299 0.1543,
-1.0324 0.6299 0.0746,
-1.0676 0.6299 0.145,
-1.0676 0.8268 0.145,
-1.0419 0.8268 0.1543,
-1.0324 0.8268 0.0746,
-1.0238 0.8268 0.0777,
-1.0148 -0.8268 0.0787,
-1.0148 -0.6299 0.0787,
-1.0148 -0.8268 0.1575,
-1.0148 -0.6299 0.1575,
-1.2795 -0.8268 0.0591,
-1.2795 -0.8268 -0.0197,
-1.1899 -0.8268 0.0591,
-1.1899 -0.8268 -0.0197,
-1.2795 -0.6299 0.0591,
-1.1899 -0.6299 0.0591,
-1.2795 -0.6299 -0.0197,
-1.1899 -0.6299 -0.0197,
-1.1809 -0.8268 0.0601,
-1.1628 -0.8268 -0.0165,
-1.1723 -0.8268 0.0632,
-1.1372 -0.8268 -0.0072,
-1.1647 -0.8268 0.0682,
-1.1143 -0.8268 0.0077,
-1.1647 -0.6299 0.0682,
-1.1723 -0.6299 0.0632,
-1.1809 -0.6299 0.0601,
-1.1143 -0.6299 0.0077,
-1.1372 -0.6299 -0.0072,
-1.1628 -0.6299 -0.0165,
-1.0904 -0.8268 0.1301,
-1.04 -0.8268 0.0696,
-1.0904 -0.6299 0.1301,
-1.04 -0.6299 0.0696,
-1.0238 -0.8268 0.0777,
-1.0419 -0.8268 0.1543,
-1.0324 -0.8268 0.0746,
-1.0676 -0.8268 0.145,
-1.0676 -0.6299 0.145,
-1.0419 -0.6299 0.1543,
-1.0324 -0.6299 0.0746,
-1.0238 -0.6299 0.0777,
0.3875 0.0696 0.3937,
0.393 0.0233 0.3937,
0.0 0.0 0.3937,
0.3937 0.0 0.3937,
0.393 -0.0233 0.3937,
0.339 0.2002 0.3937,
0.3603 0.1587 0.3937,
0.3765 0.115 0.3937,
0.2481 0.3057 0.3937,
0.2825 0.2742 0.3937,
0.3129 0.2389 0.3937,
0.1261 0.373 0.3937,
0.1693 0.3554 0.3937,
0.2102 0.3329 0.3937,
-0.0117 0.3935 0.3937,
0.035 0.3921 0.3937,
0.0811 0.3853 0.3937,
-0.148 0.3648 0.3937,
-0.1038 0.3798 0.3937,
-0.0581 0.3894 0.3937,
-0.2657 0.2905 0.3937,
-0.2295 0.3199 0.3937,
-0.1901 0.3448 0.3937,
-0.3503 0.1798 0.3937,
-0.3265 0.2199 0.3937,
-0.2982 0.257 0.3937,
-0.3909 0.0466 0.3937,
-0.3827 0.0925 0.3937,
-0.3691 0.1371 0.3937,
-0.3827 -0.0925 0.3937,
-0.3909 -0.0466 0.3937,
-0.3937 0.0 0.3937,
-0.3265 -0.2199 0.3937,
-0.3503 -0.1798 0.3937,
-0.3691 -0.1371 0.3937,
-0.2295 -0.3199 0.3937,
-0.2657 -0.2905 0.3937,
-0.2982 -0.257 0.3937,
-0.1038 -0.3798 0.3937,
-0.148 -0.3648 0.3937,
-0.1901 -0.3448 0.3937,
0.035 -0.3921 0.3937,
-0.0117 -0.3935 0.3937,
-0.0581 -0.3894 0.3937,
0.1693 -0.3554 0.3937,
0.1261 -0.373 0.3937,
0.0811 -0.3853 0.3937,
0.2825 -0.2742 0.3937,
0.2481 -0.3057 0.3937,
0.2102 -0.3329 0.3937,
0.3603 -0.1587 0.3937,
0.339 -0.2002 0.3937,
0.3129 -0.2389 0.3937,
0.3875 -0.0696 0.3937,
0.3765 -0.115 0.3937,
-0.3923 -0.0329 0.5512,
-0.3882 -0.0657 0.5512,
-0.3906 -0.0465 0.5512,
-0.3688 -0.137 0.5512,
-0.3718 -0.1295 0.5512,
-0.3813 -0.0979 0.5512,
-0.3825 -0.0924 0.5512,
-0.3597 -0.1601 0.5512,
-0.35 -0.1796 0.5512,
-0.345 -0.1897 0.5512,
-0.3279 -0.2179 0.5512,
-0.3085 -0.2445 0.5512,
-0.3265 -0.2199 0.5512,
-0.287 -0.2695 0.5512,
-0.298 -0.2568 0.5512,
-0.2293 -0.3196 0.5512,
-0.238 -0.3136 0.5512,
-0.2634 -0.2926 0.5512,
-0.2657 -0.2904 0.5512,
-0.211 -0.3324 0.5512,
-0.1899 -0.3445 0.5512,
-0.1824 -0.3489 0.5512,
-0.1526 -0.3629 0.5512,
-0.1217 -0.3744 0.5512,
-0.1479 -0.3647 0.5512,
-0.0899 -0.3833 0.5512,
-0.1037 -0.3795 0.5512,
-0.0117 -0.3932 0.5512,
-0.0247 -0.3929 0.5512,
-0.0575 -0.3895 0.5512,
-0.0581 -0.3894 0.5512,
0.0082 -0.3936 0.5512,
0.0349 -0.3919 0.5512,
0.0412 -0.3915 0.5512,
0.0738 -0.3867 0.5512,
0.1059 -0.3792 0.5512,
0.081 -0.385 0.5512,
0.1693 -0.3554 0.5512,
0.1676 -0.3562 0.5512,
0.1372 -0.369 0.5512,
0.126 -0.3727 0.5512,
0.1969 -0.341 0.5512,
0.21 -0.3326 0.5512,
0.2247 -0.3233 0.5512,
0.248 -0.3056 0.5512,
0.251 -0.3034 0.5512,
0.2755 -0.2813 0.5512,
0.298 -0.2573 0.5512,
0.2823 -0.274 0.5512,
0.3389 -0.2001 0.5512,
0.3368 -0.2039 0.5512,
0.3185 -0.2314 0.5512,
0.3127 -0.2387 0.5512,
0.3526 -0.1751 0.5512,
0.36 -0.1586 0.5512,
0.3661 -0.1449 0.5512,
0.3765 -0.115 0.5512,
0.3769 -0.1138 0.5512,
0.3851 -0.0819 0.5512,
0.3906 -0.0493 0.5512,
0.3872 -0.0696 0.5512,
0.3928 0.0233 0.5512,
0.3934 0.0165 0.5512,
0.3934 -0.0165 0.5512,
0.3928 -0.0233 0.5512,
0.3906 0.0493 0.5512,
0.3872 0.0696 0.5512,
0.3851 0.0819 0.5512,
0.3769 0.1138 0.5512,
0.3661 0.1449 0.5512,
0.3765 0.115 0.5512,
0.3526 0.1751 0.5512,
0.36 0.1586 0.5512,
0.3127 0.2387 0.5512,
0.3185 0.2314 0.5512,
0.3368 0.2039 0.5512,
0.3389 0.2001 0.5512,
0.298 0.2573 0.5512,
0.2823 0.274 0.5512,
0.2755 0.2813 0.5512,
0.251 0.3034 0.5512,
0.2247 0.3233 0.5512,
0.248 0.3056 0.5512,
0.1969 0.341 0.5512,
0.21 0.3326 0.5512,
0.126 0.3727 0.5512,
0.1372 0.369 0.5512,
0.1676 0.3562 0.5512,
0.1693 0.3554 0.5512,
0.1059 0.3792 0.5512,
0.081 0.385 0.5512,
0.0738 0.3867 0.5512,
0.0412 0.3915 0.5512,
-0.0247 0.3929 0.5512,
-0.0117 0.3932 0.5512,
0.0082 0.3936 0.5512,
0.0349 0.3919 0.5512,
-0.0899 0.3833 0.5512,
-0.0581 0.3894 0.5512,
-0.0575 0.3895 0.5512,
-0.1217 0.3744 0.5512,
-0.1037 0.3795 0.5512,
-0.1899 0.3445 0.5512,
-0.1824 0.3489 0.5512,
-0.1526 0.3629 0.5512,
-0.1479 0.3647 0.5512,
-0.211 0.3324 0.5512,
-0.2293 0.3196 0.5512,
-0.238 0.3136 0.5512,
-0.2634 0.2926 0.5512,
-0.287 0.2695 0.5512,
-0.2657 0.2904 0.5512,
-0.3085 0.2445 0.5512,
-0.298 0.2568 0.5512,
-0.35 0.1796 0.5512,
-0.345 0.1897 0.5512,
-0.3279 0.2179 0.5512,
-0.3265 0.2199 0.5512,
-0.3597 0.1601 0.5512,
-0.3688 0.137 0.5512,
-0.3718 0.1295 0.5512,
-0.3813 0.0979 0.5512,
-0.3882 0.0657 0.5512,
-0.3825 0.0924 0.5512,
-0.3937 0.0 0.5512,
-0.3923 0.0329 0.5512,
-0.3906 0.0465 0.5512,
-0.3494 0.0591 0.5906,
-0.3531 0.0296 0.5906,
0.0 0.0 0.5906,
-0.3543 0.0 0.5906,
-0.3531 -0.0296 0.5906,
-0.3237 0.1441 0.5906,
-0.3346 0.1165 0.5906,
-0.3432 0.0881 0.5906,
-0.2777 0.2201 0.5906,
-0.2951 0.1961 0.5906,
-0.3105 0.1707 0.5906,
-0.2142 0.2822 0.5906,
-0.2371 0.2633 0.5906,
-0.2583 0.2426 0.5906,
-0.1373 0.3266 0.5906,
-0.1642 0.314 0.5906,
-0.1899 0.2992 0.5906,
-0.0518 0.3505 0.5906,
-0.0809 0.345 0.5906,
-0.1095 0.337 0.5906,
0.037 0.3524 0.5906,
0.0074 0.3543 0.5906,
-0.0222 0.3536 0.5906,
0.1235 0.3321 0.5906,
0.0953 0.3413 0.5906,
0.0664 0.3481 0.5906,
0.2022 0.291 0.5906,
0.1772 0.3069 0.5906,
0.1509 0.3206 0.5906,
0.2682 0.2315 0.5906,
0.2479 0.2532 0.5906,
0.2259 0.273 0.5906,
0.3174 0.1575 0.5906,
0.3031 0.1836 0.5906,
0.2867 0.2083 0.5906,
0.3466 0.0737 0.5906,
0.3392 0.1024 0.5906,
0.3294 0.1304 0.5906,
0.354 -0.0148 0.5906,
0.354 0.0148 0.5906,
0.3515 0.0444 0.5906,
0.3392 -0.1024 0.5906,
0.3466 -0.0737 0.5906,
0.3515 -0.0444 0.5906,
0.3031 -0.1836 0.5906,
0.3174 -0.1575 0.5906,
0.3294 -0.1304 0.5906,
0.2479 -0.2532 0.5906,
0.2682 -0.2315 0.5906,
0.2867 -0.2083 0.5906,
0.1772 -0.3069 0.5906,
0.2022 -0.291 0.5906,
0.2259 -0.273 0.5906,
0.0953 -0.3413 0.5906,
0.1235 -0.3321 0.5906,
0.1509 -0.3206 0.5906,
0.0074 -0.3543 0.5906,
0.037 -0.3524 0.5906,
0.0664 -0.3481 0.5906,
-0.0809 -0.345 0.5906,
-0.0518 -0.3505 0.5906,
-0.0222 -0.3536 0.5906,
-0.1642 -0.314 0.5906,
-0.1373 -0.3266 0.5906,
-0.1095 -0.337 0.5906,
-0.2371 -0.2633 0.5906,
-0.2142 -0.2822 0.5906,
-0.1899 -0.2992 0.5906,
-0.2951 -0.1961 0.5906,
-0.2777 -0.2201 0.5906,
-0.2583 -0.2426 0.5906,
-0.3346 -0.1165 0.5906,
-0.3237 -0.1441 0.5906,
-0.3105 -0.1707 0.5906,
-0.3494 -0.0591 0.5906,
-0.3432 -0.0881 0.5906,
-0.38 -0.0976 0.5614,
-0.3869 -0.0654 0.5614,
-0.3705 -0.129 0.5614,
-0.3584 -0.1596 0.5614,
-0.3438 -0.189 0.5614,
-0.3268 -0.2171 0.5614,
-0.3075 -0.2437 0.5614,
-0.286 -0.2686 0.5614,
-0.2625 -0.2916 0.5614,
-0.2372 -0.3125 0.5614,
-0.2102 -0.3313 0.5614,
-0.1818 -0.3477 0.5614,
-0.152 -0.3617 0.5614,
-0.1212 -0.3732 0.5614,
-0.0896 -0.382 0.5614,
-0.0573 -0.3881 0.5614,
-0.0246 -0.3916 0.5614,
0.0082 -0.3923 0.5614,
0.041 -0.3902 0.5614,
0.0735 -0.3854 0.5614,
0.1055 -0.3779 0.5614,
0.1368 -0.3678 0.5614,
0.1671 -0.355 0.5614,
0.1962 -0.3398 0.5614,
0.2239 -0.3222 0.5614,
0.2501 -0.3023 0.5614,
0.2745 -0.2803 0.5614,
0.297 -0.2564 0.5614,
0.3174 -0.2306 0.5614,
0.3356 -0.2033 0.5614,
0.3514 -0.1745 0.5614,
0.3648 -0.1444 0.5614,
0.3756 -0.1134 0.5614,
0.3838 -0.0816 0.5614,
0.3893 -0.0492 0.5614,
0.392 -0.0164 0.5614,
0.392 0.0164 0.5614,
0.3893 0.0492 0.5614,
0.3838 0.0816 0.5614,
0.3756 0.1134 0.5614,
0.3648 0.1444 0.5614,
0.3514 0.1745 0.5614,
0.3356 0.2033 0.5614,
0.3174 0.2306 0.5614,
0.297 0.2564 0.5614,
0.2745 0.2803 0.5614,
0.2501 0.3023 0.5614,
0.2239 0.3222 0.5614,
0.1962 0.3398 0.5614,
0.1671 0.355 0.5614,
0.1368 0.3678 0.5614,
0.1055 0.3779 0.5614,
0.0735 0.3854 0.5614,
0.041 0.3902 0.5614,
0.0082 0.3923 0.5614,
-0.0246 0.3916 0.5614,
-0.0573 0.3881 0.5614,
-0.0896 0.382 0.5614,
-0.1212 0.3732 0.5614,
-0.152 0.3617 0.5614,
-0.1818 0.3477 0.5614,
-0.2102 0.3313 0.5614,
-0.2372 0.3125 0.5614,
-0.2625 0.2916 0.5614,
-0.286 0.2686 0.5614,
-0.3075 0.2437 0.5614,
-0.3268 0.2171 0.5614,
-0.3438 0.189 0.5614,
-0.3584 0.1596 0.5614,
-0.3705 0.129 0.5614,
-0.38 0.0976 0.5614,
-0.3869 0.0654 0.5614,
-0.391 0.0328 0.5614,
-0.3924 0.0 0.5614,
-0.391 -0.0328 0.5614,
-0.3871 0.0325 0.5709,
-0.383 0.0648 0.5709,
-0.3762 0.0966 0.5709,
-0.3668 0.1277 0.5709,
-0.3548 0.158 0.5709,
-0.3404 0.1871 0.5709,
-0.3235 0.215 0.5709,
-0.3044 0.2413 0.5709,
-0.2832 0.2659 0.5709,
-0.2599 0.2887 0.5709,
-0.2348 0.3094 0.5709,
-0.2081 0.328 0.5709,
-0.18 0.3442 0.5709,
-0.1505 0.3581 0.5709,
-0.12 0.3694 0.5709,
-0.0887 0.3782 0.5709,
-0.0567 0.3843 0.5709,
-0.0244 0.3877 0.5709,
0.0081 0.3883 0.5709,
0.0406 0.3863 0.5709,
0.0728 0.3815 0.5709,
0.1045 0.3741 0.5709,
0.1354 0.3641 0.5709,
0.1654 0.3515 0.5709,
0.1942 0.3364 0.5709,
0.2217 0.319 0.5709,
0.2476 0.2993 0.5709,
0.2718 0.2775 0.5709,
0.294 0.2538 0.5709,
0.3142 0.2283 0.5709,
0.3322 0.2012 0.5709,
0.3479 0.1727 0.5709,
0.3611 0.143 0.5709,
0.3718 0.1123 0.5709,
0.3799 0.0808 0.5709,
0.3854 0.0487 0.5709,
0.3881 0.0163 0.5709,
0.3881 -0.0163 0.5709,
0.3854 -0.0487 0.5709,
0.3799 -0.0808 0.5709,
0.3718 -0.1123 0.5709,
0.3611 -0.143 0.5709,
0.3479 -0.1727 0.5709,
0.3322 -0.2012 0.5709,
0.3142 -0.2283 0.5709,
0.294 -0.2538 0.5709,
0.2718 -0.2775 0.5709,
0.2476 -0.2993 0.5709,
0.2217 -0.319 0.5709,
0.1942 -0.3364 0.5709,
0.1654 -0.3515 0.5709,
0.1354 -0.3641 0.5709,
0.1045 -0.3741 0.5709,
0.0728 -0.3815 0.5709,
0.0406 -0.3863 0.5709,
0.0081 -0.3883 0.5709,
-0.0244 -0.3877 0.5709,
-0.0567 -0.3843 0.5709,
-0.0887 -0.3782 0.5709,
-0.12 -0.3694 0.5709,
-0.1505 -0.3581 0.5709,
-0.18 -0.3442 0.5709,
-0.2081 -0.328 0.5709,
-0.2348 -0.3094 0.5709,
-0.2599 -0.2887 0.5709,
-0.2832 -0.2659 0.5709,
-0.3044 -0.2413 0.5709,
-0.3235 -0.215 0.5709,
-0.3404 -0.1871 0.5709,
-0.3548 -0.158 0.5709,
-0.3668 -0.1277 0.5709,
-0.3762 -0.0966 0.5709,
-0.383 -0.0648 0.5709,
-0.3871 -0.0325 0.5709,
-0.3884 0.0 0.5709,
-0.3808 0.032 0.579,
-0.3768 0.0637 0.579,
-0.3702 0.095 0.579,
-0.3609 0.1257 0.579,
-0.3491 0.1554 0.579,
-0.3349 0.1841 0.579,
-0.3183 0.2115 0.579,
-0.2995 0.2374 0.579,
-0.2786 0.2616 0.579,
-0.2557 0.284 0.579,
-0.2311 0.3044 0.579,
-0.2048 0.3227 0.579,
-0.1771 0.3387 0.579,
-0.1481 0.3523 0.579,
-0.1181 0.3635 0.579,
-0.0873 0.3721 0.579,
-0.0558 0.3781 0.579,
-0.024 0.3814 0.579,
0.008 0.3821 0.579,
0.0399 0.3801 0.579,
0.0716 0.3754 0.579,
0.1028 0.3681 0.579,
0.1332 0.3582 0.579,
0.1627 0.3458 0.579,
0.1911 0.331 0.579,
0.2181 0.3138 0.579,
0.2436 0.2945 0.579,
0.2674 0.273 0.579,
0.2893 0.2497 0.579,
0.3092 0.2246 0.579,
0.3269 0.198 0.579,
0.3423 0.1699 0.579,
0.3553 0.1407 0.579,
0.3659 0.1105 0.579,
0.3738 0.0795 0.579,
0.3792 0.0479 0.579,
0.3818 0.016 0.579,
0.3818 -0.016 0.579,
0.3792 -0.0479 0.579,
0.3738 -0.0795 0.579,
0.3659 -0.1105 0.579,
0.3553 -0.1407 0.579,
0.3423 -0.1699 0.579,
0.3269 -0.198 0.579,
0.3092 -0.2246 0.579,
0.2893 -0.2497 0.579,
0.2674 -0.273 0.579,
0.2436 -0.2945 0.579,
0.2181 -0.3138 0.579,
0.1911 -0.331 0.579,
0.1627 -0.3458 0.579,
0.1332 -0.3582 0.579,
0.1028 -0.3681 0.579,
0.0716 -0.3754 0.579,
0.0399 -0.3801 0.579,
0.008 -0.3821 0.579,
-0.024 -0.3814 0.579,
-0.0558 -0.3781 0.579,
-0.0873 -0.3721 0.579,
-0.1181 -0.3635 0.579,
-0.1481 -0.3523 0.579,
-0.1771 -0.3387 0.579,
-0.2048 -0.3227 0.579,
-0.2311 -0.3044 0.579,
-0.2557 -0.284 0.579,
-0.2786 -0.2616 0.579,
-0.2995 -0.2374 0.579,
-0.3183 -0.2115 0.579,
-0.3349 -0.1841 0.579,
-0.3491 -0.1554 0.579,
-0.3609 -0.1257 0.579,
-0.3702 -0.095 0.579,
-0.3768 -0.0637 0.579,
-0.3808 -0.032 0.579,
-0.3822 0.0 0.579,
-0.3727 0.0313 0.5853,
-0.3688 0.0624 0.5853,
-0.3623 0.093 0.5853,
-0.3532 0.123 0.5853,
-0.3417 0.1521 0.5853,
-0.3278 0.1802 0.5853,
-0.3115 0.207 0.5853,
-0.2931 0.2323 0.5853,
-0.2726 0.256 0.5853,
-0.2503 0.2779 0.5853,
-0.2261 0.2979 0.5853,
-0.2004 0.3158 0.5853,
-0.1733 0.3315 0.5853,
-0.1449 0.3448 0.5853,
-0.1156 0.3557 0.5853,
-0.0854 0.3641 0.5853,
-0.0546 0.37 0.5853,
-0.0235 0.3733 0.5853,
0.0078 0.3739 0.5853,
0.0391 0.372 0.5853,
0.0701 0.3674 0.5853,
0.1006 0.3602 0.5853,
0.1304 0.3506 0.5853,
0.1592 0.3384 0.5853,
0.187 0.3239 0.5853,
0.2135 0.3071 0.5853,
0.2384 0.2882 0.5853,
0.2617 0.2672 0.5853,
0.2831 0.2444 0.5853,
0.3026 0.2198 0.5853,
0.3199 0.1938 0.5853,
0.335 0.1663 0.5853,
0.3478 0.1377 0.5853,
0.3581 0.1081 0.5853,
0.3658 0.0778 0.5853,
0.3711 0.0469 0.5853,
0.3737 0.0157 0.5853,
0.3737 -0.0157 0.5853,
0.3711 -0.0469 0.5853,
0.3658 -0.0778 0.5853,
0.3581 -0.1081 0.5853,
0.3478 -0.1377 0.5853,
0.335 -0.1663 0.5853,
0.3199 -0.1938 0.5853,
0.3026 -0.2198 0.5853,
0.2831 -0.2444 0.5853,
0.2617 -0.2672 0.5853,
0.2384 -0.2882 0.5853,
0.2135 -0.3071 0.5853,
0.187 -0.3239 0.5853,
0.1592 -0.3384 0.5853,
0.1304 -0.3506 0.5853,
0.1006 -0.3602 0.5853,
0.0701 -0.3674 0.5853,
0.0391 -0.372 0.5853,
0.0078 -0.3739 0.5853,
-0.0235 -0.3733 0.5853,
-0.0546 -0.37 0.5853,
-0.0854 -0.3641 0.5853,
-0.1156 -0.3557 0.5853,
-0.1449 -0.3448 0.5853,
-0.1733 -0.3315 0.5853,
-0.2004 -0.3158 0.5853,
-0.2261 -0.2979 0.5853,
-0.2503 -0.2779 0.5853,
-0.2726 -0.256 0.5853,
-0.2931 -0.2323 0.5853,
-0.3115 -0.207 0.5853,
-0.3278 -0.1802 0.5853,
-0.3417 -0.1521 0.5853,
-0.3532 -0.123 0.5853,
-0.3623 -0.093 0.5853,
-0.3688 -0.0624 0.5853,
-0.3727 -0.0313 0.5853,
-0.374 0.0 0.5853,
-0.3632 0.0305 0.5892,
-0.3594 0.0608 0.5892,
-0.3531 0.0907 0.5892,
-0.3442 0.1199 0.5892,
-0.333 0.1483 0.5892,
-0.3194 0.1756 0.5892,
-0.3036 0.2017 0.5892,
-0.2857 0.2264 0.5892,
-0.2657 0.2495 0.5892,
-0.2439 0.2709 0.5892,
-0.2204 0.2904 0.5892,
-0.1953 0.3078 0.5892,
-0.1689 0.323 0.5892,
-0.1413 0.336 0.5892,
-0.1126 0.3467 0.5892,
-0.0832 0.3549 0.5892,
-0.0533 0.3606 0.5892,
-0.0229 0.3638 0.5892,
0.0076 0.3644 0.5892,
0.0381 0.3625 0.5892,
0.0683 0.3581 0.5892,
0.098 0.3511 0.5892,
0.1271 0.3417 0.5892,
0.1552 0.3298 0.5892,
0.1823 0.3157 0.5892,
0.208 0.2993 0.5892,
0.2324 0.2809 0.5892,
0.255 0.2604 0.5892,
0.2759 0.2382 0.5892,
0.2949 0.2143 0.5892,
0.3118 0.1888 0.5892,
0.3265 0.1621 0.5892,
0.3389 0.1342 0.5892,
0.349 0.1054 0.5892,
0.3566 0.0758 0.5892,
0.3616 0.0457 0.5892,
0.3642 0.0153 0.5892,
0.3642 -0.0153 0.5892,
0.3616 -0.0457 0.5892,
0.3566 -0.0758 0.5892,
0.349 -0.1054 0.5892,
0.3389 -0.1342 0.5892,
0.3265 -0.1621 0.5892,
0.3118 -0.1888 0.5892,
0.2949 -0.2143 0.5892,
0.2759 -0.2382 0.5892,
0.255 -0.2604 0.5892,
0.2324 -0.2809 0.5892,
0.208 -0.2993 0.5892,
0.1823 -0.3157 0.5892,
0.1552 -0.3298 0.5892,
0.1271 -0.3417 0.5892,
0.098 -0.3511 0.5892,
0.0683 -0.3581 0.5892,
0.0381 -0.3625 0.5892,
0.0076 -0.3644 0.5892,
-0.0229 -0.3638 0.5892,
-0.0533 -0.3606 0.5892,
-0.0832 -0.3549 0.5892,
-0.1126 -0.3467 0.5892,
-0.1413 -0.336 0.5892,
-0.1689 -0.323 0.5892,
-0.1953 -0.3078 0.5892,
-0.2204 -0.2904 0.5892,
-0.2439 -0.2709 0.5892,
-0.2657 -0.2495 0.5892,
-0.2857 -0.2264 0.5892,
-0.3036 -0.2017 0.5892,
-0.3194 -0.1756 0.5892,
-0.333 -0.1483 0.5892,
-0.3442 -0.1199 0.5892,
-0.3531 -0.0907 0.5892,
-0.3594 -0.0608 0.5892,
-0.3632 -0.0305 0.5892,
-0.3645 0.0 0.5892,
0.4482 -0.7618 0.315,
0.4321 -0.7684 0.315,
0.5118 -0.9843 0.315,
0.4142 -0.7708 0.315,
-0.5118 -0.9843 0.315,
-0.4142 -0.7708 0.315,
-0.4321 -0.7684 0.315,
-0.4482 -0.7618 0.315,
-0.4625 -0.7508 0.315,
-0.9843 -0.5118 0.315,
-0.7508 -0.4625 0.315,
-0.7618 -0.4482 0.315,
0.7618 0.4482 0.315,
0.7684 0.4321 0.315,
0.9843 0.5118 0.315,
0.7708 0.4142 0.315,
0.9843 -0.5118 0.315,
0.7708 -0.4142 0.315,
0.7684 -0.4321 0.315,
-0.7684 -0.4321 0.315,
-0.7708 -0.4142 0.315,
-0.9843 0.5118 0.315,
-0.7708 0.4142 0.315,
-0.7684 0.4321 0.315,
-0.7618 0.4482 0.315,
-0.7508 0.4625 0.315,
-0.5118 0.9843 0.315,
-0.4625 0.7508 0.315,
-0.4482 0.7618 0.315,
0.7618 -0.4482 0.315,
0.7508 -0.4625 0.315,
0.4625 -0.7508 0.315,
0.4321 0.7684 0.315,
0.4482 0.7618 0.315,
0.5118 0.9843 0.315,
0.4625 0.7508 0.315,
0.7508 0.4625 0.315,
-0.4321 0.7684 0.315,
-0.4142 0.7708 0.315,
0.4142 0.7708 0.315,
-1.0236 0.5118 0.0,
-1.0236 0.5118 0.2756,
-1.0223 0.5118 0.2858,
-1.0183 0.5118 0.2953,
-1.0121 0.5118 0.3034,
-1.0039 0.5118 0.3097,
-0.9944 0.5118 0.3136,
-1.0236 -0.5118 0.0,
-1.0236 -0.5118 0.2756,
-1.0223 -0.5118 0.2858,
-1.0039 -0.5118 0.3097,
-0.9944 -0.5118 0.3136,
-1.0121 -0.5118 0.3034,
-1.0183 -0.5118 0.2953,
-0.5118 -1.0236 0.0,
-0.5118 -1.0236 0.2756,
-0.5118 -1.0223 0.2858,
-0.5118 -1.0183 0.2953,
-0.5118 -1.0121 0.3034,
-0.5118 -1.0039 0.3097,
-0.5118 -0.9944 0.3136,
0.5118 -1.0236 0.0,
0.5118 -1.0236 0.2756,
0.5118 -0.9944 0.3136,
0.5118 -1.0039 0.3097,
0.5118 -1.0121 0.3034,
0.5118 -1.0183 0.2953,
0.5118 -1.0223 0.2858,
1.0236 -0.5118 0.0,
1.0236 -0.5118 0.2756,
1.0223 -0.5118 0.2858,
1.0183 -0.5118 0.2953,
1.0121 -0.5118 0.3034,
1.0039 -0.5118 0.3097,
0.9944 -0.5118 0.3136,
1.0236 0.5118 0.0,
1.0236 0.5118 0.2756,
1.0223 0.5118 0.2858,
1.0039 0.5118 0.3097,
0.9944 0.5118 0.3136,
1.0121 0.5118 0.3034,
1.0183 0.5118 0.2953,
0.5118 1.0236 0.1389,
0.5118 1.0236 0.0,
0.5118 1.0236 0.1401,
0.5118 1.0236 0.1586,
0.5118 1.0236 0.1769,
0.5118 1.0236 0.242,
0.5118 1.0236 0.2519,
0.5118 1.0236 0.2756,
0.5118 1.0223 0.2858,
0.5118 1.0183 0.2953,
0.5118 1.0121 0.3034,
0.5118 1.0039 0.3097,
0.5118 0.9944 0.3136,
-0.5118 0.9944 0.3136,
-0.5118 1.0236 0.2519,
-0.5118 1.0236 0.242,
-0.5118 1.0236 0.1769,
-0.5118 1.0236 0.1586,
-0.5118 1.0039 0.3097,
-0.5118 1.0121 0.3034,
-0.5118 1.0183 0.2953,
-0.5118 1.0223 0.2858,
-0.5118 1.0236 0.2756,
-0.5118 1.0236 0.1401,
-0.5118 1.0236 0.1389,
-0.5118 1.0236 0.0,
0.0666 1.0236 0.2756,
0.0047 1.0236 0.2756,
0.0008 1.0236 0.2756,
-0.0417 1.0236 0.2756,
-0.0532 1.0236 0.2756,
-0.0824 1.0236 0.2756,
-0.0978 1.0236 0.2756,
-0.1579 1.0236 0.2756,
-0.1773 1.0236 0.2756,
-0.2374 1.0236 0.2756,
-0.4042 1.0236 0.2756,
-0.4383 0.7267 0.3346,
-0.7267 0.4383 0.3346,
-0.4101 0.6585 0.4528,
-0.6585 0.4101 0.4528,
-0.7367 0.4142 0.3346,
-0.7367 -0.4142 0.3346,
-0.6685 0.386 0.4528,
-0.6685 -0.386 0.4528,
-0.6585 -0.4101 0.4528,
-0.7267 -0.4383 0.3346,
-0.4101 -0.6585 0.4528,
-0.4383 -0.7267 0.3346,
-0.386 -0.6685 0.4528,
-0.4142 -0.7367 0.3346,
0.386 -0.6685 0.4528,
0.4142 -0.7367 0.3346,
0.4101 -0.6585 0.4528,
0.4383 -0.7267 0.3346,
0.6585 -0.4101 0.4528,
0.7267 -0.4383 0.3346,
0.6685 -0.386 0.4528,
0.7367 -0.4142 0.3346,
0.6685 0.386 0.4528,
0.7367 0.4142 0.3346,
0.6585 0.4101 0.4528,
0.7267 0.4383 0.3346,
0.4101 0.6585 0.4528,
0.4383 0.7267 0.3346,
0.386 0.6685 0.4528,
0.4142 0.7367 0.3346,
-0.386 0.6685 0.4528,
-0.4142 0.7367 0.3346,
0.6344 0.386 0.4724,
0.4134 0.0 0.4724,
0.6344 -0.386 0.4724,
0.4063 -0.076 0.4724,
0.3855 -0.1493 0.4724,
0.3515 0.2176 0.4724,
0.3855 0.1493 0.4724,
0.4063 0.076 0.4724,
0.3515 -0.2176 0.4724,
0.3055 -0.2785 0.4724,
0.386 -0.6344 0.4724,
0.2491 -0.3299 0.4724,
0.1843 -0.37 0.4724,
-0.1131 -0.3976 0.4724,
-0.1843 -0.37 0.4724,
-0.386 -0.6344 0.4724,
-0.2491 -0.3299 0.4724,
-0.6344 -0.386 0.4724,
-0.3055 -0.2785 0.4724,
-0.3515 -0.2176 0.4724,
-0.3855 -0.1493 0.4724,
-0.4063 -0.076 0.4724,
-0.6344 0.386 0.4724,
-0.4134 0.0 0.4724,
-0.4063 0.076 0.4724,
-0.3855 0.1493 0.4724,
-0.3515 0.2176 0.4724,
-0.3055 0.2785 0.4724,
-0.386 0.6344 0.4724,
-0.2491 0.3299 0.4724,
-0.1843 0.37 0.4724,
-0.1131 0.3976 0.4724,
-0.0381 0.4116 0.4724,
0.386 0.6344 0.4724,
0.0381 0.4116 0.4724,
0.1131 0.3976 0.4724,
0.1131 -0.3976 0.4724,
0.0381 -0.4116 0.4724,
-0.0381 -0.4116 0.4724,
0.1843 0.37 0.4724,
0.2491 0.3299 0.4724,
0.3055 0.2785 0.4724,
0.4134 -0.0 0.3937,
0.4063 0.076 0.3937,
0.3855 0.1493 0.3937,
0.3515 0.2176 0.3937,
0.3055 0.2785 0.3937,
0.2491 0.3299 0.3937,
0.1843 0.37 0.3937,
0.1131 0.3976 0.3937,
0.0381 0.4116 0.3937,
-0.0381 0.4116 0.3937,
-0.1131 0.3976 0.3937,
-0.1843 0.37 0.3937,
-0.2491 0.3299 0.3937,
-0.3055 0.2785 0.3937,
-0.3515 0.2176 0.3937,
-0.3855 0.1493 0.3937,
-0.4063 0.076 0.3937,
-0.4134 0.0 0.3937,
-0.4063 -0.076 0.3937,
-0.3855 -0.1493 0.3937,
-0.3515 -0.2176 0.3937,
-0.3055 -0.2785 0.3937,
-0.2491 -0.3299 0.3937,
-0.1843 -0.37 0.3937,
-0.1131 -0.3976 0.3937,
-0.0381 -0.4116 0.3937,
0.0381 -0.4116 0.3937,
0.1131 -0.3976 0.3937,
0.1843 -0.37 0.3937,
0.2491 -0.3299 0.3937,
0.3055 -0.2785 0.3937,
0.3515 -0.2176 0.3937,
0.3855 -0.1493 0.3937,
0.4063 -0.076 0.3937,
0.7302 -0.4419 0.3281,
0.4419 -0.7302 0.3281,
0.7311 -0.4428 0.3265,
0.4428 -0.7311 0.3265,
0.7346 -0.4462 0.3227,
0.4462 -0.7346 0.3227,
0.7369 -0.4485 0.3202,
0.4485 -0.7369 0.3202,
0.7396 -0.4512 0.3187,
0.4512 -0.7396 0.3187,
0.7436 -0.4553 0.3163,
0.4553 -0.7436 0.3163,
0.745 -0.4567 0.316,
0.4567 -0.745 0.316,
0.7382 -0.4346 0.3259,
0.7361 -0.4233 0.3336,
0.7429 -0.4142 0.3265,
0.7422 -0.425 0.3259,
0.7511 -0.4142 0.3202,
0.7452 -0.4386 0.3199,
0.7532 -0.4433 0.3162,
0.7499 -0.4271 0.3199,
0.7589 -0.4295 0.3162,
0.7606 -0.4142 0.3163,
0.7327 -0.4315 0.3336,
0.7328 -0.4315 0.3336,
0.7361 -0.4234 0.3336,
0.4233 -0.7361 0.3336,
0.4142 -0.7429 0.3265,
0.4295 -0.7589 0.3162,
0.4315 -0.7327 0.3336,
0.4386 -0.7452 0.3199,
0.4346 -0.7382 0.3259,
0.4433 -0.7532 0.3162,
0.4315 -0.7328 0.3336,
0.4234 -0.7361 0.3336,
0.425 -0.7422 0.3259,
0.4271 -0.7499 0.3199,
0.4142 -0.7606 0.3163,
0.4142 -0.7511 0.3202,
0.7429 0.4142 0.3265,
0.7511 0.4142 0.3202,
0.7606 0.4142 0.3163,
0.6667 -0.3946 0.4538,
0.6667 -0.3947 0.4538,
0.6634 -0.4027 0.4538,
0.6633 -0.4028 0.4538,
0.4068 -0.6552 0.4593,
0.6552 -0.4068 0.4593,
0.4056 -0.654 0.4608,
0.654 -0.4056 0.4608,
0.4024 -0.6508 0.4648,
0.6508 -0.4024 0.4648,
0.3998 -0.6482 0.467,
0.6482 -0.3998 0.467,
0.3974 -0.6458 0.469,
0.6458 -0.3974 0.469,
0.3932 -0.6415 0.4709,
0.6415 -0.3932 0.4709,
0.3918 -0.6402 0.4716,
0.6402 -0.3918 0.4716,
0.4028 -0.6633 0.4538,
0.4027 -0.6634 0.4538,
0.3947 -0.6667 0.4538,
0.3946 -0.6667 0.4538,
-0.4142 -0.7429 0.3265,
-0.4142 -0.7511 0.3202,
-0.4142 -0.7606 0.3163,
0.7361 0.4233 0.3336,
0.7589 0.4295 0.3162,
0.7311 0.4428 0.3265,
0.7327 0.4315 0.3336,
0.7382 0.4346 0.3259,
0.7369 0.4485 0.3202,
0.7452 0.4386 0.3199,
0.7436 0.4553 0.3163,
0.7532 0.4433 0.3162,
0.7328 0.4315 0.3336,
0.7361 0.4234 0.3336,
0.7422 0.425 0.3259,
0.7499 0.4271 0.3199,
0.6445 -0.386 0.4709,
0.6426 -0.386 0.4716,
0.6423 -0.3881 0.4716,
0.6598 -0.4007 0.4593,
0.6628 -0.3936 0.4593,
0.6505 -0.386 0.469,
0.6499 -0.3902 0.469,
0.654 -0.386 0.467,
0.6568 -0.392 0.4648,
0.6576 -0.386 0.4648,
0.6415 -0.3901 0.4716,
0.6483 -0.394 0.469,
0.6545 -0.3976 0.4648,
0.6621 -0.386 0.4608,
0.6638 -0.386 0.4593,
0.3901 -0.6415 0.4716,
0.3936 -0.6628 0.4593,
0.4007 -0.6598 0.4593,
0.394 -0.6483 0.469,
0.3976 -0.6545 0.4648,
0.386 -0.6426 0.4716,
0.3881 -0.6423 0.4716,
0.386 -0.6445 0.4709,
0.3902 -0.6499 0.469,
0.386 -0.6505 0.469,
0.392 -0.6568 0.4648,
0.386 -0.654 0.467,
0.386 -0.6638 0.4593,
0.386 -0.6621 0.4608,
0.386 -0.6576 0.4648,
-0.4315 -0.7327 0.3336,
-0.4428 -0.7311 0.3265,
-0.4433 -0.7532 0.3162,
-0.4233 -0.7361 0.3336,
-0.425 -0.7422 0.3259,
-0.4271 -0.7499 0.3199,
-0.4295 -0.7589 0.3162,
-0.4234 -0.7361 0.3336,
-0.4315 -0.7328 0.3336,
-0.4346 -0.7382 0.3259,
-0.4386 -0.7452 0.3199,
-0.4553 -0.7436 0.3163,
-0.4485 -0.7369 0.3202,
0.4428 0.7311 0.3265,
0.4485 0.7369 0.3202,
0.4553 0.7436 0.3163,
0.665 0.3987 0.4538,
0.6633 0.4028 0.4538,
0.6622 0.4046 0.4535,
0.6671 0.3925 0.4535,
0.6667 0.3946 0.4538,
0.6426 0.386 0.4716,
0.6445 0.386 0.4709,
0.6505 0.386 0.469,
0.654 0.386 0.467,
0.6576 0.386 0.4648,
0.6621 0.386 0.4608,
0.6638 0.386 0.4593,
-0.386 -0.6426 0.4716,
-0.386 -0.6445 0.4709,
-0.386 -0.6505 0.469,
-0.386 -0.654 0.467,
-0.386 -0.6576 0.4648,
-0.386 -0.6621 0.4608,
-0.386 -0.6638 0.4593,
-0.3987 -0.665 0.4538,
-0.3946 -0.6667 0.4538,
-0.3925 -0.6671 0.4535,
-0.4046 -0.6622 0.4535,
-0.4028 -0.6633 0.4538,
-0.7311 -0.4428 0.3265,
-0.7369 -0.4485 0.3202,
-0.7436 -0.4553 0.3163,
0.4315 0.7327 0.3336,
0.4433 0.7532 0.3162,
0.4142 0.7429 0.3265,
0.4233 0.7361 0.3336,
0.425 0.7422 0.3259,
0.4142 0.7511 0.3202,
0.4271 0.7499 0.3199,
0.4142 0.7606 0.3163,
0.4295 0.7589 0.3162,
0.4234 0.7361 0.3336,
0.4315 0.7328 0.3336,
0.4346 0.7382 0.3259,
0.4386 0.7452 0.3199,
0.642 0.3891 0.4716,
0.6412 0.3906 0.4716,
0.6588 0.4023 0.4593,
0.6615 0.3972 0.4593,
0.6632 0.3917 0.4593,
0.6458 0.3974 0.469,
0.6415 0.3932 0.4709,
0.6402 0.3918 0.4716,
0.6425 0.3876 0.4716,
0.6478 0.3949 0.469,
0.6493 0.3922 0.469,
0.6502 0.3891 0.469,
0.654 0.4056 0.4608,
0.6508 0.4024 0.4648,
0.6537 0.3989 0.4648,
0.6482 0.3998 0.467,
0.6572 0.3905 0.4648,
0.6559 0.3949 0.4648,
0.6552 0.4068 0.4593,
-0.3891 -0.642 0.4716,
-0.3876 -0.6425 0.4716,
-0.3917 -0.6632 0.4593,
-0.3972 -0.6615 0.4593,
-0.4023 -0.6588 0.4593,
-0.4068 -0.6552 0.4593,
-0.3918 -0.6402 0.4716,
-0.3906 -0.6412 0.4716,
-0.3932 -0.6415 0.4709,
-0.3891 -0.6502 0.469,
-0.3922 -0.6493 0.469,
-0.3949 -0.6478 0.469,
-0.3974 -0.6458 0.469,
-0.3905 -0.6572 0.4648,
-0.3989 -0.6537 0.4648,
-0.3949 -0.6559 0.4648,
-0.3998 -0.6482 0.467,
-0.4024 -0.6508 0.4648,
-0.4056 -0.654 0.4608,
-0.7361 -0.4233 0.3336,
-0.7429 -0.4142 0.3265,
-0.7589 -0.4295 0.3162,
-0.7327 -0.4315 0.3336,
-0.7382 -0.4346 0.3259,
-0.7452 -0.4386 0.3199,
-0.7532 -0.4433 0.3162,
-0.7328 -0.4315 0.3336,
-0.7361 -0.4234 0.3336,
-0.7422 -0.425 0.3259,
-0.7499 -0.4271 0.3199,
-0.7606 -0.4142 0.3163,
-0.7511 -0.4142 0.3202,
-0.4142 0.7429 0.3265,
-0.4142 0.7511 0.3202,
-0.4142 0.7606 0.3163,
0.3987 0.665 0.4538,
0.3946 0.6667 0.4538,
0.3925 0.6671 0.4535,
0.4046 0.6622 0.4535,
0.4028 0.6633 0.4538,
0.3918 0.6402 0.4716,
0.3932 0.6415 0.4709,
0.3974 0.6458 0.469,
0.3998 0.6482 0.467,
0.4024 0.6508 0.4648,
0.4056 0.654 0.4608,
0.4068 0.6552 0.4593,
-0.6552 -0.4068 0.4593,
-0.654 -0.4056 0.4608,
-0.6508 -0.4024 0.4648,
-0.6482 -0.3998 0.467,
-0.6458 -0.3974 0.469,
-0.6415 -0.3932 0.4709,
-0.6402 -0.3918 0.4716,
-0.6633 -0.4028 0.4538,
-0.6634 -0.4027 0.4538,
-0.6667 -0.3947 0.4538,
-0.6667 -0.3946 0.4538,
-0.7429 0.4142 0.3265,
-0.7511 0.4142 0.3202,
-0.7606 0.4142 0.3163,
-0.7311 0.4428 0.3265,
-0.4428 0.7311 0.3265,
-0.7369 0.4485 0.3202,
-0.4485 0.7369 0.3202,
-0.7436 0.4553 0.3163,
-0.4553 0.7436 0.3163,
-0.4233 0.7361 0.3336,
-0.4295 0.7589 0.3162,
-0.4315 0.7327 0.3336,
-0.4346 0.7382 0.3259,
-0.4386 0.7452 0.3199,
-0.4433 0.7532 0.3162,
-0.4315 0.7328 0.3336,
-0.4234 0.7361 0.3336,
-0.425 0.7422 0.3259,
-0.4271 0.7499 0.3199,
0.3891 0.642 0.4716,
0.3876 0.6425 0.4716,
0.3917 0.6632 0.4593,
0.3972 0.6615 0.4593,
0.4023 0.6588 0.4593,
0.386 0.6505 0.469,
0.386 0.6445 0.4709,
0.386 0.6426 0.4716,
0.3906 0.6412 0.4716,
0.3891 0.6502 0.469,
0.3922 0.6493 0.469,
0.3949 0.6478 0.469,
0.386 0.6621 0.4608,
0.386 0.6576 0.4648,
0.3905 0.6572 0.4648,
0.386 0.654 0.467,
0.3989 0.6537 0.4648,
0.3949 0.6559 0.4648,
0.386 0.6638 0.4593,
-0.6415 -0.3901 0.4716,
-0.6628 -0.3936 0.4593,
-0.6598 -0.4007 0.4593,
-0.6483 -0.394 0.469,
-0.6545 -0.3976 0.4648,
-0.6426 -0.386 0.4716,
-0.6423 -0.3881 0.4716,
-0.6445 -0.386 0.4709,
-0.6499 -0.3902 0.469,
-0.6505 -0.386 0.469,
-0.6568 -0.392 0.4648,
-0.654 -0.386 0.467,
-0.6638 -0.386 0.4593,
-0.6621 -0.386 0.4608,
-0.6576 -0.386 0.4648,
-0.7327 0.4315 0.3336,
-0.7532 0.4433 0.3162,
-0.7361 0.4233 0.3336,
-0.7422 0.425 0.3259,
-0.7499 0.4271 0.3199,
-0.7589 0.4295 0.3162,
-0.7361 0.4234 0.3336,
-0.7328 0.4315 0.3336,
-0.7382 0.4346 0.3259,
-0.7452 0.4386 0.3199,
-0.3987 0.665 0.4538,
-0.4028 0.6633 0.4538,
-0.4046 0.6622 0.4535,
-0.3925 0.6671 0.4535,
-0.3946 0.6667 0.4538,
-0.386 0.6638 0.4593,
-0.386 0.6621 0.4608,
-0.386 0.6576 0.4648,
-0.386 0.654 0.467,
-0.386 0.6505 0.469,
-0.386 0.6445 0.4709,
-0.386 0.6426 0.4716,
-0.6638 0.386 0.4593,
-0.6621 0.386 0.4608,
-0.6576 0.386 0.4648,
-0.654 0.386 0.467,
-0.6505 0.386 0.469,
-0.6445 0.386 0.4709,
-0.6426 0.386 0.4716,
-0.6622 0.4046 0.4535,
-0.6633 0.4028 0.4538,
-0.665 0.3987 0.4538,
-0.6667 0.3946 0.4538,
-0.6671 0.3925 0.4535,
-0.3891 0.642 0.4716,
-0.3906 0.6412 0.4716,
-0.4023 0.6588 0.4593,
-0.3972 0.6615 0.4593,
-0.3917 0.6632 0.4593,
-0.3974 0.6458 0.469,
-0.3932 0.6415 0.4709,
-0.3918 0.6402 0.4716,
-0.3876 0.6425 0.4716,
-0.3949 0.6478 0.469,
-0.3922 0.6493 0.469,
-0.3891 0.6502 0.469,
-0.4056 0.654 0.4608,
-0.4024 0.6508 0.4648,
-0.3989 0.6537 0.4648,
-0.3998 0.6482 0.467,
-0.3905 0.6572 0.4648,
-0.3949 0.6559 0.4648,
-0.4068 0.6552 0.4593,
-0.642 0.3891 0.4716,
-0.6425 0.3876 0.4716,
-0.6632 0.3917 0.4593,
-0.6615 0.3972 0.4593,
-0.6588 0.4023 0.4593,
-0.6552 0.4068 0.4593,
-0.6402 0.3918 0.4716,
-0.6412 0.3906 0.4716,
-0.6415 0.3932 0.4709,
-0.6502 0.3891 0.469,
-0.6493 0.3922 0.469,
-0.6478 0.3949 0.469,
-0.6458 0.3974 0.469,
-0.6572 0.3905 0.4648,
-0.6537 0.3989 0.4648,
-0.6559 0.3949 0.4648,
-0.6482 0.3998 0.467,
-0.6508 0.4024 0.4648,
-0.654 0.4056 0.4608,
-0.0365 1.0236 0.1776,
-0.0287 1.0236 0.1769,
-0.0417 1.0236 0.1769,
-0.0204 1.0236 0.2419,
-0.0216 1.0236 0.242,
0.0008 1.0236 0.242,
-0.0417 1.0236 0.2412,
-0.0417 1.0236 0.242,
-0.0389 1.0236 0.242,
-0.1932 1.0236 0.2407,
-0.217 1.0236 0.1769,
-0.2374 1.0236 0.1769,
-0.1833 1.0236 0.0751,
-0.1838 1.0236 0.1389,
-0.1773 1.0236 0.1389,
0.0998 1.0236 0.169,
0.0959 1.0236 0.1586,
0.0666 1.0236 0.1586,
0.0927 1.0236 0.1389,
0.0666 1.0236 0.1389,
0.0666 1.0236 0.1401,
0.2771 1.0236 0.1389,
0.2213 1.0236 0.1389,
0.2188 1.0236 0.1401,
0.3829 1.0236 0.1566,
0.3825 1.0236 0.1586,
0.2671 1.0236 0.2502,
0.2626 1.0236 0.2519,
0.1616 1.0236 0.2367,
0.1469 1.0236 0.2195,
0.0666 1.0236 0.242,
0.1373 1.0236 0.2006,
0.1346 1.0236 0.1996,
0.2046 1.0236 0.2587,
0.1858 1.0236 0.2519,
0.0666 1.0236 0.2519,
0.1818 1.0236 0.2505,
0.1694 1.0236 0.242,
0.246 1.0236 0.2582,
0.2234 1.0236 0.2608,
0.2799 1.0236 0.242,
0.2782 1.0236 0.2435,
0.3613 1.0236 0.2031,
0.3572 1.0236 0.2068,
0.3419 1.0236 0.217,
0.3248 1.0236 0.2229,
0.3088 1.0236 0.2246,
0.2889 1.0236 0.2344,
0.3036 1.0236 0.2242,
0.2983 1.0236 0.2236,
0.3792 1.0236 0.1746,
0.378 1.0236 0.1769,
0.3714 1.0236 0.1907,
0.3831 1.0236 0.1513,
0.382 1.0236 0.1401,
0.3818 1.0236 0.1389,
0.2975 1.0236 0.0499,
0.308 1.0236 0.0544,
0.3169 1.0236 0.0612,
0.3236 1.0236 0.0696,
0.1805 1.0236 0.1053,
0.1751 1.0236 0.1312,
0.1836 1.0236 0.1041,
0.1865 1.0236 0.1022,
0.1098 1.0236 0.0974,
0.1228 1.0236 0.0867,
0.0666 1.0236 0.0,
0.1368 1.0236 0.0801,
0.1514 1.0236 0.0772,
0.0927 1.0236 0.1386,
0.095 1.0236 0.1237,
0.101 1.0236 0.1094,
0.2421 1.0236 0.0775,
0.2476 1.0236 0.0673,
0.2547 1.0236 0.0595,
0.2638 1.0236 0.0532,
0.1771 1.0236 0.1057,
0.1767 1.0236 0.1056,
0.1753 1.0236 0.1053,
0.1782 1.0236 0.0774,
0.1805 1.0236 0.0778,
0.1835 1.0236 0.0789,
0.1865 1.0236 0.081,
0.1879 1.0236 0.0824,
0.274 1.0236 0.0494,
0.285 1.0236 0.0481,
0.2868 1.0236 0.0482,
0.3755 1.0236 0.1183,
0.3815 1.0236 0.1354,
0.3281 1.0236 0.0794,
0.3359 1.0236 0.0819,
0.352 1.0236 0.0906,
0.3643 1.0236 0.1015,
0.366 1.0236 0.1035,
0.1913 1.0236 0.0916,
0.1913 1.0236 0.0929,
0.2391 1.0236 0.0979,
0.1905 1.0236 0.0964,
0.1888 1.0236 0.0996,
0.1303 1.0236 0.1163,
0.1252 1.0236 0.1234,
0.122 1.0236 0.1315,
0.1796 1.0236 0.1389,
0.1898 1.0236 0.0853,
0.191 1.0236 0.0884,
0.2394 1.0236 0.0887,
0.2391 1.0236 0.0933,
0.1744 1.0236 0.1052,
0.1539 1.0236 0.105,
0.1458 1.0236 0.1065,
0.1377 1.0236 0.1102,
0.1309 1.0236 0.1156,
0.121 1.0236 0.1389,
0.1209 1.0236 0.1401,
0.1803 1.0236 0.1401,
0.1209 1.0236 0.1403,
0.3525 1.0236 0.1401,
0.3539 1.0236 0.1451,
0.1891 1.0236 0.1554,
0.3544 1.0236 0.152,
0.3536 1.0236 0.1586,
0.121 1.0236 0.1443,
0.1231 1.0236 0.153,
0.126 1.0236 0.1586,
0.2678 1.0236 0.1365,
0.2582 1.0236 0.1312,
0.2503 1.0236 0.1239,
0.3053 1.0236 0.1346,
0.2952 1.0236 0.1384,
0.3522 1.0236 0.1389,
0.2914 1.0236 0.1389,
0.2844 1.0236 0.1397,
0.2788 1.0236 0.1393,
0.3508 1.0236 0.1339,
0.3223 1.0236 0.1197,
0.3147 1.0236 0.1282,
0.3454 1.0236 0.1245,
0.3372 1.0236 0.1161,
0.3274 1.0236 0.1099,
0.1598 1.0236 0.1761,
0.349 1.0236 0.1731,
0.353 1.0236 0.163,
0.1561 1.0236 0.1761,
0.1273 1.0236 0.1609,
0.1325 1.0236 0.1669,
0.1396 1.0236 0.1719,
0.1475 1.0236 0.175,
0.3463 1.0236 0.1769,
0.2845 1.0236 0.1902,
0.2878 1.0236 0.1921,
0.1681 1.0236 0.2015,
0.1779 1.0236 0.2142,
0.1813 1.0236 0.2175,
0.1941 1.0236 0.2263,
0.2084 1.0236 0.2317,
0.298 1.0236 0.1959,
0.3085 1.0236 0.1972,
0.3132 1.0236 0.197,
0.1599 1.0236 0.1769,
0.1618 1.0236 0.1865,
0.2231 1.0236 0.2335,
0.225 1.0236 0.2335,
0.2779 1.0236 0.2038,
0.2402 1.0236 0.2314,
0.2678 1.0236 0.2161,
0.2551 1.0236 0.2254,
0.3245 1.0236 0.1945,
0.3347 1.0236 0.1892,
0.3426 1.0236 0.1822,
0.0945 1.0236 0.155,
0.0926 1.0236 0.1406,
0.0926 1.0236 0.1401,
0.1211 1.0236 0.1927,
0.1089 1.0236 0.1821,
0.0666 1.0236 0.1769,
0.1053 1.0236 0.1769,
-0.2339 1.0236 0.096,
-0.2307 1.0236 0.0894,
-0.2374 1.0236 0.0,
-0.2259 1.0236 0.0838,
-0.2195 1.0236 0.135,
-0.2374 1.0236 0.1389,
-0.2118 1.0236 0.1379,
-0.2034 1.0236 0.1389,
-0.2192 1.0236 0.079,
-0.2119 1.0236 0.0762,
-0.1773 1.0236 0.0,
-0.201 1.0236 0.075,
-0.2262 1.0236 0.1304,
-0.2284 1.0236 0.1282,
-0.2324 1.0236 0.1226,
-0.2347 1.0236 0.1165,
-0.2357 1.0236 0.1076,
-0.2355 1.0236 0.1035,
-0.1773 1.0236 0.1401,
-0.1838 1.0236 0.1391,
-0.2021 1.0236 0.139,
-0.2374 1.0236 0.1401,
-0.1702 1.0236 0.1389,
-0.1702 1.0236 0.1319,
-0.1713 1.0236 0.0825,
-0.1712 1.0236 0.0752,
-0.1579 1.0236 0.0826,
-0.1682 1.0236 0.1041,
-0.1682 1.0236 0.1114,
-0.1579 1.0236 0.1115,
-0.1579 1.0236 0.1041,
-0.1453 1.0236 0.1042,
-0.1451 1.0236 0.0827,
-0.1579 1.0236 0.132,
-0.1455 1.0236 0.132,
-0.1453 1.0236 0.1115,
-0.1702 1.0236 0.1392,
-0.1579 1.0236 0.1401,
-0.0978 1.0236 0.1401,
-0.1372 1.0236 0.1395,
-0.1579 1.0236 0.1393,
-0.0978 1.0236 0.1088,
-0.1052 1.0236 0.087,
-0.1074 1.0236 0.0869,
-0.1062 1.0236 0.0832,
-0.1064 1.0236 0.0832,
-0.1068 1.0236 0.0848,
-0.1579 1.0236 0.0,
-0.1579 1.0236 0.0753,
-0.0978 1.0236 0.0,
-0.1368 1.0236 0.0754,
-0.1036 1.0236 0.0616,
-0.0978 1.0236 0.1389,
-0.1201 1.0236 0.1213,
-0.1372 1.0236 0.1389,
-0.1285 1.0236 0.1212,
-0.1073 1.0236 0.0687,
-0.0492 1.0236 0.0776,
-0.0492 1.0236 0.0859,
-0.0417 1.0236 0.1389,
-0.0417 1.0236 0.0,
-0.0532 1.0236 0.0,
-0.0532 1.0236 0.0762,
-0.0506 1.0236 0.1146,
-0.052 1.0236 0.1168,
-0.0532 1.0236 0.1389,
-0.0532 1.0236 0.0837,
-0.0532 1.0236 0.1006,
-0.0521 1.0236 0.0841,
-0.053 1.0236 0.1008,
-0.0517 1.0236 0.1022,
-0.0508 1.0236 0.1036,
-0.0498 1.0236 0.106,
-0.0494 1.0236 0.1094,
-0.0497 1.0236 0.112,
-0.0548 1.0236 0.0756,
-0.0775 1.0236 0.0959,
-0.079 1.0236 0.0936,
-0.0781 1.0236 0.1128,
-0.0532 1.0236 0.1179,
-0.0547 1.0236 0.1192,
-0.0566 1.0236 0.1204,
-0.0609 1.0236 0.122,
-0.0674 1.0236 0.1227,
-0.0824 1.0236 0.1389,
-0.0801 1.0236 0.0883,
-0.0797 1.0236 0.0851,
-0.0824 1.0236 0.0,
-0.0787 1.0236 0.0825,
-0.0772 1.0236 0.0804,
-0.0689 1.0236 0.0757,
-0.0616 1.0236 0.0749,
-0.073 1.0236 0.1222,
-0.0782 1.0236 0.1206,
-0.0749 1.0236 0.0784,
-0.0731 1.0236 0.0773,
-0.0665 1.0236 0.1162,
-0.0641 1.0236 0.116,
-0.0577 1.0236 0.1101,
-0.062 1.0236 0.1155,
-0.0602 1.0236 0.1145,
-0.0578 1.0236 0.109,
-0.0581 1.0236 0.1078,
-0.0587 1.0236 0.1067,
-0.0594 1.0236 0.1058,
-0.0623 1.0236 0.104,
-0.0721 1.0236 0.1155,
-0.0672 1.0236 0.1019,
-0.0766 1.0236 0.1137,
-0.0703 1.0236 0.1006,
-0.0756 1.0236 0.0976,
-0.059 1.0236 0.1135,
-0.0583 1.0236 0.1125,
-0.0579 1.0236 0.1114,
-0.0571 1.0236 0.0821,
-0.0615 1.0236 0.0961,
-0.0567 1.0236 0.0983,
-0.0624 1.0236 0.0814,
-0.0627 1.0236 0.0814,
-0.0667 1.0236 0.0938,
-0.0669 1.0236 0.0818,
-0.0719 1.0236 0.0875,
-0.0718 1.0236 0.0885,
-0.0689 1.0236 0.0826,
-0.0697 1.0236 0.083,
-0.0706 1.0236 0.0838,
-0.0713 1.0236 0.0849,
-0.0717 1.0236 0.086,
-0.0715 1.0236 0.0898,
-0.0709 1.0236 0.0909,
-0.0699 1.0236 0.0919,
-0.2374 1.0236 0.242,
-0.1773 1.0236 0.242,
-0.1844 1.0236 0.2408,
-0.1579 1.0236 0.1769,
-0.1596 1.0236 0.1769,
-0.1773 1.0236 0.2225,
-0.1595 1.0236 0.1769,
-0.1579 1.0236 0.1586,
-0.1687 1.0236 0.1768,
-0.1773 1.0236 0.1586,
-0.1687 1.0236 0.1769,
-0.1773 1.0236 0.1769,
-0.1773 1.0236 0.1943,
-0.175 1.0236 0.1943,
-0.2016 1.0236 0.1941,
-0.2079 1.0236 0.1769,
-0.208 1.0236 0.1765,
-0.2172 1.0236 0.1765,
-0.2374 1.0236 0.1586,
-0.0887 1.0236 0.2062,
-0.0978 1.0236 0.1769,
-0.0887 1.0236 0.2136,
-0.0978 1.0236 0.242,
-0.0824 1.0236 0.242,
-0.0907 1.0236 0.2414,
-0.0907 1.0236 0.2341,
-0.0824 1.0236 0.2136,
-0.0824 1.0236 0.2063,
-0.0658 1.0236 0.2064,
-0.0824 1.0236 0.1847,
-0.0656 1.0236 0.1848,
-0.0824 1.0236 0.2341,
-0.066 1.0236 0.2342,
-0.0658 1.0236 0.2137,
-0.0573 1.0236 0.1776,
-0.0532 1.0236 0.1769,
-0.0824 1.0236 0.1769,
-0.0918 1.0236 0.1847,
-0.0917 1.0236 0.1774,
-0.0824 1.0236 0.1774,
-0.0532 1.0236 0.242,
-0.0577 1.0236 0.2417,
-0.0824 1.0236 0.2415,
0.0312 1.0236 0.2423,
0.0312 1.0236 0.242,
0.0047 1.0236 0.242,
0.0316 1.0236 0.1855,
0.0061 1.0236 0.1854,
0.0061 1.0236 0.1781,
0.0047 1.0236 0.1769,
0.0399 1.0236 0.1783,
0.0047 1.0236 0.2519,
0.0394 1.0236 0.2423,
0.0394 1.0236 0.242,
-0.0449 1.0236 0.2402,
-0.0449 1.0236 0.2316,
-0.031 1.0236 0.1842,
-0.0382 1.0236 0.1855,
-0.0417 1.0236 0.2329,
-0.0417 1.0236 0.187,
-0.0441 1.0236 0.232,
-0.0445 1.0236 0.1883,
-0.0377 1.0236 0.2345,
-0.0298 1.0236 0.2355,
-0.0054 1.0236 0.2093,
-0.0128 1.0236 0.1897,
-0.017 1.0236 0.1867,
-0.0123 1.0236 0.2285,
-0.0088 1.0236 0.2237,
-0.0167 1.0236 0.2321,
-0.0217 1.0236 0.2344,
-0.0273 1.0236 0.2354,
-0.0066 1.0236 0.2182,
-0.0055 1.0236 0.2069,
-0.0064 1.0236 0.2005,
-0.0215 1.0236 0.1849,
-0.028 1.0236 0.1841,
-0.0085 1.0236 0.1953,
-0.0116 1.0236 0.191,
-0.0299 1.0236 0.2429,
-0.0382 1.0236 0.2422,
-0.0417 1.0236 0.2519,
0.0008 1.0236 0.2223,
-0.0015 1.0236 0.2276,
-0.0062 1.0236 0.2337,
-0.0077 1.0236 0.2351,
-0.0137 1.0236 0.2393,
0.0016 1.0236 0.2205,
0.0031 1.0236 0.2122,
0.0033 1.0236 0.2089,
-0.0229 1.0236 0.177,
-0.0159 1.0236 0.1784,
0.0008 1.0236 0.1769,
-0.0099 1.0236 0.1813,
-0.0048 1.0236 0.1856,
-0.0005 1.0236 0.1916,
0.0008 1.0236 0.1952,
0.0021 1.0236 0.1983,
-0.0267 1.0236 0.1767,
-0.0417 1.0236 0.1586,
-0.0235 1.0236 0.1769,
0.0008 1.0236 0.1586,
-0.0445 1.0236 0.1803,
-0.0434 1.0236 0.1798,
-0.0417 1.0236 0.1793,
0.0061 1.0236 0.0837,
0.0062 1.0236 0.0764,
0.0047 1.0236 0.0,
0.0047 1.0236 0.1389,
0.0072 1.0236 0.1331,
0.0072 1.0236 0.1389,
0.0406 1.0236 0.0767,
0.0321 1.0236 0.1055,
0.0323 1.0236 0.0839,
0.0092 1.0236 0.1053,
0.0092 1.0236 0.1126,
0.0321 1.0236 0.1128,
0.0319 1.0236 0.1333,
0.0072 1.0236 0.1405,
0.0072 1.0236 0.1401,
0.0047 1.0236 0.1401,
0.0047 1.0236 0.1586,
0.0402 1.0236 0.1407,
0.0402 1.0236 0.1401,
0.0402 1.0236 0.1389,
-0.0935 1.0236 0.1215,
-0.0846 1.0236 0.1215,
-0.0798 1.0236 0.0913,
-0.0858 1.0236 0.062,
-0.0857 1.0236 0.0549,
-0.1003 1.0236 0.0578,
-0.0978 1.0236 0.0561,
-0.0975 1.0236 0.0558,
-0.0903 1.0236 0.0611,
-0.0919 1.0236 0.0612,
-0.0978 1.0236 0.0871,
-0.0874 1.0236 0.0615,
-0.0944 1.0236 0.0546,
-0.0909 1.0236 0.0542,
-0.0891 1.0236 0.0543,
-0.0936 1.0236 0.0617,
-0.0951 1.0236 0.0626,
-0.0967 1.0236 0.0643,
-0.0978 1.0236 0.0661,
-0.0986 1.0236 0.0675,
-0.1022 1.0236 0.0758,
-0.4042 1.0236 0.1389,
-0.4042 1.0236 0.0,
-0.2482 1.0236 0.0746,
-0.239 1.0236 0.0747,
-0.2639 1.0236 0.1386,
-0.2727 1.0236 0.1385,
-0.2967 1.0236 0.0743,
-0.2875 1.0236 0.0744,
-0.2811 1.0236 0.0919,
-0.2545 1.0236 0.0921,
-0.4042 1.0236 0.1401,
-0.4042 1.0236 0.1586,
-0.4042 1.0236 0.1769,
-0.4042 1.0236 0.242,
-0.156 1.0236 0.2057,
-0.1544 1.0236 0.1982,
-0.1529 1.0236 0.2248,
-0.1552 1.0236 0.2186,
-0.1579 1.0236 0.242,
-0.1562 1.0236 0.2098,
-0.1512 1.0236 0.1916,
-0.1464 1.0236 0.1859,
-0.1397 1.0236 0.1812,
-0.1226 1.0236 0.2412,
-0.1323 1.0236 0.2401,
-0.1401 1.0236 0.2372,
-0.1324 1.0236 0.1784,
-0.1215 1.0236 0.1772,
-0.1038 1.0236 0.1773,
-0.1043 1.0236 0.2413,
-0.1467 1.0236 0.2325,
-0.1489 1.0236 0.2304,
-0.0532 1.0236 0.1586,
-0.0824 1.0236 0.1586,
-0.0978 1.0236 0.1586,
-0.0532 1.0236 0.2519,
-0.0824 1.0236 0.2519,
-0.0978 1.0236 0.2519,
-0.1579 1.0236 0.2519,
-0.1773 1.0236 0.2519,
-0.2374 1.0236 0.2519,
-0.4042 1.0236 0.2519,
-0.0033 1.0236 0.0959,
-0.0049 1.0236 0.0981,
-0.0062 1.0236 0.1111,
-0.0383 1.0236 0.0761,
0.0008 1.0236 0.0,
-0.0303 1.0236 0.0762,
-0.0268 1.0236 0.1226,
-0.0302 1.0236 0.1215,
-0.0329 1.0236 0.12,
-0.035 1.0236 0.118,
-0.024 1.0236 0.1162,
-0.0213 1.0236 0.1165,
-0.0169 1.0236 0.1035,
-0.0366 1.0236 0.1154,
-0.0379 1.0236 0.1118,
-0.0385 1.0236 0.1056,
-0.0063 1.0236 0.1189,
-0.0079 1.0236 0.1198,
0.0008 1.0236 0.1389,
-0.0139 1.0236 0.1221,
-0.0221 1.0236 0.123,
-0.0074 1.0236 0.1003,
-0.0108 1.0236 0.102,
-0.0118 1.0236 0.1145,
-0.0169 1.0236 0.1161,
-0.003 1.0236 0.0821,
-0.002 1.0236 0.0848,
-0.0016 1.0236 0.0886,
-0.0081 1.0236 0.077,
-0.0055 1.0236 0.0789,
-0.0047 1.0236 0.0797,
-0.0016 1.0236 0.0896,
-0.0022 1.0236 0.093,
-0.0305 1.0236 0.1053,
-0.0302 1.0236 0.1088,
-0.0294 1.0236 0.1116,
-0.0285 1.0236 0.1133,
-0.0303 1.0236 0.0833,
-0.0301 1.0236 0.0833,
-0.0201 1.0236 0.0756,
-0.016 1.0236 0.0752,
-0.0112 1.0236 0.0758,
-0.0273 1.0236 0.1146,
-0.0259 1.0236 0.1155,
-0.0288 1.0236 0.0813,
-0.0263 1.0236 0.0786,
-0.0233 1.0236 0.0767,
0.0008 1.0236 0.1401,
-0.0417 1.0236 0.1401,
-0.0532 1.0236 0.1401,
-0.0824 1.0236 0.1401,
0.0008 1.0236 0.2519,
-0.0298 1.0236 0.2429,
0.0061 1.024 0.1854,
0.0061 1.024 0.1781,
0.0316 1.024 0.1855,
0.0312 1.024 0.2423,
0.0394 1.024 0.2423,
0.0399 1.024 0.1783,
-0.0445 1.024 0.1803,
-0.0434 1.024 0.1798,
-0.0267 1.024 0.1767,
-0.0365 1.024 0.1776,
-0.0445 1.024 0.1883,
-0.0382 1.024 0.1855,
-0.031 1.024 0.1842,
-0.028 1.024 0.1841,
-0.0215 1.024 0.1849,
-0.017 1.024 0.1867,
-0.0128 1.024 0.1897,
-0.0116 1.024 0.191,
-0.0085 1.024 0.1953,
-0.0064 1.024 0.2005,
-0.0055 1.024 0.2069,
-0.0054 1.024 0.2093,
-0.0066 1.024 0.2182,
-0.0088 1.024 0.2237,
-0.0123 1.024 0.2285,
-0.0167 1.024 0.2321,
-0.0217 1.024 0.2344,
-0.0273 1.024 0.2354,
-0.0298 1.024 0.2355,
-0.0449 1.024 0.2316,
-0.0441 1.024 0.232,
-0.0377 1.024 0.2345,
-0.0449 1.024 0.2402,
-0.0382 1.024 0.2422,
-0.0299 1.024 0.2429,
-0.0298 1.024 0.2429,
-0.0204 1.024 0.2419,
-0.0137 1.024 0.2393,
-0.0077 1.024 0.2351,
-0.0062 1.024 0.2337,
-0.0015 1.024 0.2276,
0.0016 1.024 0.2205,
0.0031 1.024 0.2122,
0.0033 1.024 0.2089,
-0.0048 1.024 0.1856,
-0.0005 1.024 0.1916,
0.0021 1.024 0.1983,
-0.0229 1.024 0.177,
-0.0159 1.024 0.1784,
-0.0099 1.024 0.1813,
-0.0918 1.024 0.1847,
-0.0917 1.024 0.1774,
-0.0656 1.024 0.1848,
-0.0658 1.024 0.2064,
-0.0887 1.024 0.2062,
-0.0887 1.024 0.2136,
-0.0658 1.024 0.2137,
-0.066 1.024 0.2342,
-0.0907 1.024 0.2341,
-0.0907 1.024 0.2414,
-0.0577 1.024 0.2417,
-0.0573 1.024 0.1776,
-0.1438 1.024 0.1949,
-0.1406 1.024 0.191,
-0.1464 1.024 0.1859,
-0.1394 1.024 0.1899,
-0.1397 1.024 0.1812,
-0.1351 1.024 0.1872,
-0.1324 1.024 0.1784,
-0.1296 1.024 0.1853,
-0.1215 1.024 0.1772,
-0.1215 1.024 0.1845,
-0.1038 1.024 0.1773,
-0.1122 1.024 0.1845,
-0.1043 1.024 0.2413,
-0.1125 1.024 0.2339,
-0.1226 1.024 0.2412,
-0.1222 1.024 0.2338,
-0.1323 1.024 0.2401,
-0.1304 1.024 0.2329,
-0.1401 1.024 0.2372,
-0.136 1.024 0.2308,
-0.1467 1.024 0.2325,
-0.1406 1.024 0.2277,
-0.1489 1.024 0.2304,
-0.1424 1.024 0.226,
-0.1529 1.024 0.2248,
-0.1448 1.024 0.2224,
-0.1552 1.024 0.2186,
-0.1466 1.024 0.2177,
-0.1562 1.024 0.2098,
-0.1475 1.024 0.2096,
-0.156 1.024 0.2057,
-0.1473 1.024 0.2055,
-0.1544 1.024 0.1982,
-0.146 1.024 0.1997,
-0.1512 1.024 0.1916,
-0.1222 1.0236 0.2338,
-0.1125 1.0236 0.2339,
-0.1122 1.0236 0.1845,
-0.1215 1.0236 0.1845,
-0.1406 1.0236 0.191,
-0.1394 1.0236 0.1899,
-0.1351 1.0236 0.1872,
-0.1296 1.0236 0.1853,
-0.1475 1.0236 0.2096,
-0.1473 1.0236 0.2055,
-0.146 1.0236 0.1997,
-0.1438 1.0236 0.1949,
-0.1406 1.0236 0.2277,
-0.1424 1.0236 0.226,
-0.1448 1.0236 0.2224,
-0.1466 1.0236 0.2177,
-0.1304 1.0236 0.2329,
-0.136 1.0236 0.2308,
-0.1776 1.024 0.2015,
-0.1874 1.024 0.2281,
-0.1844 1.024 0.2408,
-0.1595 1.024 0.1769,
-0.1687 1.024 0.1768,
-0.175 1.024 0.1943,
-0.188 1.024 0.23,
-0.1885 1.024 0.2325,
-0.1932 1.024 0.2407,
-0.1887 1.024 0.2325,
-0.1892 1.024 0.2298,
-0.1896 1.024 0.228,
-0.1991 1.024 0.2014,
-0.2172 1.024 0.1765,
-0.208 1.024 0.1765,
-0.2016 1.024 0.1941,
-0.1776 1.0236 0.2015,
-0.1991 1.0236 0.2014,
-0.1896 1.0236 0.228,
-0.1887 1.0236 0.2325,
-0.1892 1.0236 0.2298,
-0.1885 1.0236 0.2325,
-0.1874 1.0236 0.2281,
-0.188 1.0236 0.23,
0.0061 1.024 0.0837,
0.0062 1.024 0.0764,
0.0323 1.024 0.0839,
0.0321 1.024 0.1055,
0.0092 1.024 0.1053,
0.0092 1.024 0.1126,
0.0321 1.024 0.1128,
0.0319 1.024 0.1333,
0.0072 1.024 0.1331,
0.0072 1.024 0.1405,
0.0402 1.024 0.1407,
0.0406 1.024 0.0767,
-0.0303 1.024 0.0762,
-0.0383 1.024 0.0761,
-0.0303 1.024 0.0833,
-0.0385 1.024 0.1056,
-0.0305 1.024 0.1053,
-0.0129 1.024 0.0958,
-0.0148 1.024 0.0967,
-0.0301 1.024 0.0833,
-0.0259 1.024 0.0845,
-0.0288 1.024 0.0813,
-0.0236 1.024 0.083,
-0.0197 1.024 0.0978,
-0.0304 1.024 0.0991,
-0.0304 1.024 0.0947,
-0.0304 1.024 0.0942,
-0.0298 1.024 0.0906,
-0.0286 1.024 0.0878,
-0.0269 1.024 0.0854,
-0.0302 1.024 0.1088,
-0.0379 1.024 0.1118,
-0.0294 1.024 0.1116,
-0.0366 1.024 0.1154,
-0.0285 1.024 0.1133,
-0.035 1.024 0.118,
-0.0273 1.024 0.1146,
-0.0329 1.024 0.12,
-0.0259 1.024 0.1155,
-0.0302 1.024 0.1215,
-0.024 1.024 0.1162,
-0.0268 1.024 0.1226,
-0.0213 1.024 0.1165,
-0.0221 1.024 0.123,
-0.0169 1.024 0.1161,
-0.0139 1.024 0.1221,
-0.0118 1.024 0.1145,
-0.0079 1.024 0.1198,
-0.0062 1.024 0.1111,
-0.0063 1.024 0.1189,
-0.0114 1.024 0.0846,
-0.0055 1.024 0.0789,
-0.012 1.024 0.0839,
-0.0081 1.024 0.077,
-0.0136 1.024 0.0828,
-0.0112 1.024 0.0758,
-0.0154 1.024 0.0821,
-0.016 1.024 0.0752,
-0.0181 1.024 0.0818,
-0.0201 1.024 0.0756,
-0.0212 1.024 0.0821,
-0.0233 1.024 0.0767,
-0.0263 1.024 0.0786,
-0.0098 1.024 0.0905,
-0.0016 1.024 0.0896,
-0.0098 1.024 0.0892,
-0.0016 1.024 0.0886,
-0.0099 1.024 0.0874,
-0.002 1.024 0.0848,
-0.0105 1.024 0.0859,
-0.003 1.024 0.0821,
-0.0047 1.024 0.0797,
-0.0169 1.024 0.1035,
-0.0108 1.024 0.102,
-0.0119 1.024 0.095,
-0.0074 1.024 0.1003,
-0.011 1.024 0.0938,
-0.0049 1.024 0.0981,
-0.0102 1.024 0.0923,
-0.0033 1.024 0.0959,
-0.0022 1.024 0.093,
-0.0119 1.0236 0.095,
-0.0129 1.0236 0.0958,
-0.0148 1.0236 0.0967,
-0.0197 1.0236 0.0978,
-0.0098 1.0236 0.0892,
-0.0098 1.0236 0.0905,
-0.0102 1.0236 0.0923,
-0.011 1.0236 0.0938,
-0.012 1.0236 0.0839,
-0.0114 1.0236 0.0846,
-0.0105 1.0236 0.0859,
-0.0099 1.0236 0.0874,
-0.0181 1.0236 0.0818,
-0.0154 1.0236 0.0821,
-0.0136 1.0236 0.0828,
-0.0269 1.0236 0.0854,
-0.0259 1.0236 0.0845,
-0.0236 1.0236 0.083,
-0.0212 1.0236 0.0821,
-0.0304 1.0236 0.0947,
-0.0304 1.0236 0.0942,
-0.0298 1.0236 0.0906,
-0.0286 1.0236 0.0878,
-0.0304 1.0236 0.0991,
-0.0492 1.024 0.0859,
-0.0521 1.024 0.0841,
-0.0624 1.024 0.0814,
-0.0571 1.024 0.0821,
-0.0492 1.024 0.0776,
-0.0616 1.024 0.0749,
-0.0548 1.024 0.0756,
-0.0689 1.024 0.0757,
-0.0731 1.024 0.0773,
-0.0749 1.024 0.0784,
-0.0772 1.024 0.0804,
-0.0787 1.024 0.0825,
-0.0797 1.024 0.0851,
-0.0801 1.024 0.0883,
-0.0798 1.024 0.0913,
-0.079 1.024 0.0936,
-0.0775 1.024 0.0959,
-0.0756 1.024 0.0976,
-0.0703 1.024 0.1006,
-0.0672 1.024 0.1019,
-0.0623 1.024 0.104,
-0.0594 1.024 0.1058,
-0.0587 1.024 0.1067,
-0.0581 1.024 0.1078,
-0.0578 1.024 0.109,
-0.0577 1.024 0.1101,
-0.0579 1.024 0.1114,
-0.0583 1.024 0.1125,
-0.059 1.024 0.1135,
-0.0602 1.024 0.1145,
-0.062 1.024 0.1155,
-0.0641 1.024 0.116,
-0.0665 1.024 0.1162,
-0.0721 1.024 0.1155,
-0.0766 1.024 0.1137,
-0.0781 1.024 0.1128,
-0.0782 1.024 0.1206,
-0.073 1.024 0.1222,
-0.0674 1.024 0.1227,
-0.0609 1.024 0.122,
-0.0566 1.024 0.1204,
-0.0547 1.024 0.1192,
-0.052 1.024 0.1168,
-0.0506 1.024 0.1146,
-0.0497 1.024 0.112,
-0.0494 1.024 0.1094,
-0.0498 1.024 0.106,
-0.0508 1.024 0.1036,
-0.0517 1.024 0.1022,
-0.0615 1.024 0.0961,
-0.0567 1.024 0.0983,
-0.053 1.024 0.1008,
-0.0667 1.024 0.0938,
-0.0699 1.024 0.0919,
-0.0709 1.024 0.0909,
-0.0715 1.024 0.0898,
-0.0718 1.024 0.0885,
-0.0719 1.024 0.0875,
-0.0717 1.024 0.086,
-0.0713 1.024 0.0849,
-0.0706 1.024 0.0838,
-0.0697 1.024 0.083,
-0.0689 1.024 0.0826,
-0.0669 1.024 0.0818,
-0.0627 1.024 0.0814,
-0.1201 1.024 0.1213,
-0.1285 1.024 0.1212,
-0.1074 1.024 0.0869,
-0.1068 1.024 0.0848,
-0.1064 1.024 0.0832,
-0.1062 1.024 0.0832,
-0.1052 1.024 0.087,
-0.0935 1.024 0.1215,
-0.0846 1.024 0.1215,
-0.1022 1.024 0.0758,
-0.0986 1.024 0.0675,
-0.0967 1.024 0.0643,
-0.0951 1.024 0.0626,
-0.0936 1.024 0.0617,
-0.0919 1.024 0.0612,
-0.0903 1.024 0.0611,
-0.0874 1.024 0.0615,
-0.0858 1.024 0.062,
-0.0857 1.024 0.0549,
-0.0891 1.024 0.0543,
-0.0909 1.024 0.0542,
-0.0944 1.024 0.0546,
-0.0975 1.024 0.0558,
-0.1003 1.024 0.0578,
-0.1036 1.024 0.0616,
-0.1073 1.024 0.0687,
-0.1713 1.024 0.0825,
-0.1712 1.024 0.0752,
-0.1451 1.024 0.0827,
-0.1453 1.024 0.1042,
-0.1682 1.024 0.1041,
-0.1682 1.024 0.1114,
-0.1453 1.024 0.1115,
-0.1455 1.024 0.132,
-0.1702 1.024 0.1319,
-0.1702 1.024 0.1392,
-0.1372 1.024 0.1395,
-0.1368 1.024 0.0754,
-0.2233 1.024 0.0928,
-0.22 1.024 0.0888,
-0.2259 1.024 0.0838,
-0.2189 1.024 0.0878,
-0.2192 1.024 0.079,
-0.2146 1.024 0.085,
-0.2119 1.024 0.0762,
-0.2091 1.024 0.0831,
-0.201 1.024 0.075,
-0.201 1.024 0.0823,
-0.1833 1.024 0.0751,
-0.1917 1.024 0.0823,
-0.1838 1.024 0.1391,
-0.192 1.024 0.1317,
-0.2021 1.024 0.139,
-0.2017 1.024 0.1316,
-0.2118 1.024 0.1379,
-0.2099 1.024 0.1307,
-0.2195 1.024 0.135,
-0.2155 1.024 0.1286,
-0.2262 1.024 0.1304,
-0.2201 1.024 0.1255,
-0.2284 1.024 0.1282,
-0.2219 1.024 0.1238,
-0.2324 1.024 0.1226,
-0.2243 1.024 0.1202,
-0.2347 1.024 0.1165,
-0.2261 1.024 0.1155,
-0.2357 1.024 0.1076,
-0.227 1.024 0.1074,
-0.2355 1.024 0.1035,
-0.2268 1.024 0.1034,
-0.2339 1.024 0.096,
-0.2255 1.024 0.0975,
-0.2307 1.024 0.0894,
-0.2017 1.0236 0.1316,
-0.192 1.0236 0.1317,
-0.1917 1.0236 0.0823,
-0.201 1.0236 0.0823,
-0.22 1.0236 0.0888,
-0.2189 1.0236 0.0878,
-0.2146 1.0236 0.085,
-0.2091 1.0236 0.0831,
-0.227 1.0236 0.1074,
-0.2268 1.0236 0.1034,
-0.2255 1.0236 0.0975,
-0.2233 1.0236 0.0928,
-0.2201 1.0236 0.1255,
-0.2219 1.0236 0.1238,
-0.2243 1.0236 0.1202,
-0.2261 1.0236 0.1155,
-0.2099 1.0236 0.1307,
-0.2155 1.0236 0.1286,
-0.2571 1.024 0.0993,
-0.2669 1.024 0.1259,
-0.2639 1.024 0.1386,
-0.239 1.024 0.0747,
-0.2482 1.024 0.0746,
-0.2545 1.024 0.0921,
-0.2675 1.024 0.1278,
-0.268 1.024 0.1304,
-0.2727 1.024 0.1385,
-0.2682 1.024 0.1304,
-0.2687 1.024 0.1276,
-0.2691 1.024 0.1259,
-0.2786 1.024 0.0992,
-0.2967 1.024 0.0743,
-0.2875 1.024 0.0744,
-0.2811 1.024 0.0919,
-0.2571 1.0236 0.0993,
-0.2786 1.0236 0.0992,
-0.2691 1.0236 0.1259,
-0.2682 1.0236 0.1304,
-0.2687 1.0236 0.1276,
-0.268 1.0236 0.1304,
-0.2669 1.0236 0.1259,
-0.2675 1.0236 0.1278,
0.3236 1.024 0.0696,
0.3169 1.024 0.0612,
0.3274 1.024 0.1099,
0.1751 1.024 0.1312,
0.1891 1.024 0.1554,
0.2503 1.024 0.1239,
0.2813 1.024 0.1106,
0.2771 1.024 0.109,
0.1209 1.024 0.1403,
0.122 1.024 0.1315,
0.095 1.024 0.1237,
0.2734 1.024 0.1065,
0.2705 1.024 0.1032,
0.2391 1.024 0.0979,
0.3372 1.024 0.1161,
0.3359 1.024 0.0819,
0.3281 1.024 0.0794,
0.2685 1.024 0.0995,
0.2675 1.024 0.0953,
0.2391 1.024 0.0933,
0.2675 1.024 0.091,
0.2971 1.024 0.0801,
0.2934 1.024 0.0775,
0.308 1.024 0.0544,
0.2892 1.024 0.0759,
0.1598 1.024 0.1761,
0.1561 1.024 0.1761,
0.1373 1.024 0.2006,
0.1475 1.024 0.175,
0.1346 1.024 0.1996,
0.1396 1.024 0.1719,
0.1211 1.024 0.1927,
0.1089 1.024 0.1821,
0.2878 1.024 0.1921,
0.2845 1.024 0.1902,
0.2983 1.024 0.2236,
0.2779 1.024 0.2038,
0.2889 1.024 0.2344,
0.2678 1.024 0.2161,
0.2782 1.024 0.2435,
0.2551 1.024 0.2254,
0.2671 1.024 0.2502,
0.2888 1.024 0.1106,
0.2952 1.024 0.1384,
0.2929 1.024 0.1092,
0.3053 1.024 0.1346,
0.2965 1.024 0.1068,
0.3147 1.024 0.1282,
0.2995 1.024 0.1036,
0.3223 1.024 0.1197,
0.3017 1.024 0.0997,
0.3028 1.024 0.0953,
0.101 1.024 0.1094,
0.1252 1.024 0.1234,
0.1098 1.024 0.0974,
0.246 1.024 0.2582,
0.2402 1.024 0.2314,
0.2234 1.024 0.2608,
0.1616 1.024 0.2367,
0.1779 1.024 0.2142,
0.1469 1.024 0.2195,
0.1681 1.024 0.2015,
0.1618 1.024 0.1865,
0.3454 1.024 0.1245,
0.3643 1.024 0.1015,
0.352 1.024 0.0906,
0.353 1.024 0.163,
0.3829 1.024 0.1566,
0.3544 1.024 0.152,
0.3831 1.024 0.1513,
0.3539 1.024 0.1451,
0.3815 1.024 0.1354,
0.3508 1.024 0.1339,
0.3755 1.024 0.1183,
0.366 1.024 0.1035,
0.2678 1.024 0.1365,
0.2788 1.024 0.1393,
0.2844 1.024 0.1397,
0.1325 1.024 0.1669,
0.1273 1.024 0.1609,
0.0998 1.024 0.169,
0.1231 1.024 0.153,
0.0945 1.024 0.155,
0.121 1.024 0.1443,
0.0926 1.024 0.1406,
0.0927 1.024 0.1386,
0.1303 1.024 0.1163,
0.1309 1.024 0.1156,
0.1228 1.024 0.0867,
0.1377 1.024 0.1102,
0.1368 1.024 0.0801,
0.1458 1.024 0.1065,
0.1514 1.024 0.0772,
0.1539 1.024 0.105,
0.1782 1.024 0.0774,
0.1744 1.024 0.1052,
0.1805 1.024 0.0778,
0.298 1.024 0.1959,
0.3036 1.024 0.2242,
0.3085 1.024 0.1972,
0.3088 1.024 0.2246,
0.3132 1.024 0.197,
0.3248 1.024 0.2229,
0.3245 1.024 0.1945,
0.3419 1.024 0.217,
0.3347 1.024 0.1892,
0.3572 1.024 0.2068,
0.3426 1.024 0.1822,
0.3613 1.024 0.2031,
0.349 1.024 0.1731,
0.3714 1.024 0.1907,
0.3792 1.024 0.1746,
0.225 1.024 0.2335,
0.2231 1.024 0.2335,
0.2046 1.024 0.2587,
0.2084 1.024 0.2317,
0.1818 1.024 0.2505,
0.1941 1.024 0.2263,
0.1813 1.024 0.2175,
0.2999 1.024 0.0834,
0.3019 1.024 0.0872,
0.3028 1.024 0.0914,
0.285 1.024 0.111,
0.2582 1.024 0.1312,
0.2975 1.024 0.0499,
0.2868 1.024 0.0482,
0.2853 1.024 0.0755,
0.285 1.024 0.0481,
0.2814 1.024 0.0758,
0.274 1.024 0.0494,
0.2774 1.024 0.0772,
0.2638 1.024 0.0532,
0.2738 1.024 0.0795,
0.2547 1.024 0.0595,
0.2708 1.024 0.0828,
0.2476 1.024 0.0673,
0.2687 1.024 0.0866,
0.2421 1.024 0.0775,
0.2394 1.024 0.0887,
0.1767 1.024 0.1056,
0.1879 1.024 0.0824,
0.1865 1.024 0.081,
0.1805 1.024 0.1053,
0.1836 1.024 0.1041,
0.1913 1.024 0.0929,
0.1913 1.024 0.0916,
0.191 1.024 0.0884,
0.1898 1.024 0.0853,
0.1753 1.024 0.1053,
0.1835 1.024 0.0789,
0.1771 1.024 0.1057,
0.1865 1.024 0.1022,
0.1888 1.024 0.0996,
0.1905 1.024 0.0964,
0.285 1.0236 0.111,
0.2813 1.0236 0.1106,
0.2771 1.0236 0.109,
0.2734 1.0236 0.1065,
0.2705 1.0236 0.1032,
0.2685 1.0236 0.0995,
0.2675 1.0236 0.0953,
0.2675 1.0236 0.091,
0.2687 1.0236 0.0866,
0.2708 1.0236 0.0828,
0.2738 1.0236 0.0795,
0.2774 1.0236 0.0772,
0.2814 1.0236 0.0758,
0.2853 1.0236 0.0755,
0.2892 1.0236 0.0759,
0.2934 1.0236 0.0775,
0.2971 1.0236 0.0801,
0.2999 1.0236 0.0834,
0.3019 1.0236 0.0872,
0.3028 1.0236 0.0914,
0.3028 1.0236 0.0953,
0.3017 1.0236 0.0997,
0.2995 1.0236 0.1036,
0.2965 1.0236 0.1068,
0.2929 1.0236 0.1092,
0.2888 1.0236 0.1106,
                    ]
                }
                coordIndex [
                    0, 1, 2, -1,
2, 1, 3, -1,
2, 3, 4, -1,
4, 3, 5, -1,
4, 5, 6, -1,
6, 5, 7, -1,
6, 7, 0, -1,
0, 7, 1, -1,
8, 9, 10, -1,
10, 9, 11, -1,
10, 11, 12, -1,
12, 11, 13, -1,
12, 13, 14, -1,
14, 13, 15, -1,
14, 15, 8, -1,
8, 15, 9, -1,
9, 16, 11, -1,
11, 16, 17, -1,
1, 15, 3, -1,
3, 15, 13, -1,
18, 7, 19, -1,
19, 7, 5, -1,
20, 21, 22, -1,
22, 21, 18, -1,
22, 18, 23, -1,
23, 18, 19, -1,
23, 19, 24, -1,
24, 19, 25, -1,
24, 25, 20, -1,
20, 25, 21, -1,
26, 21, 27, -1,
27, 21, 25, -1,
28, 16, 29, -1,
29, 16, 26, -1,
29, 26, 30, -1,
30, 26, 27, -1,
30, 27, 31, -1,
31, 27, 17, -1,
31, 17, 28, -1,
28, 17, 16, -1,
7, 18, 1, -1,
1, 18, 21, -1,
1, 21, 15, -1,
15, 21, 26, -1,
15, 26, 9, -1,
9, 26, 16, -1,
25, 19, 27, -1,
27, 19, 5, -1,
27, 5, 17, -1,
17, 5, 3, -1,
17, 3, 11, -1,
11, 3, 13, -1,
32, 33, 31, -1,
31, 33, 30, -1,
34, 32, 28, -1,
28, 32, 31, -1,
35, 34, 29, -1,
29, 34, 28, -1,
33, 35, 30, -1,
30, 35, 29, -1,
36, 37, 38, -1,
38, 37, 39, -1,
40, 36, 41, -1,
41, 36, 38, -1,
42, 40, 43, -1,
43, 40, 41, -1,
37, 42, 39, -1,
39, 42, 43, -1,
38, 39, 44, -1,
44, 39, 45, -1,
44, 45, 46, -1,
46, 45, 47, -1,
46, 47, 48, -1,
48, 47, 49, -1,
48, 50, 46, -1,
46, 50, 51, -1,
46, 51, 44, -1,
44, 51, 52, -1,
44, 52, 38, -1,
38, 52, 41, -1,
50, 53, 51, -1,
51, 53, 54, -1,
51, 54, 52, -1,
52, 54, 55, -1,
52, 55, 41, -1,
41, 55, 43, -1,
39, 43, 55, -1,
39, 55, 45, -1,
45, 55, 54, -1,
45, 54, 47, -1,
47, 54, 53, -1,
47, 53, 49, -1,
48, 49, 56, -1,
56, 49, 57, -1,
50, 48, 58, -1,
58, 48, 56, -1,
53, 50, 59, -1,
59, 50, 58, -1,
49, 53, 57, -1,
57, 53, 59, -1,
32, 34, 60, -1,
60, 34, 61, -1,
60, 61, 62, -1,
62, 61, 63, -1,
62, 63, 57, -1,
57, 63, 56, -1,
58, 56, 63, -1,
58, 63, 64, -1,
64, 63, 61, -1,
64, 61, 65, -1,
65, 61, 34, -1,
65, 34, 35, -1,
59, 58, 66, -1,
66, 58, 64, -1,
66, 64, 67, -1,
67, 64, 65, -1,
67, 65, 33, -1,
33, 65, 35, -1,
33, 32, 67, -1,
67, 32, 60, -1,
67, 60, 66, -1,
66, 60, 62, -1,
66, 62, 59, -1,
59, 62, 57, -1,
36, 40, 37, -1,
37, 40, 42, -1,
68, 69, 24, -1,
24, 69, 23, -1,
70, 68, 20, -1,
20, 68, 24, -1,
71, 70, 22, -1,
22, 70, 20, -1,
69, 71, 23, -1,
23, 71, 22, -1,
72, 73, 74, -1,
74, 73, 75, -1,
76, 72, 77, -1,
77, 72, 74, -1,
78, 76, 79, -1,
79, 76, 77, -1,
73, 78, 75, -1,
75, 78, 79, -1,
74, 75, 80, -1,
80, 75, 81, -1,
80, 81, 82, -1,
82, 81, 83, -1,
82, 83, 84, -1,
84, 83, 85, -1,
84, 86, 82, -1,
82, 86, 87, -1,
82, 87, 80, -1,
80, 87, 88, -1,
80, 88, 74, -1,
74, 88, 77, -1,
86, 89, 87, -1,
87, 89, 90, -1,
87, 90, 88, -1,
88, 90, 91, -1,
88, 91, 77, -1,
77, 91, 79, -1,
75, 79, 91, -1,
75, 91, 81, -1,
81, 91, 90, -1,
81, 90, 83, -1,
83, 90, 89, -1,
83, 89, 85, -1,
84, 85, 92, -1,
92, 85, 93, -1,
86, 84, 94, -1,
94, 84, 92, -1,
89, 86, 95, -1,
95, 86, 94, -1,
85, 89, 93, -1,
93, 89, 95, -1,
68, 70, 96, -1,
96, 70, 97, -1,
96, 97, 98, -1,
98, 97, 99, -1,
98, 99, 93, -1,
93, 99, 92, -1,
94, 92, 99, -1,
94, 99, 100, -1,
100, 99, 97, -1,
100, 97, 101, -1,
101, 97, 70, -1,
101, 70, 71, -1,
95, 94, 102, -1,
102, 94, 100, -1,
102, 100, 103, -1,
103, 100, 101, -1,
103, 101, 69, -1,
69, 101, 71, -1,
69, 68, 103, -1,
103, 68, 96, -1,
103, 96, 102, -1,
102, 96, 98, -1,
102, 98, 95, -1,
95, 98, 93, -1,
72, 76, 73, -1,
73, 76, 78, -1,
12, 104, 10, -1,
10, 104, 105, -1,
14, 106, 12, -1,
12, 106, 104, -1,
8, 107, 14, -1,
14, 107, 106, -1,
10, 105, 8, -1,
8, 105, 107, -1,
108, 109, 110, -1,
110, 109, 111, -1,
112, 108, 113, -1,
113, 108, 110, -1,
114, 112, 115, -1,
115, 112, 113, -1,
109, 114, 111, -1,
111, 114, 115, -1,
110, 111, 116, -1,
116, 111, 117, -1,
116, 117, 118, -1,
118, 117, 119, -1,
118, 119, 120, -1,
120, 119, 121, -1,
120, 122, 118, -1,
118, 122, 123, -1,
118, 123, 116, -1,
116, 123, 124, -1,
116, 124, 110, -1,
110, 124, 113, -1,
122, 125, 123, -1,
123, 125, 126, -1,
123, 126, 124, -1,
124, 126, 127, -1,
124, 127, 113, -1,
113, 127, 115, -1,
111, 115, 127, -1,
111, 127, 117, -1,
117, 127, 126, -1,
117, 126, 119, -1,
119, 126, 125, -1,
119, 125, 121, -1,
120, 121, 128, -1,
128, 121, 129, -1,
122, 120, 130, -1,
130, 120, 128, -1,
125, 122, 131, -1,
131, 122, 130, -1,
121, 125, 129, -1,
129, 125, 131, -1,
104, 106, 132, -1,
132, 106, 133, -1,
132, 133, 134, -1,
134, 133, 135, -1,
134, 135, 129, -1,
129, 135, 128, -1,
130, 128, 135, -1,
130, 135, 136, -1,
136, 135, 133, -1,
136, 133, 137, -1,
137, 133, 106, -1,
137, 106, 107, -1,
131, 130, 138, -1,
138, 130, 136, -1,
138, 136, 139, -1,
139, 136, 137, -1,
139, 137, 105, -1,
105, 137, 107, -1,
105, 104, 139, -1,
139, 104, 132, -1,
139, 132, 138, -1,
138, 132, 134, -1,
138, 134, 131, -1,
131, 134, 129, -1,
108, 112, 109, -1,
109, 112, 114, -1,
4, 140, 2, -1,
2, 140, 141, -1,
6, 142, 4, -1,
4, 142, 140, -1,
0, 143, 6, -1,
6, 143, 142, -1,
2, 141, 0, -1,
0, 141, 143, -1,
144, 145, 146, -1,
146, 145, 147, -1,
148, 144, 149, -1,
149, 144, 146, -1,
150, 148, 151, -1,
151, 148, 149, -1,
145, 150, 147, -1,
147, 150, 151, -1,
146, 147, 152, -1,
152, 147, 153, -1,
152, 153, 154, -1,
154, 153, 155, -1,
154, 155, 156, -1,
156, 155, 157, -1,
156, 158, 154, -1,
154, 158, 159, -1,
154, 159, 152, -1,
152, 159, 160, -1,
152, 160, 146, -1,
146, 160, 149, -1,
158, 161, 159, -1,
159, 161, 162, -1,
159, 162, 160, -1,
160, 162, 163, -1,
160, 163, 149, -1,
149, 163, 151, -1,
147, 151, 163, -1,
147, 163, 153, -1,
153, 163, 162, -1,
153, 162, 155, -1,
155, 162, 161, -1,
155, 161, 157, -1,
156, 157, 164, -1,
164, 157, 165, -1,
158, 156, 166, -1,
166, 156, 164, -1,
161, 158, 167, -1,
167, 158, 166, -1,
157, 161, 165, -1,
165, 161, 167, -1,
140, 142, 168, -1,
168, 142, 169, -1,
168, 169, 170, -1,
170, 169, 171, -1,
170, 171, 165, -1,
165, 171, 164, -1,
166, 164, 171, -1,
166, 171, 172, -1,
172, 171, 169, -1,
172, 169, 173, -1,
173, 169, 142, -1,
173, 142, 143, -1,
167, 166, 174, -1,
174, 166, 172, -1,
174, 172, 175, -1,
175, 172, 173, -1,
175, 173, 141, -1,
141, 173, 143, -1,
141, 140, 175, -1,
175, 140, 168, -1,
175, 168, 174, -1,
174, 168, 170, -1,
174, 170, 167, -1,
167, 170, 165, -1,
144, 148, 145, -1,
145, 148, 150, -1,
176, 177, 178, -1,
178, 177, 179, -1,
178, 179, 180, -1,
181, 182, 178, -1,
178, 182, 183, -1,
178, 183, 176, -1,
184, 185, 178, -1,
178, 185, 186, -1,
178, 186, 181, -1,
187, 188, 178, -1,
178, 188, 189, -1,
178, 189, 184, -1,
190, 191, 178, -1,
178, 191, 192, -1,
178, 192, 187, -1,
193, 194, 178, -1,
178, 194, 195, -1,
178, 195, 190, -1,
196, 197, 178, -1,
178, 197, 198, -1,
178, 198, 193, -1,
199, 200, 178, -1,
178, 200, 201, -1,
178, 201, 196, -1,
202, 203, 178, -1,
178, 203, 204, -1,
178, 204, 199, -1,
205, 206, 178, -1,
178, 206, 207, -1,
178, 207, 202, -1,
208, 209, 178, -1,
178, 209, 210, -1,
178, 210, 205, -1,
211, 212, 178, -1,
178, 212, 213, -1,
178, 213, 208, -1,
214, 215, 178, -1,
178, 215, 216, -1,
178, 216, 211, -1,
217, 218, 178, -1,
178, 218, 219, -1,
178, 219, 214, -1,
220, 221, 178, -1,
178, 221, 222, -1,
178, 222, 217, -1,
223, 224, 178, -1,
178, 224, 225, -1,
178, 225, 220, -1,
226, 227, 178, -1,
178, 227, 228, -1,
178, 228, 223, -1,
180, 229, 178, -1,
178, 229, 230, -1,
178, 230, 226, -1,
207, 206, 231, -1,
205, 232, 206, -1,
206, 232, 233, -1,
206, 233, 231, -1,
234, 235, 210, -1,
210, 235, 236, -1,
210, 236, 205, -1,
205, 236, 237, -1,
205, 237, 232, -1,
234, 210, 238, -1,
238, 210, 209, -1,
238, 209, 239, -1,
239, 209, 240, -1,
240, 209, 208, -1,
240, 208, 241, -1,
213, 242, 208, -1,
208, 242, 243, -1,
208, 243, 241, -1,
212, 244, 213, -1,
213, 244, 245, -1,
213, 245, 242, -1,
246, 247, 211, -1,
211, 247, 248, -1,
211, 248, 212, -1,
212, 248, 249, -1,
212, 249, 244, -1,
246, 211, 250, -1,
250, 211, 216, -1,
250, 216, 251, -1,
251, 216, 252, -1,
252, 216, 215, -1,
252, 215, 253, -1,
214, 254, 215, -1,
215, 254, 255, -1,
215, 255, 253, -1,
219, 256, 214, -1,
214, 256, 257, -1,
214, 257, 254, -1,
258, 259, 218, -1,
218, 259, 260, -1,
218, 260, 219, -1,
219, 260, 261, -1,
219, 261, 256, -1,
258, 218, 262, -1,
262, 218, 217, -1,
262, 217, 263, -1,
263, 217, 264, -1,
264, 217, 222, -1,
264, 222, 265, -1,
221, 266, 222, -1,
222, 266, 267, -1,
222, 267, 265, -1,
268, 269, 220, -1,
220, 269, 270, -1,
220, 270, 221, -1,
221, 270, 271, -1,
221, 271, 266, -1,
268, 220, 272, -1,
272, 220, 225, -1,
272, 225, 273, -1,
273, 225, 274, -1,
274, 225, 224, -1,
274, 224, 275, -1,
275, 224, 276, -1,
276, 224, 223, -1,
276, 223, 277, -1,
228, 278, 223, -1,
223, 278, 279, -1,
223, 279, 277, -1,
280, 281, 227, -1,
227, 281, 282, -1,
227, 282, 228, -1,
228, 282, 283, -1,
228, 283, 278, -1,
280, 227, 284, -1,
284, 227, 226, -1,
284, 226, 285, -1,
285, 226, 286, -1,
286, 226, 230, -1,
286, 230, 287, -1,
287, 230, 288, -1,
288, 230, 229, -1,
288, 229, 289, -1,
180, 290, 229, -1,
229, 290, 291, -1,
229, 291, 289, -1,
177, 292, 293, -1,
177, 293, 179, -1,
179, 293, 294, -1,
179, 294, 180, -1,
180, 294, 295, -1,
180, 295, 290, -1,
292, 177, 296, -1,
296, 177, 176, -1,
296, 176, 297, -1,
297, 176, 298, -1,
298, 176, 183, -1,
298, 183, 299, -1,
182, 300, 183, -1,
183, 300, 301, -1,
183, 301, 299, -1,
181, 302, 182, -1,
182, 302, 303, -1,
182, 303, 300, -1,
304, 305, 186, -1,
186, 305, 306, -1,
186, 306, 181, -1,
181, 306, 307, -1,
181, 307, 302, -1,
304, 186, 308, -1,
308, 186, 185, -1,
308, 185, 309, -1,
309, 185, 310, -1,
310, 185, 184, -1,
310, 184, 311, -1,
189, 312, 184, -1,
184, 312, 313, -1,
184, 313, 311, -1,
188, 314, 189, -1,
189, 314, 315, -1,
189, 315, 312, -1,
316, 317, 187, -1,
187, 317, 318, -1,
187, 318, 188, -1,
188, 318, 319, -1,
188, 319, 314, -1,
316, 187, 320, -1,
320, 187, 192, -1,
320, 192, 321, -1,
321, 192, 322, -1,
322, 192, 191, -1,
322, 191, 323, -1,
324, 325, 190, -1,
190, 325, 326, -1,
190, 326, 191, -1,
191, 326, 327, -1,
191, 327, 323, -1,
194, 328, 195, -1,
195, 328, 329, -1,
195, 329, 190, -1,
190, 329, 330, -1,
190, 330, 324, -1,
193, 331, 194, -1,
194, 331, 332, -1,
194, 332, 328, -1,
333, 334, 198, -1,
198, 334, 335, -1,
198, 335, 193, -1,
193, 335, 336, -1,
193, 336, 331, -1,
333, 198, 337, -1,
337, 198, 197, -1,
337, 197, 338, -1,
338, 197, 339, -1,
339, 197, 196, -1,
339, 196, 340, -1,
201, 341, 196, -1,
196, 341, 342, -1,
196, 342, 340, -1,
200, 343, 201, -1,
201, 343, 344, -1,
201, 344, 341, -1,
345, 346, 199, -1,
199, 346, 347, -1,
199, 347, 200, -1,
200, 347, 348, -1,
200, 348, 343, -1,
345, 199, 349, -1,
349, 199, 204, -1,
349, 204, 350, -1,
350, 204, 351, -1,
351, 204, 203, -1,
351, 203, 352, -1,
202, 353, 203, -1,
203, 353, 354, -1,
203, 354, 352, -1,
231, 355, 207, -1,
207, 355, 356, -1,
207, 356, 202, -1,
202, 356, 357, -1,
202, 357, 353, -1,
358, 359, 360, -1,
360, 359, 361, -1,
360, 361, 362, -1,
363, 364, 360, -1,
360, 364, 365, -1,
360, 365, 358, -1,
366, 367, 360, -1,
360, 367, 368, -1,
360, 368, 363, -1,
369, 370, 360, -1,
360, 370, 371, -1,
360, 371, 366, -1,
372, 373, 360, -1,
360, 373, 374, -1,
360, 374, 369, -1,
375, 376, 360, -1,
360, 376, 377, -1,
360, 377, 372, -1,
378, 379, 360, -1,
360, 379, 380, -1,
360, 380, 375, -1,
381, 382, 360, -1,
360, 382, 383, -1,
360, 383, 378, -1,
384, 385, 360, -1,
360, 385, 386, -1,
360, 386, 381, -1,
387, 388, 360, -1,
360, 388, 389, -1,
360, 389, 384, -1,
390, 391, 360, -1,
360, 391, 392, -1,
360, 392, 387, -1,
393, 394, 360, -1,
360, 394, 395, -1,
360, 395, 390, -1,
396, 397, 360, -1,
360, 397, 398, -1,
360, 398, 393, -1,
399, 400, 360, -1,
360, 400, 401, -1,
360, 401, 396, -1,
402, 403, 360, -1,
360, 403, 404, -1,
360, 404, 399, -1,
405, 406, 360, -1,
360, 406, 407, -1,
360, 407, 402, -1,
408, 409, 360, -1,
360, 409, 410, -1,
360, 410, 405, -1,
411, 412, 360, -1,
360, 412, 413, -1,
360, 413, 408, -1,
414, 415, 360, -1,
360, 415, 416, -1,
360, 416, 411, -1,
417, 418, 360, -1,
360, 418, 419, -1,
360, 419, 414, -1,
420, 421, 360, -1,
360, 421, 422, -1,
360, 422, 417, -1,
423, 424, 360, -1,
360, 424, 425, -1,
360, 425, 420, -1,
426, 427, 360, -1,
360, 427, 428, -1,
360, 428, 423, -1,
429, 430, 360, -1,
360, 430, 431, -1,
360, 431, 426, -1,
362, 432, 360, -1,
360, 432, 433, -1,
360, 433, 429, -1,
237, 434, 435, -1,
237, 236, 434, -1,
434, 236, 235, -1,
434, 235, 436, -1,
436, 235, 234, -1,
436, 234, 437, -1,
437, 234, 238, -1,
437, 238, 438, -1,
438, 238, 239, -1,
239, 240, 438, -1,
438, 240, 241, -1,
438, 241, 439, -1,
439, 241, 243, -1,
439, 243, 440, -1,
243, 242, 440, -1,
440, 242, 245, -1,
440, 245, 441, -1,
245, 244, 441, -1,
441, 244, 249, -1,
441, 249, 442, -1,
249, 248, 442, -1,
442, 248, 247, -1,
442, 247, 443, -1,
443, 247, 246, -1,
443, 246, 444, -1,
444, 246, 250, -1,
444, 250, 445, -1,
445, 250, 251, -1,
251, 252, 445, -1,
445, 252, 253, -1,
445, 253, 446, -1,
446, 253, 255, -1,
446, 255, 447, -1,
447, 255, 254, -1,
447, 254, 448, -1,
448, 254, 257, -1,
257, 256, 448, -1,
448, 256, 261, -1,
448, 261, 449, -1,
261, 260, 449, -1,
449, 260, 259, -1,
449, 259, 450, -1,
450, 259, 258, -1,
450, 258, 451, -1,
451, 258, 262, -1,
451, 262, 452, -1,
452, 262, 263, -1,
263, 264, 452, -1,
452, 264, 265, -1,
452, 265, 453, -1,
453, 265, 267, -1,
453, 267, 454, -1,
454, 267, 266, -1,
454, 266, 455, -1,
455, 266, 271, -1,
271, 270, 455, -1,
455, 270, 269, -1,
455, 269, 456, -1,
456, 269, 268, -1,
456, 268, 457, -1,
268, 272, 457, -1,
457, 272, 273, -1,
457, 273, 458, -1,
273, 274, 458, -1,
458, 274, 275, -1,
458, 275, 459, -1,
275, 276, 459, -1,
459, 276, 277, -1,
459, 277, 460, -1,
460, 277, 279, -1,
460, 279, 461, -1,
461, 279, 278, -1,
461, 278, 462, -1,
462, 278, 283, -1,
283, 282, 462, -1,
462, 282, 281, -1,
462, 281, 463, -1,
463, 281, 280, -1,
463, 280, 464, -1,
464, 280, 284, -1,
464, 284, 465, -1,
465, 284, 285, -1,
285, 286, 465, -1,
465, 286, 287, -1,
465, 287, 466, -1,
287, 288, 466, -1,
466, 288, 289, -1,
466, 289, 467, -1,
467, 289, 291, -1,
467, 291, 468, -1,
468, 291, 290, -1,
468, 290, 469, -1,
469, 290, 295, -1,
295, 294, 469, -1,
469, 294, 293, -1,
469, 293, 470, -1,
470, 293, 292, -1,
470, 292, 471, -1,
471, 292, 296, -1,
471, 296, 472, -1,
472, 296, 297, -1,
297, 298, 472, -1,
472, 298, 299, -1,
472, 299, 473, -1,
473, 299, 301, -1,
473, 301, 474, -1,
301, 300, 474, -1,
474, 300, 303, -1,
474, 303, 475, -1,
303, 302, 475, -1,
475, 302, 307, -1,
475, 307, 476, -1,
307, 306, 476, -1,
476, 306, 305, -1,
476, 305, 477, -1,
477, 305, 304, -1,
477, 304, 478, -1,
478, 304, 308, -1,
478, 308, 479, -1,
479, 308, 309, -1,
309, 310, 479, -1,
479, 310, 311, -1,
479, 311, 480, -1,
480, 311, 313, -1,
480, 313, 481, -1,
481, 313, 312, -1,
481, 312, 482, -1,
482, 312, 315, -1,
315, 314, 482, -1,
482, 314, 319, -1,
482, 319, 483, -1,
319, 318, 483, -1,
483, 318, 317, -1,
483, 317, 484, -1,
484, 317, 316, -1,
484, 316, 485, -1,
485, 316, 320, -1,
485, 320, 486, -1,
486, 320, 321, -1,
321, 322, 486, -1,
486, 322, 323, -1,
486, 323, 487, -1,
487, 323, 327, -1,
487, 327, 488, -1,
488, 327, 326, -1,
488, 326, 489, -1,
489, 326, 325, -1,
325, 324, 489, -1,
489, 324, 330, -1,
489, 330, 490, -1,
490, 330, 329, -1,
490, 329, 491, -1,
329, 328, 491, -1,
491, 328, 332, -1,
491, 332, 492, -1,
332, 331, 492, -1,
492, 331, 336, -1,
492, 336, 493, -1,
336, 335, 493, -1,
493, 335, 334, -1,
493, 334, 494, -1,
494, 334, 333, -1,
494, 333, 495, -1,
495, 333, 337, -1,
495, 337, 496, -1,
496, 337, 338, -1,
338, 339, 496, -1,
496, 339, 340, -1,
496, 340, 497, -1,
497, 340, 342, -1,
497, 342, 498, -1,
498, 342, 341, -1,
498, 341, 499, -1,
499, 341, 344, -1,
344, 343, 499, -1,
499, 343, 348, -1,
499, 348, 500, -1,
348, 347, 500, -1,
500, 347, 346, -1,
500, 346, 501, -1,
501, 346, 345, -1,
501, 345, 502, -1,
502, 345, 349, -1,
502, 349, 503, -1,
503, 349, 350, -1,
350, 351, 503, -1,
503, 351, 352, -1,
503, 352, 504, -1,
504, 352, 354, -1,
504, 354, 505, -1,
505, 354, 353, -1,
505, 353, 506, -1,
506, 353, 357, -1,
357, 356, 506, -1,
506, 356, 355, -1,
506, 355, 507, -1,
507, 355, 231, -1,
507, 231, 508, -1,
508, 231, 233, -1,
508, 233, 435, -1,
435, 233, 232, -1,
435, 232, 237, -1,
507, 509, 506, -1,
506, 509, 510, -1,
506, 510, 505, -1,
505, 510, 511, -1,
505, 511, 504, -1,
504, 511, 512, -1,
504, 512, 503, -1,
503, 512, 513, -1,
503, 513, 502, -1,
502, 513, 514, -1,
502, 514, 501, -1,
501, 514, 515, -1,
501, 515, 500, -1,
500, 515, 516, -1,
500, 516, 499, -1,
499, 516, 517, -1,
499, 517, 498, -1,
498, 517, 518, -1,
498, 518, 497, -1,
497, 518, 519, -1,
497, 519, 496, -1,
496, 519, 520, -1,
496, 520, 495, -1,
495, 520, 521, -1,
495, 521, 494, -1,
494, 521, 522, -1,
494, 522, 493, -1,
493, 522, 523, -1,
493, 523, 492, -1,
492, 523, 524, -1,
492, 524, 491, -1,
491, 524, 525, -1,
491, 525, 490, -1,
490, 525, 526, -1,
490, 526, 489, -1,
489, 526, 527, -1,
489, 527, 488, -1,
488, 527, 528, -1,
488, 528, 487, -1,
487, 528, 529, -1,
487, 529, 486, -1,
486, 529, 530, -1,
486, 530, 485, -1,
485, 530, 531, -1,
485, 531, 484, -1,
484, 531, 532, -1,
484, 532, 483, -1,
483, 532, 533, -1,
483, 533, 482, -1,
482, 533, 534, -1,
482, 534, 481, -1,
481, 534, 535, -1,
481, 535, 480, -1,
480, 535, 536, -1,
480, 536, 479, -1,
479, 536, 537, -1,
479, 537, 478, -1,
478, 537, 538, -1,
478, 538, 477, -1,
477, 538, 539, -1,
477, 539, 476, -1,
476, 539, 540, -1,
476, 540, 475, -1,
475, 540, 541, -1,
475, 541, 474, -1,
474, 541, 542, -1,
474, 542, 473, -1,
473, 542, 543, -1,
473, 543, 472, -1,
472, 543, 544, -1,
472, 544, 471, -1,
471, 544, 545, -1,
471, 545, 470, -1,
470, 545, 546, -1,
470, 546, 469, -1,
469, 546, 547, -1,
469, 547, 468, -1,
468, 547, 548, -1,
468, 548, 467, -1,
467, 548, 549, -1,
467, 549, 466, -1,
466, 549, 550, -1,
466, 550, 465, -1,
465, 550, 551, -1,
465, 551, 464, -1,
464, 551, 552, -1,
464, 552, 463, -1,
463, 552, 553, -1,
463, 553, 462, -1,
462, 553, 554, -1,
462, 554, 461, -1,
461, 554, 555, -1,
461, 555, 460, -1,
460, 555, 556, -1,
460, 556, 459, -1,
459, 556, 557, -1,
459, 557, 458, -1,
458, 557, 558, -1,
458, 558, 457, -1,
457, 558, 559, -1,
457, 559, 456, -1,
456, 559, 560, -1,
456, 560, 455, -1,
455, 560, 561, -1,
455, 561, 454, -1,
454, 561, 562, -1,
454, 562, 453, -1,
453, 562, 563, -1,
453, 563, 452, -1,
452, 563, 564, -1,
452, 564, 451, -1,
451, 564, 565, -1,
451, 565, 450, -1,
450, 565, 566, -1,
450, 566, 449, -1,
449, 566, 567, -1,
449, 567, 448, -1,
448, 567, 568, -1,
448, 568, 447, -1,
447, 568, 569, -1,
447, 569, 446, -1,
446, 569, 570, -1,
446, 570, 445, -1,
445, 570, 571, -1,
445, 571, 444, -1,
444, 571, 572, -1,
444, 572, 443, -1,
443, 572, 573, -1,
443, 573, 442, -1,
442, 573, 574, -1,
442, 574, 441, -1,
441, 574, 575, -1,
441, 575, 440, -1,
440, 575, 576, -1,
440, 576, 439, -1,
439, 576, 577, -1,
439, 577, 438, -1,
438, 577, 578, -1,
438, 578, 437, -1,
437, 578, 579, -1,
437, 579, 436, -1,
436, 579, 580, -1,
436, 580, 434, -1,
434, 580, 581, -1,
434, 581, 435, -1,
435, 581, 582, -1,
435, 582, 508, -1,
508, 582, 583, -1,
508, 583, 507, -1,
507, 583, 509, -1,
583, 584, 509, -1,
509, 584, 585, -1,
509, 585, 510, -1,
510, 585, 586, -1,
510, 586, 511, -1,
511, 586, 587, -1,
511, 587, 512, -1,
512, 587, 588, -1,
512, 588, 513, -1,
513, 588, 589, -1,
513, 589, 514, -1,
514, 589, 590, -1,
514, 590, 515, -1,
515, 590, 591, -1,
515, 591, 516, -1,
516, 591, 592, -1,
516, 592, 517, -1,
517, 592, 593, -1,
517, 593, 518, -1,
518, 593, 594, -1,
518, 594, 519, -1,
519, 594, 595, -1,
519, 595, 520, -1,
520, 595, 596, -1,
520, 596, 521, -1,
521, 596, 597, -1,
521, 597, 522, -1,
522, 597, 598, -1,
522, 598, 523, -1,
523, 598, 599, -1,
523, 599, 524, -1,
524, 599, 600, -1,
524, 600, 525, -1,
525, 600, 601, -1,
525, 601, 526, -1,
526, 601, 602, -1,
526, 602, 527, -1,
527, 602, 603, -1,
527, 603, 528, -1,
528, 603, 604, -1,
528, 604, 529, -1,
529, 604, 605, -1,
529, 605, 530, -1,
530, 605, 606, -1,
530, 606, 531, -1,
531, 606, 607, -1,
531, 607, 532, -1,
532, 607, 608, -1,
532, 608, 533, -1,
533, 608, 609, -1,
533, 609, 534, -1,
534, 609, 610, -1,
534, 610, 535, -1,
535, 610, 611, -1,
535, 611, 536, -1,
536, 611, 612, -1,
536, 612, 537, -1,
537, 612, 613, -1,
537, 613, 538, -1,
538, 613, 614, -1,
538, 614, 539, -1,
539, 614, 615, -1,
539, 615, 540, -1,
540, 615, 616, -1,
540, 616, 541, -1,
541, 616, 617, -1,
541, 617, 542, -1,
542, 617, 618, -1,
542, 618, 543, -1,
543, 618, 619, -1,
543, 619, 544, -1,
544, 619, 620, -1,
544, 620, 545, -1,
545, 620, 621, -1,
545, 621, 546, -1,
546, 621, 622, -1,
546, 622, 547, -1,
547, 622, 623, -1,
547, 623, 548, -1,
548, 623, 624, -1,
548, 624, 549, -1,
549, 624, 625, -1,
549, 625, 550, -1,
550, 625, 626, -1,
550, 626, 551, -1,
551, 626, 627, -1,
551, 627, 552, -1,
552, 627, 628, -1,
552, 628, 553, -1,
553, 628, 629, -1,
553, 629, 554, -1,
554, 629, 630, -1,
554, 630, 555, -1,
555, 630, 631, -1,
555, 631, 556, -1,
556, 631, 632, -1,
556, 632, 557, -1,
557, 632, 633, -1,
557, 633, 558, -1,
558, 633, 634, -1,
558, 634, 559, -1,
559, 634, 635, -1,
559, 635, 560, -1,
560, 635, 636, -1,
560, 636, 561, -1,
561, 636, 637, -1,
561, 637, 562, -1,
562, 637, 638, -1,
562, 638, 563, -1,
563, 638, 639, -1,
563, 639, 564, -1,
564, 639, 640, -1,
564, 640, 565, -1,
565, 640, 641, -1,
565, 641, 566, -1,
566, 641, 642, -1,
566, 642, 567, -1,
567, 642, 643, -1,
567, 643, 568, -1,
568, 643, 644, -1,
568, 644, 569, -1,
569, 644, 645, -1,
569, 645, 570, -1,
570, 645, 646, -1,
570, 646, 571, -1,
571, 646, 647, -1,
571, 647, 572, -1,
572, 647, 648, -1,
572, 648, 573, -1,
573, 648, 649, -1,
573, 649, 574, -1,
574, 649, 650, -1,
574, 650, 575, -1,
575, 650, 651, -1,
575, 651, 576, -1,
576, 651, 652, -1,
576, 652, 577, -1,
577, 652, 653, -1,
577, 653, 578, -1,
578, 653, 654, -1,
578, 654, 579, -1,
579, 654, 655, -1,
579, 655, 580, -1,
580, 655, 656, -1,
580, 656, 581, -1,
581, 656, 657, -1,
581, 657, 582, -1,
582, 657, 658, -1,
582, 658, 583, -1,
583, 658, 584, -1,
658, 659, 584, -1,
584, 659, 660, -1,
584, 660, 585, -1,
585, 660, 661, -1,
585, 661, 586, -1,
586, 661, 662, -1,
586, 662, 587, -1,
587, 662, 663, -1,
587, 663, 588, -1,
588, 663, 664, -1,
588, 664, 589, -1,
589, 664, 665, -1,
589, 665, 590, -1,
590, 665, 666, -1,
590, 666, 591, -1,
591, 666, 667, -1,
591, 667, 592, -1,
592, 667, 668, -1,
592, 668, 593, -1,
593, 668, 669, -1,
593, 669, 594, -1,
594, 669, 670, -1,
594, 670, 595, -1,
595, 670, 671, -1,
595, 671, 596, -1,
596, 671, 672, -1,
596, 672, 597, -1,
597, 672, 673, -1,
597, 673, 598, -1,
598, 673, 674, -1,
598, 674, 599, -1,
599, 674, 675, -1,
599, 675, 600, -1,
600, 675, 676, -1,
600, 676, 601, -1,
601, 676, 677, -1,
601, 677, 602, -1,
602, 677, 678, -1,
602, 678, 603, -1,
603, 678, 679, -1,
603, 679, 604, -1,
604, 679, 680, -1,
604, 680, 605, -1,
605, 680, 681, -1,
605, 681, 606, -1,
606, 681, 682, -1,
606, 682, 607, -1,
607, 682, 683, -1,
607, 683, 608, -1,
608, 683, 684, -1,
608, 684, 609, -1,
609, 684, 685, -1,
609, 685, 610, -1,
610, 685, 686, -1,
610, 686, 611, -1,
611, 686, 687, -1,
611, 687, 612, -1,
612, 687, 688, -1,
612, 688, 613, -1,
613, 688, 689, -1,
613, 689, 614, -1,
614, 689, 690, -1,
614, 690, 615, -1,
615, 690, 691, -1,
615, 691, 616, -1,
616, 691, 692, -1,
616, 692, 617, -1,
617, 692, 693, -1,
617, 693, 618, -1,
618, 693, 694, -1,
618, 694, 619, -1,
619, 694, 695, -1,
619, 695, 620, -1,
620, 695, 696, -1,
620, 696, 621, -1,
621, 696, 697, -1,
621, 697, 622, -1,
622, 697, 698, -1,
622, 698, 623, -1,
623, 698, 699, -1,
623, 699, 624, -1,
624, 699, 700, -1,
624, 700, 625, -1,
625, 700, 701, -1,
625, 701, 626, -1,
626, 701, 702, -1,
626, 702, 627, -1,
627, 702, 703, -1,
627, 703, 628, -1,
628, 703, 704, -1,
628, 704, 629, -1,
629, 704, 705, -1,
629, 705, 630, -1,
630, 705, 706, -1,
630, 706, 631, -1,
631, 706, 707, -1,
631, 707, 632, -1,
632, 707, 708, -1,
632, 708, 633, -1,
633, 708, 709, -1,
633, 709, 634, -1,
634, 709, 710, -1,
634, 710, 635, -1,
635, 710, 711, -1,
635, 711, 636, -1,
636, 711, 712, -1,
636, 712, 637, -1,
637, 712, 713, -1,
637, 713, 638, -1,
638, 713, 714, -1,
638, 714, 639, -1,
639, 714, 715, -1,
639, 715, 640, -1,
640, 715, 716, -1,
640, 716, 641, -1,
641, 716, 717, -1,
641, 717, 642, -1,
642, 717, 718, -1,
642, 718, 643, -1,
643, 718, 719, -1,
643, 719, 644, -1,
644, 719, 720, -1,
644, 720, 645, -1,
645, 720, 721, -1,
645, 721, 646, -1,
646, 721, 722, -1,
646, 722, 647, -1,
647, 722, 723, -1,
647, 723, 648, -1,
648, 723, 724, -1,
648, 724, 649, -1,
649, 724, 725, -1,
649, 725, 650, -1,
650, 725, 726, -1,
650, 726, 651, -1,
651, 726, 727, -1,
651, 727, 652, -1,
652, 727, 728, -1,
652, 728, 653, -1,
653, 728, 729, -1,
653, 729, 654, -1,
654, 729, 730, -1,
654, 730, 655, -1,
655, 730, 731, -1,
655, 731, 656, -1,
656, 731, 732, -1,
656, 732, 657, -1,
657, 732, 733, -1,
657, 733, 658, -1,
658, 733, 659, -1,
733, 734, 659, -1,
659, 734, 735, -1,
659, 735, 660, -1,
660, 735, 736, -1,
660, 736, 661, -1,
661, 736, 737, -1,
661, 737, 662, -1,
662, 737, 738, -1,
662, 738, 663, -1,
663, 738, 739, -1,
663, 739, 664, -1,
664, 739, 740, -1,
664, 740, 665, -1,
665, 740, 741, -1,
665, 741, 666, -1,
666, 741, 742, -1,
666, 742, 667, -1,
667, 742, 743, -1,
667, 743, 668, -1,
668, 743, 744, -1,
668, 744, 669, -1,
669, 744, 745, -1,
669, 745, 670, -1,
670, 745, 746, -1,
670, 746, 671, -1,
671, 746, 747, -1,
671, 747, 672, -1,
672, 747, 748, -1,
672, 748, 673, -1,
673, 748, 749, -1,
673, 749, 674, -1,
674, 749, 750, -1,
674, 750, 675, -1,
675, 750, 751, -1,
675, 751, 676, -1,
676, 751, 752, -1,
676, 752, 677, -1,
677, 752, 753, -1,
677, 753, 678, -1,
678, 753, 754, -1,
678, 754, 679, -1,
679, 754, 755, -1,
679, 755, 680, -1,
680, 755, 756, -1,
680, 756, 681, -1,
681, 756, 757, -1,
681, 757, 682, -1,
682, 757, 758, -1,
682, 758, 683, -1,
683, 758, 759, -1,
683, 759, 684, -1,
684, 759, 760, -1,
684, 760, 685, -1,
685, 760, 761, -1,
685, 761, 686, -1,
686, 761, 762, -1,
686, 762, 687, -1,
687, 762, 763, -1,
687, 763, 688, -1,
688, 763, 764, -1,
688, 764, 689, -1,
689, 764, 765, -1,
689, 765, 690, -1,
690, 765, 766, -1,
690, 766, 691, -1,
691, 766, 767, -1,
691, 767, 692, -1,
692, 767, 768, -1,
692, 768, 693, -1,
693, 768, 769, -1,
693, 769, 694, -1,
694, 769, 770, -1,
694, 770, 695, -1,
695, 770, 771, -1,
695, 771, 696, -1,
696, 771, 772, -1,
696, 772, 697, -1,
697, 772, 773, -1,
697, 773, 698, -1,
698, 773, 774, -1,
698, 774, 699, -1,
699, 774, 775, -1,
699, 775, 700, -1,
700, 775, 776, -1,
700, 776, 701, -1,
701, 776, 777, -1,
701, 777, 702, -1,
702, 777, 778, -1,
702, 778, 703, -1,
703, 778, 779, -1,
703, 779, 704, -1,
704, 779, 780, -1,
704, 780, 705, -1,
705, 780, 781, -1,
705, 781, 706, -1,
706, 781, 782, -1,
706, 782, 707, -1,
707, 782, 783, -1,
707, 783, 708, -1,
708, 783, 784, -1,
708, 784, 709, -1,
709, 784, 785, -1,
709, 785, 710, -1,
710, 785, 786, -1,
710, 786, 711, -1,
711, 786, 787, -1,
711, 787, 712, -1,
712, 787, 788, -1,
712, 788, 713, -1,
713, 788, 789, -1,
713, 789, 714, -1,
714, 789, 790, -1,
714, 790, 715, -1,
715, 790, 791, -1,
715, 791, 716, -1,
716, 791, 792, -1,
716, 792, 717, -1,
717, 792, 793, -1,
717, 793, 718, -1,
718, 793, 794, -1,
718, 794, 719, -1,
719, 794, 795, -1,
719, 795, 720, -1,
720, 795, 796, -1,
720, 796, 721, -1,
721, 796, 797, -1,
721, 797, 722, -1,
722, 797, 798, -1,
722, 798, 723, -1,
723, 798, 799, -1,
723, 799, 724, -1,
724, 799, 800, -1,
724, 800, 725, -1,
725, 800, 801, -1,
725, 801, 726, -1,
726, 801, 802, -1,
726, 802, 727, -1,
727, 802, 803, -1,
727, 803, 728, -1,
728, 803, 804, -1,
728, 804, 729, -1,
729, 804, 805, -1,
729, 805, 730, -1,
730, 805, 806, -1,
730, 806, 731, -1,
731, 806, 807, -1,
731, 807, 732, -1,
732, 807, 808, -1,
732, 808, 733, -1,
733, 808, 734, -1,
808, 359, 734, -1,
734, 359, 358, -1,
734, 358, 735, -1,
735, 358, 365, -1,
735, 365, 736, -1,
736, 365, 364, -1,
736, 364, 737, -1,
737, 364, 363, -1,
737, 363, 738, -1,
738, 363, 368, -1,
738, 368, 739, -1,
739, 368, 367, -1,
739, 367, 740, -1,
740, 367, 366, -1,
740, 366, 741, -1,
741, 366, 371, -1,
741, 371, 742, -1,
742, 371, 370, -1,
742, 370, 743, -1,
743, 370, 369, -1,
743, 369, 744, -1,
744, 369, 374, -1,
744, 374, 745, -1,
745, 374, 373, -1,
745, 373, 746, -1,
746, 373, 372, -1,
746, 372, 747, -1,
747, 372, 377, -1,
747, 377, 748, -1,
748, 377, 376, -1,
748, 376, 749, -1,
749, 376, 375, -1,
749, 375, 750, -1,
750, 375, 380, -1,
750, 380, 751, -1,
751, 380, 379, -1,
751, 379, 752, -1,
752, 379, 378, -1,
752, 378, 753, -1,
753, 378, 383, -1,
753, 383, 754, -1,
754, 383, 382, -1,
754, 382, 755, -1,
755, 382, 381, -1,
755, 381, 756, -1,
756, 381, 386, -1,
756, 386, 757, -1,
757, 386, 385, -1,
757, 385, 758, -1,
758, 385, 384, -1,
758, 384, 759, -1,
759, 384, 389, -1,
759, 389, 760, -1,
760, 389, 388, -1,
760, 388, 761, -1,
761, 388, 387, -1,
761, 387, 762, -1,
762, 387, 392, -1,
762, 392, 763, -1,
763, 392, 391, -1,
763, 391, 764, -1,
764, 391, 390, -1,
764, 390, 765, -1,
765, 390, 395, -1,
765, 395, 766, -1,
766, 395, 394, -1,
766, 394, 767, -1,
767, 394, 393, -1,
767, 393, 768, -1,
768, 393, 398, -1,
768, 398, 769, -1,
769, 398, 397, -1,
769, 397, 770, -1,
770, 397, 396, -1,
770, 396, 771, -1,
771, 396, 401, -1,
771, 401, 772, -1,
772, 401, 400, -1,
772, 400, 773, -1,
773, 400, 399, -1,
773, 399, 774, -1,
774, 399, 404, -1,
774, 404, 775, -1,
775, 404, 403, -1,
775, 403, 776, -1,
776, 403, 402, -1,
776, 402, 777, -1,
777, 402, 407, -1,
777, 407, 778, -1,
778, 407, 406, -1,
778, 406, 779, -1,
779, 406, 405, -1,
779, 405, 780, -1,
780, 405, 410, -1,
780, 410, 781, -1,
781, 410, 409, -1,
781, 409, 782, -1,
782, 409, 408, -1,
782, 408, 783, -1,
783, 408, 413, -1,
783, 413, 784, -1,
784, 413, 412, -1,
784, 412, 785, -1,
785, 412, 411, -1,
785, 411, 786, -1,
786, 411, 416, -1,
786, 416, 787, -1,
787, 416, 415, -1,
787, 415, 788, -1,
788, 415, 414, -1,
788, 414, 789, -1,
789, 414, 419, -1,
789, 419, 790, -1,
790, 419, 418, -1,
790, 418, 791, -1,
791, 418, 417, -1,
791, 417, 792, -1,
792, 417, 422, -1,
792, 422, 793, -1,
793, 422, 421, -1,
793, 421, 794, -1,
794, 421, 420, -1,
794, 420, 795, -1,
795, 420, 425, -1,
795, 425, 796, -1,
796, 425, 424, -1,
796, 424, 797, -1,
797, 424, 423, -1,
797, 423, 798, -1,
798, 423, 428, -1,
798, 428, 799, -1,
799, 428, 427, -1,
799, 427, 800, -1,
800, 427, 426, -1,
800, 426, 801, -1,
801, 426, 431, -1,
801, 431, 802, -1,
802, 431, 430, -1,
802, 430, 803, -1,
803, 430, 429, -1,
803, 429, 804, -1,
804, 429, 433, -1,
804, 433, 805, -1,
805, 433, 432, -1,
805, 432, 806, -1,
806, 432, 362, -1,
806, 362, 807, -1,
807, 362, 361, -1,
807, 361, 808, -1,
808, 361, 359, -1,
21, 18, 7, -1,
15, 9, 16, -1,
15, 16, 1, -1,
1, 16, 7, -1,
7, 16, 26, -1,
7, 26, 21, -1,
809, 810, 811, -1,
811, 810, 812, -1,
811, 812, 813, -1,
813, 812, 814, -1,
813, 814, 815, -1,
815, 816, 813, -1,
813, 816, 817, -1,
813, 817, 818, -1,
818, 817, 819, -1,
818, 819, 820, -1,
821, 822, 823, -1,
823, 822, 824, -1,
823, 824, 825, -1,
825, 824, 826, -1,
825, 826, 827, -1,
820, 828, 818, -1,
818, 828, 829, -1,
818, 829, 830, -1,
830, 829, 831, -1,
830, 831, 832, -1,
832, 833, 830, -1,
830, 833, 834, -1,
830, 834, 835, -1,
835, 834, 836, -1,
835, 836, 837, -1,
827, 838, 825, -1,
825, 838, 839, -1,
825, 839, 811, -1,
811, 839, 840, -1,
811, 840, 809, -1,
841, 842, 843, -1,
843, 842, 844, -1,
843, 844, 823, -1,
823, 844, 845, -1,
823, 845, 821, -1,
837, 846, 835, -1,
835, 846, 847, -1,
835, 847, 843, -1,
843, 847, 848, -1,
843, 848, 841, -1,
830, 835, 15, -1,
15, 835, 9, -1,
13, 849, 15, -1,
15, 849, 850, -1,
850, 851, 15, -1,
15, 851, 852, -1,
15, 852, 853, -1,
853, 854, 15, -1,
15, 854, 855, -1,
15, 855, 830, -1,
856, 3, 857, -1,
857, 3, 1, -1,
857, 1, 858, -1,
859, 1, 860, -1,
860, 1, 818, -1,
859, 861, 1, -1,
1, 861, 862, -1,
1, 862, 858, -1,
813, 818, 7, -1,
7, 818, 1, -1,
5, 863, 7, -1,
7, 863, 864, -1,
864, 865, 7, -1,
7, 865, 866, -1,
7, 866, 867, -1,
867, 868, 7, -1,
7, 868, 869, -1,
7, 869, 813, -1,
870, 19, 871, -1,
871, 19, 18, -1,
811, 872, 18, -1,
18, 872, 873, -1,
18, 873, 874, -1,
874, 875, 18, -1,
18, 875, 876, -1,
18, 876, 871, -1,
825, 811, 21, -1,
21, 811, 18, -1,
25, 877, 21, -1,
21, 877, 878, -1,
878, 879, 21, -1,
21, 879, 880, -1,
21, 880, 881, -1,
881, 882, 21, -1,
21, 882, 883, -1,
21, 883, 825, -1,
884, 27, 885, -1,
885, 27, 26, -1,
885, 26, 886, -1,
887, 26, 888, -1,
888, 26, 823, -1,
887, 889, 26, -1,
26, 889, 890, -1,
26, 890, 886, -1,
843, 823, 16, -1,
16, 823, 26, -1,
16, 17, 891, -1,
891, 17, 892, -1,
891, 893, 16, -1,
16, 893, 894, -1,
16, 894, 895, -1,
895, 896, 16, -1,
16, 896, 897, -1,
16, 897, 898, -1,
898, 899, 16, -1,
16, 899, 900, -1,
16, 900, 901, -1,
901, 902, 16, -1,
16, 902, 903, -1,
16, 903, 843, -1,
9, 835, 904, -1,
905, 906, 9, -1,
9, 906, 907, -1,
9, 907, 908, -1,
904, 909, 9, -1,
9, 909, 910, -1,
9, 910, 911, -1,
911, 912, 9, -1,
9, 912, 913, -1,
9, 913, 905, -1,
908, 914, 9, -1,
9, 914, 915, -1,
9, 915, 11, -1,
11, 915, 916, -1,
811, 813, 869, -1,
811, 869, 872, -1,
872, 869, 868, -1,
872, 868, 873, -1,
873, 868, 867, -1,
873, 867, 874, -1,
874, 867, 866, -1,
874, 866, 875, -1,
875, 866, 865, -1,
875, 865, 876, -1,
876, 865, 864, -1,
876, 864, 871, -1,
818, 830, 855, -1,
818, 855, 860, -1,
860, 855, 854, -1,
860, 854, 859, -1,
859, 854, 853, -1,
859, 853, 861, -1,
861, 853, 852, -1,
861, 852, 862, -1,
862, 852, 851, -1,
862, 851, 858, -1,
858, 851, 850, -1,
858, 850, 857, -1,
823, 825, 883, -1,
823, 883, 888, -1,
888, 883, 882, -1,
888, 882, 887, -1,
887, 882, 881, -1,
887, 881, 889, -1,
889, 881, 880, -1,
889, 880, 890, -1,
890, 880, 879, -1,
890, 879, 886, -1,
886, 879, 878, -1,
886, 878, 885, -1,
835, 843, 903, -1,
898, 917, 899, -1,
899, 917, 918, -1,
835, 903, 904, -1,
904, 903, 902, -1,
904, 902, 909, -1,
909, 902, 901, -1,
909, 901, 910, -1,
910, 901, 900, -1,
910, 900, 911, -1,
911, 900, 899, -1,
911, 899, 912, -1,
912, 899, 918, -1,
912, 918, 919, -1,
919, 920, 912, -1,
912, 920, 921, -1,
912, 921, 922, -1,
922, 923, 912, -1,
912, 923, 924, -1,
912, 924, 925, -1,
925, 926, 912, -1,
912, 926, 927, -1,
912, 927, 913, -1,
928, 929, 930, -1,
930, 929, 931, -1,
932, 933, 934, -1,
934, 933, 935, -1,
936, 937, 938, -1,
938, 937, 939, -1,
940, 941, 942, -1,
942, 941, 943, -1,
944, 945, 946, -1,
946, 945, 947, -1,
948, 949, 950, -1,
950, 949, 951, -1,
952, 953, 954, -1,
954, 953, 955, -1,
956, 957, 958, -1,
958, 957, 959, -1,
960, 961, 962, -1,
962, 961, 963, -1,
962, 963, 964, -1,
965, 966, 960, -1,
960, 966, 967, -1,
960, 967, 961, -1,
964, 968, 962, -1,
962, 968, 969, -1,
962, 969, 970, -1,
970, 969, 971, -1,
970, 971, 972, -1,
973, 974, 975, -1,
975, 974, 976, -1,
975, 976, 977, -1,
977, 976, 978, -1,
977, 978, 979, -1,
979, 980, 977, -1,
977, 980, 981, -1,
977, 981, 982, -1,
981, 983, 982, -1,
982, 983, 984, -1,
982, 984, 985, -1,
985, 986, 982, -1,
982, 986, 987, -1,
982, 987, 988, -1,
988, 987, 989, -1,
988, 989, 990, -1,
990, 991, 988, -1,
988, 991, 992, -1,
988, 992, 993, -1,
993, 992, 994, -1,
993, 994, 995, -1,
972, 996, 970, -1,
970, 996, 997, -1,
970, 997, 975, -1,
975, 997, 998, -1,
975, 998, 973, -1,
995, 999, 993, -1,
993, 999, 1000, -1,
993, 1000, 960, -1,
960, 1000, 1001, -1,
960, 1001, 965, -1,
1002, 961, 1003, -1,
1003, 961, 967, -1,
1003, 967, 1004, -1,
1004, 967, 966, -1,
1004, 966, 1005, -1,
1005, 966, 965, -1,
1005, 965, 1006, -1,
1006, 965, 1001, -1,
1006, 1001, 1007, -1,
1007, 1001, 1000, -1,
1007, 1000, 1008, -1,
1008, 1000, 999, -1,
1008, 999, 1009, -1,
1009, 999, 995, -1,
1009, 995, 1010, -1,
1010, 995, 994, -1,
1010, 994, 1011, -1,
1011, 994, 992, -1,
1011, 992, 1012, -1,
1012, 992, 991, -1,
1012, 991, 1013, -1,
1013, 991, 990, -1,
1013, 990, 1014, -1,
1014, 990, 989, -1,
1014, 989, 1015, -1,
1015, 989, 987, -1,
1015, 987, 1016, -1,
1016, 987, 986, -1,
1016, 986, 1017, -1,
1017, 986, 985, -1,
1017, 985, 1018, -1,
1018, 985, 984, -1,
1018, 984, 1019, -1,
1019, 984, 983, -1,
1019, 983, 1020, -1,
1020, 983, 981, -1,
1020, 981, 1021, -1,
1021, 981, 980, -1,
1021, 980, 1022, -1,
1022, 980, 979, -1,
1022, 979, 1023, -1,
1023, 979, 978, -1,
1023, 978, 1024, -1,
1024, 978, 976, -1,
1024, 976, 1025, -1,
1025, 976, 974, -1,
1025, 974, 1026, -1,
1026, 974, 973, -1,
1026, 973, 1027, -1,
1027, 973, 998, -1,
1027, 998, 1028, -1,
1028, 998, 997, -1,
1028, 997, 1029, -1,
1029, 997, 996, -1,
1029, 996, 1030, -1,
1030, 996, 972, -1,
1030, 972, 1031, -1,
1031, 972, 971, -1,
1031, 971, 1032, -1,
1032, 971, 969, -1,
1032, 969, 1033, -1,
1033, 969, 968, -1,
1033, 968, 1034, -1,
1034, 968, 964, -1,
1034, 964, 1035, -1,
1035, 964, 963, -1,
1035, 963, 1002, -1,
1002, 963, 961, -1,
1002, 1003, 178, -1,
1033, 1034, 178, -1,
178, 1034, 1035, -1,
178, 1035, 1002, -1,
1030, 1031, 178, -1,
178, 1031, 1032, -1,
178, 1032, 1033, -1,
1027, 1028, 178, -1,
178, 1028, 1029, -1,
178, 1029, 1030, -1,
1024, 1025, 178, -1,
178, 1025, 1026, -1,
178, 1026, 1027, -1,
1021, 1022, 178, -1,
178, 1022, 1023, -1,
178, 1023, 1024, -1,
1018, 1019, 178, -1,
178, 1019, 1020, -1,
178, 1020, 1021, -1,
1015, 1016, 178, -1,
178, 1016, 1017, -1,
178, 1017, 1018, -1,
1012, 1013, 178, -1,
178, 1013, 1014, -1,
178, 1014, 1015, -1,
1009, 1010, 178, -1,
178, 1010, 1011, -1,
178, 1011, 1012, -1,
1006, 1007, 178, -1,
178, 1007, 1008, -1,
178, 1008, 1009, -1,
1003, 1004, 178, -1,
178, 1004, 1005, -1,
178, 1005, 1006, -1,
947, 945, 1036, -1,
1036, 945, 1037, -1,
1036, 1037, 1038, -1,
1038, 1037, 1039, -1,
1038, 1039, 1040, -1,
1040, 1039, 1041, -1,
1040, 1041, 1042, -1,
1042, 1041, 1043, -1,
1042, 1043, 1044, -1,
1044, 1043, 1045, -1,
1044, 1045, 1046, -1,
1046, 1045, 1047, -1,
1046, 1047, 1048, -1,
1048, 1047, 1049, -1,
1048, 1049, 839, -1,
839, 1049, 840, -1,
1036, 1038, 1050, -1,
949, 1051, 1052, -1,
1052, 1051, 1053, -1,
1052, 1053, 1054, -1,
1055, 1056, 1057, -1,
1057, 1056, 1058, -1,
1057, 1058, 1059, -1,
1059, 1058, 826, -1,
947, 1036, 1060, -1,
1060, 1036, 1050, -1,
1060, 1050, 1061, -1,
1061, 1050, 1053, -1,
1061, 1053, 1062, -1,
1062, 1053, 1051, -1,
1038, 1040, 1050, -1,
1050, 1040, 1055, -1,
1050, 1055, 1053, -1,
1053, 1055, 1057, -1,
1053, 1057, 1054, -1,
1054, 1057, 1059, -1,
1040, 1042, 1055, -1,
1055, 1042, 1044, -1,
1055, 1044, 1056, -1,
1056, 1044, 1046, -1,
1056, 1046, 1048, -1,
826, 1058, 827, -1,
827, 1058, 1056, -1,
827, 1056, 838, -1,
838, 1056, 1048, -1,
838, 1048, 839, -1,
1063, 943, 1064, -1,
1065, 810, 809, -1,
1037, 945, 1066, -1,
1067, 1041, 1068, -1,
1068, 1041, 1039, -1,
1068, 1039, 1037, -1,
1049, 1047, 1069, -1,
1069, 1047, 1045, -1,
1069, 1045, 1067, -1,
1067, 1045, 1043, -1,
1067, 1043, 1041, -1,
1037, 1066, 1068, -1,
1068, 1066, 1070, -1,
1068, 1070, 1071, -1,
1071, 1072, 1068, -1,
1068, 1072, 1073, -1,
1068, 1073, 1067, -1,
1067, 1073, 1065, -1,
1067, 1065, 1069, -1,
1069, 1065, 809, -1,
1069, 809, 1049, -1,
1049, 809, 840, -1,
812, 810, 1074, -1,
1074, 810, 1065, -1,
1074, 1065, 1075, -1,
1075, 1065, 1073, -1,
1075, 1073, 1064, -1,
1064, 1073, 1072, -1,
1064, 1072, 1063, -1,
1063, 1072, 1071, -1,
951, 949, 1076, -1,
1076, 949, 1052, -1,
1076, 1052, 1077, -1,
1077, 1052, 1054, -1,
1077, 1054, 1078, -1,
1078, 1054, 1059, -1,
1078, 1059, 824, -1,
824, 1059, 826, -1,
948, 1079, 949, -1,
949, 1079, 1051, -1,
1051, 1079, 1062, -1,
1062, 1079, 1080, -1,
1062, 1080, 1061, -1,
1061, 1080, 1081, -1,
1061, 1081, 1060, -1,
1081, 1082, 1060, -1,
1060, 1082, 946, -1,
1060, 946, 947, -1,
944, 946, 1083, -1,
1083, 946, 1084, -1,
1083, 1084, 1085, -1,
1085, 1084, 1086, -1,
1085, 1086, 1087, -1,
1087, 1086, 1088, -1,
1087, 1088, 1089, -1,
1089, 1088, 1090, -1,
1089, 1090, 1091, -1,
1091, 1090, 1092, -1,
1091, 1092, 1093, -1,
1093, 1092, 1094, -1,
1093, 1094, 1095, -1,
1095, 1094, 1096, -1,
1095, 1096, 970, -1,
970, 1096, 962, -1,
944, 1097, 945, -1,
945, 1097, 1066, -1,
1066, 1097, 1070, -1,
1070, 1097, 1098, -1,
1070, 1098, 1071, -1,
1071, 1098, 1099, -1,
1071, 1099, 1063, -1,
1099, 1100, 1063, -1,
1063, 1100, 942, -1,
1063, 942, 943, -1,
943, 941, 1064, -1,
1064, 941, 1101, -1,
1064, 1101, 1075, -1,
1075, 1101, 1102, -1,
1075, 1102, 1074, -1,
1074, 1102, 1103, -1,
1074, 1103, 812, -1,
812, 1103, 814, -1,
1104, 951, 1076, -1,
1105, 822, 821, -1,
1106, 953, 1107, -1,
1106, 1108, 1109, -1,
1109, 1108, 1110, -1,
1109, 1110, 1111, -1,
1111, 1110, 1112, -1,
1111, 1112, 845, -1,
1106, 1107, 1108, -1,
1108, 1107, 1113, -1,
1108, 1113, 1114, -1,
1114, 1115, 1108, -1,
1108, 1115, 1116, -1,
1108, 1116, 1110, -1,
1110, 1116, 1105, -1,
1110, 1105, 1112, -1,
1112, 1105, 821, -1,
1112, 821, 845, -1,
824, 822, 1078, -1,
1078, 822, 1105, -1,
1078, 1105, 1077, -1,
1077, 1105, 1116, -1,
1077, 1116, 1076, -1,
1076, 1116, 1115, -1,
1076, 1115, 1104, -1,
1104, 1115, 1114, -1,
1117, 1118, 1119, -1,
1082, 1081, 1120, -1,
1121, 1080, 1079, -1,
1117, 1119, 1122, -1,
1122, 1119, 1123, -1,
1122, 1123, 1124, -1,
1124, 1123, 1125, -1,
1124, 1125, 1126, -1,
962, 1096, 1127, -1,
1127, 1096, 1094, -1,
1127, 1094, 1128, -1,
1128, 1094, 1092, -1,
1128, 1092, 1129, -1,
1129, 1092, 1090, -1,
1126, 1125, 1130, -1,
1130, 1125, 1121, -1,
1130, 1121, 1131, -1,
1131, 1121, 1079, -1,
1131, 1079, 948, -1,
1081, 1080, 1120, -1,
1120, 1080, 1121, -1,
1120, 1121, 1129, -1,
1129, 1121, 1125, -1,
1129, 1125, 1128, -1,
1128, 1125, 1123, -1,
1128, 1123, 1127, -1,
1127, 1123, 1119, -1,
1127, 1119, 962, -1,
1118, 962, 1119, -1,
946, 1082, 1084, -1,
1084, 1082, 1120, -1,
1084, 1120, 1086, -1,
1086, 1120, 1129, -1,
1086, 1129, 1088, -1,
1088, 1129, 1090, -1,
1093, 1095, 1132, -1,
1100, 1099, 1133, -1,
1134, 1098, 1097, -1,
1093, 1132, 1091, -1,
1091, 1132, 1135, -1,
1091, 1135, 1089, -1,
1089, 1135, 1136, -1,
1089, 1136, 1087, -1,
970, 1137, 1138, -1,
1138, 1137, 1139, -1,
1138, 1139, 1140, -1,
1140, 1139, 1141, -1,
1140, 1141, 1142, -1,
1142, 1141, 1143, -1,
1087, 1136, 1085, -1,
1085, 1136, 1134, -1,
1085, 1134, 1083, -1,
1083, 1134, 1097, -1,
1083, 1097, 944, -1,
1099, 1098, 1133, -1,
1133, 1098, 1134, -1,
1133, 1134, 1142, -1,
1142, 1134, 1136, -1,
1142, 1136, 1140, -1,
1140, 1136, 1135, -1,
1140, 1135, 1138, -1,
1138, 1135, 1132, -1,
1138, 1132, 970, -1,
1095, 970, 1132, -1,
942, 1100, 1144, -1,
1144, 1100, 1133, -1,
1144, 1133, 1145, -1,
1145, 1133, 1142, -1,
1145, 1142, 1146, -1,
1146, 1142, 1143, -1,
1147, 939, 1148, -1,
1149, 816, 815, -1,
1101, 941, 1150, -1,
1101, 1151, 1102, -1,
1102, 1151, 1152, -1,
1102, 1152, 1103, -1,
1103, 1152, 1153, -1,
1103, 1153, 814, -1,
1101, 1150, 1151, -1,
1151, 1150, 1154, -1,
1151, 1154, 1155, -1,
1155, 1156, 1151, -1,
1151, 1156, 1157, -1,
1151, 1157, 1152, -1,
1152, 1157, 1149, -1,
1152, 1149, 1153, -1,
1153, 1149, 815, -1,
1153, 815, 814, -1,
817, 816, 1158, -1,
1158, 816, 1149, -1,
1158, 1149, 1159, -1,
1159, 1149, 1157, -1,
1159, 1157, 1148, -1,
1148, 1157, 1156, -1,
1148, 1156, 1147, -1,
1147, 1156, 1155, -1,
955, 953, 1160, -1,
1160, 953, 1106, -1,
1160, 1106, 1161, -1,
1161, 1106, 1109, -1,
1161, 1109, 1162, -1,
1162, 1109, 1111, -1,
1162, 1111, 844, -1,
844, 1111, 845, -1,
1104, 1114, 1163, -1,
1163, 1114, 1113, -1,
1163, 1113, 1164, -1,
1164, 1113, 1107, -1,
1164, 1107, 1165, -1,
1165, 1107, 953, -1,
1165, 953, 952, -1,
950, 951, 1166, -1,
1166, 951, 1104, -1,
1166, 1104, 1167, -1,
1167, 1104, 1163, -1,
960, 962, 1168, -1,
1168, 962, 1118, -1,
1168, 1118, 1169, -1,
1169, 1118, 1117, -1,
1169, 1117, 1170, -1,
1170, 1117, 1122, -1,
1170, 1122, 1171, -1,
1171, 1122, 1124, -1,
1171, 1124, 1172, -1,
1172, 1124, 1126, -1,
1172, 1126, 1173, -1,
1173, 1126, 1130, -1,
1173, 1130, 1174, -1,
1174, 1130, 1131, -1,
1174, 1131, 950, -1,
950, 1131, 948, -1,
970, 975, 1137, -1,
1137, 975, 1175, -1,
1137, 1175, 1139, -1,
1139, 1175, 1176, -1,
1139, 1176, 1141, -1,
1141, 1176, 1177, -1,
1141, 1177, 1143, -1,
1143, 1177, 1178, -1,
1143, 1178, 1146, -1,
1146, 1178, 1179, -1,
1146, 1179, 1145, -1,
1145, 1179, 1180, -1,
1145, 1180, 1144, -1,
1144, 1180, 1181, -1,
1144, 1181, 942, -1,
942, 1181, 940, -1,
1147, 1155, 1182, -1,
1182, 1155, 1154, -1,
1182, 1154, 1183, -1,
1183, 1154, 1150, -1,
1183, 1150, 1184, -1,
1184, 1150, 941, -1,
1184, 941, 940, -1,
938, 939, 1185, -1,
1185, 939, 1147, -1,
1185, 1147, 1186, -1,
1186, 1147, 1182, -1,
939, 937, 1148, -1,
1148, 937, 1187, -1,
1148, 1187, 1159, -1,
1159, 1187, 1188, -1,
1159, 1188, 1158, -1,
1158, 1188, 1189, -1,
1158, 1189, 817, -1,
817, 1189, 819, -1,
1190, 955, 1160, -1,
1191, 842, 841, -1,
1192, 957, 1193, -1,
1192, 1194, 1195, -1,
1195, 1194, 1196, -1,
1195, 1196, 1197, -1,
1197, 1196, 1198, -1,
1197, 1198, 848, -1,
1192, 1193, 1194, -1,
1194, 1193, 1199, -1,
1194, 1199, 1200, -1,
1200, 1201, 1194, -1,
1194, 1201, 1202, -1,
1194, 1202, 1196, -1,
1196, 1202, 1191, -1,
1196, 1191, 1198, -1,
1198, 1191, 841, -1,
1198, 841, 848, -1,
844, 842, 1162, -1,
1162, 842, 1191, -1,
1162, 1191, 1161, -1,
1161, 1191, 1202, -1,
1161, 1202, 1160, -1,
1160, 1202, 1201, -1,
1160, 1201, 1190, -1,
1190, 1201, 1200, -1,
960, 1203, 1204, -1,
1165, 1205, 1164, -1,
1164, 1205, 1206, -1,
1164, 1206, 1163, -1,
1163, 1206, 1167, -1,
1167, 1206, 1207, -1,
1167, 1207, 1166, -1,
1166, 1207, 1174, -1,
1166, 1174, 950, -1,
1208, 1209, 1204, -1,
1204, 1209, 1210, -1,
1204, 1210, 960, -1,
960, 1168, 1211, -1,
1211, 1168, 1169, -1,
1203, 960, 1211, -1,
1208, 1204, 1212, -1,
1212, 1204, 1203, -1,
1212, 1203, 1213, -1,
1213, 1203, 1211, -1,
1213, 1211, 1214, -1,
1214, 1211, 1169, -1,
1214, 1169, 1170, -1,
1215, 1216, 1217, -1,
1217, 1216, 1218, -1,
1170, 1219, 1214, -1,
1214, 1219, 1220, -1,
1214, 1220, 1213, -1,
1213, 1220, 1217, -1,
1213, 1217, 1212, -1,
1212, 1217, 1218, -1,
1212, 1218, 1208, -1,
1165, 952, 1205, -1,
1205, 952, 1221, -1,
1205, 1221, 1215, -1,
1170, 1171, 1219, -1,
1219, 1171, 1172, -1,
1219, 1172, 1173, -1,
1215, 1217, 1205, -1,
1205, 1217, 1220, -1,
1205, 1220, 1206, -1,
1206, 1220, 1219, -1,
1206, 1219, 1207, -1,
1207, 1219, 1173, -1,
1207, 1173, 1174, -1,
975, 1222, 1223, -1,
1184, 1224, 1183, -1,
1183, 1224, 1225, -1,
1183, 1225, 1182, -1,
1182, 1225, 1186, -1,
1186, 1225, 1226, -1,
1186, 1226, 1185, -1,
1185, 1226, 1227, -1,
1185, 1227, 938, -1,
1177, 1176, 1223, -1,
1223, 1176, 1175, -1,
1223, 1175, 975, -1,
975, 1228, 1229, -1,
1229, 1228, 1230, -1,
1222, 975, 1229, -1,
1177, 1223, 1231, -1,
1231, 1223, 1222, -1,
1231, 1222, 1232, -1,
1232, 1222, 1229, -1,
1232, 1229, 1233, -1,
1233, 1229, 1230, -1,
1233, 1230, 1234, -1,
1180, 1179, 1235, -1,
1235, 1179, 1178, -1,
1234, 1236, 1233, -1,
1233, 1236, 1237, -1,
1233, 1237, 1232, -1,
1232, 1237, 1235, -1,
1232, 1235, 1231, -1,
1231, 1235, 1178, -1,
1231, 1178, 1177, -1,
1184, 940, 1224, -1,
1224, 940, 1181, -1,
1224, 1181, 1180, -1,
1234, 1238, 1236, -1,
1236, 1238, 1239, -1,
1236, 1239, 1240, -1,
1180, 1235, 1224, -1,
1224, 1235, 1237, -1,
1224, 1237, 1225, -1,
1225, 1237, 1236, -1,
1225, 1236, 1226, -1,
1226, 1236, 1240, -1,
1226, 1240, 1227, -1,
1241, 933, 1242, -1,
1243, 828, 820, -1,
1187, 937, 1244, -1,
1187, 1245, 1188, -1,
1188, 1245, 1246, -1,
1188, 1246, 1189, -1,
1189, 1246, 1247, -1,
1189, 1247, 819, -1,
1187, 1244, 1245, -1,
1245, 1244, 1248, -1,
1245, 1248, 1249, -1,
1249, 1250, 1245, -1,
1245, 1250, 1251, -1,
1245, 1251, 1246, -1,
1246, 1251, 1243, -1,
1246, 1243, 1247, -1,
1247, 1243, 820, -1,
1247, 820, 819, -1,
829, 828, 1252, -1,
1252, 828, 1243, -1,
1252, 1243, 1253, -1,
1253, 1243, 1251, -1,
1253, 1251, 1242, -1,
1242, 1251, 1250, -1,
1242, 1250, 1241, -1,
1241, 1250, 1249, -1,
959, 957, 1254, -1,
1254, 957, 1192, -1,
1254, 1192, 1255, -1,
1255, 1192, 1195, -1,
1255, 1195, 1256, -1,
1256, 1195, 1197, -1,
1256, 1197, 847, -1,
847, 1197, 848, -1,
1190, 1200, 1257, -1,
1257, 1200, 1199, -1,
1257, 1199, 1258, -1,
1258, 1199, 1193, -1,
1258, 1193, 1259, -1,
1259, 1193, 957, -1,
1259, 957, 956, -1,
954, 955, 1260, -1,
1260, 955, 1190, -1,
1260, 1190, 1261, -1,
1261, 1190, 1257, -1,
993, 960, 1262, -1,
1262, 960, 1210, -1,
1262, 1210, 1263, -1,
1263, 1210, 1209, -1,
1263, 1209, 1264, -1,
1264, 1209, 1208, -1,
1264, 1208, 1265, -1,
1265, 1208, 1218, -1,
1265, 1218, 1266, -1,
1266, 1218, 1216, -1,
1266, 1216, 1267, -1,
1267, 1216, 1215, -1,
1267, 1215, 1268, -1,
1268, 1215, 1221, -1,
1268, 1221, 954, -1,
954, 1221, 952, -1,
936, 938, 1269, -1,
1269, 938, 1227, -1,
1269, 1227, 1270, -1,
1270, 1227, 1240, -1,
1270, 1240, 1271, -1,
1271, 1240, 1239, -1,
1271, 1239, 1272, -1,
1272, 1239, 1238, -1,
1272, 1238, 1273, -1,
1273, 1238, 1234, -1,
1273, 1234, 1274, -1,
1274, 1234, 1230, -1,
1274, 1230, 1275, -1,
1275, 1230, 1228, -1,
1275, 1228, 977, -1,
977, 1228, 975, -1,
936, 1276, 937, -1,
937, 1276, 1244, -1,
1244, 1276, 1248, -1,
1248, 1276, 1277, -1,
1248, 1277, 1249, -1,
1249, 1277, 1278, -1,
1249, 1278, 1241, -1,
1278, 1279, 1241, -1,
1241, 1279, 935, -1,
1241, 935, 933, -1,
933, 932, 1242, -1,
1242, 932, 1280, -1,
1242, 1280, 1253, -1,
1253, 1280, 1281, -1,
1253, 1281, 1252, -1,
1252, 1281, 1282, -1,
1252, 1282, 829, -1,
829, 1282, 831, -1,
929, 928, 1283, -1,
1283, 928, 1284, -1,
1283, 1284, 1285, -1,
1285, 1284, 1286, -1,
1285, 1286, 1287, -1,
1287, 1286, 1288, -1,
1287, 1288, 834, -1,
834, 1288, 836, -1,
1289, 959, 1254, -1,
1290, 846, 837, -1,
1284, 928, 1291, -1,
1284, 1292, 1286, -1,
1286, 1292, 1293, -1,
1286, 1293, 1288, -1,
1288, 1293, 1294, -1,
1288, 1294, 836, -1,
1284, 1291, 1292, -1,
1292, 1291, 1295, -1,
1292, 1295, 1296, -1,
1296, 1297, 1292, -1,
1292, 1297, 1298, -1,
1292, 1298, 1293, -1,
1293, 1298, 1290, -1,
1293, 1290, 1294, -1,
1294, 1290, 837, -1,
1294, 837, 836, -1,
847, 846, 1256, -1,
1256, 846, 1290, -1,
1256, 1290, 1255, -1,
1255, 1290, 1298, -1,
1255, 1298, 1254, -1,
1254, 1298, 1297, -1,
1254, 1297, 1289, -1,
1289, 1297, 1296, -1,
993, 1299, 1300, -1,
1259, 1301, 1258, -1,
1258, 1301, 1302, -1,
1258, 1302, 1257, -1,
1257, 1302, 1261, -1,
1261, 1302, 1303, -1,
1261, 1303, 1260, -1,
1260, 1303, 1268, -1,
1260, 1268, 954, -1,
1304, 1305, 1300, -1,
1300, 1305, 1306, -1,
1300, 1306, 993, -1,
993, 1262, 1307, -1,
1307, 1262, 1263, -1,
1299, 993, 1307, -1,
1304, 1300, 1308, -1,
1308, 1300, 1299, -1,
1308, 1299, 1309, -1,
1309, 1299, 1307, -1,
1309, 1307, 1310, -1,
1310, 1307, 1263, -1,
1310, 1263, 1264, -1,
1311, 1312, 1313, -1,
1313, 1312, 1314, -1,
1264, 1315, 1310, -1,
1310, 1315, 1316, -1,
1310, 1316, 1309, -1,
1309, 1316, 1313, -1,
1309, 1313, 1308, -1,
1308, 1313, 1314, -1,
1308, 1314, 1304, -1,
1259, 956, 1301, -1,
1301, 956, 1317, -1,
1301, 1317, 1311, -1,
1264, 1265, 1315, -1,
1315, 1265, 1266, -1,
1315, 1266, 1267, -1,
1311, 1313, 1301, -1,
1301, 1313, 1316, -1,
1301, 1316, 1302, -1,
1302, 1316, 1315, -1,
1302, 1315, 1303, -1,
1303, 1315, 1267, -1,
1303, 1267, 1268, -1,
1274, 1275, 1318, -1,
1279, 1278, 1319, -1,
1320, 1277, 1276, -1,
1274, 1318, 1273, -1,
1273, 1318, 1321, -1,
1273, 1321, 1272, -1,
1272, 1321, 1322, -1,
1272, 1322, 1271, -1,
977, 1323, 1324, -1,
1324, 1323, 1325, -1,
1324, 1325, 1326, -1,
1326, 1325, 1327, -1,
1326, 1327, 1328, -1,
1328, 1327, 1329, -1,
1271, 1322, 1270, -1,
1270, 1322, 1320, -1,
1270, 1320, 1269, -1,
1269, 1320, 1276, -1,
1269, 1276, 936, -1,
1278, 1277, 1319, -1,
1319, 1277, 1320, -1,
1319, 1320, 1328, -1,
1328, 1320, 1322, -1,
1328, 1322, 1326, -1,
1326, 1322, 1321, -1,
1326, 1321, 1324, -1,
1324, 1321, 1318, -1,
1324, 1318, 977, -1,
1275, 977, 1318, -1,
935, 1279, 1330, -1,
1330, 1279, 1319, -1,
1330, 1319, 1331, -1,
1331, 1319, 1328, -1,
1331, 1328, 1332, -1,
1332, 1328, 1329, -1,
1333, 929, 1283, -1,
1334, 833, 832, -1,
1280, 932, 1335, -1,
1280, 1336, 1281, -1,
1281, 1336, 1337, -1,
1281, 1337, 1282, -1,
1282, 1337, 1338, -1,
1282, 1338, 831, -1,
1280, 1335, 1336, -1,
1336, 1335, 1339, -1,
1336, 1339, 1340, -1,
1340, 1341, 1336, -1,
1336, 1341, 1342, -1,
1336, 1342, 1337, -1,
1337, 1342, 1334, -1,
1337, 1334, 1338, -1,
1338, 1334, 832, -1,
1338, 832, 831, -1,
834, 833, 1287, -1,
1287, 833, 1334, -1,
1287, 1334, 1285, -1,
1285, 1334, 1342, -1,
1285, 1342, 1283, -1,
1283, 1342, 1341, -1,
1283, 1341, 1333, -1,
1333, 1341, 1340, -1,
1289, 1296, 1343, -1,
1343, 1296, 1295, -1,
1343, 1295, 1344, -1,
1344, 1295, 1291, -1,
1344, 1291, 1345, -1,
1345, 1291, 928, -1,
1345, 928, 930, -1,
958, 959, 1346, -1,
1346, 959, 1289, -1,
1346, 1289, 1347, -1,
1347, 1289, 1343, -1,
956, 958, 1317, -1,
1317, 958, 1348, -1,
1317, 1348, 1311, -1,
1311, 1348, 1349, -1,
1311, 1349, 1312, -1,
1312, 1349, 1350, -1,
1312, 1350, 1314, -1,
1314, 1350, 1351, -1,
1314, 1351, 1304, -1,
1304, 1351, 1352, -1,
1304, 1352, 1305, -1,
1305, 1352, 1353, -1,
1305, 1353, 1306, -1,
1306, 1353, 1354, -1,
1306, 1354, 993, -1,
993, 1354, 988, -1,
934, 935, 1355, -1,
1355, 935, 1330, -1,
1355, 1330, 1356, -1,
1356, 1330, 1331, -1,
1356, 1331, 1357, -1,
1357, 1331, 1332, -1,
1357, 1332, 1358, -1,
1358, 1332, 1329, -1,
1358, 1329, 1359, -1,
1359, 1329, 1327, -1,
1359, 1327, 1360, -1,
1360, 1327, 1325, -1,
1360, 1325, 1361, -1,
1361, 1325, 1323, -1,
1361, 1323, 982, -1,
982, 1323, 977, -1,
931, 929, 1362, -1,
1362, 929, 1333, -1,
1362, 1333, 1363, -1,
1363, 1333, 1340, -1,
1363, 1340, 1364, -1,
1364, 1340, 1339, -1,
1364, 1339, 1365, -1,
1365, 1339, 1335, -1,
1365, 1335, 1366, -1,
1366, 1335, 932, -1,
1366, 932, 934, -1,
988, 1367, 1368, -1,
1345, 1369, 1344, -1,
1344, 1369, 1370, -1,
1344, 1370, 1343, -1,
1343, 1370, 1347, -1,
1347, 1370, 1371, -1,
1347, 1371, 1346, -1,
1346, 1371, 1348, -1,
1346, 1348, 958, -1,
1372, 1373, 1368, -1,
1368, 1373, 1374, -1,
1368, 1374, 988, -1,
988, 1354, 1375, -1,
1375, 1354, 1353, -1,
1367, 988, 1375, -1,
1372, 1368, 1376, -1,
1376, 1368, 1367, -1,
1376, 1367, 1377, -1,
1377, 1367, 1375, -1,
1377, 1375, 1378, -1,
1378, 1375, 1353, -1,
1378, 1353, 1352, -1,
1379, 1380, 1381, -1,
1381, 1380, 1382, -1,
1352, 1383, 1378, -1,
1378, 1383, 1384, -1,
1378, 1384, 1377, -1,
1377, 1384, 1381, -1,
1377, 1381, 1376, -1,
1376, 1381, 1382, -1,
1376, 1382, 1372, -1,
1345, 930, 1369, -1,
1369, 930, 1385, -1,
1369, 1385, 1379, -1,
1352, 1351, 1383, -1,
1383, 1351, 1350, -1,
1383, 1350, 1349, -1,
1379, 1381, 1369, -1,
1369, 1381, 1384, -1,
1369, 1384, 1370, -1,
1370, 1384, 1383, -1,
1370, 1383, 1371, -1,
1371, 1383, 1349, -1,
1371, 1349, 1348, -1,
982, 1386, 1387, -1,
1366, 1388, 1365, -1,
1365, 1388, 1389, -1,
1365, 1389, 1364, -1,
1364, 1389, 1363, -1,
1363, 1389, 1390, -1,
1363, 1390, 1362, -1,
1362, 1390, 1391, -1,
1362, 1391, 931, -1,
1359, 1360, 1387, -1,
1387, 1360, 1361, -1,
1387, 1361, 982, -1,
982, 1392, 1393, -1,
1393, 1392, 1394, -1,
1386, 982, 1393, -1,
1359, 1387, 1395, -1,
1395, 1387, 1386, -1,
1395, 1386, 1396, -1,
1396, 1386, 1393, -1,
1396, 1393, 1397, -1,
1397, 1393, 1394, -1,
1397, 1394, 1398, -1,
1356, 1357, 1399, -1,
1399, 1357, 1358, -1,
1398, 1400, 1397, -1,
1397, 1400, 1401, -1,
1397, 1401, 1396, -1,
1396, 1401, 1399, -1,
1396, 1399, 1395, -1,
1395, 1399, 1358, -1,
1395, 1358, 1359, -1,
1366, 934, 1388, -1,
1388, 934, 1355, -1,
1388, 1355, 1356, -1,
1398, 1402, 1400, -1,
1400, 1402, 1403, -1,
1400, 1403, 1404, -1,
1356, 1399, 1388, -1,
1388, 1399, 1401, -1,
1388, 1401, 1389, -1,
1389, 1401, 1400, -1,
1389, 1400, 1390, -1,
1390, 1400, 1404, -1,
1390, 1404, 1391, -1,
982, 988, 1392, -1,
1392, 988, 1374, -1,
1392, 1374, 1394, -1,
1394, 1374, 1373, -1,
1394, 1373, 1398, -1,
1398, 1373, 1372, -1,
1398, 1372, 1402, -1,
1402, 1372, 1382, -1,
1402, 1382, 1403, -1,
1403, 1382, 1380, -1,
1403, 1380, 1404, -1,
1404, 1380, 1379, -1,
1404, 1379, 1391, -1,
1391, 1379, 1385, -1,
1391, 1385, 931, -1,
931, 1385, 930, -1,
1405, 1406, 1407, -1,
1408, 1409, 1410, -1,
1411, 1412, 1413, -1,
1414, 1415, 1416, -1,
1417, 1418, 1419, -1,
1420, 1421, 1422, -1,
1423, 1424, 1425, -1,
1426, 1427, 1428, -1,
1429, 1430, 894, -1,
1431, 1432, 897, -1,
1433, 1434, 1435, -1,
1435, 1434, 1436, -1,
1435, 1436, 1437, -1,
1438, 1439, 1440, -1,
1440, 1439, 1441, -1,
1440, 1441, 1435, -1,
1435, 1441, 1442, -1,
1435, 1442, 1433, -1,
897, 1432, 898, -1,
1432, 1443, 898, -1,
898, 1443, 1444, -1,
898, 1444, 917, -1,
917, 1444, 1438, -1,
896, 1445, 897, -1,
897, 1445, 1446, -1,
897, 1446, 1431, -1,
1447, 1448, 896, -1,
1448, 1449, 896, -1,
896, 1449, 1450, -1,
896, 1450, 1445, -1,
1445, 1450, 1451, -1,
1445, 1451, 1452, -1,
1452, 1451, 1453, -1,
1452, 1453, 1454, -1,
894, 1430, 895, -1,
1430, 1455, 895, -1,
895, 1455, 1456, -1,
895, 1456, 896, -1,
896, 1456, 1457, -1,
896, 1457, 1447, -1,
1429, 894, 1458, -1,
1458, 894, 893, -1,
1458, 893, 1459, -1,
1459, 893, 891, -1,
1459, 891, 1460, -1,
1461, 1462, 892, -1,
892, 1462, 1463, -1,
892, 1463, 1464, -1,
1465, 1466, 1467, -1,
1467, 1466, 1468, -1,
1469, 1470, 1471, -1,
1471, 1470, 1472, -1,
1471, 1472, 1473, -1,
1423, 1474, 1424, -1,
1424, 1474, 1475, -1,
1424, 1475, 1471, -1,
1471, 1475, 1476, -1,
1471, 1476, 1469, -1,
1477, 1478, 1471, -1,
1471, 1478, 1479, -1,
1471, 1479, 1480, -1,
1465, 1481, 1466, -1,
1466, 1481, 1482, -1,
1466, 1482, 1483, -1,
1473, 1484, 1471, -1,
1471, 1484, 1485, -1,
1471, 1485, 1477, -1,
1485, 1486, 1477, -1,
1477, 1486, 1487, -1,
1477, 1487, 1488, -1,
1480, 1489, 1471, -1,
1471, 1489, 1490, -1,
1471, 1490, 892, -1,
892, 1490, 1491, -1,
892, 1491, 1461, -1,
892, 1492, 891, -1,
891, 1492, 1493, -1,
891, 1493, 1460, -1,
1464, 1494, 892, -1,
892, 1494, 1495, -1,
892, 1495, 1496, -1,
1496, 1497, 892, -1,
892, 1497, 1498, -1,
892, 1498, 1492, -1,
1499, 1500, 1501, -1,
1501, 1500, 1502, -1,
1501, 1502, 1466, -1,
1466, 1502, 1503, -1,
1466, 1503, 1468, -1,
1504, 1505, 1466, -1,
1466, 1505, 1506, -1,
1466, 1506, 1507, -1,
1488, 1508, 1477, -1,
1477, 1508, 1509, -1,
1477, 1509, 1510, -1,
1510, 1509, 1499, -1,
1510, 1499, 1511, -1,
1511, 1499, 1501, -1,
1483, 1512, 1466, -1,
1466, 1512, 1513, -1,
1466, 1513, 1514, -1,
1514, 1515, 1466, -1,
1466, 1515, 1516, -1,
1466, 1516, 1504, -1,
1506, 1517, 1507, -1,
1507, 1517, 1518, -1,
1507, 1518, 1519, -1,
1519, 1518, 1520, -1,
1521, 1428, 1522, -1,
1522, 1428, 1523, -1,
1522, 1523, 1524, -1,
1524, 1523, 1525, -1,
1520, 1526, 1519, -1,
1519, 1526, 1527, -1,
1519, 1527, 1523, -1,
1523, 1527, 1528, -1,
1523, 1528, 1525, -1,
1426, 1529, 1427, -1,
1427, 1529, 1530, -1,
1427, 1530, 1531, -1,
1532, 1533, 1534, -1,
1534, 1533, 1535, -1,
1534, 1535, 1521, -1,
1521, 1535, 1536, -1,
1521, 1536, 1428, -1,
1428, 1536, 1537, -1,
1428, 1537, 1426, -1,
1538, 1539, 1534, -1,
1534, 1539, 1540, -1,
1534, 1540, 1532, -1,
1538, 1541, 1539, -1,
1539, 1541, 1542, -1,
1539, 1542, 1543, -1,
1544, 1545, 1546, -1,
1546, 1525, 1544, -1,
1544, 1525, 1528, -1,
1544, 1528, 1547, -1,
1547, 1528, 1548, -1,
1548, 1549, 1547, -1,
1547, 1549, 1550, -1,
1547, 1550, 1551, -1,
1552, 1553, 1554, -1,
1555, 1556, 1553, -1,
1556, 1557, 1553, -1,
1553, 1557, 1558, -1,
1553, 1558, 1559, -1,
1554, 1560, 1552, -1,
1552, 1560, 1561, -1,
1552, 1561, 1562, -1,
1545, 1544, 1552, -1,
1552, 1544, 1563, -1,
1552, 1563, 1553, -1,
1553, 1563, 1564, -1,
1553, 1564, 1555, -1,
1559, 1565, 1553, -1,
1553, 1565, 1566, -1,
1553, 1566, 1567, -1,
1567, 1566, 1568, -1,
1567, 1568, 1569, -1,
1569, 1568, 1570, -1,
1571, 1572, 1562, -1,
1562, 1572, 1573, -1,
1562, 1573, 1552, -1,
1574, 1575, 1425, -1,
1425, 1575, 1576, -1,
1425, 1576, 1423, -1,
1437, 1577, 1435, -1,
1435, 1577, 1578, -1,
1435, 1578, 1579, -1,
1579, 1578, 1580, -1,
1579, 1580, 1420, -1,
1581, 1582, 1583, -1,
1583, 1582, 1584, -1,
1585, 1586, 1587, -1,
1587, 1586, 1588, -1,
1584, 1589, 1583, -1,
1583, 1589, 1590, -1,
1583, 1590, 1591, -1,
1591, 1590, 1592, -1,
1591, 1592, 1417, -1,
1585, 1593, 1586, -1,
1586, 1593, 1594, -1,
1586, 1594, 1595, -1,
1595, 1596, 1586, -1,
1586, 1596, 1597, -1,
1586, 1597, 1583, -1,
1583, 1597, 1598, -1,
1583, 1598, 1581, -1,
1419, 1418, 1599, -1,
1418, 1600, 1599, -1,
1599, 1600, 1601, -1,
1599, 1601, 1602, -1,
1602, 1601, 1588, -1,
1419, 1603, 1604, -1,
1419, 1605, 1606, -1,
1607, 1605, 1608, -1,
1608, 1605, 1419, -1,
1608, 1419, 1609, -1,
1609, 1419, 1604, -1,
1609, 1604, 1610, -1,
1608, 1611, 1607, -1,
1607, 1611, 1612, -1,
1607, 1612, 1613, -1,
1604, 1614, 1610, -1,
1610, 1614, 1615, -1,
1610, 1615, 1616, -1,
1603, 1419, 1617, -1,
1617, 1419, 1599, -1,
1617, 1599, 1618, -1,
1619, 1620, 1618, -1,
1618, 1620, 1621, -1,
1618, 1621, 1617, -1,
1622, 1623, 1624, -1,
1625, 1626, 1623, -1,
1623, 1626, 1627, -1,
1623, 1627, 1624, -1,
1417, 1419, 1591, -1,
1591, 1419, 1606, -1,
1591, 1606, 1628, -1,
1628, 1606, 1629, -1,
1628, 1629, 1630, -1,
1630, 1629, 1631, -1,
1630, 1631, 1632, -1,
1633, 1634, 1635, -1,
1635, 1634, 1636, -1,
1635, 1636, 1631, -1,
1631, 1636, 1637, -1,
1631, 1637, 1632, -1,
1638, 1639, 1640, -1,
1641, 1642, 1643, -1,
1644, 1645, 1640, -1,
1640, 1645, 1646, -1,
1647, 1648, 1649, -1,
1649, 1648, 1650, -1,
1649, 1650, 1639, -1,
1639, 1650, 1651, -1,
1639, 1651, 1652, -1,
1652, 1653, 1639, -1,
1639, 1653, 1654, -1,
1639, 1654, 1640, -1,
1640, 1654, 1655, -1,
1640, 1655, 1644, -1,
1643, 1642, 1656, -1,
1657, 1658, 1659, -1,
1645, 1660, 1646, -1,
1646, 1660, 1661, -1,
1646, 1661, 1662, -1,
1662, 1663, 1646, -1,
1646, 1663, 1664, -1,
1646, 1664, 1665, -1,
1666, 1667, 1668, -1,
1668, 1667, 1669, -1,
1668, 1669, 1670, -1,
1668, 1671, 1642, -1,
1642, 1671, 1672, -1,
1642, 1672, 1656, -1,
1664, 1673, 1665, -1,
1665, 1673, 1674, -1,
1665, 1674, 1659, -1,
1670, 1675, 1668, -1,
1668, 1675, 1676, -1,
1668, 1676, 1671, -1,
1677, 1678, 1679, -1,
1679, 1678, 1680, -1,
1679, 1680, 1681, -1,
1679, 1682, 1677, -1,
1677, 1682, 1683, -1,
1677, 1683, 1684, -1,
1684, 1685, 1677, -1,
1677, 1685, 1686, -1,
1677, 1686, 1687, -1,
1687, 1686, 1688, -1,
1687, 1688, 1689, -1,
1689, 1688, 1690, -1,
1689, 1690, 1659, -1,
1659, 1690, 1691, -1,
1659, 1691, 1657, -1,
1692, 1693, 1681, -1,
1681, 1693, 1694, -1,
1681, 1694, 1679, -1,
1695, 1696, 1647, -1,
1647, 1696, 1697, -1,
1647, 1697, 1648, -1,
1695, 1698, 1696, -1,
1696, 1698, 1699, -1,
1696, 1699, 1700, -1,
1700, 1699, 1701, -1,
1700, 1702, 1703, -1,
1701, 1704, 1700, -1,
1700, 1704, 1705, -1,
1700, 1705, 1706, -1,
1706, 1707, 1700, -1,
1700, 1707, 1708, -1,
1700, 1708, 1702, -1,
1703, 1709, 1700, -1,
1700, 1709, 1710, -1,
1700, 1710, 1711, -1,
1712, 1713, 1414, -1,
1414, 1713, 1714, -1,
1715, 1716, 1717, -1,
1718, 1719, 1720, -1,
1720, 1719, 1721, -1,
1720, 1721, 1722, -1,
1721, 1723, 1722, -1,
1722, 1723, 1724, -1,
1722, 1724, 1725, -1,
1726, 1724, 1727, -1,
1727, 1724, 1723, -1,
1727, 1723, 1728, -1,
1728, 1723, 1721, -1,
1728, 1721, 1729, -1,
1729, 1721, 1730, -1,
1729, 1730, 1415, -1,
1731, 1732, 1733, -1,
1733, 1732, 1734, -1,
1735, 1736, 1734, -1,
1734, 1736, 1737, -1,
1734, 1737, 1733, -1,
1733, 1737, 1738, -1,
1739, 1740, 1741, -1,
1741, 1740, 1742, -1,
1737, 1743, 1738, -1,
1738, 1743, 1744, -1,
1738, 1744, 1745, -1,
1746, 1747, 1748, -1,
1739, 1741, 1731, -1,
1731, 1741, 1749, -1,
1731, 1749, 1732, -1,
1732, 1749, 1750, -1,
1732, 1750, 1748, -1,
1748, 1750, 1751, -1,
1748, 1751, 1746, -1,
1752, 1753, 1735, -1,
1735, 1753, 1754, -1,
1735, 1754, 1736, -1,
1755, 1756, 1757, -1,
1757, 1756, 1758, -1,
1757, 1758, 1759, -1,
1759, 1760, 1761, -1,
1761, 1760, 1762, -1,
1755, 1763, 1764, -1,
1764, 1763, 1440, -1,
1764, 1440, 1765, -1,
1765, 1440, 1435, -1,
1765, 1435, 1762, -1,
1762, 1435, 1579, -1,
1762, 1579, 1761, -1,
1412, 1411, 1752, -1,
1752, 1411, 1766, -1,
1752, 1766, 1767, -1,
1768, 1769, 1770, -1,
1770, 1769, 1771, -1,
1770, 1771, 1772, -1,
1772, 1771, 1773, -1,
1772, 1773, 1767, -1,
1767, 1773, 1747, -1,
1767, 1747, 1752, -1,
1752, 1747, 1746, -1,
1752, 1746, 1753, -1,
1774, 1775, 1776, -1,
1770, 1777, 1778, -1,
1779, 1780, 1781, -1,
1781, 1780, 1782, -1,
1775, 1783, 1776, -1,
1776, 1783, 1782, -1,
1776, 1782, 1784, -1,
1784, 1782, 1780, -1,
1774, 1776, 1770, -1,
1770, 1776, 1785, -1,
1770, 1785, 1786, -1,
1778, 1787, 1770, -1,
1770, 1787, 1788, -1,
1770, 1788, 1768, -1,
1786, 1789, 1770, -1,
1770, 1789, 1790, -1,
1770, 1790, 1777, -1,
1791, 1792, 1793, -1,
1793, 1792, 1413, -1,
1794, 1795, 1410, -1,
1410, 1795, 1796, -1,
1796, 1797, 1410, -1,
1410, 1797, 1798, -1,
1410, 1798, 1408, -1,
1794, 1410, 1799, -1,
1799, 1410, 1757, -1,
1799, 1757, 1800, -1,
1759, 1761, 1757, -1,
1757, 1761, 1801, -1,
1757, 1801, 1800, -1,
1802, 1803, 1804, -1,
1804, 1803, 1805, -1,
1804, 1805, 1806, -1,
1806, 1807, 1804, -1,
1804, 1807, 1808, -1,
1804, 1808, 1761, -1,
1761, 1808, 1809, -1,
1761, 1809, 1801, -1,
1406, 1810, 1811, -1,
1811, 1810, 1812, -1,
1811, 1812, 1813, -1,
1773, 1814, 1747, -1,
1747, 1814, 1815, -1,
1747, 1815, 1407, -1,
1407, 1815, 1816, -1,
1407, 1816, 1405, -1,
1817, 1818, 1819, -1,
1817, 1820, 1821, -1,
1821, 1820, 1822, -1,
1819, 1818, 1471, -1,
1471, 1818, 1823, -1,
1471, 1823, 1424, -1,
1824, 1825, 1826, -1,
1826, 1825, 1817, -1,
1826, 1817, 1827, -1,
1827, 1817, 1821, -1,
1827, 1821, 1828, -1,
1828, 1821, 1829, -1,
1830, 1831, 1832, -1,
1832, 1831, 1822, -1,
1830, 1833, 1834, -1,
1834, 1833, 1422, -1,
1834, 1422, 1835, -1,
1823, 1836, 1424, -1,
1424, 1836, 1835, -1,
1424, 1835, 1425, -1,
1425, 1835, 1422, -1,
1425, 1422, 1574, -1,
1574, 1422, 1421, -1,
1624, 1634, 1622, -1,
1622, 1634, 1633, -1,
1622, 1633, 1837, -1,
1837, 1633, 1838, -1,
1658, 1839, 1659, -1,
1659, 1839, 1666, -1,
1659, 1666, 1665, -1,
1665, 1666, 1668, -1,
1665, 1668, 1840, -1,
1840, 1668, 1841, -1,
1632, 1842, 1630, -1,
1630, 1842, 1843, -1,
1630, 1843, 1844, -1,
1845, 1846, 1847, -1,
1633, 1665, 1838, -1,
1838, 1665, 1840, -1,
1838, 1840, 1847, -1,
1847, 1840, 1848, -1,
1847, 1848, 1845, -1,
1844, 1849, 1630, -1,
1630, 1849, 1850, -1,
1630, 1850, 1668, -1,
1668, 1850, 1851, -1,
1668, 1851, 1841, -1,
1846, 1852, 1847, -1,
1847, 1852, 1853, -1,
1847, 1853, 1854, -1,
1854, 1855, 1847, -1,
1847, 1855, 1856, -1,
1847, 1856, 1857, -1,
915, 1858, 916, -1,
916, 1858, 1859, -1,
1860, 1861, 1583, -1,
1583, 1861, 1586, -1,
1586, 1861, 1862, -1,
1586, 1862, 1858, -1,
1858, 1862, 1863, -1,
1858, 1863, 1859, -1,
1859, 1863, 1864, -1,
1859, 1864, 1865, -1,
1866, 1867, 1865, -1,
1865, 1867, 1860, -1,
1865, 1860, 1859, -1,
1859, 1860, 1583, -1,
1588, 1586, 1602, -1,
1602, 1586, 1858, -1,
1602, 1858, 1868, -1,
1868, 1858, 915, -1,
1868, 915, 914, -1,
1415, 1730, 1416, -1,
1416, 1730, 1869, -1,
1416, 1869, 1870, -1,
1870, 1869, 908, -1,
1870, 908, 907, -1,
1414, 1416, 1712, -1,
1712, 1416, 1870, -1,
1712, 1870, 1871, -1,
1871, 1870, 907, -1,
1871, 907, 906, -1,
1872, 1873, 1715, -1,
1874, 1875, 1876, -1,
1876, 1875, 1877, -1,
1873, 1878, 1715, -1,
1715, 1878, 1879, -1,
1715, 1879, 1880, -1,
1734, 1881, 1876, -1,
1876, 1881, 1882, -1,
1876, 1882, 1883, -1,
1880, 1884, 1715, -1,
1715, 1884, 1885, -1,
1715, 1885, 1732, -1,
1732, 1885, 1886, -1,
1732, 1886, 1734, -1,
1734, 1886, 1887, -1,
1734, 1887, 1881, -1,
1883, 1888, 1876, -1,
1876, 1888, 1889, -1,
1876, 1889, 1874, -1,
1714, 1713, 1717, -1,
1717, 1713, 1876, -1,
1717, 1876, 1715, -1,
1715, 1876, 1877, -1,
1715, 1877, 1872, -1,
1406, 1811, 1407, -1,
1407, 1811, 1890, -1,
1407, 1890, 1747, -1,
1747, 1890, 1891, -1,
1747, 1891, 1748, -1,
1748, 1891, 1892, -1,
1748, 1892, 1732, -1,
1732, 1892, 1719, -1,
1732, 1719, 1715, -1,
1715, 1719, 1718, -1,
1715, 1718, 1716, -1,
1413, 1412, 1793, -1,
1793, 1412, 1752, -1,
1793, 1752, 1893, -1,
1893, 1752, 1735, -1,
1893, 1735, 1894, -1,
1894, 1735, 1734, -1,
1894, 1734, 1895, -1,
1895, 1734, 1876, -1,
1895, 1876, 1896, -1,
1896, 1876, 1713, -1,
1896, 1713, 1897, -1,
1897, 1713, 1712, -1,
1897, 1712, 1898, -1,
1898, 1712, 1871, -1,
1898, 1871, 1899, -1,
1899, 1871, 906, -1,
1899, 906, 905, -1,
1900, 1901, 1902, -1,
1641, 1903, 1904, -1,
1904, 1903, 1905, -1,
1906, 1907, 1640, -1,
1640, 1907, 1908, -1,
1640, 1908, 1909, -1,
1910, 1911, 1912, -1,
1909, 1913, 1640, -1,
1640, 1913, 1914, -1,
1640, 1914, 1915, -1,
1916, 1917, 1918, -1,
1918, 1917, 1919, -1,
1918, 1919, 1640, -1,
1640, 1919, 1920, -1,
1640, 1920, 1906, -1,
1901, 1921, 1902, -1,
1902, 1921, 1922, -1,
1902, 1922, 1923, -1,
1923, 1922, 1912, -1,
1923, 1912, 1924, -1,
1924, 1912, 1911, -1,
1643, 1638, 1641, -1,
1641, 1638, 1640, -1,
1641, 1640, 1903, -1,
1903, 1640, 1915, -1,
1925, 1926, 1904, -1,
1904, 1926, 1927, -1,
1928, 1929, 1904, -1,
1904, 1929, 1930, -1,
1904, 1930, 1925, -1,
1918, 1931, 1932, -1,
1933, 1934, 1912, -1,
1912, 1934, 1935, -1,
1912, 1935, 1936, -1,
1905, 1937, 1938, -1,
1939, 1940, 1904, -1,
1904, 1940, 1941, -1,
1904, 1941, 1928, -1,
1916, 1918, 1902, -1,
1902, 1918, 1932, -1,
1902, 1932, 1900, -1,
1936, 1942, 1912, -1,
1912, 1942, 1943, -1,
1912, 1943, 1910, -1,
1938, 1944, 1905, -1,
1905, 1944, 1945, -1,
1905, 1945, 1904, -1,
1904, 1945, 1946, -1,
1904, 1946, 1939, -1,
1817, 1819, 1820, -1,
1820, 1819, 1904, -1,
1820, 1904, 1918, -1,
1918, 1904, 1927, -1,
1918, 1927, 1931, -1,
1822, 1820, 1832, -1,
1832, 1820, 1918, -1,
1832, 1918, 1947, -1,
1947, 1918, 1640, -1,
1947, 1640, 1948, -1,
1948, 1640, 1646, -1,
1948, 1646, 1949, -1,
1949, 1646, 1665, -1,
1949, 1665, 1950, -1,
1950, 1665, 1633, -1,
1950, 1633, 1619, -1,
1619, 1633, 1635, -1,
1619, 1635, 1620, -1,
1830, 1832, 1833, -1,
1833, 1832, 1947, -1,
1833, 1947, 1813, -1,
1813, 1947, 1948, -1,
1813, 1948, 1811, -1,
1811, 1948, 1949, -1,
1811, 1949, 1890, -1,
1890, 1949, 1950, -1,
1890, 1950, 1891, -1,
1891, 1950, 1619, -1,
1891, 1619, 1892, -1,
1892, 1619, 1618, -1,
1892, 1618, 1719, -1,
1719, 1618, 1599, -1,
1719, 1599, 1721, -1,
1721, 1599, 1602, -1,
1721, 1602, 1730, -1,
1730, 1602, 1868, -1,
1730, 1868, 1869, -1,
1869, 1868, 914, -1,
1869, 914, 908, -1,
1755, 1757, 1763, -1,
1763, 1757, 1410, -1,
1763, 1410, 1951, -1,
1951, 1410, 1409, -1,
1951, 1409, 1793, -1,
1793, 1409, 1952, -1,
1793, 1952, 1791, -1,
1420, 1422, 1579, -1,
1579, 1422, 1833, -1,
1579, 1833, 1761, -1,
1761, 1833, 1813, -1,
1761, 1813, 1804, -1,
1804, 1813, 1812, -1,
1804, 1812, 1802, -1,
1438, 1440, 917, -1,
917, 1440, 1763, -1,
917, 1763, 918, -1,
918, 1763, 1951, -1,
918, 1951, 919, -1,
919, 1951, 1793, -1,
919, 1793, 920, -1,
920, 1793, 1893, -1,
920, 1893, 921, -1,
921, 1893, 1894, -1,
921, 1894, 922, -1,
922, 1894, 1895, -1,
922, 1895, 923, -1,
923, 1895, 1896, -1,
923, 1896, 924, -1,
924, 1896, 1897, -1,
924, 1897, 925, -1,
925, 1897, 1898, -1,
925, 1898, 926, -1,
926, 1898, 1899, -1,
926, 1899, 927, -1,
927, 1899, 905, -1,
927, 905, 913, -1,
11, 17, 9, -1,
9, 17, 16, -1,
11, 916, 1859, -1,
1859, 1583, 11, -1,
11, 1583, 1591, -1,
11, 1591, 1628, -1,
1641, 1904, 17, -1,
1628, 1630, 11, -1,
11, 1630, 1668, -1,
11, 1668, 17, -1,
17, 1668, 1642, -1,
17, 1642, 1641, -1,
1904, 1819, 17, -1,
17, 1819, 1471, -1,
17, 1471, 892, -1,
1953, 1954, 1759, -1,
1759, 1954, 1760, -1,
1955, 1953, 1758, -1,
1758, 1953, 1759, -1,
1955, 1758, 1956, -1,
1956, 1758, 1756, -1,
1956, 1756, 1755, -1,
1957, 1956, 1764, -1,
1764, 1956, 1755, -1,
1762, 1958, 1765, -1,
1765, 1958, 1957, -1,
1765, 1957, 1764, -1,
1954, 1958, 1760, -1,
1760, 1958, 1762, -1,
1956, 1957, 1955, -1,
1955, 1957, 1958, -1,
1955, 1958, 1953, -1,
1953, 1958, 1954, -1,
1814, 1959, 1960, -1,
1961, 1810, 1406, -1,
1961, 1406, 1962, -1,
1406, 1405, 1962, -1,
1962, 1405, 1816, -1,
1962, 1816, 1960, -1,
1960, 1816, 1815, -1,
1960, 1815, 1814, -1,
1963, 1959, 1773, -1,
1773, 1959, 1814, -1,
1963, 1773, 1771, -1,
1963, 1771, 1964, -1,
1771, 1769, 1964, -1,
1964, 1769, 1768, -1,
1964, 1768, 1965, -1,
1965, 1768, 1788, -1,
1965, 1788, 1966, -1,
1966, 1788, 1787, -1,
1966, 1787, 1967, -1,
1967, 1787, 1778, -1,
1967, 1778, 1968, -1,
1968, 1778, 1777, -1,
1968, 1777, 1969, -1,
1969, 1777, 1790, -1,
1969, 1790, 1970, -1,
1970, 1790, 1789, -1,
1970, 1789, 1971, -1,
1971, 1789, 1786, -1,
1971, 1786, 1972, -1,
1972, 1786, 1785, -1,
1972, 1785, 1973, -1,
1973, 1785, 1776, -1,
1973, 1776, 1974, -1,
1974, 1776, 1784, -1,
1974, 1784, 1975, -1,
1975, 1784, 1780, -1,
1975, 1780, 1976, -1,
1976, 1780, 1779, -1,
1976, 1779, 1977, -1,
1977, 1779, 1781, -1,
1977, 1781, 1978, -1,
1978, 1781, 1782, -1,
1978, 1782, 1979, -1,
1979, 1782, 1783, -1,
1979, 1783, 1980, -1,
1980, 1783, 1775, -1,
1980, 1775, 1981, -1,
1767, 1982, 1983, -1,
1981, 1775, 1774, -1,
1981, 1774, 1984, -1,
1984, 1774, 1770, -1,
1984, 1770, 1983, -1,
1983, 1770, 1772, -1,
1983, 1772, 1767, -1,
1985, 1982, 1766, -1,
1766, 1982, 1767, -1,
1413, 1986, 1411, -1,
1411, 1986, 1985, -1,
1411, 1985, 1766, -1,
1413, 1792, 1986, -1,
1986, 1792, 1791, -1,
1986, 1791, 1987, -1,
1987, 1791, 1952, -1,
1987, 1952, 1988, -1,
1989, 1988, 1409, -1,
1409, 1988, 1952, -1,
1409, 1408, 1989, -1,
1989, 1408, 1798, -1,
1989, 1798, 1990, -1,
1990, 1798, 1797, -1,
1990, 1797, 1991, -1,
1991, 1797, 1796, -1,
1991, 1796, 1992, -1,
1992, 1796, 1795, -1,
1992, 1795, 1993, -1,
1993, 1795, 1794, -1,
1993, 1794, 1994, -1,
1794, 1799, 1994, -1,
1994, 1799, 1800, -1,
1994, 1800, 1995, -1,
1995, 1800, 1801, -1,
1995, 1801, 1996, -1,
1806, 1997, 1998, -1,
1996, 1801, 1809, -1,
1996, 1809, 1999, -1,
1999, 1809, 1808, -1,
1999, 1808, 1998, -1,
1998, 1808, 1807, -1,
1998, 1807, 1806, -1,
1810, 1961, 1812, -1,
1812, 1961, 2000, -1,
1812, 2000, 1802, -1,
1802, 2000, 2001, -1,
1802, 2001, 1803, -1,
1803, 2001, 2002, -1,
1803, 2002, 1805, -1,
1805, 2002, 1997, -1,
1805, 1997, 1806, -1,
1983, 1982, 1985, -1,
1978, 1991, 1977, -1,
1977, 1991, 1992, -1,
1977, 1992, 1976, -1,
1976, 1992, 1993, -1,
1976, 1993, 1975, -1,
1983, 1985, 1984, -1,
1984, 1985, 1986, -1,
1984, 1986, 1981, -1,
1981, 1986, 1987, -1,
1981, 1987, 1980, -1,
1980, 1987, 1988, -1,
1980, 1988, 1979, -1,
1979, 1988, 1989, -1,
1979, 1989, 1978, -1,
1978, 1989, 1990, -1,
1978, 1990, 1991, -1,
1996, 1974, 1995, -1,
1995, 1974, 1975, -1,
1995, 1975, 1994, -1,
1994, 1975, 1993, -1,
1959, 1963, 1960, -1,
1960, 1963, 1964, -1,
1960, 1964, 1962, -1,
1962, 1964, 1965, -1,
1962, 1965, 1961, -1,
1961, 1965, 1966, -1,
1961, 1966, 2000, -1,
2000, 1966, 1967, -1,
2000, 1967, 2001, -1,
2001, 1967, 1968, -1,
2001, 1968, 2002, -1,
2002, 1968, 1969, -1,
2002, 1969, 1997, -1,
1997, 1969, 1970, -1,
1997, 1970, 1998, -1,
1998, 1970, 1971, -1,
1998, 1971, 1999, -1,
1999, 1971, 1972, -1,
1999, 1972, 1996, -1,
1996, 1972, 1973, -1,
1996, 1973, 1974, -1,
2003, 2004, 1749, -1,
1749, 2004, 1750, -1,
1742, 2005, 1741, -1,
1741, 2005, 2003, -1,
1741, 2003, 1749, -1,
2006, 2005, 1740, -1,
1740, 2005, 1742, -1,
1731, 2007, 1739, -1,
1739, 2007, 2006, -1,
1739, 2006, 1740, -1,
2008, 2007, 1733, -1,
1733, 2007, 1731, -1,
1745, 2009, 1738, -1,
1738, 2009, 2008, -1,
1738, 2008, 1733, -1,
2010, 2009, 1744, -1,
1744, 2009, 1745, -1,
1737, 2011, 1743, -1,
1743, 2011, 2010, -1,
1743, 2010, 1744, -1,
2012, 2011, 1736, -1,
1736, 2011, 1737, -1,
1753, 2013, 1754, -1,
1754, 2013, 2012, -1,
1754, 2012, 1736, -1,
2014, 2013, 1746, -1,
1746, 2013, 1753, -1,
1750, 2004, 1751, -1,
1751, 2004, 2014, -1,
1751, 2014, 1746, -1,
2014, 2004, 2003, -1,
2003, 2005, 2014, -1,
2014, 2005, 2006, -1,
2014, 2006, 2013, -1,
2011, 2012, 2010, -1,
2010, 2012, 2013, -1,
2010, 2013, 2009, -1,
2009, 2013, 2006, -1,
2009, 2006, 2008, -1,
2008, 2006, 2007, -1,
2015, 2016, 2017, -1,
2017, 2016, 2018, -1,
2017, 2018, 2019, -1,
2019, 2018, 2020, -1,
2019, 2020, 2021, -1,
2021, 2020, 2022, -1,
2021, 2022, 2023, -1,
2023, 2022, 2024, -1,
2023, 2024, 2025, -1,
2025, 2024, 2026, -1,
2025, 2026, 2027, -1,
2027, 2026, 2028, -1,
2027, 2028, 2029, -1,
2029, 2028, 2030, -1,
2029, 2030, 2031, -1,
2031, 2030, 2032, -1,
2031, 2032, 2033, -1,
2033, 2032, 2034, -1,
2033, 2034, 2035, -1,
2035, 2034, 2036, -1,
2035, 2036, 2037, -1,
2037, 2036, 2038, -1,
2037, 2038, 2039, -1,
2039, 2038, 2040, -1,
2039, 2040, 2041, -1,
2041, 2040, 2042, -1,
2041, 2042, 2043, -1,
2043, 2042, 2044, -1,
2043, 2044, 2045, -1,
2045, 2044, 2046, -1,
2045, 2046, 2047, -1,
2047, 2046, 2048, -1,
2047, 2048, 2049, -1,
2049, 2048, 2015, -1,
2049, 2015, 2017, -1,
2023, 2025, 1885, -1,
1885, 2025, 1886, -1,
2023, 1885, 1884, -1,
2023, 1884, 2021, -1,
2021, 1884, 1880, -1,
2021, 1880, 2019, -1,
2019, 1880, 1879, -1,
2019, 1879, 2017, -1,
2017, 1879, 1878, -1,
2017, 1878, 2049, -1,
2049, 1878, 1873, -1,
2049, 1873, 2047, -1,
2047, 1873, 1872, -1,
2047, 1872, 2045, -1,
2045, 1872, 1877, -1,
2045, 1877, 2043, -1,
2043, 1877, 1875, -1,
2043, 1875, 2041, -1,
2041, 1875, 1874, -1,
2041, 1874, 2039, -1,
2039, 1874, 1889, -1,
2039, 1889, 2037, -1,
2037, 1889, 1888, -1,
2037, 1888, 2035, -1,
2035, 1888, 1883, -1,
2035, 1883, 2033, -1,
2033, 1883, 1882, -1,
2033, 1882, 2031, -1,
2031, 1882, 1881, -1,
2031, 1881, 2029, -1,
2027, 2029, 1887, -1,
1887, 2029, 1881, -1,
2025, 2027, 1886, -1,
1886, 2027, 1887, -1,
2030, 2028, 2050, -1,
2050, 2028, 2051, -1,
2028, 2026, 2051, -1,
2051, 2026, 2052, -1,
2026, 2024, 2052, -1,
2052, 2024, 2053, -1,
2016, 2054, 2055, -1,
2016, 2055, 2018, -1,
2018, 2055, 2056, -1,
2018, 2056, 2020, -1,
2020, 2056, 2057, -1,
2020, 2057, 2022, -1,
2022, 2057, 2053, -1,
2022, 2053, 2024, -1,
2044, 2058, 2059, -1,
2044, 2059, 2046, -1,
2046, 2059, 2060, -1,
2046, 2060, 2048, -1,
2048, 2060, 2061, -1,
2048, 2061, 2015, -1,
2015, 2061, 2054, -1,
2015, 2054, 2016, -1,
2036, 2062, 2063, -1,
2036, 2063, 2038, -1,
2038, 2063, 2064, -1,
2038, 2064, 2040, -1,
2040, 2064, 2065, -1,
2040, 2065, 2042, -1,
2042, 2065, 2058, -1,
2042, 2058, 2044, -1,
2030, 2050, 2066, -1,
2030, 2066, 2032, -1,
2032, 2066, 2067, -1,
2032, 2067, 2034, -1,
2034, 2067, 2062, -1,
2034, 2062, 2036, -1,
2051, 2052, 2050, -1,
2050, 2052, 2053, -1,
2050, 2053, 2057, -1,
2057, 2056, 2050, -1,
2050, 2056, 2055, -1,
2050, 2055, 2054, -1,
2054, 2061, 2050, -1,
2050, 2061, 2060, -1,
2050, 2060, 2059, -1,
2059, 2058, 2050, -1,
2050, 2058, 2065, -1,
2050, 2065, 2064, -1,
2064, 2063, 2050, -1,
2050, 2063, 2062, -1,
2050, 2062, 2066, -1,
2066, 2062, 2067, -1,
2068, 2069, 2070, -1,
2071, 2072, 2073, -1,
2069, 2074, 2070, -1,
2070, 2074, 2075, -1,
2070, 2075, 2076, -1,
2076, 2075, 2077, -1,
2076, 2077, 2078, -1,
2078, 2079, 2076, -1,
2076, 2079, 2080, -1,
2076, 2080, 2081, -1,
2082, 2081, 2083, -1,
2083, 2081, 2080, -1,
2083, 2080, 2073, -1,
2073, 2080, 2068, -1,
2073, 2068, 2071, -1,
2071, 2068, 2070, -1,
1414, 2076, 1415, -1,
1415, 2076, 2081, -1,
1415, 2081, 1729, -1,
2070, 2076, 1714, -1,
1714, 2076, 1414, -1,
1716, 1718, 2071, -1,
1716, 2071, 1717, -1,
1717, 2071, 2070, -1,
1717, 2070, 1714, -1,
2072, 2071, 1720, -1,
1720, 2071, 1718, -1,
1725, 2073, 1722, -1,
1722, 2073, 2072, -1,
1722, 2072, 1720, -1,
1726, 2083, 1724, -1,
1724, 2083, 2073, -1,
1724, 2073, 1725, -1,
2083, 1726, 2082, -1,
2082, 1726, 1727, -1,
2082, 1727, 1728, -1,
2081, 2082, 1729, -1,
1729, 2082, 1728, -1,
2068, 2080, 2084, -1,
2084, 2080, 2085, -1,
2080, 2079, 2085, -1,
2085, 2079, 2086, -1,
2077, 2087, 2088, -1,
2077, 2088, 2078, -1,
2078, 2088, 2086, -1,
2078, 2086, 2079, -1,
2077, 2075, 2087, -1,
2087, 2075, 2089, -1,
2069, 2090, 2091, -1,
2069, 2091, 2074, -1,
2074, 2091, 2089, -1,
2074, 2089, 2075, -1,
2069, 2068, 2090, -1,
2090, 2068, 2084, -1,
2087, 2089, 2088, -1,
2088, 2089, 2091, -1,
2088, 2091, 2086, -1,
2086, 2091, 2090, -1,
2086, 2090, 2085, -1,
2085, 2090, 2084, -1,
2092, 2093, 1817, -1,
1817, 2093, 1818, -1,
2094, 2092, 1825, -1,
1825, 2092, 1817, -1,
2095, 2094, 1824, -1,
1824, 2094, 1825, -1,
2096, 2095, 1826, -1,
1826, 2095, 1824, -1,
2097, 2096, 1827, -1,
1827, 2096, 1826, -1,
2098, 2097, 1828, -1,
1828, 2097, 1827, -1,
2099, 2098, 1829, -1,
1829, 2098, 1828, -1,
2100, 2099, 1821, -1,
1821, 2099, 1829, -1,
2100, 1821, 1822, -1,
2100, 1822, 2101, -1,
2101, 1822, 1831, -1,
2101, 1831, 1830, -1,
2102, 2101, 1834, -1,
1834, 2101, 1830, -1,
1823, 2103, 1836, -1,
1836, 2103, 2102, -1,
1836, 2102, 1835, -1,
1835, 2102, 1834, -1,
2093, 2103, 1818, -1,
1818, 2103, 1823, -1,
2103, 2093, 2092, -1,
2092, 2094, 2103, -1,
2103, 2094, 2095, -1,
2103, 2095, 2102, -1,
2100, 2101, 2099, -1,
2099, 2101, 2102, -1,
2099, 2102, 2098, -1,
2098, 2102, 2095, -1,
2098, 2095, 2097, -1,
2097, 2095, 2096, -1,
2104, 2105, 2106, -1,
2106, 2105, 2107, -1,
2108, 2109, 2110, -1,
2111, 2112, 2113, -1,
2113, 2112, 2114, -1,
2115, 2116, 2107, -1,
2107, 2116, 2117, -1,
2117, 2118, 2107, -1,
2107, 2118, 2119, -1,
2107, 2119, 2106, -1,
2106, 2119, 2120, -1,
2106, 2120, 2111, -1,
2111, 2120, 2121, -1,
2111, 2121, 2112, -1,
2110, 2115, 2108, -1,
2108, 2115, 2107, -1,
2108, 2107, 2122, -1,
2122, 2107, 2123, -1,
2122, 2123, 2124, -1,
2124, 2123, 2125, -1,
2124, 2125, 2126, -1,
2126, 2125, 2127, -1,
2126, 2127, 2128, -1,
2128, 2127, 2129, -1,
2128, 2129, 2130, -1,
2130, 2129, 2131, -1,
2130, 2131, 2132, -1,
2132, 2131, 2133, -1,
2132, 2133, 2134, -1,
2134, 2133, 2135, -1,
2134, 2135, 2136, -1,
2136, 2135, 2137, -1,
2136, 2137, 2138, -1,
2138, 2137, 2139, -1,
2138, 2139, 2140, -1,
2140, 2139, 2141, -1,
2142, 2143, 2144, -1,
2144, 2143, 2145, -1,
2144, 2145, 2146, -1,
2146, 2145, 2147, -1,
2146, 2147, 2148, -1,
2148, 2147, 2149, -1,
2148, 2149, 2150, -1,
2150, 2149, 2151, -1,
2150, 2151, 2152, -1,
2152, 2151, 2153, -1,
2152, 2153, 2114, -1,
2114, 2153, 2154, -1,
2114, 2154, 2113, -1,
2155, 2156, 2157, -1,
2157, 2156, 2158, -1,
2157, 2158, 2159, -1,
2159, 2158, 2160, -1,
2159, 2160, 2161, -1,
2161, 2160, 2162, -1,
2161, 2162, 2142, -1,
2142, 2162, 2163, -1,
2142, 2163, 2143, -1,
2108, 2164, 2109, -1,
2109, 2164, 2165, -1,
2109, 2165, 2166, -1,
2166, 2165, 2167, -1,
2166, 2167, 2168, -1,
2168, 2167, 2169, -1,
2168, 2169, 2170, -1,
2170, 2169, 2171, -1,
2170, 2171, 2155, -1,
2155, 2171, 2172, -1,
2155, 2172, 2156, -1,
2135, 1920, 1919, -1,
2135, 1919, 2137, -1,
2137, 1919, 1917, -1,
2137, 1917, 2139, -1,
2139, 1917, 1916, -1,
2139, 1916, 2141, -1,
2140, 2141, 1902, -1,
1902, 2141, 1916, -1,
2140, 1902, 1923, -1,
2140, 1923, 2138, -1,
2138, 1923, 1924, -1,
2138, 1924, 2136, -1,
2136, 1924, 1911, -1,
2136, 1911, 2134, -1,
2134, 1911, 1910, -1,
2134, 1910, 2132, -1,
2132, 1910, 1943, -1,
2132, 1943, 2130, -1,
2130, 1943, 1942, -1,
2130, 1942, 2128, -1,
2128, 1942, 1936, -1,
2128, 1936, 2126, -1,
2126, 1936, 1935, -1,
2126, 1935, 2124, -1,
2124, 1935, 1934, -1,
2124, 1934, 2122, -1,
2122, 1934, 1933, -1,
2122, 1933, 2108, -1,
2164, 2108, 1912, -1,
1912, 2108, 1933, -1,
2164, 1912, 1922, -1,
2164, 1922, 2165, -1,
2165, 1922, 1921, -1,
2165, 1921, 2167, -1,
2167, 1921, 1901, -1,
2167, 1901, 2169, -1,
2169, 1901, 1900, -1,
2169, 1900, 2171, -1,
2171, 1900, 1932, -1,
2171, 1932, 2172, -1,
2172, 1932, 1931, -1,
2172, 1931, 2156, -1,
2156, 1931, 1927, -1,
2156, 1927, 2158, -1,
2158, 1927, 1926, -1,
2158, 1926, 2160, -1,
2160, 1926, 1925, -1,
2160, 1925, 2162, -1,
2162, 1925, 1930, -1,
2162, 1930, 2163, -1,
2163, 1930, 1929, -1,
2163, 1929, 2143, -1,
2143, 1929, 1928, -1,
2143, 1928, 2145, -1,
2145, 1928, 1941, -1,
2145, 1941, 2147, -1,
2147, 1941, 1940, -1,
2147, 1940, 2149, -1,
2149, 1940, 1939, -1,
2149, 1939, 2151, -1,
2151, 1939, 1946, -1,
2151, 1946, 2153, -1,
2153, 1946, 1945, -1,
2153, 1945, 2154, -1,
2154, 1945, 1944, -1,
2154, 1944, 2113, -1,
2113, 1944, 1938, -1,
2113, 1938, 2111, -1,
2106, 2111, 1937, -1,
1937, 2111, 1938, -1,
2104, 2106, 1905, -1,
1905, 2106, 1937, -1,
2105, 2104, 1903, -1,
1903, 2104, 1905, -1,
2107, 2105, 1915, -1,
1915, 2105, 1903, -1,
2107, 1915, 1914, -1,
2107, 1914, 2123, -1,
2123, 1914, 1913, -1,
2123, 1913, 2125, -1,
2125, 1913, 1909, -1,
2125, 1909, 2127, -1,
2127, 1909, 1908, -1,
2127, 1908, 2129, -1,
2129, 1908, 1907, -1,
2129, 1907, 2131, -1,
2131, 1907, 1906, -1,
2131, 1906, 2133, -1,
2133, 1906, 1920, -1,
2133, 1920, 2135, -1,
2166, 2173, 2174, -1,
2166, 2174, 2109, -1,
2109, 2174, 2175, -1,
2109, 2175, 2110, -1,
2110, 2175, 2176, -1,
2110, 2176, 2115, -1,
2157, 2177, 2178, -1,
2157, 2178, 2155, -1,
2155, 2178, 2179, -1,
2155, 2179, 2170, -1,
2170, 2179, 2180, -1,
2170, 2180, 2168, -1,
2168, 2180, 2173, -1,
2168, 2173, 2166, -1,
2144, 2181, 2182, -1,
2144, 2182, 2142, -1,
2142, 2182, 2183, -1,
2142, 2183, 2161, -1,
2161, 2183, 2184, -1,
2161, 2184, 2159, -1,
2159, 2184, 2177, -1,
2159, 2177, 2157, -1,
2150, 2185, 2186, -1,
2150, 2186, 2148, -1,
2148, 2186, 2187, -1,
2148, 2187, 2146, -1,
2146, 2187, 2181, -1,
2146, 2181, 2144, -1,
2121, 2188, 2189, -1,
2121, 2189, 2112, -1,
2112, 2189, 2190, -1,
2112, 2190, 2114, -1,
2114, 2190, 2191, -1,
2114, 2191, 2152, -1,
2152, 2191, 2185, -1,
2152, 2185, 2150, -1,
2117, 2192, 2193, -1,
2117, 2193, 2118, -1,
2118, 2193, 2194, -1,
2118, 2194, 2119, -1,
2119, 2194, 2195, -1,
2119, 2195, 2120, -1,
2120, 2195, 2188, -1,
2120, 2188, 2121, -1,
2117, 2116, 2192, -1,
2192, 2116, 2196, -1,
2116, 2115, 2196, -1,
2196, 2115, 2176, -1,
2193, 2192, 2173, -1,
2192, 2196, 2176, -1,
2176, 2175, 2192, -1,
2192, 2175, 2174, -1,
2192, 2174, 2173, -1,
2193, 2173, 2194, -1,
2194, 2173, 2180, -1,
2194, 2180, 2195, -1,
2182, 2181, 2189, -1,
2182, 2189, 2183, -1,
2190, 2189, 2191, -1,
2191, 2189, 2185, -1,
2180, 2179, 2195, -1,
2195, 2179, 2178, -1,
2195, 2178, 2188, -1,
2188, 2178, 2177, -1,
2188, 2177, 2189, -1,
2189, 2177, 2184, -1,
2189, 2184, 2183, -1,
2181, 2187, 2189, -1,
2189, 2187, 2186, -1,
2189, 2186, 2185, -1,
1639, 2197, 2198, -1,
2199, 1698, 1695, -1,
2199, 1695, 2200, -1,
2200, 1695, 1647, -1,
2200, 1647, 2198, -1,
2198, 1647, 1649, -1,
2198, 1649, 1639, -1,
2201, 2197, 1638, -1,
1638, 2197, 1639, -1,
1672, 2202, 2203, -1,
2201, 1638, 1643, -1,
2201, 1643, 2203, -1,
2203, 1643, 1656, -1,
2203, 1656, 1672, -1,
2202, 1672, 1671, -1,
2202, 1671, 2204, -1,
2204, 1671, 1676, -1,
2204, 1676, 2205, -1,
2205, 1676, 1675, -1,
2205, 1675, 2206, -1,
2206, 1675, 1670, -1,
2206, 1670, 2207, -1,
2207, 1670, 1669, -1,
2207, 1669, 2208, -1,
2208, 1669, 1667, -1,
2208, 1667, 2209, -1,
2209, 1667, 1666, -1,
2209, 1666, 2210, -1,
2210, 1666, 1839, -1,
2210, 1839, 2211, -1,
2211, 1839, 1658, -1,
2211, 1658, 2212, -1,
2212, 1658, 1657, -1,
2212, 1657, 2213, -1,
2213, 1657, 1691, -1,
2213, 1691, 2214, -1,
2214, 1691, 1690, -1,
2214, 1690, 2215, -1,
2215, 1690, 1688, -1,
2215, 1688, 2216, -1,
2216, 1688, 1686, -1,
2216, 1686, 2217, -1,
2217, 1686, 1685, -1,
2217, 1685, 2218, -1,
2218, 1685, 1684, -1,
2218, 1684, 2219, -1,
2219, 1684, 1683, -1,
2219, 1683, 2220, -1,
2220, 1683, 1682, -1,
2220, 1682, 2221, -1,
2221, 1682, 1679, -1,
2221, 1679, 2222, -1,
2222, 1679, 1694, -1,
2222, 1694, 2223, -1,
2223, 1694, 1693, -1,
2223, 1693, 2224, -1,
2224, 1693, 1692, -1,
2224, 1692, 2225, -1,
2225, 1692, 1681, -1,
2225, 1681, 2226, -1,
2226, 1681, 1680, -1,
2226, 1680, 2227, -1,
2227, 1680, 1678, -1,
2227, 1678, 2228, -1,
2228, 1678, 1677, -1,
2228, 1677, 2229, -1,
2229, 1677, 1687, -1,
2229, 1687, 2230, -1,
2230, 1687, 1689, -1,
2230, 1689, 2231, -1,
2231, 1689, 1659, -1,
2231, 1659, 2232, -1,
2233, 2232, 1674, -1,
1674, 2232, 1659, -1,
2233, 1674, 1673, -1,
2233, 1673, 2234, -1,
2234, 1673, 1664, -1,
2234, 1664, 2235, -1,
2235, 1664, 1663, -1,
2235, 1663, 2236, -1,
2236, 1663, 1662, -1,
2236, 1662, 2237, -1,
2237, 1662, 1661, -1,
2237, 1661, 2238, -1,
2239, 2238, 1660, -1,
1660, 2238, 1661, -1,
1660, 1645, 2239, -1,
2239, 1645, 1644, -1,
2239, 1644, 2240, -1,
2240, 1644, 1655, -1,
2240, 1655, 2241, -1,
2241, 1655, 1654, -1,
2241, 1654, 2242, -1,
2242, 1654, 1653, -1,
2242, 1653, 2243, -1,
2243, 1653, 1652, -1,
2243, 1652, 2244, -1,
2244, 1652, 1651, -1,
2244, 1651, 2245, -1,
1696, 2246, 2247, -1,
2245, 1651, 1650, -1,
2245, 1650, 2248, -1,
2248, 1650, 1648, -1,
2248, 1648, 2247, -1,
2247, 1648, 1697, -1,
2247, 1697, 1696, -1,
2246, 1696, 1700, -1,
2246, 1700, 2249, -1,
2249, 1700, 1711, -1,
2249, 1711, 2250, -1,
2250, 1711, 1710, -1,
2250, 1710, 2251, -1,
2251, 1710, 1709, -1,
2251, 1709, 2252, -1,
2252, 1709, 1703, -1,
2252, 1703, 2253, -1,
2253, 1703, 1702, -1,
2253, 1702, 2254, -1,
2254, 1702, 1708, -1,
2254, 1708, 2255, -1,
2255, 1708, 1707, -1,
2255, 1707, 2256, -1,
2256, 1707, 1706, -1,
2256, 1706, 2257, -1,
2257, 1706, 1705, -1,
2257, 1705, 2258, -1,
2258, 1705, 1704, -1,
2258, 1704, 2259, -1,
2259, 1704, 1701, -1,
2259, 1701, 2260, -1,
2260, 1701, 1699, -1,
2260, 1699, 2261, -1,
2261, 1699, 1698, -1,
2261, 1698, 2199, -1,
2224, 2225, 2238, -1,
2238, 2225, 2237, -1,
2237, 2225, 2226, -1,
2237, 2226, 2236, -1,
2256, 2207, 2208, -1,
2249, 2216, 2246, -1,
2246, 2216, 2217, -1,
2242, 2243, 2220, -1,
2220, 2243, 2244, -1,
2220, 2244, 2219, -1,
2219, 2244, 2245, -1,
2219, 2245, 2218, -1,
2218, 2245, 2248, -1,
2218, 2248, 2217, -1,
2217, 2248, 2247, -1,
2217, 2247, 2246, -1,
2256, 2208, 2255, -1,
2255, 2208, 2209, -1,
2255, 2209, 2254, -1,
2254, 2209, 2210, -1,
2254, 2210, 2253, -1,
2253, 2210, 2211, -1,
2253, 2211, 2252, -1,
2252, 2211, 2212, -1,
2252, 2212, 2251, -1,
2251, 2212, 2213, -1,
2251, 2213, 2250, -1,
2250, 2213, 2214, -1,
2250, 2214, 2249, -1,
2249, 2214, 2215, -1,
2249, 2215, 2216, -1,
2207, 2256, 2206, -1,
2206, 2256, 2257, -1,
2206, 2257, 2205, -1,
2202, 2199, 2203, -1,
2203, 2199, 2200, -1,
2203, 2200, 2201, -1,
2201, 2200, 2198, -1,
2201, 2198, 2197, -1,
2226, 2227, 2236, -1,
2236, 2227, 2228, -1,
2236, 2228, 2235, -1,
2235, 2228, 2229, -1,
2235, 2229, 2234, -1,
2234, 2229, 2230, -1,
2234, 2230, 2233, -1,
2233, 2230, 2231, -1,
2233, 2231, 2232, -1,
2257, 2258, 2205, -1,
2205, 2258, 2259, -1,
2205, 2259, 2204, -1,
2204, 2259, 2260, -1,
2204, 2260, 2202, -1,
2202, 2260, 2261, -1,
2202, 2261, 2199, -1,
2238, 2239, 2224, -1,
2224, 2239, 2240, -1,
2224, 2240, 2223, -1,
2223, 2240, 2241, -1,
2223, 2241, 2222, -1,
2222, 2241, 2242, -1,
2222, 2242, 2221, -1,
2221, 2242, 2220, -1,
2262, 2263, 1634, -1,
1634, 2263, 1636, -1,
2264, 2262, 1624, -1,
1624, 2262, 1634, -1,
2264, 1624, 1627, -1,
2264, 1627, 2265, -1,
2265, 1627, 1626, -1,
2265, 1626, 2266, -1,
2267, 2266, 1625, -1,
1625, 2266, 1626, -1,
2268, 2267, 1623, -1,
1623, 2267, 1625, -1,
1837, 2269, 1622, -1,
1622, 2269, 2268, -1,
1622, 2268, 1623, -1,
2270, 2269, 1838, -1,
1838, 2269, 1837, -1,
1857, 2271, 1847, -1,
1847, 2271, 2270, -1,
1847, 2270, 1838, -1,
2272, 2271, 1856, -1,
1856, 2271, 1857, -1,
2272, 1856, 1855, -1,
2272, 1855, 2273, -1,
1855, 1854, 2273, -1,
2273, 1854, 1853, -1,
2273, 1853, 2274, -1,
2274, 1853, 1852, -1,
2274, 1852, 2275, -1,
2275, 1852, 1846, -1,
2275, 1846, 2276, -1,
2276, 1846, 1845, -1,
2276, 1845, 2277, -1,
2277, 1845, 1848, -1,
2277, 1848, 2278, -1,
2278, 1848, 1840, -1,
2278, 1840, 2279, -1,
2280, 2279, 1841, -1,
1841, 2279, 1840, -1,
2280, 1841, 1851, -1,
2280, 1851, 2281, -1,
2281, 1851, 1850, -1,
2281, 1850, 2282, -1,
2282, 1850, 1849, -1,
2282, 1849, 2283, -1,
2283, 1849, 1844, -1,
2283, 1844, 2284, -1,
2284, 1844, 1843, -1,
2284, 1843, 2285, -1,
1843, 1842, 2285, -1,
2285, 1842, 1632, -1,
2285, 1632, 2286, -1,
2286, 1632, 1637, -1,
2286, 1637, 2287, -1,
2263, 2287, 1636, -1,
1636, 2287, 1637, -1,
2265, 2266, 2287, -1,
2263, 2262, 2287, -1,
2287, 2262, 2264, -1,
2287, 2264, 2265, -1,
2269, 2270, 2268, -1,
2268, 2270, 2271, -1,
2268, 2271, 2267, -1,
2266, 2267, 2287, -1,
2287, 2267, 2271, -1,
2287, 2271, 2286, -1,
2271, 2272, 2286, -1,
2286, 2272, 2273, -1,
2286, 2273, 2285, -1,
2285, 2273, 2274, -1,
2285, 2274, 2284, -1,
2284, 2274, 2275, -1,
2284, 2275, 2283, -1,
2283, 2275, 2276, -1,
2283, 2276, 2282, -1,
2282, 2276, 2277, -1,
2282, 2277, 2281, -1,
2281, 2277, 2278, -1,
2281, 2278, 2280, -1,
2280, 2278, 2279, -1,
2288, 2289, 1605, -1,
1605, 2289, 1606, -1,
1613, 2290, 1607, -1,
1607, 2290, 2288, -1,
1607, 2288, 1605, -1,
2291, 2290, 1612, -1,
1612, 2290, 1613, -1,
1608, 2292, 1611, -1,
1611, 2292, 2291, -1,
1611, 2291, 1612, -1,
2293, 2292, 1609, -1,
1609, 2292, 1608, -1,
1616, 2294, 1610, -1,
1610, 2294, 2293, -1,
1610, 2293, 1609, -1,
2295, 2294, 1615, -1,
1615, 2294, 1616, -1,
1604, 2296, 1614, -1,
1614, 2296, 2295, -1,
1614, 2295, 1615, -1,
2296, 1604, 2297, -1,
2297, 1604, 1603, -1,
2297, 1603, 1617, -1,
1620, 2298, 1621, -1,
1621, 2298, 2297, -1,
1621, 2297, 1617, -1,
1631, 2299, 1635, -1,
1635, 2299, 2298, -1,
1635, 2298, 1620, -1,
1606, 2289, 1629, -1,
1629, 2289, 2299, -1,
1629, 2299, 1631, -1,
2299, 2289, 2288, -1,
2288, 2290, 2299, -1,
2299, 2290, 2291, -1,
2299, 2291, 2298, -1,
2296, 2297, 2295, -1,
2295, 2297, 2298, -1,
2295, 2298, 2294, -1,
2294, 2298, 2291, -1,
2294, 2291, 2293, -1,
2293, 2291, 2292, -1,
2300, 2301, 2302, -1,
2302, 2301, 2303, -1,
2302, 2303, 2304, -1,
2304, 2303, 2305, -1,
2304, 2305, 2306, -1,
2306, 2305, 2307, -1,
2306, 2307, 2308, -1,
2308, 2307, 2309, -1,
2308, 2309, 2310, -1,
2310, 2309, 2311, -1,
2310, 2311, 2312, -1,
2312, 2311, 2313, -1,
2312, 2313, 2314, -1,
2314, 2313, 2315, -1,
2314, 2315, 2316, -1,
2316, 2315, 2317, -1,
2316, 2317, 2318, -1,
2318, 2317, 2319, -1,
2318, 2319, 2320, -1,
2320, 2319, 2321, -1,
2320, 2321, 2322, -1,
2322, 2321, 2323, -1,
2322, 2323, 2324, -1,
2324, 2323, 2325, -1,
2324, 2325, 2326, -1,
2326, 2325, 2327, -1,
2326, 2327, 2328, -1,
2328, 2327, 2329, -1,
2328, 2329, 2330, -1,
2330, 2329, 2331, -1,
2330, 2331, 2332, -1,
2332, 2331, 2333, -1,
2332, 2333, 2334, -1,
2334, 2333, 2300, -1,
2334, 2300, 2302, -1,
2308, 2310, 1592, -1,
1592, 2310, 1417, -1,
2308, 1592, 1590, -1,
2308, 1590, 2306, -1,
2306, 1590, 1589, -1,
2306, 1589, 2304, -1,
2304, 1589, 1584, -1,
2304, 1584, 2302, -1,
2302, 1584, 1582, -1,
2302, 1582, 2334, -1,
2334, 1582, 1581, -1,
2334, 1581, 2332, -1,
2332, 1581, 1598, -1,
2332, 1598, 2330, -1,
2330, 1598, 1597, -1,
2330, 1597, 2328, -1,
2328, 1597, 1596, -1,
2328, 1596, 2326, -1,
2326, 1596, 1595, -1,
2326, 1595, 2324, -1,
2324, 1595, 1594, -1,
2324, 1594, 2322, -1,
2322, 1594, 1593, -1,
2322, 1593, 2320, -1,
1601, 2314, 1588, -1,
1588, 2314, 2316, -1,
1588, 2316, 1587, -1,
1587, 2316, 2318, -1,
1587, 2318, 1585, -1,
1585, 2318, 2320, -1,
1585, 2320, 1593, -1,
2312, 2314, 1600, -1,
1600, 2314, 1601, -1,
1417, 2310, 1418, -1,
1418, 2310, 2312, -1,
1418, 2312, 1600, -1,
2315, 2313, 2335, -1,
2335, 2313, 2336, -1,
2313, 2311, 2336, -1,
2336, 2311, 2337, -1,
2311, 2309, 2337, -1,
2337, 2309, 2338, -1,
2301, 2339, 2340, -1,
2301, 2340, 2303, -1,
2303, 2340, 2341, -1,
2303, 2341, 2305, -1,
2305, 2341, 2342, -1,
2305, 2342, 2307, -1,
2307, 2342, 2338, -1,
2307, 2338, 2309, -1,
2329, 2343, 2344, -1,
2329, 2344, 2331, -1,
2331, 2344, 2345, -1,
2331, 2345, 2333, -1,
2333, 2345, 2346, -1,
2333, 2346, 2300, -1,
2300, 2346, 2339, -1,
2300, 2339, 2301, -1,
2321, 2347, 2348, -1,
2321, 2348, 2323, -1,
2323, 2348, 2349, -1,
2323, 2349, 2325, -1,
2325, 2349, 2350, -1,
2325, 2350, 2327, -1,
2327, 2350, 2343, -1,
2327, 2343, 2329, -1,
2315, 2335, 2351, -1,
2315, 2351, 2317, -1,
2317, 2351, 2352, -1,
2317, 2352, 2319, -1,
2319, 2352, 2347, -1,
2319, 2347, 2321, -1,
2336, 2337, 2335, -1,
2335, 2337, 2338, -1,
2335, 2338, 2342, -1,
2342, 2341, 2335, -1,
2335, 2341, 2340, -1,
2335, 2340, 2339, -1,
2339, 2346, 2335, -1,
2335, 2346, 2345, -1,
2335, 2345, 2344, -1,
2344, 2343, 2335, -1,
2335, 2343, 2350, -1,
2335, 2350, 2349, -1,
2349, 2348, 2335, -1,
2335, 2348, 2347, -1,
2335, 2347, 2351, -1,
2351, 2347, 2352, -1,
2353, 2354, 2355, -1,
2356, 2357, 2358, -1,
2354, 2359, 2355, -1,
2355, 2359, 2360, -1,
2355, 2360, 2361, -1,
2361, 2360, 2362, -1,
2361, 2362, 2363, -1,
2363, 2364, 2361, -1,
2361, 2364, 2365, -1,
2361, 2365, 2366, -1,
2367, 2366, 2368, -1,
2368, 2366, 2365, -1,
2368, 2365, 2358, -1,
2358, 2365, 2353, -1,
2358, 2353, 2356, -1,
2356, 2353, 2355, -1,
2361, 2366, 1863, -1,
1863, 2366, 1864, -1,
2355, 2361, 1862, -1,
1862, 2361, 1863, -1,
2356, 2355, 1861, -1,
1861, 2355, 1862, -1,
2357, 2356, 1860, -1,
1860, 2356, 1861, -1,
2358, 2357, 1867, -1,
1867, 2357, 1860, -1,
2368, 2358, 1866, -1,
1866, 2358, 1867, -1,
2367, 2368, 1865, -1,
1865, 2368, 1866, -1,
2366, 2367, 1864, -1,
1864, 2367, 1865, -1,
2353, 2365, 2369, -1,
2369, 2365, 2370, -1,
2365, 2364, 2370, -1,
2370, 2364, 2371, -1,
2362, 2372, 2373, -1,
2362, 2373, 2363, -1,
2363, 2373, 2371, -1,
2363, 2371, 2364, -1,
2362, 2360, 2372, -1,
2372, 2360, 2374, -1,
2354, 2375, 2376, -1,
2354, 2376, 2359, -1,
2359, 2376, 2374, -1,
2359, 2374, 2360, -1,
2354, 2353, 2375, -1,
2375, 2353, 2369, -1,
2372, 2374, 2373, -1,
2373, 2374, 2376, -1,
2373, 2376, 2371, -1,
2371, 2376, 2375, -1,
2371, 2375, 2370, -1,
2370, 2375, 2369, -1,
2377, 2378, 2379, -1,
2380, 2381, 2382, -1,
2383, 2384, 2380, -1,
2385, 2386, 2387, -1,
2384, 2388, 2380, -1,
2380, 2388, 2389, -1,
2380, 2389, 2390, -1,
2391, 2392, 2379, -1,
2379, 2392, 2393, -1,
2379, 2393, 2377, -1,
2389, 2394, 2390, -1,
2390, 2394, 2395, -1,
2390, 2395, 2396, -1,
2396, 2395, 2397, -1,
2398, 2378, 2399, -1,
2399, 2378, 2400, -1,
2399, 2400, 2401, -1,
2402, 2403, 2404, -1,
2404, 2403, 2405, -1,
2404, 2405, 2406, -1,
2406, 2405, 2407, -1,
2406, 2407, 2408, -1,
2408, 2407, 2409, -1,
2410, 2411, 2412, -1,
2412, 2411, 2413, -1,
2412, 2413, 2414, -1,
2414, 2413, 2415, -1,
2414, 2415, 2416, -1,
2416, 2415, 2417, -1,
2416, 2417, 2418, -1,
2419, 2420, 2421, -1,
2421, 2420, 2422, -1,
2421, 2422, 2423, -1,
2423, 2422, 2424, -1,
2423, 2424, 2425, -1,
2425, 2424, 2426, -1,
2425, 2426, 2427, -1,
2427, 2426, 2379, -1,
2427, 2379, 2428, -1,
2387, 2386, 2429, -1,
2429, 2386, 2430, -1,
2429, 2430, 2431, -1,
2418, 2417, 2432, -1,
2432, 2417, 2433, -1,
2432, 2433, 2434, -1,
2435, 2436, 2437, -1,
2437, 2436, 2438, -1,
2437, 2438, 2404, -1,
2404, 2438, 2439, -1,
2404, 2439, 2402, -1,
2440, 2441, 2391, -1,
2391, 2441, 2442, -1,
2391, 2442, 2392, -1,
2443, 2444, 2445, -1,
2445, 2444, 2446, -1,
2445, 2446, 2447, -1,
2447, 2446, 2448, -1,
2447, 2448, 2449, -1,
2449, 2448, 2450, -1,
2449, 2450, 2440, -1,
2440, 2450, 2451, -1,
2440, 2451, 2441, -1,
2452, 2453, 2419, -1,
2419, 2453, 2454, -1,
2419, 2454, 2420, -1,
2407, 2455, 2409, -1,
2409, 2455, 2456, -1,
2409, 2456, 2457, -1,
2457, 2456, 2458, -1,
2457, 2458, 2459, -1,
2459, 2458, 2460, -1,
2459, 2460, 2461, -1,
2461, 2460, 2385, -1,
2461, 2385, 2462, -1,
2462, 2385, 2387, -1,
2430, 2463, 2431, -1,
2431, 2463, 2464, -1,
2431, 2464, 2465, -1,
2465, 2464, 2466, -1,
2465, 2466, 2467, -1,
2467, 2466, 2468, -1,
2467, 2468, 2469, -1,
2469, 2468, 2470, -1,
2469, 2470, 2471, -1,
2471, 2470, 2472, -1,
2471, 2472, 2473, -1,
2410, 2412, 2474, -1,
2474, 2412, 2475, -1,
2474, 2475, 2476, -1,
2476, 2475, 2477, -1,
2476, 2477, 2478, -1,
2478, 2477, 2479, -1,
2478, 2479, 2480, -1,
2480, 2479, 2481, -1,
2480, 2481, 2482, -1,
2482, 2481, 2483, -1,
2482, 2483, 2484, -1,
2484, 2483, 2485, -1,
2484, 2485, 2486, -1,
2486, 2485, 2487, -1,
2486, 2487, 2443, -1,
2443, 2487, 2488, -1,
2443, 2488, 2444, -1,
2433, 2489, 2434, -1,
2434, 2489, 2490, -1,
2434, 2490, 2491, -1,
2491, 2490, 2492, -1,
2491, 2492, 2493, -1,
2493, 2492, 2494, -1,
2493, 2494, 2435, -1,
2435, 2494, 2495, -1,
2435, 2495, 2436, -1,
2398, 2496, 2378, -1,
2378, 2496, 2497, -1,
2378, 2497, 2379, -1,
2379, 2497, 2498, -1,
2379, 2498, 2428, -1,
2383, 2380, 2499, -1,
2499, 2380, 2382, -1,
2499, 2382, 2419, -1,
2419, 2382, 2500, -1,
2419, 2500, 2452, -1,
2400, 2501, 2401, -1,
2401, 2501, 2502, -1,
2401, 2502, 2503, -1,
2503, 2502, 2504, -1,
2503, 2504, 2505, -1,
2505, 2504, 2506, -1,
2505, 2506, 2507, -1,
2507, 2506, 2508, -1,
2507, 2508, 2509, -1,
2509, 2508, 2510, -1,
2509, 2510, 2511, -1,
2511, 2510, 2512, -1,
2511, 2512, 2513, -1,
2513, 2512, 2514, -1,
2513, 2514, 2397, -1,
2397, 2514, 2515, -1,
2397, 2515, 2396, -1,
2516, 2517, 2518, -1,
2519, 2520, 2521, -1,
2522, 2523, 2516, -1,
2516, 2523, 2524, -1,
2516, 2524, 2517, -1,
2472, 2525, 2473, -1,
2473, 2525, 2516, -1,
2473, 2516, 2526, -1,
2526, 2516, 2518, -1,
2522, 2516, 2521, -1,
2521, 2516, 2527, -1,
2521, 2527, 2519, -1,
2520, 2528, 2521, -1,
2521, 2528, 2529, -1,
2521, 2529, 2530, -1,
2461, 1575, 1574, -1,
1580, 2409, 2457, -1,
2461, 1574, 2459, -1,
2459, 1574, 1421, -1,
2459, 1421, 2457, -1,
2457, 1421, 1420, -1,
2457, 1420, 1580, -1,
1580, 1578, 2409, -1,
2409, 1578, 1577, -1,
2409, 1577, 2408, -1,
2408, 1577, 1437, -1,
2408, 1437, 2406, -1,
2406, 1437, 1436, -1,
2406, 1436, 2404, -1,
2404, 1436, 1434, -1,
2404, 1434, 2437, -1,
2437, 1434, 1433, -1,
2437, 1433, 2435, -1,
1444, 2434, 2491, -1,
2435, 1433, 1442, -1,
2435, 1442, 2493, -1,
1442, 1441, 2493, -1,
2493, 1441, 1439, -1,
2493, 1439, 2491, -1,
2491, 1439, 1438, -1,
2491, 1438, 1444, -1,
1446, 2416, 2418, -1,
2434, 1444, 1443, -1,
2434, 1443, 2432, -1,
2432, 1443, 1432, -1,
2432, 1432, 2418, -1,
2418, 1432, 1431, -1,
2418, 1431, 1446, -1,
1454, 2412, 2414, -1,
2416, 1446, 1445, -1,
2416, 1445, 2414, -1,
2414, 1445, 1452, -1,
2414, 1452, 1454, -1,
2412, 1454, 1453, -1,
2412, 1453, 2475, -1,
2475, 1453, 1451, -1,
2475, 1451, 2477, -1,
2477, 1451, 1450, -1,
2477, 1450, 2479, -1,
2479, 1450, 1449, -1,
2479, 1449, 2481, -1,
2481, 1449, 1448, -1,
2481, 1448, 2483, -1,
2483, 1448, 1447, -1,
2483, 1447, 2485, -1,
1458, 2446, 2444, -1,
2485, 1447, 1457, -1,
2485, 1457, 2487, -1,
2487, 1457, 1456, -1,
2487, 1456, 2488, -1,
1456, 1455, 2488, -1,
2488, 1455, 1430, -1,
2488, 1430, 2444, -1,
2444, 1430, 1429, -1,
2444, 1429, 1458, -1,
1460, 2448, 1459, -1,
1459, 2448, 2446, -1,
1459, 2446, 1458, -1,
1460, 1493, 2448, -1,
2448, 1493, 1492, -1,
2448, 1492, 2450, -1,
2450, 1492, 1498, -1,
2450, 1498, 2451, -1,
2451, 1498, 1497, -1,
2451, 1497, 2441, -1,
2441, 1497, 1496, -1,
2441, 1496, 2442, -1,
2442, 1496, 1495, -1,
2442, 1495, 2392, -1,
2392, 1495, 1494, -1,
2392, 1494, 2393, -1,
2393, 1494, 1464, -1,
2393, 1464, 2377, -1,
2377, 1464, 1463, -1,
2377, 1463, 2378, -1,
2378, 1463, 1462, -1,
2378, 1462, 2400, -1,
2400, 1462, 1461, -1,
2400, 1461, 2501, -1,
2501, 1461, 1491, -1,
2501, 1491, 2502, -1,
2502, 1491, 1490, -1,
2502, 1490, 2504, -1,
2504, 1490, 1489, -1,
2504, 1489, 2506, -1,
2506, 1489, 1480, -1,
2506, 1480, 2508, -1,
2508, 1480, 1479, -1,
2508, 1479, 2510, -1,
2510, 1479, 1478, -1,
2510, 1478, 2512, -1,
2512, 1478, 1477, -1,
2512, 1477, 2514, -1,
2514, 1477, 1510, -1,
2514, 1510, 2515, -1,
2515, 1510, 1511, -1,
2515, 1511, 2396, -1,
2390, 2396, 1501, -1,
1501, 2396, 1511, -1,
2380, 2390, 1466, -1,
1466, 2390, 1501, -1,
1523, 2381, 1519, -1,
1519, 2381, 2380, -1,
1519, 2380, 1507, -1,
1507, 2380, 1466, -1,
1427, 1531, 2382, -1,
1427, 2382, 1428, -1,
1428, 2382, 2381, -1,
1428, 2381, 1523, -1,
1536, 2454, 2453, -1,
2382, 1531, 1530, -1,
2382, 1530, 2500, -1,
2500, 1530, 1529, -1,
2500, 1529, 2452, -1,
2452, 1529, 1426, -1,
2452, 1426, 2453, -1,
2453, 1426, 1537, -1,
2453, 1537, 1536, -1,
2420, 2454, 1535, -1,
1535, 2454, 1536, -1,
1535, 1533, 2420, -1,
2420, 1533, 1532, -1,
2420, 1532, 2422, -1,
2422, 1532, 1540, -1,
2422, 1540, 2424, -1,
2424, 1540, 1539, -1,
2424, 1539, 2426, -1,
2426, 1539, 1543, -1,
2426, 1543, 2379, -1,
1521, 2447, 1534, -1,
1534, 2447, 2449, -1,
1534, 2449, 1538, -1,
1538, 2449, 2440, -1,
1538, 2440, 1541, -1,
1541, 2440, 2391, -1,
1541, 2391, 1542, -1,
1542, 2391, 2379, -1,
1542, 2379, 1543, -1,
1521, 1522, 2447, -1,
2447, 1522, 1524, -1,
2447, 1524, 2445, -1,
2443, 2445, 1525, -1,
1525, 2445, 1524, -1,
1525, 1546, 2443, -1,
2443, 1546, 1545, -1,
2443, 1545, 2486, -1,
2486, 1545, 1552, -1,
2486, 1552, 2484, -1,
1552, 1573, 2484, -1,
2484, 1573, 1572, -1,
2484, 1572, 2482, -1,
2482, 1572, 1571, -1,
2482, 1571, 2480, -1,
2480, 1571, 1562, -1,
2480, 1562, 2478, -1,
2478, 1562, 1561, -1,
2478, 1561, 2476, -1,
2476, 1561, 1560, -1,
2476, 1560, 2474, -1,
2474, 1560, 1554, -1,
2474, 1554, 2410, -1,
2410, 1554, 1553, -1,
2410, 1553, 2411, -1,
2411, 1553, 1567, -1,
2411, 1567, 2413, -1,
2413, 1567, 1569, -1,
2413, 1569, 2415, -1,
2415, 1569, 1570, -1,
2415, 1570, 2417, -1,
2417, 1570, 1568, -1,
2417, 1568, 2433, -1,
2433, 1568, 1566, -1,
2433, 1566, 2489, -1,
2489, 1566, 1565, -1,
2489, 1565, 2490, -1,
2490, 1565, 1559, -1,
2490, 1559, 2492, -1,
2492, 1559, 1558, -1,
2492, 1558, 2494, -1,
2494, 1558, 1557, -1,
2494, 1557, 2495, -1,
2495, 1557, 1556, -1,
2495, 1556, 2436, -1,
2436, 1556, 1555, -1,
2436, 1555, 2438, -1,
2438, 1555, 1564, -1,
2438, 1564, 2439, -1,
2439, 1564, 2402, -1,
2402, 1564, 1563, -1,
2402, 1563, 1544, -1,
2403, 2402, 1547, -1,
1547, 2402, 1544, -1,
2403, 1547, 1551, -1,
2403, 1551, 2405, -1,
2405, 1551, 1550, -1,
2405, 1550, 2407, -1,
2407, 1550, 1549, -1,
2407, 1549, 2455, -1,
2455, 1549, 1548, -1,
2455, 1548, 2456, -1,
2456, 1548, 1528, -1,
2456, 1528, 2458, -1,
1528, 1527, 2458, -1,
2458, 1527, 1526, -1,
2458, 1526, 2460, -1,
2460, 1526, 1520, -1,
2460, 1520, 2385, -1,
1520, 1518, 2385, -1,
2385, 1518, 1517, -1,
2385, 1517, 2386, -1,
1517, 1506, 2386, -1,
2386, 1506, 1505, -1,
2386, 1505, 2430, -1,
2430, 1505, 1504, -1,
2430, 1504, 2463, -1,
2463, 1504, 1516, -1,
2463, 1516, 2464, -1,
2464, 1516, 1515, -1,
2464, 1515, 2466, -1,
2466, 1515, 1514, -1,
2466, 1514, 2468, -1,
2468, 1514, 1513, -1,
2468, 1513, 2470, -1,
2472, 2470, 1512, -1,
1512, 2470, 1513, -1,
2472, 1512, 1483, -1,
2472, 1483, 2525, -1,
2525, 1483, 1482, -1,
2525, 1482, 2516, -1,
2516, 1482, 1481, -1,
2516, 1481, 2527, -1,
2527, 1481, 1465, -1,
2527, 1465, 2519, -1,
2519, 1465, 1467, -1,
2519, 1467, 2520, -1,
2520, 1467, 1468, -1,
2520, 1468, 2528, -1,
2528, 1468, 1503, -1,
2528, 1503, 2529, -1,
2529, 1503, 1502, -1,
2529, 1502, 2530, -1,
2530, 1502, 1500, -1,
2530, 1500, 2521, -1,
2521, 1500, 1499, -1,
2521, 1499, 2522, -1,
2522, 1499, 1509, -1,
2522, 1509, 2523, -1,
2523, 1509, 1508, -1,
2523, 1508, 2524, -1,
2524, 1508, 1488, -1,
2524, 1488, 2517, -1,
2517, 1488, 1487, -1,
2517, 1487, 2518, -1,
2518, 1487, 1486, -1,
2518, 1486, 2526, -1,
2526, 1486, 1485, -1,
2526, 1485, 2473, -1,
2473, 1485, 1484, -1,
2473, 1484, 2471, -1,
2469, 2471, 1473, -1,
1473, 2471, 1484, -1,
2469, 1473, 1472, -1,
2469, 1472, 2467, -1,
2467, 1472, 1470, -1,
2467, 1470, 2465, -1,
2465, 1470, 1469, -1,
2465, 1469, 2431, -1,
2431, 1469, 1476, -1,
2431, 1476, 2429, -1,
2429, 1476, 1475, -1,
2429, 1475, 2387, -1,
2387, 1475, 1474, -1,
2387, 1474, 2462, -1,
2462, 1474, 1423, -1,
2462, 1423, 2461, -1,
2461, 1423, 1576, -1,
2461, 1576, 1575, -1,
2499, 2531, 2532, -1,
2499, 2532, 2383, -1,
2383, 2532, 2533, -1,
2383, 2533, 2384, -1,
2384, 2533, 2534, -1,
2384, 2534, 2388, -1,
2388, 2534, 2535, -1,
2388, 2535, 2389, -1,
2389, 2535, 2536, -1,
2389, 2536, 2394, -1,
2394, 2536, 2537, -1,
2394, 2537, 2395, -1,
2395, 2537, 2538, -1,
2395, 2538, 2397, -1,
2397, 2538, 2539, -1,
2397, 2539, 2513, -1,
2513, 2539, 2540, -1,
2513, 2540, 2511, -1,
2511, 2540, 2541, -1,
2511, 2541, 2509, -1,
2509, 2541, 2542, -1,
2509, 2542, 2507, -1,
2507, 2542, 2543, -1,
2507, 2543, 2505, -1,
2505, 2543, 2544, -1,
2505, 2544, 2503, -1,
2503, 2544, 2545, -1,
2503, 2545, 2401, -1,
2401, 2545, 2546, -1,
2401, 2546, 2399, -1,
2399, 2546, 2547, -1,
2399, 2547, 2398, -1,
2398, 2547, 2548, -1,
2398, 2548, 2496, -1,
2496, 2548, 2549, -1,
2496, 2549, 2497, -1,
2497, 2549, 2550, -1,
2497, 2550, 2498, -1,
2498, 2550, 2551, -1,
2498, 2551, 2428, -1,
2428, 2551, 2552, -1,
2428, 2552, 2427, -1,
2427, 2552, 2553, -1,
2427, 2553, 2425, -1,
2425, 2553, 2554, -1,
2425, 2554, 2423, -1,
2423, 2554, 2555, -1,
2423, 2555, 2421, -1,
2421, 2555, 2556, -1,
2421, 2556, 2419, -1,
2419, 2556, 2531, -1,
2419, 2531, 2499, -1,
2550, 2556, 2551, -1,
2551, 2556, 2555, -1,
2537, 2536, 2542, -1,
2542, 2536, 2535, -1,
2542, 2535, 2534, -1,
2555, 2554, 2551, -1,
2551, 2554, 2553, -1,
2551, 2553, 2552, -1,
2550, 2549, 2556, -1,
2556, 2549, 2548, -1,
2556, 2548, 2547, -1,
2542, 2541, 2537, -1,
2537, 2541, 2540, -1,
2537, 2540, 2538, -1,
2538, 2540, 2539, -1,
2556, 2544, 2531, -1,
2531, 2544, 2543, -1,
2531, 2543, 2532, -1,
2532, 2543, 2542, -1,
2532, 2542, 2533, -1,
2533, 2542, 2534, -1,
2547, 2546, 2556, -1,
2556, 2546, 2545, -1,
2556, 2545, 2544, -1,
877, 884, 878, -1,
878, 884, 885, -1,
27, 25, 26, -1,
26, 25, 21, -1,
25, 27, 877, -1,
877, 27, 884, -1,
863, 870, 864, -1,
864, 870, 871, -1,
19, 5, 18, -1,
18, 5, 7, -1,
863, 5, 870, -1,
870, 5, 19, -1,
3, 13, 1, -1,
1, 13, 15, -1,
849, 856, 850, -1,
850, 856, 857, -1,
856, 849, 3, -1,
3, 849, 13, -1
                ]
                colorPerVertex TRUE
                color Color {
                    color [
0.7019607843137254 0.7019607843137254 0.7019607843137254,
0.7019607843137254 0.7019607843137254 0.7019607843137254,
0.7019607843137254 0.7019607843137254 0.7019607843137254,
0.2313725490196078 0.2313725490196078 0.2313725490196078,
0.2313725490196078 0.2313725490196078 0.2313725490196078,
0.2313725490196078 0.2313725490196078 0.2313725490196078,
0.2313725490196078 0.2313725490196078 0.2313725490196078,
0.2313725490196078 0.2313725490196078 0.2313725490196078,
0.2313725490196078 0.2313725490196078 0.2313725490196078,
0.2313725490196078 0.2313725490196078 0.2313725490196078,
0.2313725490196078 0.2313725490196078 0.2313725490196078,
0.2313725490196078 0.2313725490196078 0.2313725490196078,
0.2313725490196078 0.2313725490196078 0.2313725490196078,
0.2313725490196078 0.2313725490196078 0.2313725490196078,
0.2313725490196078 0.2313725490196078 0.2313725490196078,
0.2313725490196078 0.2313725490196078 0.2313725490196078,
0.2313725490196078 0.2313725490196078 0.2313725490196078,
0.2313725490196078 0.2313725490196078 0.2313725490196078,
0.2313725490196078 0.2313725490196078 0.2313725490196078,
0.2313725490196078 0.2313725490196078 0.2313725490196078,
0.2313725490196078 0.2313725490196078 0.2313725490196078,
0.2313725490196078 0.2313725490196078 0.2313725490196078,
0.2313725490196078 0.2313725490196078 0.2313725490196078,
0.2313725490196078 0.2313725490196078 0.2313725490196078,
0.2313725490196078 0.2313725490196078 0.2313725490196078,
0.2313725490196078 0.2313725490196078 0.2313725490196078,
0.2313725490196078 0.2313725490196078 0.2313725490196078,
0.2313725490196078 0.2313725490196078 0.2313725490196078,
0.2313725490196078 0.2313725490196078 0.2313725490196078,
0.2313725490196078 0.2313725490196078 0.2313725490196078,
0.2313725490196078 0.2313725490196078 0.2313725490196078,
0.2313725490196078 0.2313725490196078 0.2313725490196078,
0.2313725490196078 0.2313725490196078 0.2313725490196078,
0.2313725490196078 0.2313725490196078 0.2313725490196078,
0.050980392156862786 0.23921568627450984 0.8196078431372549,
0.050980392156862786 0.23921568627450984 0.8196078431372549,
0.050980392156862786 0.23921568627450984 0.8196078431372549,
0.050980392156862786 0.23921568627450984 0.8196078431372549,
0.050980392156862786 0.23921568627450984 0.8196078431372549,
0.050980392156862786 0.23921568627450984 0.8196078431372549,
0.050980392156862786 0.23921568627450984 0.8196078431372549,
0.050980392156862786 0.23921568627450984 0.8196078431372549,
0.050980392156862786 0.23921568627450984 0.8196078431372549,
0.050980392156862786 0.23921568627450984 0.8196078431372549,
0.050980392156862786 0.23921568627450984 0.8196078431372549,
0.050980392156862786 0.23921568627450984 0.8196078431372549,
0.050980392156862786 0.23921568627450984 0.8196078431372549,
0.050980392156862786 0.23921568627450984 0.8196078431372549,
0.050980392156862786 0.23921568627450984 0.8196078431372549,
0.050980392156862786 0.23921568627450984 0.8196078431372549,
0.050980392156862786 0.23921568627450984 0.8196078431372549,
0.050980392156862786 0.23921568627450984 0.8196078431372549,
0.050980392156862786 0.23921568627450984 0.8196078431372549,
0.050980392156862786 0.23921568627450984 0.8196078431372549,
0.050980392156862786 0.23921568627450984 0.8196078431372549,
0.050980392156862786 0.23921568627450984 0.8196078431372549,
0.050980392156862786 0.23921568627450984 0.8196078431372549,
0.050980392156862786 0.23921568627450984 0.8196078431372549,
0.050980392156862786 0.23921568627450984 0.8196078431372549,
0.050980392156862786 0.23921568627450984 0.8196078431372549,
0.050980392156862786 0.23921568627450984 0.8196078431372549,
0.050980392156862786 0.23921568627450984 0.8196078431372549,
0.050980392156862786 0.23921568627450984 0.8196078431372549,
0.050980392156862786 0.23921568627450984 0.8196078431372549,
0.050980392156862786 0.23921568627450984 0.8196078431372549,
0.050980392156862786 0.23921568627450984 0.8196078431372549,
0.050980392156862786 0.23921568627450984 0.8196078431372549,
0.050980392156862786 0.23921568627450984 0.8196078431372549,
0.050980392156862786 0.23921568627450984 0.8196078431372549,
0.050980392156862786 0.23921568627450984 0.8196078431372549,
0.050980392156862786 0.23921568627450984 0.8196078431372549,
0.050980392156862786 0.23921568627450984 0.8196078431372549,
0.050980392156862786 0.23921568627450984 0.8196078431372549,
0.050980392156862786 0.23921568627450984 0.8196078431372549,
0.050980392156862786 0.23921568627450984 0.8196078431372549,
0.050980392156862786 0.23921568627450984 0.8196078431372549,
0.050980392156862786 0.23921568627450984 0.8196078431372549,
0.050980392156862786 0.23921568627450984 0.8196078431372549,
0.050980392156862786 0.23921568627450984 0.8196078431372549,
0.050980392156862786 0.23921568627450984 0.8196078431372549,
0.050980392156862786 0.23921568627450984 0.8196078431372549,
0.050980392156862786 0.23921568627450984 0.8196078431372549,
0.050980392156862786 0.23921568627450984 0.8196078431372549,
0.050980392156862786 0.23921568627450984 0.8196078431372549,
0.050980392156862786 0.23921568627450984 0.8196078431372549,
0.050980392156862786 0.23921568627450984 0.8196078431372549,
0.050980392156862786 0.23921568627450984 0.8196078431372549,
0.050980392156862786 0.23921568627450984 0.8196078431372549,
0.050980392156862786 0.23921568627450984 0.8196078431372549,
0.050980392156862786 0.23921568627450984 0.8196078431372549,
0.050980392156862786 0.23921568627450984 0.8196078431372549,
0.050980392156862786 0.23921568627450984 0.8196078431372549,
0.050980392156862786 0.23921568627450984 0.8196078431372549,
0.050980392156862786 0.23921568627450984 0.8196078431372549,
0.050980392156862786 0.23921568627450984 0.8196078431372549,
0.050980392156862786 0.23921568627450984 0.8196078431372549,
0.050980392156862786 0.23921568627450984 0.8196078431372549,
0.050980392156862786 0.23921568627450984 0.8196078431372549,
0.050980392156862786 0.23921568627450984 0.8196078431372549,
0.050980392156862786 0.23921568627450984 0.8196078431372549,
0.050980392156862786 0.23921568627450984 0.8196078431372549,
0.050980392156862786 0.23921568627450984 0.8196078431372549,
0.050980392156862786 0.23921568627450984 0.8196078431372549,
0.050980392156862786 0.23921568627450984 0.8196078431372549,
0.050980392156862786 0.23921568627450984 0.8196078431372549,
0.050980392156862786 0.23921568627450984 0.8196078431372549,
0.050980392156862786 0.23921568627450984 0.8196078431372549,
0.050980392156862786 0.23921568627450984 0.8196078431372549,
0.050980392156862786 0.23921568627450984 0.8196078431372549,
0.050980392156862786 0.23921568627450984 0.8196078431372549,
0.050980392156862786 0.23921568627450984 0.8196078431372549,
0.050980392156862786 0.23921568627450984 0.8196078431372549,
0.050980392156862786 0.23921568627450984 0.8196078431372549,
0.050980392156862786 0.23921568627450984 0.8196078431372549,
0.050980392156862786 0.23921568627450984 0.8196078431372549,
0.050980392156862786 0.23921568627450984 0.8196078431372549,
0.050980392156862786 0.23921568627450984 0.8196078431372549,
0.050980392156862786 0.23921568627450984 0.8196078431372549,
0.050980392156862786 0.23921568627450984 0.8196078431372549,
0.050980392156862786 0.23921568627450984 0.8196078431372549,
0.050980392156862786 0.23921568627450984 0.8196078431372549,
0.050980392156862786 0.23921568627450984 0.8196078431372549,
0.050980392156862786 0.23921568627450984 0.8196078431372549,
0.050980392156862786 0.23921568627450984 0.8196078431372549,
0.050980392156862786 0.23921568627450984 0.8196078431372549,
0.050980392156862786 0.23921568627450984 0.8196078431372549,
0.050980392156862786 0.23921568627450984 0.8196078431372549,
0.050980392156862786 0.23921568627450984 0.8196078431372549,
0.050980392156862786 0.23921568627450984 0.8196078431372549,
0.050980392156862786 0.23921568627450984 0.8196078431372549,
0.050980392156862786 0.23921568627450984 0.8196078431372549,
0.050980392156862786 0.23921568627450984 0.8196078431372549,
0.050980392156862786 0.23921568627450984 0.8196078431372549,
0.050980392156862786 0.23921568627450984 0.8196078431372549,
0.050980392156862786 0.23921568627450984 0.8196078431372549,
0.050980392156862786 0.23921568627450984 0.8196078431372549,
0.050980392156862786 0.23921568627450984 0.8196078431372549,
0.050980392156862786 0.23921568627450984 0.8196078431372549,
0.050980392156862786 0.23921568627450984 0.8196078431372549,
0.050980392156862786 0.23921568627450984 0.8196078431372549,
0.050980392156862786 0.23921568627450984 0.8196078431372549,
0.050980392156862786 0.23921568627450984 0.8196078431372549,
0.050980392156862786 0.23921568627450984 0.8196078431372549,
0.050980392156862786 0.23921568627450984 0.8196078431372549,
0.050980392156862786 0.23921568627450984 0.8196078431372549,
0.050980392156862786 0.23921568627450984 0.8196078431372549,
0.050980392156862786 0.23921568627450984 0.8196078431372549,
0.050980392156862786 0.23921568627450984 0.8196078431372549,
0.050980392156862786 0.23921568627450984 0.8196078431372549,
0.050980392156862786 0.23921568627450984 0.8196078431372549,
0.050980392156862786 0.23921568627450984 0.8196078431372549,
0.050980392156862786 0.23921568627450984 0.8196078431372549,
0.050980392156862786 0.23921568627450984 0.8196078431372549,
0.050980392156862786 0.23921568627450984 0.8196078431372549,
0.050980392156862786 0.23921568627450984 0.8196078431372549,
0.050980392156862786 0.23921568627450984 0.8196078431372549,
0.050980392156862786 0.23921568627450984 0.8196078431372549,
0.050980392156862786 0.23921568627450984 0.8196078431372549,
0.050980392156862786 0.23921568627450984 0.8196078431372549,
0.050980392156862786 0.23921568627450984 0.8196078431372549,
0.050980392156862786 0.23921568627450984 0.8196078431372549,
0.050980392156862786 0.23921568627450984 0.8196078431372549,
0.050980392156862786 0.23921568627450984 0.8196078431372549,
0.050980392156862786 0.23921568627450984 0.8196078431372549,
0.050980392156862786 0.23921568627450984 0.8196078431372549,
0.050980392156862786 0.23921568627450984 0.8196078431372549,
0.050980392156862786 0.23921568627450984 0.8196078431372549,
0.050980392156862786 0.23921568627450984 0.8196078431372549,
0.050980392156862786 0.23921568627450984 0.8196078431372549,
0.050980392156862786 0.23921568627450984 0.8196078431372549,
0.050980392156862786 0.23921568627450984 0.8196078431372549,
0.050980392156862786 0.23921568627450984 0.8196078431372549,
0.050980392156862786 0.23921568627450984 0.8196078431372549,
0.050980392156862786 0.23921568627450984 0.8196078431372549,
0.050980392156862786 0.23921568627450984 0.8196078431372549,
0.050980392156862786 0.23921568627450984 0.8196078431372549,
0.050980392156862786 0.23921568627450984 0.8196078431372549,
0.050980392156862786 0.23921568627450984 0.8196078431372549,
0.050980392156862786 0.23921568627450984 0.8196078431372549,
0.1686274509803921 0.16078431372549018 0.1686274509803921,
0.1686274509803921 0.16078431372549018 0.1686274509803921,
0.1686274509803921 0.16078431372549018 0.1686274509803921,
0.1686274509803921 0.16078431372549018 0.1686274509803921,
0.1686274509803921 0.16078431372549018 0.1686274509803921,
0.1686274509803921 0.16078431372549018 0.1686274509803921,
0.1686274509803921 0.16078431372549018 0.1686274509803921,
0.1686274509803921 0.16078431372549018 0.1686274509803921,
0.1686274509803921 0.16078431372549018 0.1686274509803921,
0.1686274509803921 0.16078431372549018 0.1686274509803921,
0.1686274509803921 0.16078431372549018 0.1686274509803921,
0.1686274509803921 0.16078431372549018 0.1686274509803921,
0.1686274509803921 0.16078431372549018 0.1686274509803921,
0.1686274509803921 0.16078431372549018 0.1686274509803921,
0.1686274509803921 0.16078431372549018 0.1686274509803921,
0.1686274509803921 0.16078431372549018 0.1686274509803921,
0.1686274509803921 0.16078431372549018 0.1686274509803921,
0.1686274509803921 0.16078431372549018 0.1686274509803921,
0.1686274509803921 0.16078431372549018 0.1686274509803921,
0.1686274509803921 0.16078431372549018 0.1686274509803921,
0.1686274509803921 0.16078431372549018 0.1686274509803921,
0.1686274509803921 0.16078431372549018 0.1686274509803921,
0.1686274509803921 0.16078431372549018 0.1686274509803921,
0.1686274509803921 0.16078431372549018 0.1686274509803921,
0.1686274509803921 0.16078431372549018 0.1686274509803921,
0.1686274509803921 0.16078431372549018 0.1686274509803921,
0.1686274509803921 0.16078431372549018 0.1686274509803921,
0.1686274509803921 0.16078431372549018 0.1686274509803921,
0.1686274509803921 0.16078431372549018 0.1686274509803921,
0.1686274509803921 0.16078431372549018 0.1686274509803921,
0.1686274509803921 0.16078431372549018 0.1686274509803921,
0.1686274509803921 0.16078431372549018 0.1686274509803921,
0.1686274509803921 0.16078431372549018 0.1686274509803921,
0.1686274509803921 0.16078431372549018 0.1686274509803921,
0.1686274509803921 0.16078431372549018 0.1686274509803921,
0.1686274509803921 0.16078431372549018 0.1686274509803921,
0.1686274509803921 0.16078431372549018 0.1686274509803921,
0.1686274509803921 0.16078431372549018 0.1686274509803921,
0.1686274509803921 0.16078431372549018 0.1686274509803921,
0.1686274509803921 0.16078431372549018 0.1686274509803921,
0.1686274509803921 0.16078431372549018 0.1686274509803921,
0.1686274509803921 0.16078431372549018 0.1686274509803921,
0.1686274509803921 0.16078431372549018 0.1686274509803921,
0.1686274509803921 0.16078431372549018 0.1686274509803921,
0.1686274509803921 0.16078431372549018 0.1686274509803921,
0.1686274509803921 0.16078431372549018 0.1686274509803921,
0.1686274509803921 0.16078431372549018 0.1686274509803921,
0.1686274509803921 0.16078431372549018 0.1686274509803921,
0.1686274509803921 0.16078431372549018 0.1686274509803921,
0.1686274509803921 0.16078431372549018 0.1686274509803921,
0.1686274509803921 0.16078431372549018 0.1686274509803921,
0.1686274509803921 0.16078431372549018 0.1686274509803921,
0.1686274509803921 0.16078431372549018 0.1686274509803921,
0.1686274509803921 0.16078431372549018 0.1686274509803921,
0.1686274509803921 0.16078431372549018 0.1686274509803921,
0.1686274509803921 0.16078431372549018 0.1686274509803921,
0.1686274509803921 0.16078431372549018 0.1686274509803921,
0.1686274509803921 0.16078431372549018 0.1686274509803921,
0.1686274509803921 0.16078431372549018 0.1686274509803921,
0.1686274509803921 0.16078431372549018 0.1686274509803921,
0.1686274509803921 0.16078431372549018 0.1686274509803921,
0.1686274509803921 0.16078431372549018 0.1686274509803921,
0.1686274509803921 0.16078431372549018 0.1686274509803921,
0.1686274509803921 0.16078431372549018 0.1686274509803921,
0.1686274509803921 0.16078431372549018 0.1686274509803921,
0.1686274509803921 0.16078431372549018 0.1686274509803921,
0.1686274509803921 0.16078431372549018 0.1686274509803921,
0.1686274509803921 0.16078431372549018 0.1686274509803921,
0.1686274509803921 0.16078431372549018 0.1686274509803921,
0.1686274509803921 0.16078431372549018 0.1686274509803921,
0.1686274509803921 0.16078431372549018 0.1686274509803921,
0.1686274509803921 0.16078431372549018 0.1686274509803921,
0.1686274509803921 0.16078431372549018 0.1686274509803921,
0.1686274509803921 0.16078431372549018 0.1686274509803921,
0.1686274509803921 0.16078431372549018 0.1686274509803921,
0.1686274509803921 0.16078431372549018 0.1686274509803921,
0.1686274509803921 0.16078431372549018 0.1686274509803921,
0.1686274509803921 0.16078431372549018 0.1686274509803921,
0.1686274509803921 0.16078431372549018 0.1686274509803921,
0.1686274509803921 0.16078431372549018 0.1686274509803921,
0.1686274509803921 0.16078431372549018 0.1686274509803921,
0.1686274509803921 0.16078431372549018 0.1686274509803921,
0.1686274509803921 0.16078431372549018 0.1686274509803921,
0.1686274509803921 0.16078431372549018 0.1686274509803921,
0.1686274509803921 0.16078431372549018 0.1686274509803921,
0.1686274509803921 0.16078431372549018 0.1686274509803921,
0.1686274509803921 0.16078431372549018 0.1686274509803921,
0.1686274509803921 0.16078431372549018 0.1686274509803921,
0.1686274509803921 0.16078431372549018 0.1686274509803921,
0.1686274509803921 0.16078431372549018 0.1686274509803921,
0.1686274509803921 0.16078431372549018 0.1686274509803921,
0.1686274509803921 0.16078431372549018 0.1686274509803921,
0.1686274509803921 0.16078431372549018 0.1686274509803921,
0.1686274509803921 0.16078431372549018 0.1686274509803921,
0.1686274509803921 0.16078431372549018 0.1686274509803921,
0.1686274509803921 0.16078431372549018 0.1686274509803921,
0.1686274509803921 0.16078431372549018 0.1686274509803921,
0.1686274509803921 0.16078431372549018 0.1686274509803921,
0.1686274509803921 0.16078431372549018 0.1686274509803921,
0.1686274509803921 0.16078431372549018 0.1686274509803921,
0.1686274509803921 0.16078431372549018 0.1686274509803921,
0.1686274509803921 0.16078431372549018 0.1686274509803921,
0.1686274509803921 0.16078431372549018 0.1686274509803921,
0.1686274509803921 0.16078431372549018 0.1686274509803921,
0.1686274509803921 0.16078431372549018 0.1686274509803921,
0.1686274509803921 0.16078431372549018 0.1686274509803921,
0.1686274509803921 0.16078431372549018 0.1686274509803921,
0.1686274509803921 0.16078431372549018 0.1686274509803921,
0.1686274509803921 0.16078431372549018 0.1686274509803921,
0.1686274509803921 0.16078431372549018 0.1686274509803921,
0.1686274509803921 0.16078431372549018 0.1686274509803921,
0.1686274509803921 0.16078431372549018 0.1686274509803921,
0.1686274509803921 0.16078431372549018 0.1686274509803921,
0.1686274509803921 0.16078431372549018 0.1686274509803921,
0.1686274509803921 0.16078431372549018 0.1686274509803921,
0.1686274509803921 0.16078431372549018 0.1686274509803921,
0.1686274509803921 0.16078431372549018 0.1686274509803921,
0.1686274509803921 0.16078431372549018 0.1686274509803921,
0.1686274509803921 0.16078431372549018 0.1686274509803921,
0.1686274509803921 0.16078431372549018 0.1686274509803921,
0.1686274509803921 0.16078431372549018 0.1686274509803921,
0.1686274509803921 0.16078431372549018 0.1686274509803921,
0.1686274509803921 0.16078431372549018 0.1686274509803921,
0.1686274509803921 0.16078431372549018 0.1686274509803921,
0.1686274509803921 0.16078431372549018 0.1686274509803921,
0.1686274509803921 0.16078431372549018 0.1686274509803921,
0.1686274509803921 0.16078431372549018 0.1686274509803921,
0.1686274509803921 0.16078431372549018 0.1686274509803921,
0.1686274509803921 0.16078431372549018 0.1686274509803921,
0.1686274509803921 0.16078431372549018 0.1686274509803921,
0.1686274509803921 0.16078431372549018 0.1686274509803921,
0.1686274509803921 0.16078431372549018 0.1686274509803921,
0.1686274509803921 0.16078431372549018 0.1686274509803921,
0.1686274509803921 0.16078431372549018 0.1686274509803921,
0.1686274509803921 0.16078431372549018 0.1686274509803921,
0.1686274509803921 0.16078431372549018 0.1686274509803921,
0.1686274509803921 0.16078431372549018 0.1686274509803921,
0.1686274509803921 0.16078431372549018 0.1686274509803921,
0.1686274509803921 0.16078431372549018 0.1686274509803921,
0.1686274509803921 0.16078431372549018 0.1686274509803921,
0.1686274509803921 0.16078431372549018 0.1686274509803921,
0.1686274509803921 0.16078431372549018 0.1686274509803921,
0.1686274509803921 0.16078431372549018 0.1686274509803921,
0.1686274509803921 0.16078431372549018 0.1686274509803921,
0.1686274509803921 0.16078431372549018 0.1686274509803921,
0.1686274509803921 0.16078431372549018 0.1686274509803921,
0.1686274509803921 0.16078431372549018 0.1686274509803921,
0.1686274509803921 0.16078431372549018 0.1686274509803921,
0.1686274509803921 0.16078431372549018 0.1686274509803921,
0.1686274509803921 0.16078431372549018 0.1686274509803921,
0.1686274509803921 0.16078431372549018 0.1686274509803921,
0.1686274509803921 0.16078431372549018 0.1686274509803921,
0.1686274509803921 0.16078431372549018 0.1686274509803921,
0.1686274509803921 0.16078431372549018 0.1686274509803921,
0.1686274509803921 0.16078431372549018 0.1686274509803921,
0.1686274509803921 0.16078431372549018 0.1686274509803921,
0.1686274509803921 0.16078431372549018 0.1686274509803921,
0.1686274509803921 0.16078431372549018 0.1686274509803921,
0.1686274509803921 0.16078431372549018 0.1686274509803921,
0.1686274509803921 0.16078431372549018 0.1686274509803921,
0.1686274509803921 0.16078431372549018 0.1686274509803921,
0.1686274509803921 0.16078431372549018 0.1686274509803921,
0.1686274509803921 0.16078431372549018 0.1686274509803921,
0.1686274509803921 0.16078431372549018 0.1686274509803921,
0.1686274509803921 0.16078431372549018 0.1686274509803921,
0.1686274509803921 0.16078431372549018 0.1686274509803921,
0.1686274509803921 0.16078431372549018 0.1686274509803921,
0.1686274509803921 0.16078431372549018 0.1686274509803921,
0.1686274509803921 0.16078431372549018 0.1686274509803921,
0.1686274509803921 0.16078431372549018 0.1686274509803921,
0.1686274509803921 0.16078431372549018 0.1686274509803921,
0.1686274509803921 0.16078431372549018 0.1686274509803921,
0.1686274509803921 0.16078431372549018 0.1686274509803921,
0.1686274509803921 0.16078431372549018 0.1686274509803921,
0.1686274509803921 0.16078431372549018 0.1686274509803921,
0.1686274509803921 0.16078431372549018 0.1686274509803921,
0.1686274509803921 0.16078431372549018 0.1686274509803921,
0.1686274509803921 0.16078431372549018 0.1686274509803921,
0.1686274509803921 0.16078431372549018 0.1686274509803921,
0.1686274509803921 0.16078431372549018 0.1686274509803921,
0.1686274509803921 0.16078431372549018 0.1686274509803921,
0.1686274509803921 0.16078431372549018 0.1686274509803921,
0.1686274509803921 0.16078431372549018 0.1686274509803921,
0.1686274509803921 0.16078431372549018 0.1686274509803921,
0.1686274509803921 0.16078431372549018 0.1686274509803921,
0.1686274509803921 0.16078431372549018 0.1686274509803921,
0.1686274509803921 0.16078431372549018 0.1686274509803921,
0.1686274509803921 0.16078431372549018 0.1686274509803921,
0.1686274509803921 0.16078431372549018 0.1686274509803921,
0.1686274509803921 0.16078431372549018 0.1686274509803921,
0.1686274509803921 0.16078431372549018 0.1686274509803921,
0.1686274509803921 0.16078431372549018 0.1686274509803921,
0.1686274509803921 0.16078431372549018 0.1686274509803921,
0.1686274509803921 0.16078431372549018 0.1686274509803921,
0.1686274509803921 0.16078431372549018 0.1686274509803921,
0.1686274509803921 0.16078431372549018 0.1686274509803921,
0.1686274509803921 0.16078431372549018 0.1686274509803921,
0.1686274509803921 0.16078431372549018 0.1686274509803921,
0.1686274509803921 0.16078431372549018 0.1686274509803921,
0.1686274509803921 0.16078431372549018 0.1686274509803921,
0.1686274509803921 0.16078431372549018 0.1686274509803921,
0.1686274509803921 0.16078431372549018 0.1686274509803921,
0.1686274509803921 0.16078431372549018 0.1686274509803921,
0.1686274509803921 0.16078431372549018 0.1686274509803921,
0.1686274509803921 0.16078431372549018 0.1686274509803921,
0.1686274509803921 0.16078431372549018 0.1686274509803921,
0.1686274509803921 0.16078431372549018 0.1686274509803921,
0.1686274509803921 0.16078431372549018 0.1686274509803921,
0.1686274509803921 0.16078431372549018 0.1686274509803921,
0.1686274509803921 0.16078431372549018 0.1686274509803921,
0.1686274509803921 0.16078431372549018 0.1686274509803921,
0.1686274509803921 0.16078431372549018 0.1686274509803921,
0.1686274509803921 0.16078431372549018 0.1686274509803921,
0.1686274509803921 0.16078431372549018 0.1686274509803921,
0.1686274509803921 0.16078431372549018 0.1686274509803921,
0.1686274509803921 0.16078431372549018 0.1686274509803921,
0.1686274509803921 0.16078431372549018 0.1686274509803921,
0.1686274509803921 0.16078431372549018 0.1686274509803921,
0.1686274509803921 0.16078431372549018 0.1686274509803921,
0.1686274509803921 0.16078431372549018 0.1686274509803921,
0.1686274509803921 0.16078431372549018 0.1686274509803921,
0.1686274509803921 0.16078431372549018 0.1686274509803921,
0.1686274509803921 0.16078431372549018 0.1686274509803921,
0.1686274509803921 0.16078431372549018 0.1686274509803921,
0.1686274509803921 0.16078431372549018 0.1686274509803921,
0.1686274509803921 0.16078431372549018 0.1686274509803921,
0.1686274509803921 0.16078431372549018 0.1686274509803921,
0.1686274509803921 0.16078431372549018 0.1686274509803921,
0.1686274509803921 0.16078431372549018 0.1686274509803921,
0.1686274509803921 0.16078431372549018 0.1686274509803921,
0.1686274509803921 0.16078431372549018 0.1686274509803921,
0.1686274509803921 0.16078431372549018 0.1686274509803921,
0.1686274509803921 0.16078431372549018 0.1686274509803921,
0.1686274509803921 0.16078431372549018 0.1686274509803921,
0.1686274509803921 0.16078431372549018 0.1686274509803921,
0.1686274509803921 0.16078431372549018 0.1686274509803921,
0.1686274509803921 0.16078431372549018 0.1686274509803921,
0.1686274509803921 0.16078431372549018 0.1686274509803921,
0.1686274509803921 0.16078431372549018 0.1686274509803921,
0.1686274509803921 0.16078431372549018 0.1686274509803921,
0.1686274509803921 0.16078431372549018 0.1686274509803921,
0.1686274509803921 0.16078431372549018 0.1686274509803921,
0.1686274509803921 0.16078431372549018 0.1686274509803921,
0.1686274509803921 0.16078431372549018 0.1686274509803921,
0.1686274509803921 0.16078431372549018 0.1686274509803921,
0.1686274509803921 0.16078431372549018 0.1686274509803921,
0.1686274509803921 0.16078431372549018 0.1686274509803921,
0.1686274509803921 0.16078431372549018 0.1686274509803921,
0.1686274509803921 0.16078431372549018 0.1686274509803921,
0.1686274509803921 0.16078431372549018 0.1686274509803921,
0.1686274509803921 0.16078431372549018 0.1686274509803921,
0.1686274509803921 0.16078431372549018 0.1686274509803921,
0.1686274509803921 0.16078431372549018 0.1686274509803921,
0.1686274509803921 0.16078431372549018 0.1686274509803921,
0.1686274509803921 0.16078431372549018 0.1686274509803921,
0.1686274509803921 0.16078431372549018 0.1686274509803921,
0.1686274509803921 0.16078431372549018 0.1686274509803921,
0.1686274509803921 0.16078431372549018 0.1686274509803921,
0.1686274509803921 0.16078431372549018 0.1686274509803921,
0.1686274509803921 0.16078431372549018 0.1686274509803921,
0.1686274509803921 0.16078431372549018 0.1686274509803921,
0.1686274509803921 0.16078431372549018 0.1686274509803921,
0.1686274509803921 0.16078431372549018 0.1686274509803921,
0.1686274509803921 0.16078431372549018 0.1686274509803921,
0.1686274509803921 0.16078431372549018 0.1686274509803921,
0.1686274509803921 0.16078431372549018 0.1686274509803921,
0.1686274509803921 0.16078431372549018 0.1686274509803921,
0.1686274509803921 0.16078431372549018 0.1686274509803921,
0.1686274509803921 0.16078431372549018 0.1686274509803921,
0.1686274509803921 0.16078431372549018 0.1686274509803921,
0.1686274509803921 0.16078431372549018 0.1686274509803921,
0.1686274509803921 0.16078431372549018 0.1686274509803921,
0.1686274509803921 0.16078431372549018 0.1686274509803921,
0.1686274509803921 0.16078431372549018 0.1686274509803921,
0.1686274509803921 0.16078431372549018 0.1686274509803921,
0.1686274509803921 0.16078431372549018 0.1686274509803921,
0.1686274509803921 0.16078431372549018 0.1686274509803921,
0.1686274509803921 0.16078431372549018 0.1686274509803921,
0.1686274509803921 0.16078431372549018 0.1686274509803921,
0.1686274509803921 0.16078431372549018 0.1686274509803921,
0.1686274509803921 0.16078431372549018 0.1686274509803921,
0.1686274509803921 0.16078431372549018 0.1686274509803921,
0.1686274509803921 0.16078431372549018 0.1686274509803921,
0.1686274509803921 0.16078431372549018 0.1686274509803921,
0.1686274509803921 0.16078431372549018 0.1686274509803921,
0.1686274509803921 0.16078431372549018 0.1686274509803921,
0.1686274509803921 0.16078431372549018 0.1686274509803921,
0.1686274509803921 0.16078431372549018 0.1686274509803921,
0.1686274509803921 0.16078431372549018 0.1686274509803921,
0.1686274509803921 0.16078431372549018 0.1686274509803921,
0.1686274509803921 0.16078431372549018 0.1686274509803921,
0.1686274509803921 0.16078431372549018 0.1686274509803921,
0.1686274509803921 0.16078431372549018 0.1686274509803921,
0.1686274509803921 0.16078431372549018 0.1686274509803921,
0.1686274509803921 0.16078431372549018 0.1686274509803921,
0.1686274509803921 0.16078431372549018 0.1686274509803921,
0.1686274509803921 0.16078431372549018 0.1686274509803921,
0.1686274509803921 0.16078431372549018 0.1686274509803921,
0.1686274509803921 0.16078431372549018 0.1686274509803921,
0.1686274509803921 0.16078431372549018 0.1686274509803921,
0.1686274509803921 0.16078431372549018 0.1686274509803921,
0.1686274509803921 0.16078431372549018 0.1686274509803921,
0.1686274509803921 0.16078431372549018 0.1686274509803921,
0.1686274509803921 0.16078431372549018 0.1686274509803921,
0.1686274509803921 0.16078431372549018 0.1686274509803921,
0.1686274509803921 0.16078431372549018 0.1686274509803921,
0.1686274509803921 0.16078431372549018 0.1686274509803921,
0.1686274509803921 0.16078431372549018 0.1686274509803921,
0.1686274509803921 0.16078431372549018 0.1686274509803921,
0.1686274509803921 0.16078431372549018 0.1686274509803921,
0.1686274509803921 0.16078431372549018 0.1686274509803921,
0.1686274509803921 0.16078431372549018 0.1686274509803921,
0.1686274509803921 0.16078431372549018 0.1686274509803921,
0.1686274509803921 0.16078431372549018 0.1686274509803921,
0.1686274509803921 0.16078431372549018 0.1686274509803921,
0.1686274509803921 0.16078431372549018 0.1686274509803921,
0.1686274509803921 0.16078431372549018 0.1686274509803921,
0.1686274509803921 0.16078431372549018 0.1686274509803921,
0.1686274509803921 0.16078431372549018 0.1686274509803921,
0.1686274509803921 0.16078431372549018 0.1686274509803921,
0.1686274509803921 0.16078431372549018 0.1686274509803921,
0.1686274509803921 0.16078431372549018 0.1686274509803921,
0.1686274509803921 0.16078431372549018 0.1686274509803921,
0.1686274509803921 0.16078431372549018 0.1686274509803921,
0.1686274509803921 0.16078431372549018 0.1686274509803921,
0.1686274509803921 0.16078431372549018 0.1686274509803921,
0.1686274509803921 0.16078431372549018 0.1686274509803921,
0.1686274509803921 0.16078431372549018 0.1686274509803921,
0.1686274509803921 0.16078431372549018 0.1686274509803921,
0.1686274509803921 0.16078431372549018 0.1686274509803921,
0.1686274509803921 0.16078431372549018 0.1686274509803921,
0.1686274509803921 0.16078431372549018 0.1686274509803921,
0.1686274509803921 0.16078431372549018 0.1686274509803921,
0.1686274509803921 0.16078431372549018 0.1686274509803921,
0.1686274509803921 0.16078431372549018 0.1686274509803921,
0.1686274509803921 0.16078431372549018 0.1686274509803921,
0.1686274509803921 0.16078431372549018 0.1686274509803921,
0.1686274509803921 0.16078431372549018 0.1686274509803921,
0.1686274509803921 0.16078431372549018 0.1686274509803921,
0.1686274509803921 0.16078431372549018 0.1686274509803921,
0.1686274509803921 0.16078431372549018 0.1686274509803921,
0.1686274509803921 0.16078431372549018 0.1686274509803921,
0.1686274509803921 0.16078431372549018 0.1686274509803921,
0.1686274509803921 0.16078431372549018 0.1686274509803921,
0.1686274509803921 0.16078431372549018 0.1686274509803921,
0.1686274509803921 0.16078431372549018 0.1686274509803921,
0.1686274509803921 0.16078431372549018 0.1686274509803921,
0.1686274509803921 0.16078431372549018 0.1686274509803921,
0.1686274509803921 0.16078431372549018 0.1686274509803921,
0.1686274509803921 0.16078431372549018 0.1686274509803921,
0.1686274509803921 0.16078431372549018 0.1686274509803921,
0.1686274509803921 0.16078431372549018 0.1686274509803921,
0.1686274509803921 0.16078431372549018 0.1686274509803921,
0.1686274509803921 0.16078431372549018 0.1686274509803921,
0.1686274509803921 0.16078431372549018 0.1686274509803921,
0.1686274509803921 0.16078431372549018 0.1686274509803921,
0.1686274509803921 0.16078431372549018 0.1686274509803921,
0.1686274509803921 0.16078431372549018 0.1686274509803921,
0.1686274509803921 0.16078431372549018 0.1686274509803921,
0.1686274509803921 0.16078431372549018 0.1686274509803921,
0.1686274509803921 0.16078431372549018 0.1686274509803921,
0.1686274509803921 0.16078431372549018 0.1686274509803921,
0.1686274509803921 0.16078431372549018 0.1686274509803921,
0.1686274509803921 0.16078431372549018 0.1686274509803921,
0.1686274509803921 0.16078431372549018 0.1686274509803921,
0.1686274509803921 0.16078431372549018 0.1686274509803921,
0.1686274509803921 0.16078431372549018 0.1686274509803921,
0.1686274509803921 0.16078431372549018 0.1686274509803921,
0.1686274509803921 0.16078431372549018 0.1686274509803921,
0.1686274509803921 0.16078431372549018 0.1686274509803921,
0.1686274509803921 0.16078431372549018 0.1686274509803921,
0.1686274509803921 0.16078431372549018 0.1686274509803921,
0.1686274509803921 0.16078431372549018 0.1686274509803921,
0.1686274509803921 0.16078431372549018 0.1686274509803921,
0.1686274509803921 0.16078431372549018 0.1686274509803921,
0.1686274509803921 0.16078431372549018 0.1686274509803921,
0.1686274509803921 0.16078431372549018 0.1686274509803921,
0.1686274509803921 0.16078431372549018 0.1686274509803921,
0.1686274509803921 0.16078431372549018 0.1686274509803921,
0.1686274509803921 0.16078431372549018 0.1686274509803921,
0.1686274509803921 0.16078431372549018 0.1686274509803921,
0.1686274509803921 0.16078431372549018 0.1686274509803921,
0.1686274509803921 0.16078431372549018 0.1686274509803921,
0.1686274509803921 0.16078431372549018 0.1686274509803921,
0.1686274509803921 0.16078431372549018 0.1686274509803921,
0.1686274509803921 0.16078431372549018 0.1686274509803921,
0.1686274509803921 0.16078431372549018 0.1686274509803921,
0.1686274509803921 0.16078431372549018 0.1686274509803921,
0.1686274509803921 0.16078431372549018 0.1686274509803921,
0.1686274509803921 0.16078431372549018 0.1686274509803921,
0.1686274509803921 0.16078431372549018 0.1686274509803921,
0.1686274509803921 0.16078431372549018 0.1686274509803921,
0.1686274509803921 0.16078431372549018 0.1686274509803921,
0.1686274509803921 0.16078431372549018 0.1686274509803921,
0.1686274509803921 0.16078431372549018 0.1686274509803921,
0.1686274509803921 0.16078431372549018 0.1686274509803921,
0.1686274509803921 0.16078431372549018 0.1686274509803921,
0.1686274509803921 0.16078431372549018 0.1686274509803921,
0.1686274509803921 0.16078431372549018 0.1686274509803921,
0.1686274509803921 0.16078431372549018 0.1686274509803921,
0.1686274509803921 0.16078431372549018 0.1686274509803921,
0.1686274509803921 0.16078431372549018 0.1686274509803921,
0.1686274509803921 0.16078431372549018 0.1686274509803921,
0.1686274509803921 0.16078431372549018 0.1686274509803921,
0.1686274509803921 0.16078431372549018 0.1686274509803921,
0.1686274509803921 0.16078431372549018 0.1686274509803921,
0.1686274509803921 0.16078431372549018 0.1686274509803921,
0.1686274509803921 0.16078431372549018 0.1686274509803921,
0.1686274509803921 0.16078431372549018 0.1686274509803921,
0.1686274509803921 0.16078431372549018 0.1686274509803921,
0.1686274509803921 0.16078431372549018 0.1686274509803921,
0.1686274509803921 0.16078431372549018 0.1686274509803921,
0.1686274509803921 0.16078431372549018 0.1686274509803921,
0.1686274509803921 0.16078431372549018 0.1686274509803921,
0.1686274509803921 0.16078431372549018 0.1686274509803921,
0.1686274509803921 0.16078431372549018 0.1686274509803921,
0.1686274509803921 0.16078431372549018 0.1686274509803921,
0.1686274509803921 0.16078431372549018 0.1686274509803921,
0.1686274509803921 0.16078431372549018 0.1686274509803921,
0.1686274509803921 0.16078431372549018 0.1686274509803921,
0.1686274509803921 0.16078431372549018 0.1686274509803921,
0.1686274509803921 0.16078431372549018 0.1686274509803921,
0.1686274509803921 0.16078431372549018 0.1686274509803921,
0.1686274509803921 0.16078431372549018 0.1686274509803921,
0.1686274509803921 0.16078431372549018 0.1686274509803921,
0.1686274509803921 0.16078431372549018 0.1686274509803921,
0.1686274509803921 0.16078431372549018 0.1686274509803921,
0.1686274509803921 0.16078431372549018 0.1686274509803921,
0.1686274509803921 0.16078431372549018 0.1686274509803921,
0.1686274509803921 0.16078431372549018 0.1686274509803921,
0.1686274509803921 0.16078431372549018 0.1686274509803921,
0.1686274509803921 0.16078431372549018 0.1686274509803921,
0.1686274509803921 0.16078431372549018 0.1686274509803921,
0.1686274509803921 0.16078431372549018 0.1686274509803921,
0.1686274509803921 0.16078431372549018 0.1686274509803921,
0.1686274509803921 0.16078431372549018 0.1686274509803921,
0.1686274509803921 0.16078431372549018 0.1686274509803921,
0.1686274509803921 0.16078431372549018 0.1686274509803921,
0.1686274509803921 0.16078431372549018 0.1686274509803921,
0.1686274509803921 0.16078431372549018 0.1686274509803921,
0.1686274509803921 0.16078431372549018 0.1686274509803921,
0.1686274509803921 0.16078431372549018 0.1686274509803921,
0.1686274509803921 0.16078431372549018 0.1686274509803921,
0.1686274509803921 0.16078431372549018 0.1686274509803921,
0.1686274509803921 0.16078431372549018 0.1686274509803921,
0.1686274509803921 0.16078431372549018 0.1686274509803921,
0.1686274509803921 0.16078431372549018 0.1686274509803921,
0.1686274509803921 0.16078431372549018 0.1686274509803921,
0.1686274509803921 0.16078431372549018 0.1686274509803921,
0.1686274509803921 0.16078431372549018 0.1686274509803921,
0.1686274509803921 0.16078431372549018 0.1686274509803921,
0.1686274509803921 0.16078431372549018 0.1686274509803921,
0.1686274509803921 0.16078431372549018 0.1686274509803921,
0.1686274509803921 0.16078431372549018 0.1686274509803921,
0.1686274509803921 0.16078431372549018 0.1686274509803921,
0.1686274509803921 0.16078431372549018 0.1686274509803921,
0.1686274509803921 0.16078431372549018 0.1686274509803921,
0.1686274509803921 0.16078431372549018 0.1686274509803921,
0.1686274509803921 0.16078431372549018 0.1686274509803921,
0.1686274509803921 0.16078431372549018 0.1686274509803921,
0.1686274509803921 0.16078431372549018 0.1686274509803921,
0.1686274509803921 0.16078431372549018 0.1686274509803921,
0.1686274509803921 0.16078431372549018 0.1686274509803921,
0.1686274509803921 0.16078431372549018 0.1686274509803921,
0.1686274509803921 0.16078431372549018 0.1686274509803921,
0.1686274509803921 0.16078431372549018 0.1686274509803921,
0.1686274509803921 0.16078431372549018 0.1686274509803921,
0.1686274509803921 0.16078431372549018 0.1686274509803921,
0.1686274509803921 0.16078431372549018 0.1686274509803921,
0.1686274509803921 0.16078431372549018 0.1686274509803921,
0.1686274509803921 0.16078431372549018 0.1686274509803921,
0.1686274509803921 0.16078431372549018 0.1686274509803921,
0.1686274509803921 0.16078431372549018 0.1686274509803921,
0.1686274509803921 0.16078431372549018 0.1686274509803921,
0.1686274509803921 0.16078431372549018 0.1686274509803921,
0.1686274509803921 0.16078431372549018 0.1686274509803921,
0.1686274509803921 0.16078431372549018 0.1686274509803921,
0.1686274509803921 0.16078431372549018 0.1686274509803921,
0.1686274509803921 0.16078431372549018 0.1686274509803921,
0.1686274509803921 0.16078431372549018 0.1686274509803921,
0.1686274509803921 0.16078431372549018 0.1686274509803921,
0.1686274509803921 0.16078431372549018 0.1686274509803921,
0.1686274509803921 0.16078431372549018 0.1686274509803921,
0.1686274509803921 0.16078431372549018 0.1686274509803921,
0.1686274509803921 0.16078431372549018 0.1686274509803921,
0.1686274509803921 0.16078431372549018 0.1686274509803921,
0.1686274509803921 0.16078431372549018 0.1686274509803921,
0.1686274509803921 0.16078431372549018 0.1686274509803921,
0.1686274509803921 0.16078431372549018 0.1686274509803921,
0.1686274509803921 0.16078431372549018 0.1686274509803921,
0.1686274509803921 0.16078431372549018 0.1686274509803921,
0.1686274509803921 0.16078431372549018 0.1686274509803921,
0.1686274509803921 0.16078431372549018 0.1686274509803921,
0.1686274509803921 0.16078431372549018 0.1686274509803921,
0.1686274509803921 0.16078431372549018 0.1686274509803921,
0.1686274509803921 0.16078431372549018 0.1686274509803921,
0.1686274509803921 0.16078431372549018 0.1686274509803921,
0.1686274509803921 0.16078431372549018 0.1686274509803921,
0.1686274509803921 0.16078431372549018 0.1686274509803921,
0.1686274509803921 0.16078431372549018 0.1686274509803921,
0.1686274509803921 0.16078431372549018 0.1686274509803921,
0.1686274509803921 0.16078431372549018 0.1686274509803921,
0.1686274509803921 0.16078431372549018 0.1686274509803921,
0.1686274509803921 0.16078431372549018 0.1686274509803921,
0.1686274509803921 0.16078431372549018 0.1686274509803921,
0.1686274509803921 0.16078431372549018 0.1686274509803921,
0.1686274509803921 0.16078431372549018 0.1686274509803921,
0.1686274509803921 0.16078431372549018 0.1686274509803921,
0.1686274509803921 0.16078431372549018 0.1686274509803921,
0.1686274509803921 0.16078431372549018 0.1686274509803921,
0.1686274509803921 0.16078431372549018 0.1686274509803921,
0.1686274509803921 0.16078431372549018 0.1686274509803921,
0.1686274509803921 0.16078431372549018 0.1686274509803921,
0.1686274509803921 0.16078431372549018 0.1686274509803921,
0.1686274509803921 0.16078431372549018 0.1686274509803921,
0.1686274509803921 0.16078431372549018 0.1686274509803921,
0.1686274509803921 0.16078431372549018 0.1686274509803921,
0.1686274509803921 0.16078431372549018 0.1686274509803921,
0.1686274509803921 0.16078431372549018 0.1686274509803921,
0.1686274509803921 0.16078431372549018 0.1686274509803921,
0.1686274509803921 0.16078431372549018 0.1686274509803921,
0.1686274509803921 0.16078431372549018 0.1686274509803921,
0.1686274509803921 0.16078431372549018 0.1686274509803921,
0.1686274509803921 0.16078431372549018 0.1686274509803921,
0.1686274509803921 0.16078431372549018 0.1686274509803921,
0.1686274509803921 0.16078431372549018 0.1686274509803921,
0.1686274509803921 0.16078431372549018 0.1686274509803921,
0.1686274509803921 0.16078431372549018 0.1686274509803921,
0.1686274509803921 0.16078431372549018 0.1686274509803921,
0.1686274509803921 0.16078431372549018 0.1686274509803921,
0.1686274509803921 0.16078431372549018 0.1686274509803921,
0.1686274509803921 0.16078431372549018 0.1686274509803921,
0.1686274509803921 0.16078431372549018 0.1686274509803921,
0.1686274509803921 0.16078431372549018 0.1686274509803921,
0.1686274509803921 0.16078431372549018 0.1686274509803921,
0.1686274509803921 0.16078431372549018 0.1686274509803921,
0.1686274509803921 0.16078431372549018 0.1686274509803921,
0.1686274509803921 0.16078431372549018 0.1686274509803921,
0.1686274509803921 0.16078431372549018 0.1686274509803921,
0.1686274509803921 0.16078431372549018 0.1686274509803921,
0.1686274509803921 0.16078431372549018 0.1686274509803921,
0.1686274509803921 0.16078431372549018 0.1686274509803921,
0.1686274509803921 0.16078431372549018 0.1686274509803921,
0.1686274509803921 0.16078431372549018 0.1686274509803921,
0.1686274509803921 0.16078431372549018 0.1686274509803921,
0.1686274509803921 0.16078431372549018 0.1686274509803921,
0.1686274509803921 0.16078431372549018 0.1686274509803921,
0.1686274509803921 0.16078431372549018 0.1686274509803921,
0.1686274509803921 0.16078431372549018 0.1686274509803921,
0.1686274509803921 0.16078431372549018 0.1686274509803921,
0.1686274509803921 0.16078431372549018 0.1686274509803921,
0.1686274509803921 0.16078431372549018 0.1686274509803921,
0.1686274509803921 0.16078431372549018 0.1686274509803921,
0.1686274509803921 0.16078431372549018 0.1686274509803921,
0.1686274509803921 0.16078431372549018 0.1686274509803921,
0.1686274509803921 0.16078431372549018 0.1686274509803921,
0.1686274509803921 0.16078431372549018 0.1686274509803921,
0.1686274509803921 0.16078431372549018 0.1686274509803921,
0.1686274509803921 0.16078431372549018 0.1686274509803921,
0.1686274509803921 0.16078431372549018 0.1686274509803921,
0.1686274509803921 0.16078431372549018 0.1686274509803921,
0.1686274509803921 0.16078431372549018 0.1686274509803921,
0.1686274509803921 0.16078431372549018 0.1686274509803921,
0.1686274509803921 0.16078431372549018 0.1686274509803921,
0.1686274509803921 0.16078431372549018 0.1686274509803921,
0.1686274509803921 0.16078431372549018 0.1686274509803921,
0.1686274509803921 0.16078431372549018 0.1686274509803921,
0.1686274509803921 0.16078431372549018 0.1686274509803921,
0.1686274509803921 0.16078431372549018 0.1686274509803921,
0.1686274509803921 0.16078431372549018 0.1686274509803921,
0.1686274509803921 0.16078431372549018 0.1686274509803921,
0.1686274509803921 0.16078431372549018 0.1686274509803921,
0.1686274509803921 0.16078431372549018 0.1686274509803921,
0.1686274509803921 0.16078431372549018 0.1686274509803921,
0.1686274509803921 0.16078431372549018 0.1686274509803921,
0.1686274509803921 0.16078431372549018 0.1686274509803921,
0.1686274509803921 0.16078431372549018 0.1686274509803921,
0.1686274509803921 0.16078431372549018 0.1686274509803921,
0.1686274509803921 0.16078431372549018 0.1686274509803921,
0.1686274509803921 0.16078431372549018 0.1686274509803921,
0.1686274509803921 0.16078431372549018 0.1686274509803921,
0.1686274509803921 0.16078431372549018 0.1686274509803921,
0.1686274509803921 0.16078431372549018 0.1686274509803921,
0.1686274509803921 0.16078431372549018 0.1686274509803921,
0.1686274509803921 0.16078431372549018 0.1686274509803921,
0.1686274509803921 0.16078431372549018 0.1686274509803921,
0.1686274509803921 0.16078431372549018 0.1686274509803921,
0.1686274509803921 0.16078431372549018 0.1686274509803921,
0.1686274509803921 0.16078431372549018 0.1686274509803921,
0.1686274509803921 0.16078431372549018 0.1686274509803921,
0.1686274509803921 0.16078431372549018 0.1686274509803921,
0.1686274509803921 0.16078431372549018 0.1686274509803921,
0.1686274509803921 0.16078431372549018 0.1686274509803921,
0.1686274509803921 0.16078431372549018 0.1686274509803921,
0.1686274509803921 0.16078431372549018 0.1686274509803921,
0.1686274509803921 0.16078431372549018 0.1686274509803921,
0.1686274509803921 0.16078431372549018 0.1686274509803921,
0.1686274509803921 0.16078431372549018 0.1686274509803921,
0.1686274509803921 0.16078431372549018 0.1686274509803921,
0.1686274509803921 0.16078431372549018 0.1686274509803921,
0.1686274509803921 0.16078431372549018 0.1686274509803921,
0.1686274509803921 0.16078431372549018 0.1686274509803921,
0.1686274509803921 0.16078431372549018 0.1686274509803921,
0.1686274509803921 0.16078431372549018 0.1686274509803921,
0.1686274509803921 0.16078431372549018 0.1686274509803921,
0.1686274509803921 0.16078431372549018 0.1686274509803921,
0.1686274509803921 0.16078431372549018 0.1686274509803921,
0.1686274509803921 0.16078431372549018 0.1686274509803921,
0.1686274509803921 0.16078431372549018 0.1686274509803921,
0.1686274509803921 0.16078431372549018 0.1686274509803921,
0.1686274509803921 0.16078431372549018 0.1686274509803921,
0.1686274509803921 0.16078431372549018 0.1686274509803921,
0.1686274509803921 0.16078431372549018 0.1686274509803921,
0.1686274509803921 0.16078431372549018 0.1686274509803921,
0.1686274509803921 0.16078431372549018 0.1686274509803921,
0.1686274509803921 0.16078431372549018 0.1686274509803921,
0.1686274509803921 0.16078431372549018 0.1686274509803921,
0.1686274509803921 0.16078431372549018 0.1686274509803921,
0.1686274509803921 0.16078431372549018 0.1686274509803921,
0.1686274509803921 0.16078431372549018 0.1686274509803921,
0.1686274509803921 0.16078431372549018 0.1686274509803921,
0.1686274509803921 0.16078431372549018 0.1686274509803921,
0.1686274509803921 0.16078431372549018 0.1686274509803921,
0.1686274509803921 0.16078431372549018 0.1686274509803921,
0.1686274509803921 0.16078431372549018 0.1686274509803921,
0.1686274509803921 0.16078431372549018 0.1686274509803921,
0.1686274509803921 0.16078431372549018 0.1686274509803921,
0.1686274509803921 0.16078431372549018 0.1686274509803921,
0.1686274509803921 0.16078431372549018 0.1686274509803921,
0.1686274509803921 0.16078431372549018 0.1686274509803921,
0.9294117647058824 0.9294117647058824 0.9294117647058824,
0.9294117647058824 0.9294117647058824 0.9294117647058824,
0.9294117647058824 0.9294117647058824 0.9294117647058824,
0.9294117647058824 0.9294117647058824 0.9294117647058824,
0.9294117647058824 0.9294117647058824 0.9294117647058824,
0.9294117647058824 0.9294117647058824 0.9294117647058824,
0.9294117647058824 0.9294117647058824 0.9294117647058824,
0.9294117647058824 0.9294117647058824 0.9294117647058824,
0.9294117647058824 0.9294117647058824 0.9294117647058824,
0.9294117647058824 0.9294117647058824 0.9294117647058824,
0.9294117647058824 0.9294117647058824 0.9294117647058824,
0.9294117647058824 0.9294117647058824 0.9294117647058824,
0.9294117647058824 0.9294117647058824 0.9294117647058824,
0.9294117647058824 0.9294117647058824 0.9294117647058824,
0.9294117647058824 0.9294117647058824 0.9294117647058824,
0.9294117647058824 0.9294117647058824 0.9294117647058824,
0.9294117647058824 0.9294117647058824 0.9294117647058824,
0.9294117647058824 0.9294117647058824 0.9294117647058824,
0.9294117647058824 0.9294117647058824 0.9294117647058824,
0.9294117647058824 0.9294117647058824 0.9294117647058824,
0.9294117647058824 0.9294117647058824 0.9294117647058824,
0.9294117647058824 0.9294117647058824 0.9294117647058824,
0.9294117647058824 0.9294117647058824 0.9294117647058824,
0.9294117647058824 0.9294117647058824 0.9294117647058824,
0.9294117647058824 0.9294117647058824 0.9294117647058824,
0.9294117647058824 0.9294117647058824 0.9294117647058824,
0.9294117647058824 0.9294117647058824 0.9294117647058824,
0.9294117647058824 0.9294117647058824 0.9294117647058824,
0.9294117647058824 0.9294117647058824 0.9294117647058824,
0.9294117647058824 0.9294117647058824 0.9294117647058824,
0.9294117647058824 0.9294117647058824 0.9294117647058824,
0.9294117647058824 0.9294117647058824 0.9294117647058824,
0.9294117647058824 0.9294117647058824 0.9294117647058824,
0.9294117647058824 0.9294117647058824 0.9294117647058824,
0.9294117647058824 0.9294117647058824 0.9294117647058824,
0.9294117647058824 0.9294117647058824 0.9294117647058824,
0.9294117647058824 0.9294117647058824 0.9294117647058824,
0.9294117647058824 0.9294117647058824 0.9294117647058824,
0.9294117647058824 0.9294117647058824 0.9294117647058824,
0.9294117647058824 0.9294117647058824 0.9294117647058824,
0.9294117647058824 0.9294117647058824 0.9294117647058824,
0.9294117647058824 0.9294117647058824 0.9294117647058824,
0.9294117647058824 0.9294117647058824 0.9294117647058824,
0.9294117647058824 0.9294117647058824 0.9294117647058824,
0.9294117647058824 0.9294117647058824 0.9294117647058824,
0.9294117647058824 0.9294117647058824 0.9294117647058824,
0.9294117647058824 0.9294117647058824 0.9294117647058824,
0.9294117647058824 0.9294117647058824 0.9294117647058824,
0.9294117647058824 0.9294117647058824 0.9294117647058824,
0.9294117647058824 0.9294117647058824 0.9294117647058824,
0.9294117647058824 0.9294117647058824 0.9294117647058824,
0.9294117647058824 0.9294117647058824 0.9294117647058824,
0.9294117647058824 0.9294117647058824 0.9294117647058824,
0.9294117647058824 0.9294117647058824 0.9294117647058824,
0.9294117647058824 0.9294117647058824 0.9294117647058824,
0.9294117647058824 0.9294117647058824 0.9294117647058824,
0.9294117647058824 0.9294117647058824 0.9294117647058824,
0.9294117647058824 0.9294117647058824 0.9294117647058824,
0.9294117647058824 0.9294117647058824 0.9294117647058824,
0.9294117647058824 0.9294117647058824 0.9294117647058824,
0.9294117647058824 0.9294117647058824 0.9294117647058824,
0.9294117647058824 0.9294117647058824 0.9294117647058824,
0.9294117647058824 0.9294117647058824 0.9294117647058824,
0.9294117647058824 0.9294117647058824 0.9294117647058824,
0.9294117647058824 0.9294117647058824 0.9294117647058824,
0.9294117647058824 0.9294117647058824 0.9294117647058824,
0.9294117647058824 0.9294117647058824 0.9294117647058824,
0.9294117647058824 0.9294117647058824 0.9294117647058824,
0.9294117647058824 0.9294117647058824 0.9294117647058824,
0.9294117647058824 0.9294117647058824 0.9294117647058824,
0.9294117647058824 0.9294117647058824 0.9294117647058824,
0.9294117647058824 0.9294117647058824 0.9294117647058824,
0.9294117647058824 0.9294117647058824 0.9294117647058824,
0.9294117647058824 0.9294117647058824 0.9294117647058824,
0.9294117647058824 0.9294117647058824 0.9294117647058824,
0.9294117647058824 0.9294117647058824 0.9294117647058824,
0.9294117647058824 0.9294117647058824 0.9294117647058824,
0.9294117647058824 0.9294117647058824 0.9294117647058824,
0.9294117647058824 0.9294117647058824 0.9294117647058824,
0.9294117647058824 0.9294117647058824 0.9294117647058824,
0.9294117647058824 0.9294117647058824 0.9294117647058824,
0.9294117647058824 0.9294117647058824 0.9294117647058824,
0.9294117647058824 0.9294117647058824 0.9294117647058824,
0.9294117647058824 0.9294117647058824 0.9294117647058824,
0.9294117647058824 0.9294117647058824 0.9294117647058824,
0.9294117647058824 0.9294117647058824 0.9294117647058824,
0.9294117647058824 0.9294117647058824 0.9294117647058824,
0.9294117647058824 0.9294117647058824 0.9294117647058824,
0.9294117647058824 0.9294117647058824 0.9294117647058824,
0.9294117647058824 0.9294117647058824 0.9294117647058824,
0.9294117647058824 0.9294117647058824 0.9294117647058824,
0.9294117647058824 0.9294117647058824 0.9294117647058824,
0.9294117647058824 0.9294117647058824 0.9294117647058824,
0.9294117647058824 0.9294117647058824 0.9294117647058824,
0.9294117647058824 0.9294117647058824 0.9294117647058824,
0.9294117647058824 0.9294117647058824 0.9294117647058824,
0.9294117647058824 0.9294117647058824 0.9294117647058824,
0.9294117647058824 0.9294117647058824 0.9294117647058824,
0.9294117647058824 0.9294117647058824 0.9294117647058824,
0.9294117647058824 0.9294117647058824 0.9294117647058824,
0.9294117647058824 0.9294117647058824 0.9294117647058824,
0.9294117647058824 0.9294117647058824 0.9294117647058824,
0.9294117647058824 0.9294117647058824 0.9294117647058824,
0.9294117647058824 0.9294117647058824 0.9294117647058824,
0.9294117647058824 0.9294117647058824 0.9294117647058824,
0.9294117647058824 0.9294117647058824 0.9294117647058824,
0.9294117647058824 0.9294117647058824 0.9294117647058824,
0.9294117647058824 0.9294117647058824 0.9294117647058824,
0.9294117647058824 0.9294117647058824 0.9294117647058824,
0.9294117647058824 0.9294117647058824 0.9294117647058824,
0.9294117647058824 0.9294117647058824 0.9294117647058824,
0.9294117647058824 0.9294117647058824 0.9294117647058824,
0.9294117647058824 0.9294117647058824 0.9294117647058824,
0.9294117647058824 0.9294117647058824 0.9294117647058824,
0.9294117647058824 0.9294117647058824 0.9294117647058824,
0.9294117647058824 0.9294117647058824 0.9294117647058824,
0.9294117647058824 0.9294117647058824 0.9294117647058824,
0.9294117647058824 0.9294117647058824 0.9294117647058824,
0.9294117647058824 0.9294117647058824 0.9294117647058824,
0.9294117647058824 0.9294117647058824 0.9294117647058824,
0.9294117647058824 0.9294117647058824 0.9294117647058824,
0.9294117647058824 0.9294117647058824 0.9294117647058824,
0.9294117647058824 0.9294117647058824 0.9294117647058824,
0.9294117647058824 0.9294117647058824 0.9294117647058824,
0.9294117647058824 0.9294117647058824 0.9294117647058824,
0.9294117647058824 0.9294117647058824 0.9294117647058824,
0.9294117647058824 0.9294117647058824 0.9294117647058824,
0.9294117647058824 0.9294117647058824 0.9294117647058824,
0.9294117647058824 0.9294117647058824 0.9294117647058824,
0.9294117647058824 0.9294117647058824 0.9294117647058824,
0.9294117647058824 0.9294117647058824 0.9294117647058824,
0.9294117647058824 0.9294117647058824 0.9294117647058824,
0.9294117647058824 0.9294117647058824 0.9294117647058824,
0.9294117647058824 0.9294117647058824 0.9294117647058824,
0.9294117647058824 0.9294117647058824 0.9294117647058824,
0.9294117647058824 0.9294117647058824 0.9294117647058824,
0.9294117647058824 0.9294117647058824 0.9294117647058824,
0.9294117647058824 0.9294117647058824 0.9294117647058824,
0.9294117647058824 0.9294117647058824 0.9294117647058824,
0.9294117647058824 0.9294117647058824 0.9294117647058824,
0.9294117647058824 0.9294117647058824 0.9294117647058824,
0.9294117647058824 0.9294117647058824 0.9294117647058824,
0.9294117647058824 0.9294117647058824 0.9294117647058824,
0.9294117647058824 0.9294117647058824 0.9294117647058824,
0.9294117647058824 0.9294117647058824 0.9294117647058824,
0.9294117647058824 0.9294117647058824 0.9294117647058824,
0.9294117647058824 0.9294117647058824 0.9294117647058824,
0.9294117647058824 0.9294117647058824 0.9294117647058824,
0.9294117647058824 0.9294117647058824 0.9294117647058824,
0.9294117647058824 0.9294117647058824 0.9294117647058824,
0.9294117647058824 0.9294117647058824 0.9294117647058824,
0.9294117647058824 0.9294117647058824 0.9294117647058824,
0.9294117647058824 0.9294117647058824 0.9294117647058824,
0.9294117647058824 0.9294117647058824 0.9294117647058824,
0.9294117647058824 0.9294117647058824 0.9294117647058824,
0.9294117647058824 0.9294117647058824 0.9294117647058824,
0.9294117647058824 0.9294117647058824 0.9294117647058824,
0.9294117647058824 0.9294117647058824 0.9294117647058824,
0.9294117647058824 0.9294117647058824 0.9294117647058824,
0.9294117647058824 0.9294117647058824 0.9294117647058824,
0.9294117647058824 0.9294117647058824 0.9294117647058824,
0.9294117647058824 0.9294117647058824 0.9294117647058824,
0.9294117647058824 0.9294117647058824 0.9294117647058824,
0.9294117647058824 0.9294117647058824 0.9294117647058824,
0.9294117647058824 0.9294117647058824 0.9294117647058824,
0.9294117647058824 0.9294117647058824 0.9294117647058824,
0.9294117647058824 0.9294117647058824 0.9294117647058824,
0.9294117647058824 0.9294117647058824 0.9294117647058824,
0.9294117647058824 0.9294117647058824 0.9294117647058824,
0.9294117647058824 0.9294117647058824 0.9294117647058824,
0.9294117647058824 0.9294117647058824 0.9294117647058824,
0.9294117647058824 0.9294117647058824 0.9294117647058824,
0.9294117647058824 0.9294117647058824 0.9294117647058824,
0.9294117647058824 0.9294117647058824 0.9294117647058824,
0.9294117647058824 0.9294117647058824 0.9294117647058824,
0.9294117647058824 0.9294117647058824 0.9294117647058824,
0.9294117647058824 0.9294117647058824 0.9294117647058824,
0.9294117647058824 0.9294117647058824 0.9294117647058824,
0.9294117647058824 0.9294117647058824 0.9294117647058824,
0.9294117647058824 0.9294117647058824 0.9294117647058824,
0.9294117647058824 0.9294117647058824 0.9294117647058824,
0.9294117647058824 0.9294117647058824 0.9294117647058824,
0.9294117647058824 0.9294117647058824 0.9294117647058824,
0.9294117647058824 0.9294117647058824 0.9294117647058824,
0.9294117647058824 0.9294117647058824 0.9294117647058824,
0.9294117647058824 0.9294117647058824 0.9294117647058824,
0.9294117647058824 0.9294117647058824 0.9294117647058824,
0.9294117647058824 0.9294117647058824 0.9294117647058824,
0.9294117647058824 0.9294117647058824 0.9294117647058824,
0.9294117647058824 0.9294117647058824 0.9294117647058824,
0.9294117647058824 0.9294117647058824 0.9294117647058824,
0.9294117647058824 0.9294117647058824 0.9294117647058824,
0.9294117647058824 0.9294117647058824 0.9294117647058824,
0.9294117647058824 0.9294117647058824 0.9294117647058824,
0.9294117647058824 0.9294117647058824 0.9294117647058824,
1.0 1.0 1.0,
1.0 1.0 1.0,
1.0 1.0 1.0,
1.0 1.0 1.0,
1.0 1.0 1.0,
1.0 1.0 1.0,
1.0 1.0 1.0,
1.0 1.0 1.0,
1.0 1.0 1.0,
1.0 1.0 1.0,
1.0 1.0 1.0,
1.0 1.0 1.0,
1.0 1.0 1.0,
1.0 1.0 1.0,
1.0 1.0 1.0,
1.0 1.0 1.0,
1.0 1.0 1.0,
1.0 1.0 1.0,
1.0 1.0 1.0,
1.0 1.0 1.0,
1.0 1.0 1.0,
1.0 1.0 1.0,
1.0 1.0 1.0,
1.0 1.0 1.0,
1.0 1.0 1.0,
1.0 1.0 1.0,
1.0 1.0 1.0,
1.0 1.0 1.0,
1.0 1.0 1.0,
1.0 1.0 1.0,
1.0 1.0 1.0,
1.0 1.0 1.0,
1.0 1.0 1.0,
1.0 1.0 1.0,
1.0 1.0 1.0,
1.0 1.0 1.0,
1.0 1.0 1.0,
1.0 1.0 1.0,
1.0 1.0 1.0,
1.0 1.0 1.0,
1.0 1.0 1.0,
1.0 1.0 1.0,
1.0 1.0 1.0,
1.0 1.0 1.0,
1.0 1.0 1.0,
1.0 1.0 1.0,
1.0 1.0 1.0,
1.0 1.0 1.0,
1.0 1.0 1.0,
1.0 1.0 1.0,
1.0 1.0 1.0,
1.0 1.0 1.0,
1.0 1.0 1.0,
1.0 1.0 1.0,
1.0 1.0 1.0,
1.0 1.0 1.0,
1.0 1.0 1.0,
1.0 1.0 1.0,
1.0 1.0 1.0,
1.0 1.0 1.0,
1.0 1.0 1.0,
1.0 1.0 1.0,
1.0 1.0 1.0,
1.0 1.0 1.0,
1.0 1.0 1.0,
1.0 1.0 1.0,
1.0 1.0 1.0,
1.0 1.0 1.0,
1.0 1.0 1.0,
1.0 1.0 1.0,
1.0 1.0 1.0,
1.0 1.0 1.0,
1.0 1.0 1.0,
1.0 1.0 1.0,
1.0 1.0 1.0,
1.0 1.0 1.0,
1.0 1.0 1.0,
1.0 1.0 1.0,
1.0 1.0 1.0,
1.0 1.0 1.0,
1.0 1.0 1.0,
1.0 1.0 1.0,
1.0 1.0 1.0,
1.0 1.0 1.0,
1.0 1.0 1.0,
1.0 1.0 1.0,
1.0 1.0 1.0,
1.0 1.0 1.0,
1.0 1.0 1.0,
1.0 1.0 1.0,
1.0 1.0 1.0,
1.0 1.0 1.0,
1.0 1.0 1.0,
1.0 1.0 1.0,
1.0 1.0 1.0,
1.0 1.0 1.0,
1.0 1.0 1.0,
1.0 1.0 1.0,
1.0 1.0 1.0,
1.0 1.0 1.0,
1.0 1.0 1.0,
1.0 1.0 1.0,
1.0 1.0 1.0,
1.0 1.0 1.0,
1.0 1.0 1.0,
1.0 1.0 1.0,
1.0 1.0 1.0,
1.0 1.0 1.0,
1.0 1.0 1.0,
1.0 1.0 1.0,
1.0 1.0 1.0,
1.0 1.0 1.0,
1.0 1.0 1.0,
1.0 1.0 1.0,
1.0 1.0 1.0,
1.0 1.0 1.0,
1.0 1.0 1.0,
1.0 1.0 1.0,
1.0 1.0 1.0,
1.0 1.0 1.0,
1.0 1.0 1.0,
1.0 1.0 1.0,
1.0 1.0 1.0,
1.0 1.0 1.0,
1.0 1.0 1.0,
1.0 1.0 1.0,
1.0 1.0 1.0,
1.0 1.0 1.0,
1.0 1.0 1.0,
1.0 1.0 1.0,
1.0 1.0 1.0,
1.0 1.0 1.0,
1.0 1.0 1.0,
1.0 1.0 1.0,
1.0 1.0 1.0,
1.0 1.0 1.0,
1.0 1.0 1.0,
1.0 1.0 1.0,
1.0 1.0 1.0,
1.0 1.0 1.0,
1.0 1.0 1.0,
1.0 1.0 1.0,
1.0 1.0 1.0,
1.0 1.0 1.0,
1.0 1.0 1.0,
1.0 1.0 1.0,
1.0 1.0 1.0,
1.0 1.0 1.0,
1.0 1.0 1.0,
1.0 1.0 1.0,
1.0 1.0 1.0,
1.0 1.0 1.0,
1.0 1.0 1.0,
1.0 1.0 1.0,
1.0 1.0 1.0,
1.0 1.0 1.0,
1.0 1.0 1.0,
1.0 1.0 1.0,
1.0 1.0 1.0,
1.0 1.0 1.0,
1.0 1.0 1.0,
1.0 1.0 1.0,
1.0 1.0 1.0,
1.0 1.0 1.0,
1.0 1.0 1.0,
1.0 1.0 1.0,
1.0 1.0 1.0,
1.0 1.0 1.0,
1.0 1.0 1.0,
1.0 1.0 1.0,
1.0 1.0 1.0,
1.0 1.0 1.0,
1.0 1.0 1.0,
1.0 1.0 1.0,
1.0 1.0 1.0,
1.0 1.0 1.0,
1.0 1.0 1.0,
1.0 1.0 1.0,
1.0 1.0 1.0,
1.0 1.0 1.0,
1.0 1.0 1.0,
1.0 1.0 1.0,
1.0 1.0 1.0,
1.0 1.0 1.0,
1.0 1.0 1.0,
1.0 1.0 1.0,
1.0 1.0 1.0,
1.0 1.0 1.0,
1.0 1.0 1.0,
1.0 1.0 1.0,
1.0 1.0 1.0,
1.0 1.0 1.0,
1.0 1.0 1.0,
1.0 1.0 1.0,
1.0 1.0 1.0,
1.0 1.0 1.0,
1.0 1.0 1.0,
1.0 1.0 1.0,
1.0 1.0 1.0,
1.0 1.0 1.0,
1.0 1.0 1.0,
1.0 1.0 1.0,
1.0 1.0 1.0,
1.0 1.0 1.0,
1.0 1.0 1.0,
1.0 1.0 1.0,
1.0 1.0 1.0,
1.0 1.0 1.0,
1.0 1.0 1.0,
1.0 1.0 1.0,
1.0 1.0 1.0,
1.0 1.0 1.0,
1.0 1.0 1.0,
1.0 1.0 1.0,
1.0 1.0 1.0,
1.0 1.0 1.0,
1.0 1.0 1.0,
1.0 1.0 1.0,
1.0 1.0 1.0,
1.0 1.0 1.0,
1.0 1.0 1.0,
1.0 1.0 1.0,
1.0 1.0 1.0,
1.0 1.0 1.0,
1.0 1.0 1.0,
1.0 1.0 1.0,
1.0 1.0 1.0,
1.0 1.0 1.0,
1.0 1.0 1.0,
1.0 1.0 1.0,
1.0 1.0 1.0,
1.0 1.0 1.0,
1.0 1.0 1.0,
1.0 1.0 1.0,
1.0 1.0 1.0,
1.0 1.0 1.0,
1.0 1.0 1.0,
1.0 1.0 1.0,
1.0 1.0 1.0,
1.0 1.0 1.0,
1.0 1.0 1.0,
1.0 1.0 1.0,
1.0 1.0 1.0,
1.0 1.0 1.0,
1.0 1.0 1.0,
1.0 1.0 1.0,
1.0 1.0 1.0,
1.0 1.0 1.0,
1.0 1.0 1.0,
1.0 1.0 1.0,
1.0 1.0 1.0,
1.0 1.0 1.0,
1.0 1.0 1.0,
1.0 1.0 1.0,
1.0 1.0 1.0,
1.0 1.0 1.0,
1.0 1.0 1.0,
1.0 1.0 1.0,
1.0 1.0 1.0,
1.0 1.0 1.0,
1.0 1.0 1.0,
1.0 1.0 1.0,
1.0 1.0 1.0,
1.0 1.0 1.0,
1.0 1.0 1.0,
1.0 1.0 1.0,
1.0 1.0 1.0,
1.0 1.0 1.0,
1.0 1.0 1.0,
1.0 1.0 1.0,
1.0 1.0 1.0,
1.0 1.0 1.0,
1.0 1.0 1.0,
1.0 1.0 1.0,
1.0 1.0 1.0,
1.0 1.0 1.0,
1.0 1.0 1.0,
1.0 1.0 1.0,
1.0 1.0 1.0,
1.0 1.0 1.0,
1.0 1.0 1.0,
1.0 1.0 1.0,
1.0 1.0 1.0,
1.0 1.0 1.0,
1.0 1.0 1.0,
1.0 1.0 1.0,
1.0 1.0 1.0,
1.0 1.0 1.0,
1.0 1.0 1.0,
1.0 1.0 1.0,
1.0 1.0 1.0,
1.0 1.0 1.0,
1.0 1.0 1.0,
1.0 1.0 1.0,
1.0 1.0 1.0,
1.0 1.0 1.0,
1.0 1.0 1.0,
1.0 1.0 1.0,
1.0 1.0 1.0,
1.0 1.0 1.0,
1.0 1.0 1.0,
1.0 1.0 1.0,
1.0 1.0 1.0,
1.0 1.0 1.0,
1.0 1.0 1.0,
1.0 1.0 1.0,
1.0 1.0 1.0,
1.0 1.0 1.0,
1.0 1.0 1.0,
1.0 1.0 1.0,
1.0 1.0 1.0,
1.0 1.0 1.0,
1.0 1.0 1.0,
1.0 1.0 1.0,
1.0 1.0 1.0,
1.0 1.0 1.0,
1.0 1.0 1.0,
1.0 1.0 1.0,
1.0 1.0 1.0,
1.0 1.0 1.0,
1.0 1.0 1.0,
1.0 1.0 1.0,
1.0 1.0 1.0,
1.0 1.0 1.0,
1.0 1.0 1.0,
1.0 1.0 1.0,
1.0 1.0 1.0,
1.0 1.0 1.0,
1.0 1.0 1.0,
1.0 1.0 1.0,
1.0 1.0 1.0,
1.0 1.0 1.0,
1.0 1.0 1.0,
1.0 1.0 1.0,
1.0 1.0 1.0,
1.0 1.0 1.0,
1.0 1.0 1.0,
1.0 1.0 1.0,
1.0 1.0 1.0,
1.0 1.0 1.0,
1.0 1.0 1.0,
1.0 1.0 1.0,
1.0 1.0 1.0,
1.0 1.0 1.0,
1.0 1.0 1.0,
1.0 1.0 1.0,
1.0 1.0 1.0,
1.0 1.0 1.0,
1.0 1.0 1.0,
1.0 1.0 1.0,
1.0 1.0 1.0,
1.0 1.0 1.0,
1.0 1.0 1.0,
1.0 1.0 1.0,
1.0 1.0 1.0,
1.0 1.0 1.0,
1.0 1.0 1.0,
1.0 1.0 1.0,
1.0 1.0 1.0,
1.0 1.0 1.0,
1.0 1.0 1.0,
1.0 1.0 1.0,
1.0 1.0 1.0,
1.0 1.0 1.0,
1.0 1.0 1.0,
1.0 1.0 1.0,
1.0 1.0 1.0,
1.0 1.0 1.0,
1.0 1.0 1.0,
1.0 1.0 1.0,
1.0 1.0 1.0,
1.0 1.0 1.0,
1.0 1.0 1.0,
1.0 1.0 1.0,
1.0 1.0 1.0,
1.0 1.0 1.0,
1.0 1.0 1.0,
1.0 1.0 1.0,
1.0 1.0 1.0,
1.0 1.0 1.0,
1.0 1.0 1.0,
1.0 1.0 1.0,
1.0 1.0 1.0,
1.0 1.0 1.0,
1.0 1.0 1.0,
1.0 1.0 1.0,
1.0 1.0 1.0,
1.0 1.0 1.0,
1.0 1.0 1.0,
1.0 1.0 1.0,
1.0 1.0 1.0,
1.0 1.0 1.0,
1.0 1.0 1.0,
1.0 1.0 1.0,
1.0 1.0 1.0,
1.0 1.0 1.0,
1.0 1.0 1.0,
1.0 1.0 1.0,
1.0 1.0 1.0,
1.0 1.0 1.0,
1.0 1.0 1.0,
1.0 1.0 1.0,
1.0 1.0 1.0,
1.0 1.0 1.0,
1.0 1.0 1.0,
1.0 1.0 1.0,
1.0 1.0 1.0,
1.0 1.0 1.0,
1.0 1.0 1.0,
1.0 1.0 1.0,
1.0 1.0 1.0,
1.0 1.0 1.0,
1.0 1.0 1.0,
1.0 1.0 1.0,
1.0 1.0 1.0,
1.0 1.0 1.0,
1.0 1.0 1.0,
1.0 1.0 1.0,
1.0 1.0 1.0,
1.0 1.0 1.0,
1.0 1.0 1.0,
1.0 1.0 1.0,
1.0 1.0 1.0,
1.0 1.0 1.0,
1.0 1.0 1.0,
1.0 1.0 1.0,
1.0 1.0 1.0,
1.0 1.0 1.0,
1.0 1.0 1.0,
1.0 1.0 1.0,
1.0 1.0 1.0,
1.0 1.0 1.0,
1.0 1.0 1.0,
1.0 1.0 1.0,
1.0 1.0 1.0,
1.0 1.0 1.0,
1.0 1.0 1.0,
1.0 1.0 1.0,
1.0 1.0 1.0,
1.0 1.0 1.0,
1.0 1.0 1.0,
1.0 1.0 1.0,
1.0 1.0 1.0,
1.0 1.0 1.0,
1.0 1.0 1.0,
1.0 1.0 1.0,
1.0 1.0 1.0,
1.0 1.0 1.0,
1.0 1.0 1.0,
1.0 1.0 1.0,
1.0 1.0 1.0,
1.0 1.0 1.0,
1.0 1.0 1.0,
1.0 1.0 1.0,
1.0 1.0 1.0,
1.0 1.0 1.0,
1.0 1.0 1.0,
1.0 1.0 1.0,
1.0 1.0 1.0,
1.0 1.0 1.0,
1.0 1.0 1.0,
1.0 1.0 1.0,
1.0 1.0 1.0,
1.0 1.0 1.0,
1.0 1.0 1.0,
1.0 1.0 1.0,
1.0 1.0 1.0,
1.0 1.0 1.0,
1.0 1.0 1.0,
1.0 1.0 1.0,
1.0 1.0 1.0,
1.0 1.0 1.0,
1.0 1.0 1.0,
1.0 1.0 1.0,
1.0 1.0 1.0,
1.0 1.0 1.0,
1.0 1.0 1.0,
1.0 1.0 1.0,
1.0 1.0 1.0,
1.0 1.0 1.0,
1.0 1.0 1.0,
1.0 1.0 1.0,
1.0 1.0 1.0,
1.0 1.0 1.0,
1.0 1.0 1.0,
1.0 1.0 1.0,
1.0 1.0 1.0,
1.0 1.0 1.0,
1.0 1.0 1.0,
1.0 1.0 1.0,
1.0 1.0 1.0,
1.0 1.0 1.0,
1.0 1.0 1.0,
1.0 1.0 1.0,
1.0 1.0 1.0,
1.0 1.0 1.0,
1.0 1.0 1.0,
1.0 1.0 1.0,
1.0 1.0 1.0,
1.0 1.0 1.0,
1.0 1.0 1.0,
1.0 1.0 1.0,
1.0 1.0 1.0,
1.0 1.0 1.0,
1.0 1.0 1.0,
1.0 1.0 1.0,
1.0 1.0 1.0,
1.0 1.0 1.0,
1.0 1.0 1.0,
1.0 1.0 1.0,
1.0 1.0 1.0,
1.0 1.0 1.0,
1.0 1.0 1.0,
1.0 1.0 1.0,
1.0 1.0 1.0,
1.0 1.0 1.0,
1.0 1.0 1.0,
1.0 1.0 1.0,
1.0 1.0 1.0,
1.0 1.0 1.0,
1.0 1.0 1.0,
1.0 1.0 1.0,
1.0 1.0 1.0,
1.0 1.0 1.0,
1.0 1.0 1.0,
1.0 1.0 1.0,
1.0 1.0 1.0,
1.0 1.0 1.0,
1.0 1.0 1.0,
1.0 1.0 1.0,
1.0 1.0 1.0,
1.0 1.0 1.0,
1.0 1.0 1.0,
1.0 1.0 1.0,
1.0 1.0 1.0,
1.0 1.0 1.0,
1.0 1.0 1.0,
1.0 1.0 1.0,
1.0 1.0 1.0,
1.0 1.0 1.0,
1.0 1.0 1.0,
1.0 1.0 1.0,
1.0 1.0 1.0,
1.0 1.0 1.0,
1.0 1.0 1.0,
1.0 1.0 1.0,
1.0 1.0 1.0,
1.0 1.0 1.0,
1.0 1.0 1.0,
1.0 1.0 1.0,
1.0 1.0 1.0,
1.0 1.0 1.0,
1.0 1.0 1.0,
1.0 1.0 1.0,
1.0 1.0 1.0,
1.0 1.0 1.0,
1.0 1.0 1.0,
1.0 1.0 1.0,
1.0 1.0 1.0,
1.0 1.0 1.0,
1.0 1.0 1.0,
1.0 1.0 1.0,
1.0 1.0 1.0,
1.0 1.0 1.0,
1.0 1.0 1.0,
1.0 1.0 1.0,
1.0 1.0 1.0,
1.0 1.0 1.0,
1.0 1.0 1.0,
1.0 1.0 1.0,
1.0 1.0 1.0,
1.0 1.0 1.0,
1.0 1.0 1.0,
1.0 1.0 1.0,
1.0 1.0 1.0,
1.0 1.0 1.0,
1.0 1.0 1.0,
1.0 1.0 1.0,
1.0 1.0 1.0,
1.0 1.0 1.0,
1.0 1.0 1.0,
1.0 1.0 1.0,
1.0 1.0 1.0,
1.0 1.0 1.0,
1.0 1.0 1.0,
1.0 1.0 1.0,
1.0 1.0 1.0,
1.0 1.0 1.0,
1.0 1.0 1.0,
1.0 1.0 1.0,
1.0 1.0 1.0,
1.0 1.0 1.0,
1.0 1.0 1.0,
1.0 1.0 1.0,
1.0 1.0 1.0,
1.0 1.0 1.0,
1.0 1.0 1.0,
1.0 1.0 1.0,
1.0 1.0 1.0,
1.0 1.0 1.0,
1.0 1.0 1.0,
1.0 1.0 1.0,
1.0 1.0 1.0,
1.0 1.0 1.0,
1.0 1.0 1.0,
1.0 1.0 1.0,
1.0 1.0 1.0,
1.0 1.0 1.0,
1.0 1.0 1.0,
1.0 1.0 1.0,
1.0 1.0 1.0,
1.0 1.0 1.0,
1.0 1.0 1.0,
1.0 1.0 1.0,
1.0 1.0 1.0,
1.0 1.0 1.0,
1.0 1.0 1.0,
1.0 1.0 1.0,
1.0 1.0 1.0,
1.0 1.0 1.0,
1.0 1.0 1.0,
1.0 1.0 1.0,
1.0 1.0 1.0,
1.0 1.0 1.0,
1.0 1.0 1.0,
1.0 1.0 1.0,
1.0 1.0 1.0,
1.0 1.0 1.0,
1.0 1.0 1.0,
1.0 1.0 1.0,
1.0 1.0 1.0,
1.0 1.0 1.0,
1.0 1.0 1.0,
1.0 1.0 1.0,
1.0 1.0 1.0,
1.0 1.0 1.0,
1.0 1.0 1.0,
1.0 1.0 1.0,
1.0 1.0 1.0,
1.0 1.0 1.0,
1.0 1.0 1.0,
1.0 1.0 1.0,
1.0 1.0 1.0,
1.0 1.0 1.0,
1.0 1.0 1.0,
1.0 1.0 1.0,
1.0 1.0 1.0,
1.0 1.0 1.0,
1.0 1.0 1.0,
1.0 1.0 1.0,
1.0 1.0 1.0,
1.0 1.0 1.0,
1.0 1.0 1.0,
1.0 1.0 1.0,
1.0 1.0 1.0,
1.0 1.0 1.0,
1.0 1.0 1.0,
1.0 1.0 1.0,
1.0 1.0 1.0,
1.0 1.0 1.0,
1.0 1.0 1.0,
1.0 1.0 1.0,
1.0 1.0 1.0,
1.0 1.0 1.0,
1.0 1.0 1.0,
1.0 1.0 1.0,
1.0 1.0 1.0,
1.0 1.0 1.0,
1.0 1.0 1.0,
1.0 1.0 1.0,
1.0 1.0 1.0,
1.0 1.0 1.0,
1.0 1.0 1.0,
1.0 1.0 1.0,
1.0 1.0 1.0,
1.0 1.0 1.0,
1.0 1.0 1.0,
1.0 1.0 1.0,
1.0 1.0 1.0,
1.0 1.0 1.0,
1.0 1.0 1.0,
1.0 1.0 1.0,
1.0 1.0 1.0,
1.0 1.0 1.0,
1.0 1.0 1.0,
1.0 1.0 1.0,
1.0 1.0 1.0,
1.0 1.0 1.0,
1.0 1.0 1.0,
1.0 1.0 1.0,
1.0 1.0 1.0,
1.0 1.0 1.0,
1.0 1.0 1.0,
1.0 1.0 1.0,
1.0 1.0 1.0,
1.0 1.0 1.0,
1.0 1.0 1.0,
1.0 1.0 1.0,
1.0 1.0 1.0,
1.0 1.0 1.0,
1.0 1.0 1.0,
1.0 1.0 1.0,
1.0 1.0 1.0,
1.0 1.0 1.0,
1.0 1.0 1.0,
1.0 1.0 1.0,
1.0 1.0 1.0,
1.0 1.0 1.0,
1.0 1.0 1.0,
1.0 1.0 1.0,
1.0 1.0 1.0,
1.0 1.0 1.0,
1.0 1.0 1.0,
1.0 1.0 1.0,
1.0 1.0 1.0,
1.0 1.0 1.0,
1.0 1.0 1.0,
1.0 1.0 1.0,
1.0 1.0 1.0,
1.0 1.0 1.0,
1.0 1.0 1.0,
1.0 1.0 1.0,
1.0 1.0 1.0,
1.0 1.0 1.0,
1.0 1.0 1.0,
1.0 1.0 1.0,
1.0 1.0 1.0,
1.0 1.0 1.0,
1.0 1.0 1.0,
1.0 1.0 1.0,
1.0 1.0 1.0,
1.0 1.0 1.0,
1.0 1.0 1.0,
1.0 1.0 1.0,
1.0 1.0 1.0,
1.0 1.0 1.0,
1.0 1.0 1.0,
1.0 1.0 1.0,
1.0 1.0 1.0,
1.0 1.0 1.0,
1.0 1.0 1.0,
1.0 1.0 1.0,
1.0 1.0 1.0,
1.0 1.0 1.0,
1.0 1.0 1.0,
1.0 1.0 1.0,
1.0 1.0 1.0,
1.0 1.0 1.0,
1.0 1.0 1.0,
1.0 1.0 1.0,
1.0 1.0 1.0,
1.0 1.0 1.0,
1.0 1.0 1.0,
1.0 1.0 1.0,
1.0 1.0 1.0,
1.0 1.0 1.0,
1.0 1.0 1.0,
1.0 1.0 1.0,
1.0 1.0 1.0,
1.0 1.0 1.0,
1.0 1.0 1.0,
1.0 1.0 1.0,
1.0 1.0 1.0,
1.0 1.0 1.0,
1.0 1.0 1.0,
1.0 1.0 1.0,
1.0 1.0 1.0,
1.0 1.0 1.0,
1.0 1.0 1.0,
1.0 1.0 1.0,
1.0 1.0 1.0,
1.0 1.0 1.0,
1.0 1.0 1.0,
1.0 1.0 1.0,
1.0 1.0 1.0,
1.0 1.0 1.0,
1.0 1.0 1.0,
1.0 1.0 1.0,
1.0 1.0 1.0,
1.0 1.0 1.0,
1.0 1.0 1.0,
1.0 1.0 1.0,
1.0 1.0 1.0,
1.0 1.0 1.0,
1.0 1.0 1.0,
1.0 1.0 1.0,
1.0 1.0 1.0,
1.0 1.0 1.0,
1.0 1.0 1.0,
1.0 1.0 1.0,
1.0 1.0 1.0,
1.0 1.0 1.0,
1.0 1.0 1.0,
1.0 1.0 1.0,
1.0 1.0 1.0,
1.0 1.0 1.0,
1.0 1.0 1.0,
1.0 1.0 1.0,
1.0 1.0 1.0,
1.0 1.0 1.0,
1.0 1.0 1.0,
1.0 1.0 1.0,
1.0 1.0 1.0,
1.0 1.0 1.0,
1.0 1.0 1.0,
1.0 1.0 1.0,
1.0 1.0 1.0,
1.0 1.0 1.0,
1.0 1.0 1.0,
1.0 1.0 1.0,
1.0 1.0 1.0,
1.0 1.0 1.0,
1.0 1.0 1.0,
1.0 1.0 1.0,
1.0 1.0 1.0,
1.0 1.0 1.0,
1.0 1.0 1.0,
1.0 1.0 1.0,
1.0 1.0 1.0,
1.0 1.0 1.0,
1.0 1.0 1.0,
1.0 1.0 1.0,
1.0 1.0 1.0,
1.0 1.0 1.0,
1.0 1.0 1.0,
1.0 1.0 1.0,
1.0 1.0 1.0,
1.0 1.0 1.0,
1.0 1.0 1.0,
1.0 1.0 1.0,
1.0 1.0 1.0,
1.0 1.0 1.0,
1.0 1.0 1.0,
1.0 1.0 1.0,
1.0 1.0 1.0,
1.0 1.0 1.0,
1.0 1.0 1.0,
1.0 1.0 1.0,
1.0 1.0 1.0,
1.0 1.0 1.0,
1.0 1.0 1.0,
1.0 1.0 1.0,
1.0 1.0 1.0,
1.0 1.0 1.0,
1.0 1.0 1.0,
1.0 1.0 1.0,
1.0 1.0 1.0,
1.0 1.0 1.0,
1.0 1.0 1.0,
1.0 1.0 1.0,
1.0 1.0 1.0,
1.0 1.0 1.0,
1.0 1.0 1.0,
1.0 1.0 1.0,
1.0 1.0 1.0,
1.0 1.0 1.0,
1.0 1.0 1.0,
1.0 1.0 1.0,
1.0 1.0 1.0,
1.0 1.0 1.0,
1.0 1.0 1.0,
1.0 1.0 1.0,
1.0 1.0 1.0,
1.0 1.0 1.0,
1.0 1.0 1.0,
1.0 1.0 1.0,
1.0 1.0 1.0,
1.0 1.0 1.0,
1.0 1.0 1.0,
1.0 1.0 1.0,
1.0 1.0 1.0,
1.0 1.0 1.0,
1.0 1.0 1.0,
1.0 1.0 1.0,
1.0 1.0 1.0,
1.0 1.0 1.0,
1.0 1.0 1.0,
1.0 1.0 1.0,
1.0 1.0 1.0,
1.0 1.0 1.0,
1.0 1.0 1.0,
1.0 1.0 1.0,
1.0 1.0 1.0,
1.0 1.0 1.0,
1.0 1.0 1.0,
1.0 1.0 1.0,
1.0 1.0 1.0,
1.0 1.0 1.0,
1.0 1.0 1.0,
1.0 1.0 1.0,
1.0 1.0 1.0,
1.0 1.0 1.0,
1.0 1.0 1.0,
1.0 1.0 1.0,
1.0 1.0 1.0,
1.0 1.0 1.0,
1.0 1.0 1.0,
1.0 1.0 1.0,
1.0 1.0 1.0,
1.0 1.0 1.0,
1.0 1.0 1.0,
1.0 1.0 1.0,
1.0 1.0 1.0,
1.0 1.0 1.0,
1.0 1.0 1.0,
1.0 1.0 1.0,
1.0 1.0 1.0,
1.0 1.0 1.0,
1.0 1.0 1.0,
1.0 1.0 1.0,
1.0 1.0 1.0,
1.0 1.0 1.0,
1.0 1.0 1.0,
1.0 1.0 1.0,
1.0 1.0 1.0,
1.0 1.0 1.0,
1.0 1.0 1.0,
1.0 1.0 1.0,
1.0 1.0 1.0,
1.0 1.0 1.0,
1.0 1.0 1.0,
1.0 1.0 1.0,
1.0 1.0 1.0,
1.0 1.0 1.0,
1.0 1.0 1.0,
1.0 1.0 1.0,
1.0 1.0 1.0,
1.0 1.0 1.0,
1.0 1.0 1.0,
1.0 1.0 1.0,
1.0 1.0 1.0,
1.0 1.0 1.0,
1.0 1.0 1.0,
1.0 1.0 1.0,
1.0 1.0 1.0,
1.0 1.0 1.0,
1.0 1.0 1.0,
1.0 1.0 1.0,
1.0 1.0 1.0,
1.0 1.0 1.0,
1.0 1.0 1.0,
1.0 1.0 1.0,
1.0 1.0 1.0,
1.0 1.0 1.0,
1.0 1.0 1.0,
1.0 1.0 1.0,
1.0 1.0 1.0,
1.0 1.0 1.0,
1.0 1.0 1.0,
1.0 1.0 1.0,
1.0 1.0 1.0,
                ]
                }
            }
        }
    ]
}